t,chair_x,chair_y,chair_yaw
0.0,-2.0153415941525754,1.9850998278980456,0.012016691516060968
0.05063891410827637,-2.0153415941525754,1.9850998278980456,0.012016691516060968
0.09939241409301758,-2.01531165906157,1.985639410703407,0.011410430843363727
0.1495983600616455,-2.01531165906157,1.985639410703407,0.011410430843363727
0.19984173774719238,-2.01531165906157,1.985639410703407,0.011410430843363727
0.24942469596862793,-2.01531165906157,1.985639410703407,0.011410430843363727
0.29935789108276367,-2.017351845159335,1.985442982118142,0.011339775749523773
0.3506011962890625,-2.018549910566869,1.9818714429283717,0.010818802275184008
0.3997824192047119,-2.0172240703371918,1.9826590100202774,0.007996819355866215
0.4496302604675293,-2.0172240703371918,1.9826590100202774,0.007996819355866215
0.49956274032592773,-2.0122960736959987,1.9811584492196392,0.003129298859449037
0.5494418144226074,-2.0122960736959987,1.9811584492196392,0.003129298859449037
0.5994279384613037,-2.008308287190239,1.9814787942665204,-0.0062390564081284735
0.6495590209960938,-2.008308287190239,1.9814787942665204,-0.0062390564081284735
0.6994116306304932,-2.00263700428731,1.9807097896435824,-0.019055341838463052
0.7494978904724121,-2.00263700428731,1.9807097896435824,-0.019055341838463052
0.7995476722717285,-1.993169554622745,1.9796607723541342,-0.04068978185980999
0.8495240211486816,-1.993169554622745,1.9796607723541342,-0.04068978185980999
0.8994863033294678,-1.9819069833836067,1.9767009468720487,-0.07127548849041744
0.9497067928314209,-1.9819069833836067,1.9767009468720487,-0.07127548849041744
0.9992895126342773,-1.9687768024027257,1.970674557524917,-0.11342878986800688
1.0503385066986084,-1.9687768024027257,1.970674557524917,-0.11342878986800688
1.0994579792022705,-1.95097755906228,1.9612741746559412,-0.1660998354687336
1.1494667530059814,-1.95097755906228,1.9612741746559412,-0.1660998354687336
1.199507713317871,-1.934174249303838,1.9544886226402771,-0.22695685455065132
1.2495660781860352,-1.934174249303838,1.9544886226402771,-0.22695685455065132
1.299682855606079,-1.934174249303838,1.9544886226402771,-0.22695685455065132
1.349266767501831,-1.9144427627944194,1.950554946692996,-0.2940289909560342
1.399548053741455,-1.897943428253359,1.9392950789047319,-0.367040543305086
1.4495806694030762,-1.897943428253359,1.9392950789047319,-0.367040543305086
1.4993846416473389,-1.8751126296261424,1.9273932277788886,-0.44166567653967603
1.5506365299224854,-1.8751126296261424,1.9273932277788886,-0.44166567653967603
1.600498914718628,-1.8567368234037995,1.9165889863208825,-0.505523062817978
1.6498777866363525,-1.8567368234037995,1.9165889863208825,-0.505523062817978
1.6993255615234375,-1.8360539401631524,1.9008009452259091,-0.5607505696821615
1.7494003772735596,-1.8360539401631524,1.9008009452259091,-0.5607505696821615
1.7996935844421387,-1.8112852138385591,1.88703323573212,-0.6044654885678606
1.8494961261749268,-1.8112852138385591,1.88703323573212,-0.6044654885678606
1.8995888233184814,-1.7912302713949548,1.8743754698948232,-0.6405509571767637
1.9494223594665527,-1.7912302713949548,1.8743754698948232,-0.6405509571767637
2.002694606781006,-1.7687798640583754,1.857406502154222,-0.6715709414527866
2.049621343612671,-1.7687798640583754,1.857406502154222,-0.6715709414527866
2.099679470062256,-1.7467291413516177,1.8451334631555034,-0.6972763159736455
2.149801731109619,-1.7467291413516177,1.8451334631555034,-0.6972763159736455
2.1994211673736572,-1.7252001627307312,1.8243911038520084,-0.7237425153367353
2.249994993209839,-1.7252001627307312,1.8243911038520084,-0.7237425153367353
2.299412727355957,-1.703112425859572,1.8070077184027475,-0.7519158568042918
2.349738836288452,-1.703112425859572,1.8070077184027475,-0.7519158568042918
2.3993184566497803,-1.6832195971153348,1.7876670141237432,-0.777628718824943
2.4495153427124023,-1.6832195971153348,1.7876670141237432,-0.777628718824943
2.4995245933532715,-1.6644955369793584,1.7659955054940397,-0.7989056600119966
2.5495522022247314,-1.6644955369793584,1.7659955054940397,-0.7989056600119966
2.5996408462524414,-1.6482093995140539,1.7444252568096166,-0.8232525039220365
2.6495015621185303,-1.6482093995140539,1.7444252568096166,-0.8232525039220365
2.699502468109131,-1.6254670993272604,1.7238504127039416,-0.8415892622092795
2.7494618892669678,-1.6254670993272604,1.7238504127039416,-0.8415892622092795
2.7994303703308105,-1.6083056373200924,1.7010185157203062,-0.8571514962472073
2.8497047424316406,-1.6083056373200924,1.7010185157203062,-0.8571514962472073
2.899665117263794,-1.587690463869513,1.6775040866994917,-0.8727705471674456
2.9496800899505615,-1.587690463869513,1.6775040866994917,-0.8727705471674456
2.999377727508545,-1.5691860095627188,1.653674623172746,-0.8855106507243979
3.0495963096618652,-1.5691860095627188,1.653674623172746,-0.8855106507243979
3.099439859390259,-1.5503654925353723,1.6309265508912987,-0.8980575865931472
3.1494574546813965,-1.5503654925353723,1.6309265508912987,-0.8980575865931472
3.1996541023254395,-1.5299549141584325,1.6096216557768037,-0.9086647208229373
3.249701499938965,-1.5299549141584325,1.6096216557768037,-0.9086647208229373
3.2995753288269043,-1.5299549141584325,1.6096216557768037,-0.9086647208229373
3.3496408462524414,-1.5084868840810035,1.589078871903941,-0.9183072601851603
3.3993897438049316,-1.488848808452793,1.5680632934961158,-0.9278485653545152
3.449605703353882,-1.488848808452793,1.5680632934961158,-0.9278485653545152
3.4995384216308594,-1.4708113851507167,1.541062981335411,-0.9405552297539499
3.5496718883514404,-1.4708113851507167,1.541062981335411,-0.9405552297539499
3.59944224357605,-1.4537898276144412,1.5131164311829968,-0.9508734564658945
3.6492807865142822,-1.4537898276144412,1.5131164311829968,-0.9508734564658945
3.699312448501587,-1.4537898276144412,1.5131164311829968,-0.9508734564658945
3.749424457550049,-1.4338445801853577,1.4905000985410863,-0.9593870584386445
3.7995307445526123,-1.4338445801853577,1.4905000985410863,-0.9593870584386445
3.849515438079834,-1.4338445801853577,1.4905000985410863,-0.9593870584386445
3.8995373249053955,-1.4174796541470962,1.46522884434392,-0.968743067386928
3.9498934745788574,-1.4041867950612459,1.4419571426647777,-0.9783312763758878
3.9994373321533203,-1.3875969205261012,1.4183972594543446,-0.9897135698976259
4.049525022506714,-1.3875969205261012,1.4183972594543446,-0.9897135698976259
4.0993921756744385,-1.3724760886641865,1.3974237284748163,-0.9986990092068292
4.149450302124023,-1.3724760886641865,1.3974237284748163,-0.9986990092068292
4.199582815170288,-1.3724760886641865,1.3974237284748163,-0.9986990092068292
4.249679088592529,-1.3724760886641865,1.3974237284748163,-0.9986990092068292
4.299594879150391,-1.3544822314551173,1.3714392096498904,-1.0093734877162301
4.349663019180298,-1.3379510275252713,1.3479183958599559,-1.0183663878637064
4.39962100982666,-1.3233994390270665,1.3198132182894058,-1.0298818231980538
4.449501276016235,-1.3233994390270665,1.3198132182894058,-1.0298818231980538
4.499523878097534,-1.3233994390270665,1.3198132182894058,-1.0298818231980538
4.5494349002838135,-1.3233994390270665,1.3198132182894058,-1.0298818231980538
4.599717855453491,-1.3045587072131755,1.2931602568314036,-1.0390800465012402
4.6494104862213135,-1.2860662612856386,1.2672076664391332,-1.0473927123018698
4.70057487487793,-1.2669637163443257,1.2446343231530412,-1.0537269883854765
4.7496373653411865,-1.2669637163443257,1.2446343231530412,-1.0537269883854765
4.799415826797485,-1.2535053162186833,1.2186703411336022,-1.0612536086054574
4.8495707511901855,-1.2535053162186833,1.2186703411336022,-1.0612536086054574
4.8995795249938965,-1.2535053162186833,1.2186703411336022,-1.0612536086054574
4.9495415687561035,-1.2535053162186833,1.2186703411336022,-1.0612536086054574
4.999783992767334,-1.2370690771772312,1.194179326740773,-1.065948827606153
5.049729108810425,-1.2215684644223408,1.170499073704167,-1.0677239216445293
5.099727630615234,-1.2034979582206282,1.1428860543225818,-1.0708873322046113
5.149439573287964,-1.2034979582206282,1.1428860543225818,-1.0708873322046113
5.200744390487671,-1.1878487672342088,1.1192161253183648,-1.069505981685455
5.2502360343933105,-1.1878487672342088,1.1192161253183648,-1.069505981685455
5.299569845199585,-1.1735842961606449,1.092658602011122,-1.0690442736360137
5.349664688110352,-1.1735842961606449,1.092658602011122,-1.0690442736360137
5.399531364440918,-1.162564019128059,1.0690546731289092,-1.0683029244958646
5.449584722518921,-1.162564019128059,1.0690546731289092,-1.0683029244958646
5.499485731124878,-1.162564019128059,1.0690546731289092,-1.0683029244958646
5.550321102142334,-1.162564019128059,1.0690546731289092,-1.0683029244958646
5.599323034286499,-1.1459535989462595,1.043406102444115,-1.0659237499912881
5.650116443634033,-1.1296575258881005,1.0142541738489246,-1.066209258576545
5.699443340301514,-1.109118051219362,0.9923341534581861,-1.0636738081186516
5.749592065811157,-1.109118051219362,0.9923341534581861,-1.0636738081186516
5.799596071243286,-1.092584298854361,0.965903540041272,-1.0628709735613064
5.849548816680908,-1.092584298854361,0.965903540041272,-1.0628709735613064
5.899555206298828,-1.076373772604927,0.9393701216351039,-1.063742561731976
5.949853420257568,-1.076373772604927,0.9393701216351039,-1.063742561731976
5.999516725540161,-1.0554242310591673,0.9146701112791322,-1.0636869469759727
6.049329042434692,-1.0554242310591673,0.9146701112791322,-1.0636869469759727
6.099563360214233,-1.0402284346739705,0.8897047419139715,-1.0645413454412684
6.149505615234375,-1.0402284346739705,0.8897047419139715,-1.0645413454412684
6.199493169784546,-1.0250088884463682,0.8631675763392256,-1.06553467439671
6.249557256698608,-1.0250088884463682,0.8631675763392256,-1.06553467439671
6.299509525299072,-1.0083538145489095,0.8362942066780258,-1.0664902213660594
6.349517345428467,-1.0083538145489095,0.8362942066780258,-1.0664902213660594
6.399399518966675,-0.9948746512592483,0.8067988955083828,-1.0661917384660302
6.4494264125823975,-0.9948746512592483,0.8067988955083828,-1.0661917384660302
6.499390363693237,-0.9792273117541267,0.7804360196186619,-1.0652677832387323
6.549437999725342,-0.9792273117541267,0.7804360196186619,-1.0652677832387323
6.600003719329834,-0.9650752324419001,0.7562177623375824,-1.0642271445226168
6.650388240814209,-0.9650752324419001,0.7562177623375824,-1.0642271445226168
6.69942569732666,-0.9650752324419001,0.7562177623375824,-1.0642271445226168
6.749432325363159,-0.9650752324419001,0.7562177623375824,-1.0642271445226168
6.799692869186401,-0.9493082818919644,0.7330757701559368,-1.0628164257337813
6.84952449798584,-0.9334839994489991,0.7084661526105837,-1.063142439509372
6.899414777755737,-0.9194017325132587,0.6858500412533389,-1.060034158313361
6.949478387832642,-0.9194017325132587,0.6858500412533389,-1.060034158313361
6.999466419219971,-0.9035135063385035,0.6560058732957387,-1.0620280916434557
7.049360036849976,-0.9035135063385035,0.6560058732957387,-1.0620280916434557
7.099631071090698,-0.9035135063385035,0.6560058732957387,-1.0620280916434557
7.149489641189575,-0.9035135063385035,0.6560058732957387,-1.0620280916434557
7.1993560791015625,-0.8887563281440273,0.629427115633666,-1.0613476764548628
7.249464988708496,-0.868125971854274,0.6012953509950741,-1.0620512669017497
7.299769401550293,-0.851517884979844,0.5759552219177829,-1.061691049247964
7.3498594760894775,-0.851517884979844,0.5759552219177829,-1.061691049247964
7.3994104862213135,-0.8361954144648978,0.5526696737823652,-1.0615895330086258
7.449551582336426,-0.8361954144648978,0.5526696737823652,-1.0615895330086258
7.499490022659302,-0.8181000105910686,0.5256236113557614,-1.063403154342075
7.549593210220337,-0.8181000105910686,0.5256236113557614,-1.063403154342075
7.5996997356414795,-0.801694176972664,0.5025220737614595,-1.062822177816498
7.649377107620239,-0.801694176972664,0.5025220737614595,-1.062822177816498
7.699637174606323,-0.7874655323297851,0.4761209232582229,-1.062969490307762
7.749420166015625,-0.7874655323297851,0.4761209232582229,-1.062969490307762
7.799421072006226,-0.7703692826594652,0.4475982230259004,-1.064316561333704
7.850203990936279,-0.7703692826594652,0.4475982230259004,-1.064316561333704
7.899684906005859,-0.7562843512060999,0.420716302980302,-1.062850470236163
7.949649095535278,-0.7562843512060999,0.420716302980302,-1.062850470236163
7.999582529067993,-0.7428065261638581,0.3914940433082739,-1.0632969111664257
8.049638748168945,-0.7428065261638581,0.3914940433082739,-1.0632969111664257
8.099388360977173,-0.7274881366028817,0.3666320590855054,-1.0645112230776037
8.149625301361084,-0.7274881366028817,0.3666320590855054,-1.0645112230776037
8.199493408203125,-0.7274881366028817,0.3666320590855054,-1.0645112230776037
8.25520396232605,-0.7274881366028817,0.3666320590855054,-1.0645112230776037
8.306148767471313,-0.7274881366028817,0.3666320590855054,-1.0645112230776037
8.351064443588257,-0.7111220564851719,0.343927811171166,-1.0639825578039854
8.39975118637085,-0.7111220564851719,0.343927811171166,-1.0639825578039854
8.449497938156128,-0.6806409405444513,0.2946123753192889,-1.0630459567309374
8.49960207939148,-0.6630315272947549,0.2662700204805935,-1.0631799484165234
8.55019474029541,-0.6630315272947549,0.2662700204805935,-1.0631799484165234
8.599630355834961,-0.6487575623858353,0.23970496203125063,-1.062494523464605
8.649398565292358,-0.6487575623858353,0.23970496203125063,-1.062494523464605
8.699977159500122,-0.6336525490007106,0.2140871307985734,-1.0622974864019064
8.749650716781616,-0.6336525490007106,0.2140871307985734,-1.0622974864019064
8.799479246139526,-0.6188975480571035,0.1877270340275326,-1.062495084696845
8.849780321121216,-0.6188975480571035,0.1877270340275326,-1.062495084696845
8.899692058563232,-0.6188975480571035,0.1877270340275326,-1.062495084696845
8.949495077133179,-0.6188975480571035,0.1877270340275326,-1.062495084696845
8.999496459960938,-0.6029490349810118,0.15755793776832244,-1.0626523458404151
9.04948353767395,-0.5873737497531981,0.12979871837320428,-1.0620069836240404
9.099598407745361,-0.5685786757076725,0.11154830389286217,-1.0605795719817668
9.149522304534912,-0.5685786757076725,0.11154830389286217,-1.0605795719817668
9.199678897857666,-0.5685786757076725,0.11154830389286217,-1.0605795719817668
9.249731063842773,-0.5530066813678703,0.08826657167844591,-1.0593652265059799
9.29935598373413,-0.5376626790182163,0.05941525292046422,-1.0582187757574288
9.349536895751953,-0.5376626790182163,0.05941525292046422,-1.0582187757574288
9.399569988250732,-0.5230377108460471,0.035338714166879934,-1.048750423824805
9.449509382247925,-0.5230377108460471,0.035338714166879934,-1.048750423824805
9.49954080581665,-0.5230377108460471,0.035338714166879934,-1.048750423824805
9.54954218864441,-0.5091820245150892,0.017955210848006817,-1.0264423712434037
9.59952688217163,-0.4988157806650692,0.005506091836698965,-0.9936450588741709
9.649483680725098,-0.4988157806650692,0.005506091836698965,-0.9936450588741709
9.699424982070923,-0.48948950478505604,-0.0008928546686464839,-0.9489847767668981
9.749672889709473,-0.48948950478505604,-0.0008928546686464839,-0.9489847767668981
9.79957389831543,-0.48293199999208014,-0.000680699112357866,-0.9003404634187194
9.849565982818604,-0.48293199999208014,-0.000680699112357866,-0.9003404634187194
9.89940333366394,-0.48293199999208014,-0.000680699112357866,-0.9003404634187194
9.949691534042358,-0.48293199999208014,-0.000680699112357866,-0.9003404634187194
9.999584436416626,-0.47144862364480794,0.0013385359564151295,-0.8472555971760876
10.04948353767395,-0.46221398423626375,-0.001179883808222107,-0.7868619563842724
10.099703788757324,-0.4552195704053695,-0.0042048424743596075,-0.7180656744474481
10.149543523788452,-0.4552195704053695,-0.0042048424743596075,-0.7180656744474481
10.199472427368164,-0.4493789508211026,-0.002049247872255369,-0.6373677019663962
10.249554872512817,-0.4493789508211026,-0.002049247872255369,-0.6373677019663962
10.300084114074707,-0.44587732348412373,0.0004789730501511963,-0.548358733773212
10.349436044692993,-0.44587732348412373,0.0004789730501511963,-0.548358733773212
10.399369478225708,-0.4407214491201233,0.006491381119836007,-0.45056233349421176
10.449819326400757,-0.4407214491201233,0.006491381119836007,-0.45056233349421176
10.499977350234985,-0.43923959548471864,0.013913332599435405,-0.3466378147624059
10.54968810081482,-0.43923959548471864,0.013913332599435405,-0.3466378147624059
10.599453926086426,-0.4358313791011322,0.02101942000627388,-0.2403574816948401
10.649447202682495,-0.4358313791011322,0.02101942000627388,-0.2403574816948401
10.699506521224976,-0.43375207111913205,0.028741811895876088,-0.13376904664457068
10.749287605285645,-0.43375207111913205,0.028741811895876088,-0.13376904664457068
10.799774885177612,-0.42945758115960553,0.03137552284248715,-0.030604225812681064
10.849645614624023,-0.42945758115960553,0.03137552284248715,-0.030604225812681064
10.899332761764526,-0.4275260566066697,0.03933173122146738,0.0746345194675048
10.949482679367065,-0.4275260566066697,0.03933173122146738,0.0746345194675048
10.999419689178467,-0.426860872148769,0.043442701056627536,0.17553338758632245
11.04947018623352,-0.426860872148769,0.043442701056627536,0.17553338758632245
11.09934949874878,-0.4258242070708327,0.05258397125913046,0.2760609270577187
11.149459600448608,-0.4258242070708327,0.05258397125913046,0.2760609270577187
11.199500322341919,-0.42292550648798444,0.06410829286144835,0.3785838929171286
11.249600648880005,-0.42292550648798444,0.06410829286144835,0.3785838929171286
11.299501180648804,-0.42080537166070564,0.07762219965330057,0.4751577966481533
11.349509716033936,-0.42080537166070564,0.07762219965330057,0.4751577966481533
11.400002717971802,-0.4149629834049477,0.0874278146030145,0.5708152474816675
11.449605941772461,-0.4149629834049477,0.0874278146030145,0.5708152474816675
11.50106143951416,-0.4149629834049477,0.0874278146030145,0.5708152474816675
11.549556970596313,-0.4149629834049477,0.0874278146030145,0.5708152474816675
11.599637031555176,-0.4106712617323166,0.09747148695252818,0.6599823444317655
11.649560451507568,-0.40964703258286084,0.11114120959429331,0.7482264639584938
11.699732303619385,-0.40412228596746036,0.12691117468328544,0.8296742463867997
11.749650955200195,-0.40412228596746036,0.12691117468328544,0.8296742463867997
11.799660205841064,-0.40564239828389126,0.14738610807512903,0.9156513464269931
11.849493026733398,-0.40564239828389126,0.14738610807512903,0.9156513464269931
11.899654388427734,-0.39848277008146665,0.16708163002931609,0.9821289147654
11.949816226959229,-0.39848277008146665,0.16708163002931609,0.9821289147654
11.999757289886475,-0.39848277008146665,0.16708163002931609,0.9821289147654
12.049562454223633,-0.39848277008146665,0.16708163002931609,0.9821289147654
12.099563837051392,-0.39399586728043257,0.18687222297956552,1.042389177093928
12.14950942993164,-0.3880352471721558,0.20809376322972178,1.0922319906826832
12.199381828308105,-0.3858879504176771,0.22920883119794394,1.134993841584826
12.249507427215576,-0.3858879504176771,0.22920883119794394,1.134993841584826
12.299780368804932,-0.37585895779914924,0.2524571417322978,1.1680987971730274
12.34947395324707,-0.37585895779914924,0.2524571417322978,1.1680987971730274
12.39977478981018,-0.3659402761508946,0.2752981716656388,1.193750560383655
12.450218200683594,-0.3659402761508946,0.2752981716656388,1.193750560383655
12.49938154220581,-0.3567844433188384,0.2997302978264635,1.2122449858677518
12.549675226211548,-0.3567844433188384,0.2997302978264635,1.2122449858677518
12.599571466445923,-0.3502207247338819,0.3254598856985968,1.2272952966135386
12.649663925170898,-0.3502207247338819,0.3254598856985968,1.2272952966135386
12.699597358703613,-0.33744340092819247,0.35259579008276826,1.244310410692178
12.749658346176147,-0.33744340092819247,0.35259579008276826,1.244310410692178
12.799477338790894,-0.33040411698576455,0.3811143972682645,1.2604048276425224
12.849408388137817,-0.33040411698576455,0.3811143972682645,1.2604048276425224
12.899472713470459,-0.3230699996854839,0.41365214685524826,1.2769930785103127
12.949738502502441,-0.3230699996854839,0.41365214685524826,1.2769930785103127
12.9995596408844,-0.31515817611813624,0.44398961593153685,1.2937896819988952
13.04965877532959,-0.31515817611813624,0.44398961593153685,1.2937896819988952
13.09941840171814,-0.30663122239327434,0.4744030628230221,1.3084882451937017
13.149648427963257,-0.30663122239327434,0.4744030628230221,1.3084882451937017
13.199385643005371,-0.3037489468077522,0.5014459796017701,1.325335158171065
13.249491930007935,-0.3037489468077522,0.5014459796017701,1.325335158171065
13.299324989318848,-0.30339237232387917,0.5315413077563905,1.3405184447283085
13.349390029907227,-0.30339237232387917,0.5315413077563905,1.3405184447283085
13.399343013763428,-0.29918807878030695,0.5577970512553628,1.3543823748229054
13.449306964874268,-0.29918807878030695,0.5577970512553628,1.3543823748229054
13.499826431274414,-0.298888941666902,0.5923722101180237,1.3677285421316374
13.549514770507812,-0.298888941666902,0.5923722101180237,1.3677285421316374
13.599425792694092,-0.2952053941691851,0.6211642208167883,1.3815565143705493
13.649442195892334,-0.2952053941691851,0.6211642208167883,1.3815565143705493
13.699553489685059,-0.29156896148597133,0.6542099072192574,1.3947709140355595
13.749492645263672,-0.29156896148597133,0.6542099072192574,1.3947709140355595
13.799493551254272,-0.28927822244857027,0.6824172670687315,1.4074859954913455
13.849967956542969,-0.28927822244857027,0.6824172670687315,1.4074859954913455
13.8993399143219,-0.28545026924489136,0.7121698358673321,1.4186876219931603
13.949432611465454,-0.28545026924489136,0.7121698358673321,1.4186876219931603
13.999529600143433,-0.28260993894455294,0.7424640584569994,1.4300179101810429
14.049556016921997,-0.28260993894455294,0.7424640584569994,1.4300179101810429
14.09963059425354,-0.27859180216301166,0.7705957617700822,1.4405928999607855
14.15012264251709,-0.27859180216301166,0.7705957617700822,1.4405928999607855
14.199665307998657,-0.2747592418459779,0.8007447427973847,1.4512064391736001
14.249801874160767,-0.2747592418459779,0.8007447427973847,1.4512064391736001
14.299614429473877,-0.2731472317755373,0.829241825041271,1.460007811542396
14.349477052688599,-0.2731472317755373,0.829241825041271,1.460007811542396
14.399502754211426,-0.2731472317755373,0.829241825041271,1.460007811542396
14.449661493301392,-0.2731472317755373,0.829241825041271,1.460007811542396
14.499379396438599,-0.2710063363007826,0.8644956167986335,1.4666209480001433
14.549476385116577,-0.27588972620588414,0.8960828142790415,1.4755949803866304
14.599551439285278,-0.27809994789116094,0.9275004329209886,1.4821715048675128
14.649519205093384,-0.27809994789116094,0.9275004329209886,1.4821715048675128
14.699353694915771,-0.27319299334931735,0.9605413261781802,1.4878126170505728
14.74979043006897,-0.27319299334931735,0.9605413261781802,1.4878126170505728
14.799571990966797,-0.27117584414734935,0.9897813716629696,1.4946441997817954
14.849668264389038,-0.27117584414734935,0.9897813716629696,1.4946441997817954
14.899390935897827,-0.2719319368619762,1.0208898837432898,1.4998585796278225
14.950728178024292,-0.2719319368619762,1.0208898837432898,1.4998585796278225
14.999578952789307,-0.2719319368619762,1.0208898837432898,1.4998585796278225
15.049596548080444,-0.26733361520558885,1.0512044980757063,1.503813099363223
15.099723815917969,-0.26733361520558885,1.0512044980757063,1.503813099363223
15.149636268615723,-0.26733361520558885,1.0512044980757063,1.503813099363223
15.199463129043579,-0.26811674130882124,1.0793926085283154,1.5055810078080105
15.249554872512817,-0.27037995615471444,1.1120110820821705,1.5083760040043028
15.299334287643433,-0.27239687718788974,1.143374636005884,1.510613144772194
15.350127696990967,-0.27239687718788974,1.143374636005884,1.510613144772194
15.399471998214722,-0.2716634209565098,1.1737552641438163,1.5110365760103883
15.449539422988892,-0.2716634209565098,1.1737552641438163,1.5110365760103883
15.499545812606812,-0.2716634209565098,1.1737552641438163,1.5110365760103883
15.549787044525146,-0.2716634209565098,1.1737552641438163,1.5110365760103883
15.599665403366089,-0.2708402257757283,1.204383666418315,1.5128350147960379
15.649516820907593,-0.27580611772259633,1.2324528262494747,1.5144504540647974
15.699512004852295,-0.2745584941286915,1.260526819716913,1.514044014397795
15.749541521072388,-0.2745584941286915,1.260526819716913,1.514044014397795
15.799914836883545,-0.2695010973112816,1.2908561760858241,1.5163025890861148
15.849709272384644,-0.2695010973112816,1.2908561760858241,1.5163025890861148
15.899771213531494,-0.2721917140392963,1.3233907877412159,1.5167882045267909
15.949531316757202,-0.2721917140392963,1.3233907877412159,1.5167882045267909
15.999586820602417,-0.2721917140392963,1.3233907877412159,1.5167882045267909
16.049501180648804,-0.2721917140392963,1.3233907877412159,1.5167882045267909
16.09938097000122,-0.27101287145916386,1.3549712554858944,1.5184603772230412
16.15036916732788,-0.2696267551662369,1.3906123406369701,1.5204777197257755
16.1998507976532,-0.2696267551662369,1.3906123406369701,1.5204777197257755
16.250139236450195,-0.2696267551662369,1.3906123406369701,1.5204777197257755
16.29946780204773,-0.27117482179329344,1.4204231448194369,1.5223704057922198
16.35015058517456,-0.2687396099539914,1.450398507295278,1.5242070775192018
16.399792671203613,-0.2699611197229985,1.4807986583526453,1.5265043381043286
16.449547290802002,-0.2699611197229985,1.4807986583526453,1.5265043381043286
16.499651670455933,-0.27030008343565093,1.510785571919094,1.5296398389621984
16.549599409103394,-0.27030008343565093,1.510785571919094,1.5296398389621984
16.599480867385864,-0.270653269584199,1.5396988291150948,1.531409607446718
16.649978160858154,-0.270653269584199,1.5396988291150948,1.531409607446718
16.699803590774536,-0.270653269584199,1.5396988291150948,1.531409607446718
16.749869108200073,-0.27191949437001206,1.5694330476241483,1.5344815849397349
16.799596548080444,-0.275504789802673,1.5965052003543232,1.5392955450664991
16.849487781524658,-0.275504789802673,1.5965052003543232,1.5392955450664991
16.89954376220703,-0.275931580159934,1.6242920756500083,1.5419393968870696
16.949540376663208,-0.275931580159934,1.6242920756500083,1.5419393968870696
16.999478101730347,-0.2776775872484533,1.6544524599539878,1.5440788173920013
17.049752712249756,-0.2776775872484533,1.6544524599539878,1.5440788173920013
17.099668264389038,-0.2755834096431724,1.684624525902146,1.5467212437988878
17.150126218795776,-0.2755834096431724,1.684624525902146,1.5467212437988878
17.19950246810913,-0.2815170100161647,1.7114751301108866,1.5449071851816756
17.249948978424072,-0.2815170100161647,1.7114751301108866,1.5449071851816756
17.299516677856445,-0.2815170100161647,1.7114751301108866,1.5449071851816756
17.349483251571655,-0.2815170100161647,1.7114751301108866,1.5449071851816756
17.399389266967773,-0.28052031149935797,1.7333641881608828,1.5350636159656152
17.44958806037903,-0.27921838388619113,1.7561121192786295,1.5180435809787889
17.49956727027893,-0.27687683921000905,1.7728234894463266,1.4885510280532002
17.549586296081543,-0.27687683921000905,1.7728234894463266,1.4885510280532002
17.599673986434937,-0.27687683921000905,1.7728234894463266,1.4885510280532002
17.64954113960266,-0.27687683921000905,1.7728234894463266,1.4885510280532002
17.69954252243042,-0.27687683921000905,1.7728234894463266,1.4885510280532002
17.749583959579468,-0.27687683921000905,1.7728234894463266,1.4885510280532002
17.79935646057129,-0.2732188592473588,1.7894917373745602,1.4430418069904525
17.849674940109253,-0.2626447465058378,1.8155538937368731,1.324573244576192
17.8994357585907,-0.25272581476405775,1.8299742534075667,1.2545370233481743
17.94949698448181,-0.25272581476405775,1.8299742534075667,1.2545370233481743
17.999958276748657,-0.2402896098179772,1.8487586238900748,1.1739743104556455
18.049270391464233,-0.2402896098179772,1.8487586238900748,1.1739743104556455
18.099409103393555,-0.2266033621565639,1.8674619304964064,1.097931475546654
18.149627685546875,-0.2266033621565639,1.8674619304964064,1.097931475546654
18.199445247650146,-0.20948294648108579,1.8860210829929467,1.0221113952784608
18.24968194961548,-0.20948294648108579,1.8860210829929467,1.0221113952784608
18.299554109573364,-0.20948294648108579,1.8860210829929467,1.0221113952784608
18.349558353424072,-0.20948294648108579,1.8860210829929467,1.0221113952784608
18.39977192878723,-0.19395067653152526,1.9056049111860929,0.9453172231977225
18.44960308074951,-0.17594842707834268,1.9196023684470178,0.8733712422870222
18.499855995178223,-0.16076952593788912,1.9332088388814859,0.8058148064561466
18.54973030090332,-0.16076952593788912,1.9332088388814859,0.8058148064561466
18.599637746810913,-0.14361227969834167,1.944246094396187,0.7387878870023826
18.649436473846436,-0.14361227969834167,1.944246094396187,0.7387878870023826
18.699565649032593,-0.12624321899237284,1.9589072238039096,0.6794024817498802
18.749570846557617,-0.12624321899237284,1.9589072238039096,0.6794024817498802
18.799534797668457,-0.12624321899237284,1.9589072238039096,0.6794024817498802
18.849695920944214,-0.12624321899237284,1.9589072238039096,0.6794024817498802
18.899484634399414,-0.10482503094901652,1.972352488535867,0.631681723520704
18.949761629104614,-0.08521956636941613,1.9821034272266218,0.5980566191095334
18.999467611312866,-0.06221671254940231,1.9925039472946044,0.5696627362723725
19.049556493759155,-0.06221671254940231,1.9925039472946044,0.5696627362723725
19.09936547279358,-0.03763910752970451,2.0051573495423867,0.5435019305140419
19.149601221084595,-0.03763910752970451,2.0051573495423867,0.5435019305140419
19.19950294494629,-0.010256387453292937,2.0205554413286624,0.5249473470629239
19.249717712402344,-0.010256387453292937,2.0205554413286624,0.5249473470629239
19.299527883529663,0.012690359181491973,2.034392862796521,0.5071836423397185
19.3495876789093,0.012690359181491973,2.034392862796521,0.5071836423397185
19.39934992790222,0.0389672278626404,2.050666267537011,0.49140017238295397
19.44967293739319,0.0389672278626404,2.050666267537011,0.49140017238295397
19.49939227104187,0.06311548923423738,2.066423590176511,0.4778496914027407
19.549854040145874,0.06311548923423738,2.066423590176511,0.4778496914027407
19.599637508392334,0.08832764098741974,2.080736651819186,0.46381328225596313
19.649674892425537,0.08832764098741974,2.080736651819186,0.46381328225596313
19.699517726898193,0.11567538606033057,2.0965497324536475,0.44882078903326905
19.749492406845093,0.11567538606033057,2.0965497324536475,0.44882078903326905
19.7995183467865,0.1454687742219074,2.1112414707638147,0.433831218327187
19.849449157714844,0.1454687742219074,2.1112414707638147,0.433831218327187
19.89963722229004,0.17521361215452202,2.1244405507921305,0.41843157827602695
19.949726343154907,0.17521361215452202,2.1244405507921305,0.41843157827602695
19.999767303466797,0.17521361215452202,2.1244405507921305,0.41843157827602695
20.049544095993042,0.17521361215452202,2.1244405507921305,0.41843157827602695
20.099517583847046,0.20029089039310355,2.1372927249751776,0.40381825698352475
20.149470806121826,0.2286273756790217,2.15104401247734,0.38891695746701715
20.199485540390015,0.2554192724802645,2.161939993466087,0.3749857966740576
20.249487161636353,0.2554192724802645,2.161939993466087,0.3749857966740576
20.299696922302246,0.28107237239310867,2.1736937464640698,0.36168488316721625
20.34967541694641,0.28107237239310867,2.1736937464640698,0.36168488316721625
20.399601936340332,0.3094042126460008,2.1829122198336517,0.34847227664672387
20.449720859527588,0.3094042126460008,2.1829122198336517,0.34847227664672387
20.49962615966797,0.3380190612954441,2.1950467733781927,0.3367721270545875
20.549650192260742,0.3380190612954441,2.1950467733781927,0.3367721270545875
20.599652767181396,0.3380190612954441,2.1950467733781927,0.3367721270545875
20.649672269821167,0.3380190612954441,2.1950467733781927,0.3367721270545875
20.702878713607788,0.36942948533143827,2.2058273825590904,0.3268311110451091
20.749366283416748,0.39946630698884356,2.218517611351955,0.319296860552613
20.79983925819397,0.43188446391378665,2.230108127067713,0.30998597304958947
20.849578619003296,0.43188446391378665,2.230108127067713,0.30998597304958947
20.899633169174194,0.46317611600325825,2.24013435581023,0.30228566279319546
20.949607849121094,0.46317611600325825,2.24013435581023,0.30228566279319546
20.999518156051636,0.4858114701349665,2.2538866824217383,0.2933067550422072
21.049758911132812,0.4858114701349665,2.2538866824217383,0.2933067550422072
21.099342346191406,0.5100568343874927,2.2645569269452595,0.2868419766667711
21.149880409240723,0.5100568343874927,2.2645569269452595,0.2868419766667711
21.199358224868774,0.5373454471551997,2.275030436668073,0.27912533027821396
21.249626398086548,0.5373454471551997,2.275030436668073,0.27912533027821396
21.29944109916687,0.5685825474616848,2.2840934819959617,0.2707548487345195
21.349777936935425,0.5685825474616848,2.2840934819959617,0.2707548487345195
21.39963459968567,0.5685825474616848,2.2840934819959617,0.2707548487345195
21.449371814727783,0.5989749828050241,2.292280773912574,0.26428712935540377
21.499964475631714,0.5989749828050241,2.292280773912574,0.26428712935540377
21.549601793289185,0.6308488561854357,2.298429865314057,0.2554517227449019
21.599775552749634,0.6607195953172735,2.305403513638381,0.24692724469961977
21.649742126464844,0.6607195953172735,2.305403513638381,0.24692724469961977
21.700159788131714,0.6902431851852591,2.3115310323669784,0.23930279985182393
21.74957251548767,0.6902431851852591,2.3115310323669784,0.23930279985182393
21.799401998519897,0.7188114448108509,2.3193344274617553,0.23272523982940535
21.84945511817932,0.7188114448108509,2.3193344274617553,0.23272523982940535
21.89962387084961,0.7188114448108509,2.3193344274617553,0.23272523982940535
21.949617624282837,0.7188114448108509,2.3193344274617553,0.23272523982940535
21.999643325805664,0.7188114448108509,2.3193344274617553,0.23272523982940535
22.049463510513306,0.7770224441246159,2.3369169182369527,0.22669910229133997
22.099436044692993,0.8057296945523698,2.3419142285848307,0.22657348997911492
22.149529695510864,0.8057296945523698,2.3419142285848307,0.22657348997911492
22.1996488571167,0.8370150203404487,2.3491091398086756,0.22796665362309187
22.249695777893066,0.8370150203404487,2.3491091398086756,0.22796665362309187
22.299498558044434,0.8656508833053407,2.361936801469394,0.2276767614093696
22.34957003593445,0.8656508833053407,2.361936801469394,0.2276767614093696
22.399649620056152,0.8656508833053407,2.361936801469394,0.2276767614093696
22.44969868659973,0.8936549026360749,2.3724556968111377,0.22415223539622814
22.499707460403442,0.8936549026360749,2.3724556968111377,0.22415223539622814
22.549426078796387,0.9275663403414285,2.379574149664146,0.22178150677913996
22.59952712059021,0.9611220714592692,2.3897633391916995,0.2192744556593223
22.649702548980713,0.9611220714592692,2.3897633391916995,0.2192744556593223
22.69943928718567,0.9872087645221566,2.3972804710362863,0.2157155037338481
22.749735832214355,0.9872087645221566,2.3972804710362863,0.2157155037338481
22.799564599990845,1.0151186728266564,2.4071851305812832,0.21376015154344027
22.84956169128418,1.0151186728266564,2.4071851305812832,0.21376015154344027
22.899651527404785,1.0421189051513404,2.4162021201386135,0.20958961369598544
22.949477910995483,1.0421189051513404,2.4162021201386135,0.20958961369598544
22.999513149261475,1.0758542803774518,2.42322833913485,0.2040390824081249
23.049830675125122,1.0758542803774518,2.42322833913485,0.2040390824081249
23.099364519119263,1.110153759416155,2.429554926772719,0.19949139244942238
23.149585485458374,1.110153759416155,2.429554926772719,0.19949139244942238
23.199413061141968,1.1398727032359994,2.4362096196047616,0.19512346491696
23.24976873397827,1.1398727032359994,2.4362096196047616,0.19512346491696
23.29948353767395,1.1398727032359994,2.4362096196047616,0.19512346491696
23.349355697631836,1.1660353139482285,2.4461362340942268,0.19308770680104995
23.399473667144775,1.197063949078973,2.4533351976713855,0.19019153752495505
23.449483394622803,1.197063949078973,2.4533351976713855,0.19019153752495505
23.49965763092041,1.22999016825683,2.4587984574389594,0.18492322702084554
23.549580335617065,1.22999016825683,2.4587984574389594,0.18492322702084554
23.599509954452515,1.2594617034757152,2.4659966035286236,0.1823522718638935
23.649598121643066,1.2594617034757152,2.4659966035286236,0.1823522718638935
23.69939112663269,1.290635353723778,2.47173541682132,0.17881145364653078
23.749664545059204,1.290635353723778,2.47173541682132,0.17881145364653078
23.799525499343872,1.3177962081822028,2.479963017208143,0.17397880523185932
23.849560022354126,1.3177962081822028,2.479963017208143,0.17397880523185932
23.89980959892273,1.3500241119031768,2.4874920986210447,0.16854571469369464
23.94949436187744,1.3500241119031768,2.4874920986210447,0.16854571469369464
23.999415159225464,1.3758870478825562,2.491509847608266,0.1654186261625048
24.049745798110962,1.3758870478825562,2.491509847608266,0.1654186261625048
24.099396228790283,1.4036053492790928,2.496864976021445,0.1614549675516439
24.14961314201355,1.4036053492790928,2.496864976021445,0.1614549675516439
24.199588537216187,1.4036053492790928,2.496864976021445,0.1614549675516439
24.24960207939148,1.4291929606248075,2.501106947694277,0.157615023927933
24.300418376922607,1.4291929606248075,2.501106947694277,0.157615023927933
24.34953284263611,1.4580189329098883,2.5072990863782407,0.15096522685788552
24.399639129638672,1.4862031321723976,2.511494074996098,0.1377645772080124
24.449469566345215,1.4862031321723976,2.511494074996098,0.1377645772080124
24.499480485916138,1.5089577998429906,2.5163451485836856,0.11515100861050735
24.549676179885864,1.5089577998429906,2.5163451485836856,0.11515100861050735
24.599350214004517,1.5287979611436104,2.5184681801243376,0.08287776340527311
24.6503643989563,1.5287979611436104,2.5184681801243376,0.08287776340527311
24.699723958969116,1.5536271138276168,2.520325223061911,0.03651174065980151
24.74961805343628,1.5536271138276168,2.520325223061911,0.03651174065980151
24.79955291748047,1.5813833549285157,2.5215009355074938,-0.021098748609152226
24.849534034729004,1.5813833549285157,2.5215009355074938,-0.021098748609152226
24.89956259727478,1.606319298858339,2.517027892335618,-0.0868890048164893
24.949705362319946,1.606319298858339,2.517027892335618,-0.0868890048164893
24.999712228775024,1.6307731608489484,2.5107953606994102,-0.15749343469760188
25.049490928649902,1.6307731608489484,2.5107953606994102,-0.15749343469760188
25.099563598632812,1.6452117433504827,2.499338208183994,-0.2284178417981661
25.149585962295532,1.6452117433504827,2.499338208183994,-0.2284178417981661
25.199384212493896,1.661524136284637,2.490021383085887,-0.30055709715880885
25.2498517036438,1.661524136284637,2.490021383085887,-0.30055709715880885
25.299461603164673,1.6768709718723622,2.476678290488847,-0.3753482101137446
25.349716663360596,1.6768709718723622,2.476678290488847,-0.3753482101137446
25.39936852455139,1.6892904631711372,2.4606508673200485,-0.45237562046963214
25.44967246055603,1.6892904631711372,2.4606508673200485,-0.45237562046963214
25.499632835388184,1.7068639066670492,2.44609352174747,-0.5324199276009979
25.549739837646484,1.7068639066670492,2.44609352174747,-0.5324199276009979
25.59976863861084,1.7068639066670492,2.44609352174747,-0.5324199276009979
25.64960289001465,1.723346880177854,2.4363978824593207,-0.6103924243694868
25.699456453323364,1.723346880177854,2.4363978824593207,-0.6103924243694868
25.749918460845947,1.723346880177854,2.4363978824593207,-0.6103924243694868
25.799697399139404,1.7382202668036935,2.422429252477297,-0.6879586943336475
25.84969186782837,1.75780907766829,2.406479379298763,-0.7654043660994632
25.89941382408142,1.7702881909594823,2.386652941015498,-0.8404066315371036
25.949610471725464,1.7702881909594823,2.386652941015498,-0.8404066315371036
25.99943518638611,1.780435793761575,2.3679009293819067,-0.9103891775277487
26.049529552459717,1.780435793761575,2.3679009293819067,-0.9103891775277487
26.099473237991333,1.7883317715105793,2.3494108306377406,-0.9712938064082209
26.14957571029663,1.7883317715105793,2.3494108306377406,-0.9712938064082209
26.199684619903564,1.8009679375335046,2.3275694498773203,-1.0184281258853847
26.24972414970398,1.8009679375335046,2.3275694498773203,-1.0184281258853847
26.299713611602783,1.8009679375335046,2.3275694498773203,-1.0184281258853847
26.34956192970276,1.8146544104035929,2.3085647606922306,-1.0547620417304415
26.400023698806763,1.8278440565619793,2.2862667696110424,-1.0779590702722595
26.449748992919922,1.8278440565619793,2.2862667696110424,-1.0779590702722595
26.49955987930298,1.8402410205004034,2.263033415177248,-1.097000569069487
26.54945969581604,1.8402410205004034,2.263033415177248,-1.097000569069487
26.59936285018921,1.8547341571682132,2.2342377836093195,-1.1153435704282004
26.649718761444092,1.8547341571682132,2.2342377836093195,-1.1153435704282004
26.699542999267578,1.8547341571682132,2.2342377836093195,-1.1153435704282004
26.749563455581665,1.8547341571682132,2.2342377836093195,-1.1153435704282004
26.799997091293335,1.8671125386371212,2.2101323915946907,-1.1334114672149793
26.849701642990112,1.8809179810912657,2.1824140893099586,-1.1550831062151183
26.899438858032227,1.8934664860316897,2.151424202962799,-1.177006954500155
26.94950032234192,1.8934664860316897,2.151424202962799,-1.177006954500155
26.999762058258057,1.9032921568106453,2.126227901043612,-1.198473920616683
27.04994797706604,1.9032921568106453,2.126227901043612,-1.198473920616683
27.099541187286377,1.9148932505888974,2.100561295841637,-1.2200213008994882
27.14965558052063,1.9148932505888974,2.100561295841637,-1.2200213008994882
27.199366092681885,1.9148932505888974,2.100561295841637,-1.2200213008994882
27.249672651290894,1.9237617448903475,2.0736414730433337,-1.2403225577810402
27.29965305328369,1.9237617448903475,2.0736414730433337,-1.2403225577810402
27.34967041015625,1.9237617448903475,2.0736414730433337,-1.2403225577810402
27.399484395980835,1.9349650212436975,2.0458322228524923,-1.2626390350428096
27.449923038482666,1.943775437905476,2.0167618717394933,-1.2861071817213825
27.499556303024292,1.95186166491797,1.9895301963735987,-1.3068026790143104
27.549694776535034,1.95186166491797,1.9895301963735987,-1.3068026790143104
27.599586963653564,1.9571478274739262,1.9597019081220148,-1.3300153200508134
27.649486303329468,1.9571478274739262,1.9597019081220148,-1.3300153200508134
27.699551820755005,1.963042205745007,1.9273546650385691,-1.351249980206118
27.74954867362976,1.963042205745007,1.9273546650385691,-1.351249980206118
27.799713850021362,1.9682391849500136,1.8951392312617144,-1.375565907200632
27.84996247291565,1.9682391849500136,1.8951392312617144,-1.375565907200632
27.89960789680481,1.973642917763478,1.8660640110441693,-1.3968903419950054
27.950100421905518,1.973642917763478,1.8660640110441693,-1.3968903419950054
27.999484300613403,1.9758160344862654,1.8359258127255227,-1.4214933331596302
28.050382614135742,1.9758160344862654,1.8359258127255227,-1.4214933331596302
28.0996196269989,1.9758160344862654,1.8359258127255227,-1.4214933331596302
28.149555921554565,1.9822032334690403,1.8075008039847003,-1.4464755127815263
28.199626684188843,1.9822032334690403,1.8075008039847003,-1.4464755127815263
28.249812126159668,1.9822032334690403,1.8075008039847003,-1.4464755127815263
28.29957914352417,1.9854877131655697,1.7745362688416166,-1.475761822985165
28.349740982055664,1.9906710486181152,1.7449564199005787,-1.5094892085744889
28.399441719055176,1.9941307968167745,1.7168387935421034,-1.5466751904550944
28.45050859451294,1.9941307968167745,1.7168387935421034,-1.5466751904550944
28.499743938446045,1.9941307968167745,1.7168387935421034,-1.5466751904550944
28.549899101257324,1.9947711301356144,1.6851085574501523,-1.5859995899899844
28.599367141723633,1.9900494292741748,1.654326101446469,-1.6218124020687141
28.649489402770996,1.9900494292741748,1.654326101446469,-1.6218124020687141
28.7000675201416,1.9900494292741748,1.654326101446469,-1.6218124020687141
28.74965238571167,1.9900494292741748,1.654326101446469,-1.6218124020687141
28.799790859222412,1.9878523268800317,1.6238816826706102,-1.6537034479928534
28.84957003593445,1.9859852812488343,1.6006385969377972,-1.6725505716636013
28.89984631538391,1.9859852812488343,1.6006385969377972,-1.6725505716636013
28.949692726135254,1.9826417842638784,1.5858124309546955,-1.681370113038987
28.999379634857178,1.9808446846160774,1.5778550327934968,-1.67748949420787
29.049554347991943,1.9808446846160774,1.5778550327934968,-1.67748949420787
29.09961700439453,1.9810634548772814,1.5811043483919467,-1.6654117894550282
29.149617671966553,1.9810634548772814,1.5811043483919467,-1.6654117894550282
29.19974637031555,1.9810634548772814,1.5811043483919467,-1.6654117894550282
29.25082230567932,1.9813899475713779,1.586578158444824,-1.650943557331017
29.29940915107727,1.9808978411827818,1.5866512811863422,-1.6282919518709107
29.349562168121338,1.9808978411827818,1.5866512811863422,-1.6282919518709107
29.399488925933838,1.9832487550231916,1.5876973632774063,-1.5938510895240263
29.44961667060852,1.9832487550231916,1.5876973632774063,-1.5938510895240263
29.499723434448242,1.9832487550231916,1.5876973632774063,-1.5938510895240263
29.549614906311035,1.9832487550231916,1.5876973632774063,-1.5938510895240263
29.599737882614136,1.9860501672227522,1.588682737615834,-1.5494973601422874
29.649468183517456,1.9922637425870366,1.586062530030018,-1.494766040223985
29.700424671173096,2.0004908509856434,1.588729239968349,-1.4247579641616859
29.749447107315063,2.0004908509856434,1.588729239968349,-1.4247579641616859
29.799657106399536,2.006762648151154,1.5903253188869315,-1.3434217456465503
29.849626302719116,2.006762648151154,1.5903253188869315,-1.3434217456465503
29.89945936203003,2.014659349806792,1.5901733360405357,-1.2522439971167556
29.949755668640137,2.014659349806792,1.5901733360405357,-1.2522439971167556
29.99952268600464,2.02308910450054,1.5920826112734003,-1.150988640775687
30.049758195877075,2.02308910450054,1.5920826112734003,-1.150988640775687
30.099594593048096,2.0337264637283714,1.5912851746752226,-1.0478267060253927
30.14952278137207,2.0337264637283714,1.5912851746752226,-1.0478267060253927
30.199629068374634,2.042657706057396,1.5888108947063335,-0.9415267131836764
30.249553680419922,2.042657706057396,1.5888108947063335,-0.9415267131836764
30.299511194229126,2.0520555091210184,1.5847595042430604,-0.8368803836900477
30.34950566291809,2.0520555091210184,1.5847595042430604,-0.8368803836900477
30.399786949157715,2.0520555091210184,1.5847595042430604,-0.8368803836900477
30.449544429779053,2.0611865751004763,1.5812553021797109,-0.7396824503458173
30.499491214752197,2.073264379990943,1.57873090234475,-0.6456167665598377
30.54952883720398,2.073264379990943,1.57873090234475,-0.6456167665598377
30.599547863006592,2.0849812544305086,1.5779237646050888,-0.5564755674668668
30.649656295776367,2.0849812544305086,1.5779237646050888,-0.5564755674668668
30.69961142539978,2.104964021718194,1.5775457202804157,-0.47825872120539525
30.749509572982788,2.104964021718194,1.5775457202804157,-0.47825872120539525
30.799360752105713,2.104964021718194,1.5775457202804157,-0.47825872120539525
30.849506855010986,2.104964021718194,1.5775457202804157,-0.47825872120539525
30.899738073349,2.104964021718194,1.5775457202804157,-0.47825872120539525
30.949723482131958,2.143381300977982,1.5702273628185055,-0.36053979846340795
30.99953293800354,2.1639955680370258,1.5688621093300248,-0.31011651807097235
31.049708604812622,2.1639955680370258,1.5688621093300248,-0.31011651807097235
31.09941840171814,2.186915136810633,1.566783876628462,-0.259304624677604
31.150805234909058,2.186915136810633,1.566783876628462,-0.259304624677604
31.199774980545044,2.186915136810633,1.566783876628462,-0.259304624677604
31.249651432037354,2.208961633852929,1.5656822873014014,-0.2155321059169634
31.299464225769043,2.238445908428823,1.564774897668068,-0.17942060256132814
31.349560260772705,2.238445908428823,1.564774897668068,-0.17942060256132814
31.403520584106445,2.238445908428823,1.564774897668068,-0.17942060256132814
31.4519522190094,2.2609879314973607,1.5664199964954346,-0.14766358697813017
31.499624252319336,2.2914238170545707,1.5690424619930887,-0.12678757443653818
31.549504280090332,2.2914238170545707,1.5690424619930887,-0.12678757443653818
31.599470615386963,2.2914238170545707,1.5690424619930887,-0.12678757443653818
31.649564504623413,2.3183496252101903,1.567774058597119,-0.11220897211668915
31.699578523635864,2.342389261251279,1.5676398250474155,-0.09792343633130533
31.74971032142639,2.342389261251279,1.5676398250474155,-0.09792343633130533
31.799550771713257,2.3684165173012657,1.5635178855770522,-0.08377014673128698
31.84978938102722,2.3684165173012657,1.5635178855770522,-0.08377014673128698
31.8995099067688,2.3973770928784894,1.563991683686044,-0.07160915792661585
31.949694395065308,2.3973770928784894,1.563991683686044,-0.07160915792661585
31.999439001083374,2.4292025982042627,1.5617308631742197,-0.05946279014860371
32.049663066864014,2.4292025982042627,1.5617308631742197,-0.05946279014860371
32.099717140197754,2.4588817431507435,1.5624715770153639,-0.04773597201379092
32.149566650390625,2.4588817431507435,1.5624715770153639,-0.04773597201379092
32.199400424957275,2.487264934124533,1.5639799410764055,-0.03683203717890025
32.249542236328125,2.487264934124533,1.5639799410764055,-0.03683203717890025
32.299439430236816,2.5170415265834536,1.5656343099887067,-0.024406615172927932
32.349576234817505,2.5170415265834536,1.5656343099887067,-0.024406615172927932
32.39960336685181,2.5170415265834536,1.5656343099887067,-0.024406615172927932
32.449381589889526,2.5170415265834536,1.5656343099887067,-0.024406615172927932
32.4997718334198,2.5461013654406446,1.568528318198583,-0.012240442639108395
32.549540758132935,2.570885910920131,1.5686404743880735,-0.0014474758155650638
32.60522150993347,2.570885910920131,1.5686404743880735,-0.0014474758155650638
32.65609812736511,2.570885910920131,1.5686404743880735,-0.0014474758155650638
32.699726819992065,2.6321085803333153,1.5724967354773882,0.021478690310831695
32.74988389015198,2.6321085803333153,1.5724967354773882,0.021478690310831695
32.799360036849976,2.6642068069804843,1.5732941390165216,0.03060254413485601
32.84950542449951,2.6642068069804843,1.5732941390165216,0.03060254413485601
32.900134801864624,2.693949068483668,1.5765804130783596,0.042147925631196764
32.949583768844604,2.693949068483668,1.5765804130783596,0.042147925631196764
32.99980640411377,2.7256850693911567,1.5803916503635043,0.05336408088287322
33.04945659637451,2.7256850693911567,1.5803916503635043,0.05336408088287322
33.099581480026245,2.7561791013550225,1.5834374074942392,0.0643679373042662
33.14948630332947,2.7561791013550225,1.5834374074942392,0.0643679373042662
33.1997287273407,2.784729790778841,1.588094427423374,0.07444510052009361
33.24949097633362,2.784729790778841,1.588094427423374,0.07444510052009361
33.29953455924988,2.8134926432146727,1.5918493054984983,0.0827604880768246
33.349597215652466,2.8134926432146727,1.5918493054984983,0.0827604880768246
33.39950966835022,2.8372486768935286,1.5966357043565476,0.09095965515680825
33.44974637031555,2.8372486768935286,1.5966357043565476,0.09095965515680825
33.499505281448364,2.8656656119793067,1.6006416349124954,0.09588784163610686
33.549532890319824,2.8656656119793067,1.6006416349124954,0.09588784163610686
33.5996208190918,2.894117000877153,1.6071962190114728,0.10069365702729709
33.64955759048462,2.894117000877153,1.6071962190114728,0.10069365702729709
33.69955396652222,2.926671106086994,1.6122473539815654,0.10124921219510157
33.75042510032654,2.926671106086994,1.6122473539815654,0.10124921219510157
33.799479484558105,2.957274372629153,1.618828142478784,0.10264158869377676
33.84952902793884,2.957274372629153,1.618828142478784,0.10264158869377676
33.899433612823486,2.9905940043614057,1.6215756732131559,0.10231559652138468
33.95023441314697,2.9905940043614057,1.6215756732131559,0.10231559652138468
33.99968862533569,3.0219637669207393,1.6221142560062534,0.10235849807094184
34.04968190193176,3.0219637669207393,1.6221142560062534,0.10235849807094184
34.099493980407715,3.0509191452216036,1.6276978825279478,0.10408592757368786
34.14950609207153,3.0509191452216036,1.6276978825279478,0.10408592757368786
34.1996214389801,3.0509191452216036,1.6276978825279478,0.10408592757368786
34.24968147277832,3.0509191452216036,1.6276978825279478,0.10408592757368786
34.2994270324707,3.0771432654663453,1.6322247751280932,0.10553275567189038
34.34960985183716,3.0771432654663453,1.6322247751280932,0.10553275567189038
34.39955401420593,3.103891980479865,1.6417241678385934,0.10874823299786783
34.44958448410034,3.1352499889034857,1.6452281648977671,0.1101307604920449
34.50007128715515,3.1649457827108574,1.647008355663234,0.11306674910627941
34.54949927330017,3.1649457827108574,1.647008355663234,0.11306674910627941
34.59958100318909,3.1649457827108574,1.647008355663234,0.11306674910627941
34.64962959289551,3.1649457827108574,1.647008355663234,0.11306674910627941
34.699355125427246,3.195134589954971,1.651622845788643,0.11560321313855265
34.74993634223938,3.2256631061000243,1.6577192980866091,0.11755829905110528
34.799640417099,3.2538022410793888,1.6645145506277987,0.12188309140575353
34.84967541694641,3.2538022410793888,1.6645145506277987,0.12188309140575353
34.899763107299805,3.282431982413441,1.668136533455262,0.12467670432137315
34.949514389038086,3.282431982413441,1.668136533455262,0.12467670432137315
34.999417781829834,3.311265445369877,1.6749210366552851,0.12520265551454285
35.051716566085815,3.311265445369877,1.6749210366552851,0.12520265551454285
35.0996196269989,3.343983626678637,1.6783246770035194,0.12661388054386913
35.14969563484192,3.343983626678637,1.6783246770035194,0.12661388054386913
35.199580907821655,3.37558626775226,1.6869007666700262,0.12759609240717254
35.24962306022644,3.37558626775226,1.6869007666700262,0.12759609240717254
35.29958486557007,3.4060965098914333,1.6900170270415644,0.12780780694796073
35.349562644958496,3.4060965098914333,1.6900170270415644,0.12780780694796073
35.39951467514038,3.4340047639431144,1.6916100298042958,0.12680045844594734
35.44954991340637,3.4340047639431144,1.6916100298042958,0.12680045844594734
35.49963164329529,3.4615980093413192,1.699097876825918,0.12815434230795233
35.54990339279175,3.4615980093413192,1.699097876825918,0.12815434230795233
35.599660873413086,3.489395132503127,1.7051379055167957,0.12835364008341213
35.649657249450684,3.489395132503127,1.7051379055167957,0.12835364008341213
35.69966435432434,3.489395132503127,1.7051379055167957,0.12835364008341213
35.74962902069092,3.518347862401725,1.7111871576904603,0.13047998827228843
35.799757957458496,3.545919245450326,1.7188666876450815,0.1327588842459331
35.84945273399353,3.545919245450326,1.7188666876450815,0.1327588842459331
35.8995041847229,3.545919245450326,1.7188666876450815,0.1327588842459331
35.949687004089355,3.545919245450326,1.7188666876450815,0.1327588842459331
35.99962782859802,3.5753190356755122,1.72451971557817,0.13255948663153888
36.04941463470459,3.6049657905161836,1.7294397815733726,0.13487747740400025
36.09974408149719,3.6049657905161836,1.7294397815733726,0.13487747740400025
36.15039873123169,3.6049657905161836,1.7294397815733726,0.13487747740400025
36.19976782798767,3.635538569754567,1.732065489844859,0.13741704612334824
36.24950814247131,3.6676195278599146,1.7375745746734939,0.13872657169059885
36.29963946342468,3.6993415495616726,1.7443673378711717,0.14103678777834633
36.3496994972229,3.6993415495616726,1.7443673378711717,0.14103678777834633
36.399996280670166,3.6993415495616726,1.7443673378711717,0.14103678777834633
36.4496431350708,3.7304390988349394,1.7507326005122688,0.1421032726320253
36.49952721595764,3.7540496190517856,1.756680893931406,0.14461142150998507
36.54936957359314,3.7540496190517856,1.756680893931406,0.14461142150998507
36.59966063499451,3.7540496190517856,1.756680893931406,0.14461142150998507
36.64966893196106,3.7540496190517856,1.756680893931406,0.14461142150998507
36.69946074485779,3.7823812335570515,1.761870329494967,0.14894348511919758
36.750152587890625,3.8097993540453143,1.7710646555939138,0.1505799659458799
36.79989695549011,3.8097993540453143,1.7710646555939138,0.1505799659458799
36.84980010986328,3.841338556163414,1.7743375528011305,0.15424024611140244
36.89963936805725,3.841338556163414,1.7743375528011305,0.15424024611140244
36.94963002204895,3.841338556163414,1.7743375528011305,0.15424024611140244
36.99952244758606,3.8708258624870777,1.778991669694889,0.1563270902901866
37.04958534240723,3.8979410939256947,1.7849320031666398,0.16048472610550396
37.09958553314209,3.927801461914654,1.7920407823733724,0.16367501494711753
37.14944863319397,3.927801461914654,1.7920407823733724,0.16367501494711753
37.19968581199646,3.9588327783149615,1.7989688994646094,0.1689717080266359
37.249542236328125,3.9588327783149615,1.7989688994646094,0.1689717080266359
37.299506425857544,3.9904619649985658,1.8058370575778648,0.1721519063714029
37.34972524642944,3.9904619649985658,1.8058370575778648,0.1721519063714029
37.39958691596985,4.019143801343731,1.8129714726375825,0.1731931139043254
37.44956111907959,4.019143801343731,1.8129714726375825,0.1731931139043254
37.49969959259033,4.044690822896504,1.8161866350585272,0.17187486143631842
37.54966878890991,4.044690822896504,1.8161866350585272,0.17187486143631842
37.600494623184204,4.044690822896504,1.8161866350585272,0.17187486143631842
37.64962983131409,4.044690822896504,1.8161866350585272,0.17187486143631842
37.6996910572052,4.062843253009211,1.8204209241905425,0.1661578341428612
37.74974822998047,4.0764436818650065,1.8220285079067422,0.15131797134955496
37.799460887908936,4.089800811115065,1.8222037754998865,0.12192370354166969
37.8495135307312,4.089800811115065,1.8222037754998865,0.12192370354166969
37.90013360977173,4.090975272758515,1.821860414476794,0.08749673196053499
37.94964647293091,4.090975272758515,1.821860414476794,0.08749673196053499
38.00015950202942,4.092522398545791,1.8196285844635385,0.053704962635929505
38.05041241645813,4.092522398545791,1.8196285844635385,0.053704962635929505
38.10015416145325,4.092522398545791,1.8196285844635385,0.053704962635929505
38.149662256240845,4.094831007376751,1.8163720760102937,0.008670474638306667
38.199784994125366,4.094831007376751,1.8163720760102937,0.008670474638306667
38.24957728385925,4.094831007376751,1.8163720760102937,0.008670474638306667
38.299424171447754,4.10104085332898,1.8118229095047385,-0.04826495137981728
38.34951376914978,4.102922164625442,1.8091637996612058,-0.11376486269234641
38.39942908287048,4.107894768593198,1.8038368958140663,-0.19180503197141155
38.449623584747314,4.107894768593198,1.8038368958140663,-0.19180503197141155
38.50001621246338,4.107894768593198,1.8038368958140663,-0.19180503197141155
38.5495491027832,4.109986338858688,1.7924853780635757,-0.28172736820588684
38.59998655319214,4.115475920701003,1.7809996189893327,-0.38288765823458865
38.649595975875854,4.115475920701003,1.7809996189893327,-0.38288765823458865
38.69940185546875,4.112177508544693,1.7740796836837214,-0.4854205455182858
38.74992656707764,4.112177508544693,1.7740796836837214,-0.4854205455182858
38.799861431121826,4.112177508544693,1.7740796836837214,-0.4854205455182858
38.849631786346436,4.11290519460397,1.7641500737916733,-0.5937046532807979
38.89980483055115,4.11290519460397,1.7641500737916733,-0.5937046532807979
38.949610233306885,4.11290519460397,1.7641500737916733,-0.5937046532807979
38.999887228012085,4.110573848593464,1.7527419241534454,-0.7013745507554601
39.049384355545044,4.1067002989955,1.7453710565921923,-0.80870049456568
39.09935688972473,4.1076962923920775,1.7345031343342148,-0.9190830192837012
39.149540424346924,4.1076962923920775,1.7345031343342148,-0.9190830192837012
39.19938540458679,4.1067823368291325,1.7250044333578032,-1.0260066980934197
39.2497079372406,4.1067823368291325,1.7250044333578032,-1.0260066980934197
39.29969620704651,4.105593648658784,1.7126099311303842,-1.1286608943040295
39.34956407546997,4.105593648658784,1.7126099311303842,-1.1286608943040295
39.400227785110474,4.109224072975934,1.6950511604292822,-1.2125226855988336
39.4494891166687,4.109224072975934,1.6950511604292822,-1.2125226855988336
39.49958348274231,4.111415009549944,1.675384305735222,-1.277104512077164
39.54980397224426,4.111415009549944,1.675384305735222,-1.277104512077164
39.59963941574097,4.115390267776181,1.6569689058552846,-1.3279996912155148
39.64966559410095,4.115390267776181,1.6569689058552846,-1.3279996912155148
39.69951272010803,4.116219008382577,1.635671002261719,-1.3702519746989474
39.749335527420044,4.116219008382577,1.635671002261719,-1.3702519746989474
39.799691677093506,4.116219008382577,1.635671002261719,-1.3702519746989474
39.84953427314758,4.116219008382577,1.635671002261719,-1.3702519746989474
39.89946436882019,4.11646953605055,1.621549578510036,-1.3989315708635246
39.95194602012634,4.118669879999654,1.6048165557370493,-1.4239844494630194
39.99953889846802,4.119995265105111,1.582097301803646,-1.45291425615728
40.04963445663452,4.119995265105111,1.582097301803646,-1.45291425615728
40.099403619766235,4.116130376365037,1.5581774752849409,-1.4868629372899687
40.14966535568237,4.116130376365037,1.5581774752849409,-1.4868629372899687
40.19950032234192,4.114079191786869,1.5346409221385504,-1.5217318773382988
40.249619245529175,4.114079191786869,1.5346409221385504,-1.5217318773382988
40.2994921207428,4.115693944846907,1.511547572458326,-1.5518353561707243
40.349594593048096,4.115693944846907,1.511547572458326,-1.5518353561707243
40.400094509124756,4.115693944846907,1.511547572458326,-1.5518353561707243
40.44955229759216,4.115038153748669,1.482544915650309,-1.5810654627600933
40.499431848526,4.109610253610867,1.4516929083384702,-1.6112797137131716
40.5495080947876,4.109610253610867,1.4516929083384702,-1.6112797137131716
40.59958219528198,4.115400361595077,1.423440690523765,-1.639568368701895
40.64952754974365,4.115400361595077,1.423440690523765,-1.639568368701895
40.69960808753967,4.115060027484445,1.3918409583895246,-1.6659628105973832
40.74977087974548,4.115060027484445,1.3918409583895246,-1.6659628105973832
40.79949879646301,4.1133220781442805,1.363654581011985,-1.6905411332718276
40.84956169128418,4.1133220781442805,1.363654581011985,-1.6905411332718276
40.89951944351196,4.109277415751425,1.3285667179012632,-1.7145946029816919
40.94964957237244,4.109277415751425,1.3285667179012632,-1.7145946029816919
40.99950671195984,4.102009469628049,1.2963193836401914,-1.7311918074835102
41.0497362613678,4.102009469628049,1.2963193836401914,-1.7311918074835102
41.09969139099121,4.095986256726018,1.2602882727709783,-1.7469639232696887
41.149617195129395,4.095986256726018,1.2602882727709783,-1.7469639232696887
41.199459075927734,4.090139580266044,1.2285410159963361,-1.7592378712010532
41.24967885017395,4.090139580266044,1.2285410159963361,-1.7592378712010532
41.299480676651,4.090139580266044,1.2285410159963361,-1.7592378712010532
41.349764347076416,4.090139580266044,1.2285410159963361,-1.7592378712010532
41.39952063560486,4.087273630601484,1.1992999787417067,-1.7696506354938788
41.449509382247925,4.081437043742861,1.1719743101748252,-1.78222853590313
41.499536991119385,4.0773950156235035,1.144292975761098,-1.7915892266322377
41.549500465393066,4.0773950156235035,1.144292975761098,-1.7915892266322377
41.59974646568298,4.067643371963923,1.1139584278512438,-1.8006757852246447
41.64949321746826,4.067643371963923,1.1139584278512438,-1.8006757852246447
41.699400663375854,4.063889116375602,1.085106265346451,-1.8120555209404898
41.750237464904785,4.063889116375602,1.085106265346451,-1.8120555209404898
41.7996187210083,4.063889116375602,1.085106265346451,-1.8120555209404898
41.849775314331055,4.056779177808368,1.0536042250888324,-1.8235653189624683
41.89976239204407,4.050765393557402,1.024157621077644,-1.8329683514006652
41.94975209236145,4.050765393557402,1.024157621077644,-1.8329683514006652
41.99960803985596,4.050765393557402,1.024157621077644,-1.8329683514006652
42.04972791671753,4.050765393557402,1.024157621077644,-1.8329683514006652
42.09941864013672,4.050765393557402,1.024157621077644,-1.8329683514006652
42.14933371543884,4.050765393557402,1.024157621077644,-1.8329683514006652
42.199552059173584,4.045849649440784,0.9992100451078617,-1.8446964660192604
42.24978566169739,4.02759854252265,0.9407710524656124,-1.864897076688683
42.29973220825195,4.02759854252265,0.9407710524656124,-1.864897076688683
42.349552631378174,4.017726452227176,0.9112225970203273,-1.8732401455076046
42.39996147155762,4.004525246957131,0.8772601481176988,-1.8836066969036844
42.449708223342896,4.004525246957131,0.8772601481176988,-1.8836066969036844
42.49984788894653,4.004525246957131,0.8772601481176988,-1.8836066969036844
42.54991316795349,4.004525246957131,0.8772601481176988,-1.8836066969036844
42.60107970237732,4.004525246957131,0.8772601481176988,-1.8836066969036844
42.64963221549988,4.004525246957131,0.8772601481176988,-1.8836066969036844
42.70052099227905,3.995891883208699,0.8478721042436147,-1.8924453506036625
42.749619245529175,3.983428594817655,0.7906383638505331,-1.9006756872081714
42.79999375343323,3.9726283147075034,0.7624322224429005,-1.9080715637480934
42.849738121032715,3.9726283147075034,0.7624322224429005,-1.9080715637480934
42.899484157562256,3.9726283147075034,0.7624322224429005,-1.9080715637480934
42.94968795776367,3.9726283147075034,0.7624322224429005,-1.9080715637480934
42.99989986419678,3.9726283147075034,0.7624322224429005,-1.9080715637480934
43.04965662956238,3.9726283147075034,0.7624322224429005,-1.9080715637480934
43.09966063499451,3.9626747222913266,0.7322528451231404,-1.912582955567088
43.149457931518555,3.945808570447365,0.674760918976524,-1.9192098877940467
43.19978618621826,3.945808570447365,0.674760918976524,-1.9192098877940467
43.249582052230835,3.9408649982278168,0.6434641953961581,-1.9206897628245787
43.29963493347168,3.9408649982278168,0.6434641953961581,-1.9206897628245787
43.34962463378906,3.9408649982278168,0.6434641953961581,-1.9206897628245787
43.399502992630005,3.932933405265247,0.609291038129078,-1.9215146966602858
43.44965314865112,3.9204193521195383,0.5790615452208301,-1.9229207496836582
43.49969506263733,3.913688280949185,0.5518011416839931,-1.9235191213088112
43.54953598976135,3.913688280949185,0.5518011416839931,-1.9235191213088112
43.59963369369507,3.901786849121095,0.5229880429387169,-1.9246204585032434
43.65016198158264,3.901786849121095,0.5229880429387169,-1.9246204585032434
43.69967436790466,3.901786849121095,0.5229880429387169,-1.9246204585032434
43.74954676628113,3.890295879742378,0.49688972901902223,-1.9269361321993517
43.79978537559509,3.8820008968078157,0.46750767078067557,-1.9279510363514099
43.84962248802185,3.8820008968078157,0.46750767078067557,-1.9279510363514099
43.90004801750183,3.8820008968078157,0.46750767078067557,-1.9279510363514099
43.950729846954346,3.873263004578717,0.4404081189221121,-1.9286764382960266
43.99948000907898,3.8658090658094424,0.4105992826393535,-1.9307663883934767
44.04943895339966,3.8658090658094424,0.4105992826393535,-1.9307663883934767
44.09964346885681,3.8581038507856884,0.38246567708110246,-1.93025937385359
44.14947485923767,3.8581038507856884,0.38246567708110246,-1.93025937385359
44.19997787475586,3.8581038507856884,0.38246567708110246,-1.93025937385359
44.24947500228882,3.8581038507856884,0.38246567708110246,-1.93025937385359
44.29956245422363,3.8502753439472666,0.3534832807461434,-1.9313649624716756
44.34963011741638,3.8418263281751357,0.32609822954438417,-1.9323649415506399
44.39965081214905,3.8303881524989207,0.2994292420429317,-1.9327384740180509
44.44968104362488,3.8303881524989207,0.2994292420429317,-1.9327384740180509
44.49955177307129,3.8200459771221253,0.27118903709090564,-1.9352397772985295
44.54957962036133,3.8200459771221253,0.27118903709090564,-1.9352397772985295
44.59957766532898,3.810442937433955,0.24076305140127235,-1.9359355410705876
44.64958190917969,3.810442937433955,0.24076305140127235,-1.9359355410705876
44.69966459274292,3.810442937433955,0.24076305140127235,-1.9359355410705876
44.74952840805054,3.810442937433955,0.24076305140127235,-1.9359355410705876
44.79966473579407,3.7983704801625158,0.21029800566307805,-1.9342620882589656
44.84956073760986,3.786300831775342,0.18151656473663502,-1.9355881250091695
44.89998984336853,3.786300831775342,0.18151656473663502,-1.9355881250091695
44.949758768081665,3.774771251095703,0.15298480445003615,-1.9364946635742133
44.99957752227783,3.7663472392049244,0.12433103957205059,-1.9360852985945223
45.04958963394165,3.7663472392049244,0.12433103957205059,-1.9360852985945223
45.09993648529053,3.7663472392049244,0.12433103957205059,-1.9360852985945223
45.1495041847229,3.7596052591059244,0.09541258912768417,-1.9370557595905544
45.199588775634766,3.7596052591059244,0.09541258912768417,-1.9370557595905544
45.24956250190735,3.7596052591059244,0.09541258912768417,-1.9370557595905544
45.299569606781006,3.750422912164907,0.06961562381453605,-1.937477487306909
45.349472761154175,3.743609140693317,0.0430489856788364,-1.9362708395570092
45.39941620826721,3.734597507410269,0.01615575925597866,-1.9379761724922797
45.44947624206543,3.734597507410269,0.01615575925597866,-1.9379761724922797
45.49957203865051,3.734597507410269,0.01615575925597866,-1.9379761724922797
45.5519483089447,3.734597507410269,0.01615575925597866,-1.9379761724922797
45.599547147750854,3.723881052282367,-0.012522218650857522,-1.9380905878902517
45.6494255065918,3.7116205151181902,-0.040330568234885636,-1.9394704680105277
45.69969177246094,3.7013578135561214,-0.07312506072676657,-1.941551194482395
45.749624252319336,3.7013578135561214,-0.07312506072676657,-1.941551194482395
45.79964256286621,3.692188940097879,-0.10152726994325335,-1.9422679671377656
45.84970235824585,3.692188940097879,-0.10152726994325335,-1.9422679671377656
45.89941716194153,3.681167787733972,-0.12836991028847938,-1.9440162166613442
45.949548959732056,3.681167787733972,-0.12836991028847938,-1.9440162166613442
45.99974250793457,3.6759615559866154,-0.15374540773748863,-1.95383689078961
46.04963946342468,3.6759615559866154,-0.15374540773748863,-1.95383689078961
46.0995090007782,3.6668859266908966,-0.1778311627917178,-1.9703624358961558
46.1493706703186,3.6668859266908966,-0.1778311627917178,-1.9703624358961558
46.19957900047302,3.6577552686583483,-0.19831067410979042,-1.9985354055648101
46.24993371963501,3.6577552686583483,-0.19831067410979042,-1.9985354055648101
46.299681663513184,3.6499961354870263,-0.2176623128992593,-2.037767453645419
46.34986066818237,3.6499961354870263,-0.2176623128992593,-2.037767453645419
46.40020990371704,3.6351499940463055,-0.23492401799879398,-2.095584838195087
46.450090646743774,3.6351499940463055,-0.23492401799879398,-2.095584838195087
46.50070071220398,3.6351499940463055,-0.23492401799879398,-2.095584838195087
46.549524545669556,3.6351499940463055,-0.23492401799879398,-2.095584838195087
46.59996962547302,3.6244912342940725,-0.24729706906001325,-2.160996047868879
46.64961910247803,3.608570039526103,-0.2558460042494099,-2.226677884988902
46.69955015182495,3.594383259253456,-0.2687696573725498,-2.2996477393094263
46.749428510665894,3.594383259253456,-0.2687696573725498,-2.2996477393094263
46.799572229385376,3.5771931310553513,-0.28144112789292763,-2.3821671389173016
46.84986138343811,3.5771931310553513,-0.28144112789292763,-2.3821671389173016
46.89988040924072,3.5771931310553513,-0.28144112789292763,-2.3821671389173016
46.94953417778015,3.559371823015693,-0.2875764065915201,-2.465105927505088
47.000417947769165,3.559371823015693,-0.2875764065915201,-2.465105927505088
47.0495445728302,3.537484182856655,-0.2928185205115823,-2.5456352977782504
47.09936451911926,3.510995991335404,-0.29901050124848927,-2.6311056042795316
47.14952325820923,3.510995991335404,-0.29901050124848927,-2.6311056042795316
47.19953942298889,3.49319662751541,-0.3041865472984756,-2.7156542984639724
47.24952006340027,3.49319662751541,-0.3041865472984756,-2.7156542984639724
47.299651861190796,3.4737096970213686,-0.3058127275567866,-2.7948682902083153
47.349576473236084,3.4737096970213686,-0.3058127275567866,-2.7948682902083153
47.39951229095459,3.4530119056622,-0.3091721295122415,-2.8638653627854147
47.44965481758118,3.4530119056622,-0.3091721295122415,-2.8638653627854147
47.50005125999451,3.438308353534149,-0.31334017700111577,-2.921497539580473
47.55457067489624,3.438308353534149,-0.31334017700111577,-2.921497539580473
47.60468244552612,3.438308353534149,-0.31334017700111577,-2.921497539580473
47.65086030960083,3.4158025626796107,-0.31709807470524104,-2.9675618588781583
47.69969415664673,3.3913114081467803,-0.3178390103557444,-3.0055432488211737
47.7495276927948,3.3913114081467803,-0.3178390103557444,-3.0055432488211737
47.7997100353241,3.3913114081467803,-0.3178390103557444,-3.0055432488211737
47.849632024765015,3.367358959767894,-0.32036550490621124,-3.0399814220650305
47.89976954460144,3.367358959767894,-0.32036550490621124,-3.0399814220650305
47.949747800827026,3.3365548786557335,-0.3245043804241876,-3.0657365054284114
47.9998140335083,3.3140557515348736,-0.32469581958496835,-3.0904954760102967
48.04957294464111,3.3140557515348736,-0.32469581958496835,-3.0904954760102967
48.09938311576843,3.288028804687408,-0.3225748824966197,-3.1149484554488485
48.14948105812073,3.288028804687408,-0.3225748824966197,-3.1149484554488485
48.19949722290039,3.258430613761168,-0.32551952820796054,-3.1390836529913777
48.249815225601196,3.258430613761168,-0.32551952820796054,-3.1390836529913777
48.29991555213928,3.258430613761168,-0.32551952820796054,-3.1390836529913777
48.34958553314209,3.258430613761168,-0.32551952820796054,-3.1390836529913777
48.39944386482239,3.258430613761168,-0.32551952820796054,-3.1390836529913777
48.449629068374634,3.192376684271238,-0.3244691364244226,3.0986106792261867
48.499330043792725,3.1664266371975733,-0.32477039387420586,3.0748007963992507
48.54972457885742,3.1664266371975733,-0.32477039387420586,3.0748007963992507
48.599406719207764,3.136372856390342,-0.3207439591977932,3.0512311317719196
48.6496901512146,3.136372856390342,-0.3207439591977932,3.0512311317719196
48.69987511634827,3.136372856390342,-0.3207439591977932,3.0512311317719196
48.74958109855652,3.1087058456105434,-0.3217258941123287,3.0277437484655074
48.79970097541809,3.08077797997955,-0.319924387536032,3.0109074594873055
48.849669218063354,3.08077797997955,-0.319924387536032,3.0109074594873055
48.89957356452942,3.049394878839038,-0.31483604900277923,2.9942300630224827
48.94970965385437,3.049394878839038,-0.31483604900277923,2.9942300630224827
48.999629735946655,3.049394878839038,-0.31483604900277923,2.9942300630224827
49.049469232559204,3.0199598701958497,-0.3077150205838088,2.9783384976043585
49.099748611450195,2.993167233258902,-0.30157246151873074,2.9658019140188303
49.14971566200256,2.993167233258902,-0.30157246151873074,2.9658019140188303
49.19989991188049,2.993167233258902,-0.30157246151873074,2.9658019140188303
49.249733209609985,2.961259388006716,-0.29925683107181567,2.954830900999961
49.29976224899292,2.961259388006716,-0.29925683107181567,2.954830900999961
49.34978795051575,2.961259388006716,-0.29925683107181567,2.954830900999961
49.39973855018616,2.931254473777012,-0.2963863057693584,2.9469562423367752
49.44967269897461,2.8971871010926393,-0.28921300337100947,2.9374476409552885
49.49958562850952,2.8718503401850937,-0.28298771854330557,2.926939491035884
49.5495879650116,2.8718503401850937,-0.28298771854330557,2.926939491035884
49.60068321228027,2.8718503401850937,-0.28298771854330557,2.926939491035884
49.649434328079224,2.84330266545378,-0.27535063724343906,2.918384368677283
49.69965720176697,2.8147387041161456,-0.2709927781334078,2.9099467399764336
49.74971675872803,2.8147387041161456,-0.2709927781334078,2.9099467399764336
49.800580739974976,2.8147387041161456,-0.2709927781334078,2.9099467399764336
49.84951090812683,2.785112750802939,-0.26491785564527515,2.899698084116573
49.90085482597351,2.785112750802939,-0.26491785564527515,2.899698084116573
49.949918270111084,2.7516622424090116,-0.26029812621794984,2.890112076640353
49.99979758262634,2.7516622424090116,-0.26029812621794984,2.890112076640353
50.04960489273071,2.724011314249067,-0.2545400041831899,2.881826098101638
50.09957790374756,2.6959380461295,-0.248626491973286,2.8719983347608595
50.149636030197144,2.6959380461295,-0.248626491973286,2.8719983347608595
50.19938588142395,2.669048729720911,-0.23923434803376992,2.8642837164348562
50.24976849555969,2.669048729720911,-0.23923434803376992,2.8642837164348562
50.29981851577759,2.669048729720911,-0.23923434803376992,2.8642837164348562
50.34950518608093,2.6423118959796956,-0.2308586057546097,2.854267966140836
50.39948868751526,2.609715459035001,-0.2228398988768241,2.844633957800562
50.449551820755005,2.609715459035001,-0.2228398988768241,2.844633957800562
50.49972891807556,2.582488364415114,-0.21720326579260507,2.836407122529585
50.54956531524658,2.582488364415114,-0.21720326579260507,2.836407122529585
50.59947443008423,2.5492593683627547,-0.20855634237287202,2.827140934097085
50.64947962760925,2.5492593683627547,-0.20855634237287202,2.827140934097085
50.70013356208801,2.5492593683627547,-0.20855634237287202,2.827140934097085
50.749619007110596,2.52008195857266,-0.19925877162082284,2.818277167508713
50.79971194267273,2.4894056137838843,-0.18932019255043375,2.8083538757185154
50.84987783432007,2.4894056137838843,-0.18932019255043375,2.8083538757185154
50.899510860443115,2.4609672275032257,-0.18035740498620106,2.799244416570661
50.94960808753967,2.4609672275032257,-0.18035740498620106,2.799244416570661
51.00093221664429,2.434776121300214,-0.1709255275073966,2.7921511666681504
51.04980969429016,2.434776121300214,-0.1709255275073966,2.7921511666681504
51.09970140457153,2.405763469447942,-0.16210361474777374,2.783552096527564
51.149678468704224,2.405763469447942,-0.16210361474777374,2.783552096527564
51.19961714744568,2.381857446102374,-0.15481162287956973,2.7797813578982122
51.24958562850952,2.381857446102374,-0.15481162287956973,2.7797813578982122
51.29955577850342,2.3532280804776513,-0.1448788844454299,2.7760028234270897
51.35041427612305,2.3532280804776513,-0.1448788844454299,2.7760028234270897
51.39950633049011,2.3258494103794574,-0.13626878144340754,2.776488848184781
51.449564933776855,2.3258494103794574,-0.13626878144340754,2.776488848184781
51.49971890449524,2.3258494103794574,-0.13626878144340754,2.776488848184781
51.54956603050232,2.2967209898479215,-0.12930408842042657,2.7753460152429144
51.599398374557495,2.2668139083446266,-0.11877041896517253,2.777668285627527
51.64971876144409,2.2668139083446266,-0.11877041896517253,2.777668285627527
51.69934010505676,2.234905999270096,-0.11063191905388987,2.779379269095129
51.74956226348877,2.234905999270096,-0.11063191905388987,2.779379269095129
51.800326108932495,2.20658839271154,-0.09894382202678019,2.777874768437499
51.84948134422302,2.20658839271154,-0.09894382202678019,2.777874768437499
51.89943599700928,2.1790255538986956,-0.08967495400838289,2.778363723096823
51.94960832595825,2.1790255538986956,-0.08967495400838289,2.778363723096823
51.99948692321777,2.150606608956912,-0.07897549488744897,2.7774633611774973
52.049705266952515,2.150606608956912,-0.07897549488744897,2.7774633611774973
52.09956097602844,2.150606608956912,-0.07897549488744897,2.7774633611774973
52.1494345664978,2.150606608956912,-0.07897549488744897,2.7774633611774973
52.19999027252197,2.124910963906608,-0.07023773529582443,2.7769251339903316
52.24939703941345,2.0941819340061643,-0.05889769868971899,2.7765254330501805
52.29936766624451,2.0666446394059657,-0.047572412297971864,2.775353047010131
52.35009694099426,2.0666446394059657,-0.047572412297971864,2.775353047010131
52.399508476257324,2.0666446394059657,-0.047572412297971864,2.775353047010131
52.44952464103699,2.0666446394059657,-0.047572412297971864,2.775353047010131
52.49956011772156,2.0371326445854976,-0.03984653547558854,2.775783946103162
52.54959154129028,2.014179825594586,-0.03230066325656673,2.7772047038600145
52.60178732872009,1.9933413835473788,-0.027143171378416417,2.7841993644155534
52.64957284927368,1.9933413835473788,-0.027143171378416417,2.7841993644155534
52.69955039024353,1.9768250558173817,-0.022830122705830083,2.8008998901429494
52.74962115287781,1.9768250558173817,-0.022830122705830083,2.8008998901429494
52.799482583999634,1.9676024737702806,-0.022297094962720768,2.82060418734263
52.85028839111328,1.9676024737702806,-0.022297094962720768,2.82060418734263
52.899375200271606,1.9606498723949812,-0.02408733682842211,2.8524449214698593
52.95293354988098,1.9606498723949812,-0.02408733682842211,2.8524449214698593
52.999582290649414,1.9558628878304325,-0.026239137017140576,2.8821551772064096
53.04968214035034,1.9558628878304325,-0.026239137017140576,2.8821551772064096
53.09939479827881,1.951332130545374,-0.02913620443110733,2.919211413783096
53.14950895309448,1.951332130545374,-0.02913620443110733,2.919211413783096
53.199939489364624,1.9453588953844605,-0.03247574277565085,2.9670622688606416
53.24953365325928,1.9453588953844605,-0.03247574277565085,2.9670622688606416
53.29974341392517,1.9418929055623808,-0.03558416806322814,3.024640574150186
53.34937381744385,1.9418929055623808,-0.03558416806322814,3.024640574150186
53.39939332008362,1.9378802846833447,-0.039526934604856075,3.090919232931313
53.449726819992065,1.9378802846833447,-0.039526934604856075,3.090919232931313
53.499510049819946,1.9369312499345166,-0.04374677180268663,-3.11379216760964
53.54955506324768,1.9369312499345166,-0.04374677180268663,-3.11379216760964
53.59977197647095,1.9406801085127015,-0.054625451985194015,-3.0217906051088863
53.64947581291199,1.9406801085127015,-0.054625451985194015,-3.0217906051088863
53.69950556755066,1.938986262053625,-0.0633200157291734,-2.9241096590387503
53.74962019920349,1.938986262053625,-0.0633200157291734,-2.9241096590387503
53.79936861991882,1.933019216075314,-0.07458924193094546,-2.8200174631270283
53.849791288375854,1.933019216075314,-0.07458924193094546,-2.8200174631270283
53.89942908287048,1.928921230013335,-0.0814402747906189,-2.712429160116013
53.94944429397583,1.928921230013335,-0.0814402747906189,-2.712429160116013
53.999478340148926,1.9256509068133045,-0.09097653372385257,-2.604480702551655
54.0494019985199,1.9256509068133045,-0.09097653372385257,-2.604480702551655
54.0994598865509,1.9258912842450364,-0.10117260863888881,-2.505691381748375
54.14967918395996,1.9258912842450364,-0.10117260863888881,-2.505691381748375
54.19966769218445,1.9230296336181616,-0.11051913879817564,-2.4076626192704866
54.24957036972046,1.9230296336181616,-0.11051913879817564,-2.4076626192704866
54.299612045288086,1.9210515244002342,-0.12428699372147818,-2.3187439614594965
54.349650144577026,1.9210515244002342,-0.12428699372147818,-2.3187439614594965
54.400717973709106,1.9220214448642077,-0.14068257152789204,-2.236139302751075
54.4495415687561,1.9220214448642077,-0.14068257152789204,-2.236139302751075
54.49955987930298,1.920969761208191,-0.1579140920536286,-2.164351405568295
54.54949951171875,1.920969761208191,-0.1579140920536286,-2.164351405568295
54.599499464035034,1.9187916372434612,-0.17742310182783533,-2.1027631738259274
54.649460792541504,1.9187916372434612,-0.17742310182783533,-2.1027631738259274
54.699551582336426,1.918572684766246,-0.1956169795656958,-2.0475548660389955
54.74962329864502,1.918572684766246,-0.1956169795656958,-2.0475548660389955
54.79944968223572,1.9152923851181578,-0.2114425339753092,-1.9998560717645888
54.8495557308197,1.9152923851181578,-0.2114425339753092,-1.9998560717645888
54.90040588378906,1.9152923851181578,-0.2114425339753092,-1.9998560717645888
54.949617862701416,1.9120950553915264,-0.22962485533969207,-1.957162400910861
54.99955105781555,1.9120950553915264,-0.22962485533969207,-1.957162400910861
55.049861907958984,1.9026182008515442,-0.2489479128297395,-1.9197192875158169
55.10037922859192,1.9026182008515442,-0.2489479128297395,-1.9197192875158169
55.14956855773926,1.9026182008515442,-0.2489479128297395,-1.9197192875158169
55.19963026046753,1.9026182008515442,-0.2489479128297395,-1.9197192875158169
55.249746561050415,1.9026182008515442,-0.2489479128297395,-1.9197192875158169
55.29954218864441,1.9015939645610973,-0.27026782993018805,-1.882679848099079
55.3495774269104,1.890569758377013,-0.31861622305942766,-1.8206577208612855
55.39992094039917,1.8850740036148346,-0.3441076216571333,-1.7894387692169305
55.44954323768616,1.8850740036148346,-0.3441076216571333,-1.7894387692169305
55.49942755699158,1.8824270339891158,-0.3725166692977346,-1.7602602539757348
55.54931449890137,1.8824270339891158,-0.3725166692977346,-1.7602602539757348
55.59944725036621,1.8820201573998268,-0.4015775638081246,-1.7360654891020821
55.64966654777527,1.8820201573998268,-0.4015775638081246,-1.7360654891020821
55.699647665023804,1.880963775475291,-0.4267595952082837,-1.7178994018046005
55.75013780593872,1.880963775475291,-0.4267595952082837,-1.7178994018046005
55.79967212677002,1.8818732191999379,-0.45543912106400986,-1.705464440947836
55.84939241409302,1.8818732191999379,-0.45543912106400986,-1.705464440947836
55.89958739280701,1.8795905063731402,-0.4840041654589638,-1.6957441749232023
55.94955825805664,1.8795905063731402,-0.4840041654589638,-1.6957441749232023
55.99935245513916,1.8809166020428445,-0.512860432833419,-1.687071204474412
56.04946565628052,1.8809166020428445,-0.512860432833419,-1.687071204474412
56.09934735298157,1.8726326711162717,-0.5440168558544699,-1.6793849500968707
56.14932298660278,1.8726326711162717,-0.5440168558544699,-1.6793849500968707
56.199416160583496,1.8710549596897819,-0.5723283656868939,-1.669873542366128
56.24948167800903,1.8710549596897819,-0.5723283656868939,-1.669873542366128
56.29937148094177,1.8691814311674686,-0.6059540023365009,-1.6620740610937157
56.34944725036621,1.8691814311674686,-0.6059540023365009,-1.6620740610937157
56.39942455291748,1.8662866502600695,-0.6396633168638879,-1.6526663988508181
56.44949722290039,1.8662866502600695,-0.6396633168638879,-1.6526663988508181
56.499783515930176,1.8662866502600695,-0.6396633168638879,-1.6526663988508181
56.549482107162476,1.8662866502600695,-0.6396633168638879,-1.6526663988508181
56.59944152832031,1.8659853444197068,-0.6686820519425961,-1.643689448476667
56.64943337440491,1.8665684310258244,-0.7003959827867245,-1.6337068647036617
56.699440002441406,1.8686103447598943,-0.7320764243599788,-1.6258196774353892
56.749645709991455,1.8686103447598943,-0.7320764243599788,-1.6258196774353892
56.799601793289185,1.8652972803592456,-0.7642674004521768,-1.6161956518577725
56.849517583847046,1.8652972803592456,-0.7642674004521768,-1.6161956518577725
56.89988422393799,1.8659961148320412,-0.7937094045472148,-1.6104873668826278
56.94958710670471,1.8659961148320412,-0.7937094045472148,-1.6104873668826278
56.99960017204285,1.8653447660829978,-0.8214397334283685,-1.6015596898388726
57.04969668388367,1.8653447660829978,-0.8214397334283685,-1.6015596898388726
57.09957456588745,1.8740810530531764,-0.8516332422081734,-1.5973197160321284
57.14948558807373,1.8740810530531764,-0.8516332422081734,-1.5973197160321284
57.200923919677734,1.8734174115648385,-0.8782609763466026,-1.591923384094429
57.249481201171875,1.8734174115648385,-0.8782609763466026,-1.591923384094429
57.29958200454712,1.878490580527783,-0.9105617291075053,-1.5907403056480955
57.34961438179016,1.878490580527783,-0.9105617291075053,-1.5907403056480955
57.399529695510864,1.878490580527783,-0.9105617291075053,-1.5907403056480955
57.4496865272522,1.878490580527783,-0.9105617291075053,-1.5907403056480955
57.49940586090088,1.879041172800989,-0.9423210634266128,-1.5897830346765347
57.5495662689209,1.881284144518598,-0.9763032164423909,-1.5901339656407845
57.59961295127869,1.8779760671514176,-1.0086968184693446,-1.5898749256692846
57.64942216873169,1.8779760671514176,-1.0086968184693446,-1.5898749256692846
57.699668169021606,1.8761807936140502,-1.0381027941795418,-1.5912352954513291
57.74939799308777,1.8761807936140502,-1.0381027941795418,-1.5912352954513291
57.79948449134827,1.8767816461568971,-1.0709563555333166,-1.5901679275200813
57.84951663017273,1.8767816461568971,-1.0709563555333166,-1.5901679275200813
57.89966177940369,1.8767816461568971,-1.0709563555333166,-1.5901679275200813
57.94954586029053,1.8767816461568971,-1.0709563555333166,-1.5901679275200813
57.999677658081055,1.8768257606656564,-1.103376285309056,-1.5885701683226603
58.04977583885193,1.8800697875298953,-1.1339085324427065,-1.589402849408233
58.09965181350708,1.8800697875298953,-1.1339085324427065,-1.589402849408233
58.14970541000366,1.8815770271707004,-1.1611361898578152,-1.5866404077825782
58.19949913024902,1.8852229383197625,-1.1899357175669374,-1.585348697811855
58.24947166442871,1.8852229383197625,-1.1899357175669374,-1.585348697811855
58.29943561553955,1.8871191057497105,-1.2177454021722265,-1.5840707742812474
58.34928798675537,1.8871191057497105,-1.2177454021722265,-1.5840707742812474
58.39943242073059,1.8898784446680739,-1.2481578806307512,-1.5836198880978587
58.44949269294739,1.8898784446680739,-1.2481578806307512,-1.5836198880978587
58.49939250946045,1.890018214054714,-1.2769075983061682,-1.5833671279432524
58.5497350692749,1.890018214054714,-1.2769075983061682,-1.5833671279432524
58.599584341049194,1.8906672078484674,-1.308787481325674,-1.583064065501824
58.6495475769043,1.8906672078484674,-1.308787481325674,-1.583064065501824
58.699562788009644,1.8929472651987327,-1.3373967789703103,-1.5820354644245012
58.74950909614563,1.8929472651987327,-1.3373967789703103,-1.5820354644245012
58.79935312271118,1.8954750450725508,-1.3662844568707635,-1.582439214822322
58.84955286979675,1.8954750450725508,-1.3662844568707635,-1.582439214822322
58.899550914764404,1.8954750450725508,-1.3662844568707635,-1.582439214822322
58.94961953163147,1.894192459840717,-1.4001986188119815,-1.5829243056017617
59.00000262260437,1.894192459840717,-1.4001986188119815,-1.5829243056017617
59.049453020095825,1.8963068108801973,-1.4275061686541581,-1.582272748777915
59.09944486618042,1.896712089293763,-1.4601159517896676,-1.58269770366013
59.15071630477905,1.896712089293763,-1.4601159517896676,-1.58269770366013
59.19952034950256,1.8970807519047495,-1.4850687548645447,-1.581707676461082
59.249743700027466,1.8970807519047495,-1.4850687548645447,-1.581707676461082
59.29957866668701,1.8982812345042488,-1.513249759892531,-1.580422671192779
59.34960389137268,1.8982812345042488,-1.513249759892531,-1.580422671192779
59.39971947669983,1.8982812345042488,-1.513249759892531,-1.580422671192779
59.449668169021606,1.8998602572882652,-1.5417401594481819,-1.5804061212810465
59.49946999549866,1.899838242806649,-1.5697159348646634,-1.580378955140613
59.54947113990784,1.899838242806649,-1.5697159348646634,-1.580378955140613
59.5997416973114,1.8991639504836209,-1.6011684841020528,-1.5792224783171187
59.64965605735779,1.8991639504836209,-1.6011684841020528,-1.5792224783171187
59.69945526123047,1.9012929806682162,-1.6305394795683028,-1.578256245265493
59.749656200408936,1.9012929806682162,-1.6305394795683028,-1.578256245265493
59.799431800842285,1.905383882672516,-1.6594784927013044,-1.5776170762382828
59.84942436218262,1.905383882672516,-1.6594784927013044,-1.5776170762382828
59.89970541000366,1.9069450508320371,-1.6866219558566498,-1.576105321106651
59.94931483268738,1.9069450508320371,-1.6866219558566498,-1.576105321106651
60.00013279914856,1.9062524208158624,-1.719344956118359,-1.5777041882117728
60.04968810081482,1.9062524208158624,-1.719344956118359,-1.5777041882117728
60.09945321083069,1.9060655568707325,-1.7494044382356473,-1.5764389724683625
60.1497220993042,1.9060655568707325,-1.7494044382356473,-1.5764389724683625
60.19955348968506,1.9095588811863706,-1.7793836476111433,-1.5754732416781443
60.249669313430786,1.9095588811863706,-1.7793836476111433,-1.5754732416781443
60.29985213279724,1.908260981910482,-1.812151179380048,-1.5749157723730296
60.349493980407715,1.908260981910482,-1.812151179380048,-1.5749157723730296
60.39951682090759,1.9101757762936455,-1.8429782148137082,-1.5738019975592632
60.44968223571777,1.9101757762936455,-1.8429782148137082,-1.5738019975592632
60.49953365325928,1.9088635664165792,-1.8734184849785305,-1.5711202821189905
60.5497100353241,1.9088635664165792,-1.8734184849785305,-1.5711202821189905
60.59939503669739,1.908118182212427,-1.8992867919325827,-1.5715856023968575
60.64970803260803,1.908118182212427,-1.8992867919325827,-1.5715856023968575
60.699551820755005,1.9120108383137504,-1.9264127975125853,-1.5681327707560697
60.749568700790405,1.9120108383137504,-1.9264127975125853,-1.5681327707560697
60.799498319625854,1.915110294490785,-1.9587914726624749,-1.5689058327553103
60.85052490234375,1.915110294490785,-1.9587914726624749,-1.5689058327553103
60.89937114715576,1.9172887721557528,-1.9848602124991899,-1.5681509988156483
60.949474573135376,1.9172887721557528,-1.9848602124991899,-1.5681509988156483
60.99956655502319,1.9187420719421424,-2.016541859901008,-1.5671742171835887
61.04985451698303,1.9187420719421424,-2.016541859901008,-1.5671742171835887
61.09946799278259,1.9190031639673046,-2.0468204367494214,-1.5685396909230633
61.149582862854004,1.9190031639673046,-2.0468204367494214,-1.5685396909230633
61.19943356513977,1.9180399368074266,-2.076797571159294,-1.5672470805641456
61.249619483947754,1.9180399368074266,-2.076797571159294,-1.5672470805641456
61.29944610595703,1.9185797881830031,-2.102833431067018,-1.5654462451362519
61.34944033622742,1.9185797881830031,-2.102833431067018,-1.5654462451362519
61.399431228637695,1.9196277707414775,-2.135545434490401,-1.5638946844635626
61.44958019256592,1.9196277707414775,-2.135545434490401,-1.5638946844635626
61.49937915802002,1.9222936594142142,-2.1674894290886444,-1.5628747705594568
61.54959559440613,1.9222936594142142,-2.1674894290886444,-1.5628747705594568
61.599488258361816,1.9247154070714614,-2.195634850371866,-1.5609934741798723
61.64948654174805,1.9247154070714614,-2.195634850371866,-1.5609934741798723
61.69968390464783,1.9276294920151043,-2.225262728215487,-1.560703451544437
61.74960708618164,1.9276294920151043,-2.225262728215487,-1.560703451544437
61.79955434799194,1.9288786387262733,-2.252088506016146,-1.5570699753836499
61.84990406036377,1.9288786387262733,-2.252088506016146,-1.5570699753836499
61.89967632293701,1.9288786387262733,-2.252088506016146,-1.5570699753836499
61.949352979660034,1.931367669991968,-2.2816459788111163,-1.5559815629621883
61.999738931655884,1.9344427429415796,-2.310121037849393,-1.553635756125549
62.04954695701599,1.9344427429415796,-2.310121037849393,-1.553635756125549
62.09941649436951,1.9344427429415796,-2.310121037849393,-1.553635756125549
62.149792194366455,1.9344427429415796,-2.310121037849393,-1.553635756125549
62.19939923286438,1.9386213178406533,-2.3354608814050324,-1.5509466057346109
62.24957871437073,1.9400598030925065,-2.3673869227512276,-1.5501736675817261
62.29941010475159,1.9436665678637577,-2.399734433628783,-1.5466141796218962
62.349579095840454,1.9436665678637577,-2.399734433628783,-1.5466141796218962
62.39953851699829,1.9461095247828655,-2.4285816735885963,-1.5441903927451939
62.44950318336487,1.9461095247828655,-2.4285816735885963,-1.5441903927451939
62.49962282180786,1.9461095247828655,-2.4285816735885963,-1.5441903927451939
62.549543380737305,1.9461095247828655,-2.4285816735885963,-1.5441903927451939
62.59957432746887,1.9451824201523813,-2.4599680179646217,-1.5425805747351362
62.649677991867065,1.945966198276437,-2.488898233157708,-1.54006231068943
62.69966149330139,1.9461503685863955,-2.5226908212635375,-1.5368200993858872
62.749451875686646,1.9461503685863955,-2.5226908212635375,-1.5368200993858872
62.79952526092529,1.9502632383260234,-2.5540786935639668,-1.5335117786956083
62.84947609901428,1.9502632383260234,-2.5540786935639668,-1.5335117786956083
62.89954352378845,1.9541048429780572,-2.583998497078168,-1.5285828644756572
62.94946765899658,1.9541048429780572,-2.583998497078168,-1.5285828644756572
62.99970626831055,1.9541048429780572,-2.583998497078168,-1.5285828644756572
63.0495285987854,1.9541048429780572,-2.583998497078168,-1.5285828644756572
63.099560499191284,1.9597498846198964,-2.614712086598215,-1.5212616444900122
63.14959716796875,1.9617298302066737,-2.645396339315483,-1.5137223840503378
63.19963836669922,1.9642873702880124,-2.6751821116866354,-1.5107972273399166
63.24947786331177,1.9642873702880124,-2.6751821116866354,-1.5107972273399166
63.2994065284729,1.966809408214639,-2.6950072307303627,-1.5088130899455614
63.34942936897278,1.966809408214639,-2.6950072307303627,-1.5088130899455614
63.39949345588684,1.966809408214639,-2.6950072307303627,-1.5088130899455614
63.449501514434814,1.966809408214639,-2.6950072307303627,-1.5088130899455614
63.49948310852051,1.966809408214639,-2.6950072307303627,-1.5088130899455614
63.5496084690094,1.9667515869794854,-2.725700580301863,-1.5251933876247334
63.599609375,1.9652619774433506,-2.7350388042997134,-1.5493290055765274
63.64999198913574,1.9652619774433506,-2.7350388042997134,-1.5493290055765274
63.69949793815613,1.9672163609755713,-2.7456337009074656,-1.584100963629717
63.74971890449524,1.9672163609755713,-2.7456337009074656,-1.584100963629717
63.799365282058716,1.9654788078328624,-2.7455298575468534,-1.6155928699088202
63.84935808181763,1.9654788078328624,-2.7455298575468534,-1.6155928699088202
63.899648904800415,1.9597800501688902,-2.7508699770901344,-1.659305276464576
63.949676752090454,1.9597800501688902,-2.7508699770901344,-1.659305276464576
63.999383211135864,1.953525919262586,-2.7559663947986293,-1.71300191273057
64.05048418045044,1.953525919262586,-2.7559663947986293,-1.71300191273057
64.09937930107117,1.950586471083005,-2.7579034367848028,-1.7761219351998943
64.1495566368103,1.950586471083005,-2.7579034367848028,-1.7761219351998943
64.1995108127594,1.9475012637935003,-2.760559596576219,-1.8491200027223504
64.24947500228882,1.9475012637935003,-2.760559596576219,-1.8491200027223504
64.30028891563416,1.942687302743416,-2.76355707105394,-1.9368685382417534
64.34955835342407,1.942687302743416,-2.76355707105394,-1.9368685382417534
64.40009760856628,1.942687302743416,-2.76355707105394,-1.9368685382417534
64.44983959197998,1.9366948406532813,-2.764912181817959,-2.0311765982921606
64.49990916252136,1.9247739605690315,-2.7672594251325053,-2.1331882561962625
64.5495662689209,1.9247739605690315,-2.7672594251325053,-2.1331882561962625
64.59949588775635,1.9122903753712288,-2.7707951734169,-2.2426083215440684
64.64965033531189,1.9122903753712288,-2.7707951734169,-2.2426083215440684
64.69960570335388,1.8997287854085019,-2.7699902637081673,-2.3498686274116034
64.74963355064392,1.8997287854085019,-2.7699902637081673,-2.3498686274116034
64.79952621459961,1.883704597238808,-2.773376363008358,-2.453982460185629
64.84958171844482,1.883704597238808,-2.773376363008358,-2.453982460185629
64.8995885848999,1.8642491224162288,-2.7732211972449896,-2.5530167831675583
64.95156240463257,1.8642491224162288,-2.7732211972449896,-2.5530167831675583
64.99936866760254,1.8642491224162288,-2.7732211972449896,-2.5530167831675583
65.0494966506958,1.8488026689282537,-2.7776597823577664,-2.639512603367568
65.09943556785583,1.8308233561600207,-2.7752857558942714,-2.7188133617753096
65.14942479133606,1.8308233561600207,-2.7752857558942714,-2.7188133617753096
65.19952201843262,1.8164391987732138,-2.781493800701798,-2.788080410010394
65.25085139274597,1.8164391987732138,-2.781493800701798,-2.788080410010394
65.29957222938538,1.7977552899485292,-2.7860309784300816,-2.8451537796900706
65.3495442867279,1.7977552899485292,-2.7860309784300816,-2.8451537796900706
65.39966797828674,1.7977552899485292,-2.7860309784300816,-2.8451537796900706
65.4497537612915,1.7782153005012975,-2.787592363084602,-2.893069633296118
65.49960136413574,1.759507705594142,-2.7837924691808418,-2.9351248095500315
65.549631357193,1.759507705594142,-2.7837924691808418,-2.9351248095500315
65.59950184822083,1.7400469466596387,-2.7850461593505162,-2.9714657496360544
65.64957404136658,1.7400469466596387,-2.7850461593505162,-2.9714657496360544
65.69952988624573,1.7161634620650648,-2.7909968025235656,-3.001216423108799
65.74943375587463,1.7161634620650648,-2.7909968025235656,-3.001216423108799
65.79956316947937,1.69187865105024,-2.7919952815632034,-3.0286281079519646
65.84961318969727,1.69187865105024,-2.7919952815632034,-3.0286281079519646
65.89969563484192,1.69187865105024,-2.7919952815632034,-3.0286281079519646
65.94946050643921,1.69187865105024,-2.7919952815632034,-3.0286281079519646
65.99994683265686,1.69187865105024,-2.7919952815632034,-3.0286281079519646
66.0496289730072,1.69187865105024,-2.7919952815632034,-3.0286281079519646
66.09940028190613,1.666639754660649,-2.797787203584106,-3.056998415615107
66.14947128295898,1.6129627508569357,-2.8012800383006766,-3.115063136225416
66.19934177398682,1.5866102012270047,-2.7996725453224416,3.1374598100468107
66.24933671951294,1.5866102012270047,-2.7996725453224416,3.1374598100468107
66.29948830604553,1.5565462895345328,-2.7959395208367765,3.1034424205871654
66.34944534301758,1.5565462895345328,-2.7959395208367765,3.1034424205871654
66.3993353843689,1.5320871712548327,-2.7932340145442796,3.076015941876713
66.44967675209045,1.5320871712548327,-2.7932340145442796,3.076015941876713
66.49940538406372,1.5320871712548327,-2.7932340145442796,3.076015941876713
66.54949426651001,1.5320871712548327,-2.7932340145442796,3.076015941876713
66.59945130348206,1.5320871712548327,-2.7932340145442796,3.076015941876713
66.64950728416443,1.4834275271901316,-2.7883019497004295,3.0292356967078784
66.6993567943573,1.4533695553173802,-2.784471724746105,3.0095035976054865
66.75003790855408,1.4533695553173802,-2.784471724746105,3.0095035976054865
66.79957365989685,1.4533695553173802,-2.784471724746105,3.0095035976054865
66.84964203834534,1.4246167119683386,-2.779371671086333,2.9920739431476906
66.89951205253601,1.3966170252863481,-2.77474685725505,2.975079299729679
66.94954228401184,1.3966170252863481,-2.77474685725505,2.975079299729679
66.99996900558472,1.3966170252863481,-2.77474685725505,2.975079299729679
67.04950833320618,1.3966170252863481,-2.77474685725505,2.975079299729679
67.09951400756836,1.3654138961684503,-2.771771419195386,2.9620031867256653
67.14961385726929,1.3315177869808845,-2.7633266346720187,2.945944908334163
67.1994321346283,1.3028551298519349,-2.7648646065157654,2.934276895308174
67.24971866607666,1.3028551298519349,-2.7648646065157654,2.934276895308174
67.29937267303467,1.2755745684344806,-2.7591305364038874,2.9216707133776763
67.34938406944275,1.2755745684344806,-2.7591305364038874,2.9216707133776763
67.39941501617432,1.24669128558154,-2.7533463561658786,2.9117230267906504
67.44928312301636,1.24669128558154,-2.7533463561658786,2.9117230267906504
67.49944233894348,1.2110206258542637,-2.7468561609074125,2.902187750961684
67.54964590072632,1.2110206258542637,-2.7468561609074125,2.902187750961684
67.59944367408752,1.2110206258542637,-2.7468561609074125,2.902187750961684
67.64965462684631,1.2110206258542637,-2.7468561609074125,2.902187750961684
67.6996066570282,1.1822853926699959,-2.739066921179014,2.893540389620603
67.74946546554565,1.1549589342597102,-2.730785295242163,2.8846699099089106
67.79966402053833,1.1549589342597102,-2.730785295242163,2.8846699099089106
67.84979152679443,1.1216960740157744,-2.724308341719048,2.8773330822916248
67.90022373199463,1.0954594406474012,-2.7185276202842465,2.8680006424465465
67.94966006278992,1.0954594406474012,-2.7185276202842465,2.8680006424465465
67.99945783615112,1.0681327218473,-2.712513770508269,2.861915064721716
68.04952025413513,1.0681327218473,-2.712513770508269,2.861915064721716
68.0995705127716,1.039152276987882,-2.709465967601485,2.8579413162696694
68.14954662322998,1.039152276987882,-2.709465967601485,2.8579413162696694
68.19933366775513,1.0098428035207094,-2.703670854486316,2.852970101635294
68.24961161613464,1.0098428035207094,-2.703670854486316,2.852970101635294
68.29947304725647,0.9806753754580444,-2.6965225871103655,2.852360760731567
68.34939646720886,0.9806753754580444,-2.6965225871103655,2.852360760731567
68.39939832687378,0.9538142213326377,-2.6867751718880113,2.8525474151407435
68.44955492019653,0.9538142213326377,-2.6867751718880113,2.8525474151407435
68.49944472312927,0.924899811260715,-2.677028055137541,2.851005056577613
68.54956030845642,0.924899811260715,-2.677028055137541,2.851005056577613
68.5994086265564,0.8945291447407473,-2.669911117261602,2.8525040172670604
68.64954113960266,0.8945291447407473,-2.669911117261602,2.8525040172670604
68.69952630996704,0.8638628334112122,-2.6622550181235,2.853095558135439
68.74954009056091,0.8638628334112122,-2.6622550181235,2.853095558135439
68.7993745803833,0.834295256260595,-2.6539203267264626,2.854076904990985
68.84954500198364,0.834295256260595,-2.6539203267264626,2.854076904990985
68.89944744110107,0.8080995890162219,-2.6477636412936567,2.8547463302704106
68.94943237304688,0.8080995890162219,-2.6477636412936567,2.8547463302704106
68.9995322227478,0.7831288645818044,-2.6430195783982446,2.854001700902858
69.04972505569458,0.7831288645818044,-2.6430195783982446,2.854001700902858
69.09941029548645,0.7525251135335582,-2.639341648384923,2.85376166142959
69.14941477775574,0.7525251135335582,-2.639341648384923,2.85376166142959
69.19939303398132,0.7254843054009776,-2.633342010189162,2.8531890325005054
69.24954032897949,0.7254843054009776,-2.633342010189162,2.8531890325005054
69.29963874816895,0.6964264122813626,-2.6283551895462436,2.8527364596393383
69.34972286224365,0.6964264122813626,-2.6283551895462436,2.8527364596393383
69.39977169036865,0.6964264122813626,-2.6283551895462436,2.8527364596393383
69.44947838783264,0.6964264122813626,-2.6283551895462436,2.8527364596393383
69.49933290481567,0.6636908421680734,-2.6216538782787318,2.8539621405211717
69.5496199131012,0.6332555415528969,-2.612625194839645,2.8505641059104363
69.59964609146118,0.6010619608333578,-2.608340673874737,2.851096385146161
69.6495270729065,0.6010619608333578,-2.608340673874737,2.851096385146161
69.69953346252441,0.5689679954970273,-2.597626128062006,2.8506336700031407
69.75016498565674,0.5689679954970273,-2.597626128062006,2.8506336700031407
69.79949617385864,0.5436107475962473,-2.58654888013182,2.8539458396116353
69.84949111938477,0.5436107475962473,-2.58654888013182,2.8539458396116353
69.8999719619751,0.5188359000776221,-2.579984446860804,2.852678907552719
69.94955396652222,0.5188359000776221,-2.579984446860804,2.852678907552719
69.99958276748657,0.4912821868333208,-2.569386751994013,2.8488130784653287
70.04964828491211,0.4912821868333208,-2.569386751994013,2.8488130784653287
70.09989666938782,0.4912821868333208,-2.569386751994013,2.8488130784653287
70.14976811408997,0.46432918055994943,-2.5635938389971953,2.8495302455573817
70.1998519897461,0.46432918055994943,-2.5635938389971953,2.8495302455573817
70.24953389167786,0.46432918055994943,-2.5635938389971953,2.8495302455573817
70.29963994026184,0.46432918055994943,-2.5635938389971953,2.8495302455573817
70.34967732429504,0.411794091827532,-2.550503604790571,2.848838072494119
70.3993546962738,0.38214918569262457,-2.542528465286728,2.8511349894406206
70.44958686828613,0.38214918569262457,-2.542528465286728,2.8511349894406206
70.49961733818054,0.3518867285941596,-2.538504375492719,2.8504227596074823
70.54962992668152,0.3518867285941596,-2.538504375492719,2.8504227596074823
70.59962344169617,0.3518867285941596,-2.538504375492719,2.8504227596074823
70.64949584007263,0.3182611280094303,-2.529490761754732,2.8503492268674475
70.69946384429932,0.2876192682902806,-2.522924127374807,2.850800178212186
70.74968695640564,0.2876192682902806,-2.522924127374807,2.850800178212186
70.79962873458862,0.2559687190275872,-2.5162666694961278,2.8502934734524725
70.84956049919128,0.2559687190275872,-2.5162666694961278,2.8502934734524725
70.89950895309448,0.22835938412173018,-2.5123984981256986,2.848792778616162
70.94954013824463,0.22835938412173018,-2.5123984981256986,2.848792778616162
70.9993109703064,0.19355910836458534,-2.505523663499141,2.851726496778572
71.04956793785095,0.19355910836458534,-2.505523663499141,2.851726496778572
71.09965229034424,0.16976095810549152,-2.49923519787462,2.8492908118305422
71.1497118473053,0.16976095810549152,-2.49923519787462,2.8492908118305422
71.1993772983551,0.14171991483666557,-2.4896954505760336,2.8492625418324407
71.24956583976746,0.14171991483666557,-2.4896954505760336,2.8492625418324407
71.29955196380615,0.11197882631353617,-2.482114505756407,2.851410855461492
71.34946990013123,0.11197882631353617,-2.482114505756407,2.851410855461492
71.39970564842224,0.08709521739339787,-2.471357330450882,2.8503455104278457
71.44953155517578,0.08709521739339787,-2.471357330450882,2.8503455104278457
71.49961113929749,0.055889660258216844,-2.4657456843917873,2.8499136471591897
71.549485206604,0.055889660258216844,-2.4657456843917873,2.8499136471591897
71.59948563575745,0.02493674424211534,-2.4592140743129884,2.8483645800446586
71.64926981925964,0.02493674424211534,-2.4592140743129884,2.8483645800446586
71.70000410079956,-0.00215857338565395,-2.452177550357049,2.850421825434551
71.74948358535767,-0.00215857338565395,-2.452177550357049,2.850421825434551
71.79934930801392,-0.03334986477593144,-2.4466555981721148,2.851608583649997
71.84949445724487,-0.03334986477593144,-2.4466555981721148,2.851608583649997
71.89932107925415,-0.06437194120199152,-2.438510789430973,2.8512558440461424
71.9493637084961,-0.06437194120199152,-2.438510789430973,2.8512558440461424
71.99941682815552,-0.06437194120199152,-2.438510789430973,2.8512558440461424
72.04953694343567,-0.06437194120199152,-2.438510789430973,2.8512558440461424
72.0993447303772,-0.09192963116314568,-2.4310032498294127,2.852921345548545
72.14942812919617,-0.12231424964500409,-2.4233463205679624,2.85288200228698
72.19953608512878,-0.12231424964500409,-2.4233463205679624,2.85288200228698
72.24942636489868,-0.15604102289539817,-2.416454208151428,2.8544271929223637
72.29941892623901,-0.18176258022937336,-2.4101600899621296,2.855257514071645
72.34965133666992,-0.18176258022937336,-2.4101600899621296,2.855257514071645
72.39951968193054,-0.21335926651009784,-2.402633639760282,2.8560113879445446
72.44956684112549,-0.21335926651009784,-2.402633639760282,2.8560113879445446
72.49957323074341,-0.23971219912138225,-2.3967509899953643,2.8564623406725085
72.54943680763245,-0.23971219912138225,-2.3967509899953643,2.8564623406725085
72.59963369369507,-0.26878106381270883,-2.391427243409388,2.8583105230707493
72.64943075180054,-0.26878106381270883,-2.391427243409388,2.8583105230707493
72.69940137863159,-0.2977558331461106,-2.3845516936628424,2.8567024031056234
72.74970436096191,-0.2977558331461106,-2.3845516936628424,2.8567024031056234
72.79963779449463,-0.3272287073164881,-2.3789385866227706,2.85744110827603
72.84949564933777,-0.3272287073164881,-2.3789385866227706,2.85744110827603
72.8993821144104,-0.357592199745872,-2.3729939123827877,2.859282866962506
72.94950532913208,-0.357592199745872,-2.3729939123827877,2.859282866962506
72.99951386451721,-0.38531991109520053,-2.3667672456049234,2.8603746286209693
73.04948377609253,-0.38531991109520053,-2.3667672456049234,2.8603746286209693
73.09959816932678,-0.4155049481822994,-2.359234496762512,2.8587412716277045
73.14959669113159,-0.4155049481822994,-2.359234496762512,2.8587412716277045
73.19970631599426,-0.44633725863935675,-2.3543006686860335,2.860373682468295
73.24952054023743,-0.44633725863935675,-2.3543006686860335,2.860373682468295
73.29943871498108,-0.4731813746437121,-2.3489210762836463,2.858904757186918
73.34951686859131,-0.4731813746437121,-2.3489210762836463,2.858904757186918
73.3997597694397,-0.4731813746437121,-2.3489210762836463,2.858904757186918
73.44966626167297,-0.4985841908093164,-2.3385602511019514,2.857792897532227
73.49945545196533,-0.525201319755811,-2.328423950992973,2.858721160709854
73.5496883392334,-0.525201319755811,-2.328423950992973,2.858721160709854
73.59941673278809,-0.5540647916947746,-2.317625255447645,2.8602812163198634
73.64950823783875,-0.5540647916947746,-2.317625255447645,2.8602812163198634
73.70063829421997,-0.5829770434230548,-2.3092439704335255,2.8603443956773553
73.74979090690613,-0.5829770434230548,-2.3092439704335255,2.8603443956773553
73.7994453907013,-0.6109264642258252,-2.3024222182856855,2.862561449267684
73.84956622123718,-0.6109264642258252,-2.3024222182856855,2.862561449267684
73.89973092079163,-0.6433308610136645,-2.296246009941559,2.8624295743399863
73.94942617416382,-0.6433308610136645,-2.296246009941559,2.8624295743399863
74.00047445297241,-0.6703441079174135,-2.2930744344647858,2.862392037865238
74.04952788352966,-0.6703441079174135,-2.2930744344647858,2.862392037865238
74.09940528869629,-0.7004875070259287,-2.2918678722007546,2.8631871133772457
74.14987182617188,-0.7004875070259287,-2.2918678722007546,2.8631871133772457
74.199551820755,-0.7317090402833564,-2.287656623911538,2.862802078465745
74.24961709976196,-0.7317090402833564,-2.287656623911538,2.862802078465745
74.29969763755798,-0.7617816386635271,-2.2801951642034015,2.8623788439180475
74.3494861125946,-0.7617816386635271,-2.2801951642034015,2.8623788439180475
74.39936637878418,-0.7910398244591466,-2.273528229846908,2.8607265372949042
74.44932913780212,-0.7910398244591466,-2.273528229846908,2.8607265372949042
74.49946689605713,-0.8257249040130883,-2.2672267991960378,2.8607266264518
74.54969835281372,-0.8257249040130883,-2.2672267991960378,2.8607266264518
74.59957599639893,-0.8597669713234881,-2.258620736503126,2.8599533046023655
74.64963340759277,-0.8597669713234881,-2.258620736503126,2.8599533046023655
74.69947385787964,-0.8861963729664363,-2.2515618291360577,2.857981407640632
74.74994969367981,-0.8861963729664363,-2.2515618291360577,2.857981407640632
74.79962110519409,-0.8861963729664363,-2.2515618291360577,2.857981407640632
74.84947538375854,-0.8861963729664363,-2.2515618291360577,2.857981407640632
74.8993148803711,-0.9112357090411747,-2.2463763097512506,2.858691695025634
74.94960474967957,-0.9366996974534256,-2.240186984378113,2.8616348681283705
74.99938774108887,-0.9677853832439853,-2.2329219492874053,2.8590969205519965
75.04939436912537,-0.9677853832439853,-2.2329219492874053,2.8590969205519965
75.09957313537598,-1.0001106738293808,-2.227800601827835,2.8605779025403715
75.1493992805481,-1.0001106738293808,-2.227800601827835,2.8605779025403715
75.1994354724884,-1.02990155984705,-2.2207137626041584,2.861304830899455
75.2494535446167,-1.02990155984705,-2.2207137626041584,2.861304830899455
75.29935073852539,-1.0570973726265647,-2.20864823253088,2.8601472629654547
75.34951591491699,-1.0570973726265647,-2.20864823253088,2.8601472629654547
75.3997757434845,-1.08503792080701,-2.2069425988536104,2.861759366404002
75.44932436943054,-1.08503792080701,-2.2069425988536104,2.861759366404002
75.49934911727905,-1.1165470316394224,-2.2004729111058112,2.8607079831373645
75.54932570457458,-1.1165470316394224,-2.2004729111058112,2.8607079831373645
75.5995602607727,-1.1165470316394224,-2.2004729111058112,2.8607079831373645
75.6494414806366,-1.1165470316394224,-2.2004729111058112,2.8607079831373645
75.6996853351593,-1.1452443812265325,-2.1947306361080323,2.860564297447488
75.74950575828552,-1.1691543611686623,-2.1910287196138225,2.860710280927292
75.79938745498657,-1.1963121890185011,-2.181607816536197,2.8604975130372514
75.84944725036621,-1.1963121890185011,-2.181607816536197,2.8604975130372514
75.8993444442749,-1.2256127049642527,-2.177733999448646,2.862963584206021
75.94966459274292,-1.2256127049642527,-2.177733999448646,2.862963584206021
75.99961543083191,-1.2256127049642527,-2.177733999448646,2.862963584206021
76.04961585998535,-1.256425093696136,-2.1728800492109017,2.8617808956906794
76.09965062141418,-1.2812973738058326,-2.1670669903730735,2.8601952605034278
76.14944839477539,-1.2812973738058326,-2.1670669903730735,2.8601952605034278
76.19982433319092,-1.3082660047468635,-2.157121910170013,2.8613707534371176
76.24955701828003,-1.3082660047468635,-2.157121910170013,2.8613707534371176
76.29974365234375,-1.3082660047468635,-2.157121910170013,2.8613707534371176
76.34974813461304,-1.3392584031175132,-2.1493770611443583,2.8613198367140344
76.39938712120056,-1.372357489426603,-2.1426072149062976,2.862045288953758
76.44952726364136,-1.372357489426603,-2.1426072149062976,2.862045288953758
76.49999713897705,-1.4011368048336248,-2.134827859762353,2.862677408062753
76.54967713356018,-1.4011368048336248,-2.134827859762353,2.862677408062753
