t,chair_x,chair_y,chair_yaw,human5_x,human5_y,human6_x,human6_y,human7_x,human7_y,human8_x,human8_y
0.0,-0.952970027923584,1.7486308813095093,0.0017751345411043,1.5705108642578125,-3.2626287937164307,1.5516520738601685,3.1435680389404297,0.8107936978340149,0.21586363017559052,2.2443599700927734,-0.475406676530838
0.050029754638671875,-0.9531599283218384,1.7484956979751587,0.001824595798600624,1.5542378425598145,-3.267080783843994,1.5515953302383423,3.143923282623291,0.8113651275634766,0.21581998467445374,2.245218276977539,-0.4750423729419708
0.09986186027526855,-0.9532614946365356,1.7485110759735107,0.0016114331325266852,1.5416654348373413,-3.26979398727417,1.5518169403076172,3.1444592475891113,0.81191486120224,0.21562351286411285,2.2458457946777344,-0.47459694743156433
0.14980220794677734,-0.9533162117004395,1.7486265897750854,0.001445439781399039,1.5275222063064575,-3.2700178623199463,1.5524077415466309,3.145784378051758,0.8128297924995422,0.21536608040332794,2.2462639808654785,-0.47395575046539307
0.19998502731323242,-0.9533000588417053,1.7487763166427612,0.0013421172776689268,1.517463207244873,-3.2692408561706543,1.5531437397003174,3.146836280822754,0.8138591647148132,0.2151290327310562,2.246570110321045,-0.47340840101242065
0.24985194206237793,-0.9531214237213135,1.7487579584121704,0.0013830217436921826,1.5092222690582275,-3.2664597034454346,1.5535918474197388,3.147728204727173,0.8150528073310852,0.21499645709991455,2.24690842628479,-0.4727669954299927
0.30016350746154785,-0.9529397487640381,1.7486963272094727,0.0014596498356975198,1.5039504766464233,-3.2646596431732178,1.5537699460983276,3.1482481956481934,0.8162326812744141,0.21495617926120758,2.2471227645874023,-0.47202813625335693
0.350085973739624,-0.9528364539146423,1.7486859560012817,0.0012589477335197454,1.5006756782531738,-3.2628540992736816,1.55391526222229,3.1486093997955322,0.8174619674682617,0.21505975723266602,2.24748158454895,-0.47084373235702515
0.39995646476745605,-0.9528019428253174,1.7486799955368042,0.0008752089362559515,1.4996460676193237,-3.262022018432617,1.553797721862793,3.1487531661987305,0.8180790543556213,0.21523207426071167,2.2478091716766357,-0.46964800357818604
0.45006608963012695,-0.9527043104171753,1.7487086057662964,2.4638467649330376e-05,1.501043438911438,-3.261406183242798,1.5535378456115723,3.148751735687256,0.8184975981712341,0.21579109132289886,2.2480790615081787,-0.46864554286003113
0.4998908042907715,-0.9524243474006653,1.7488449811935425,-0.0012753227113505195,1.5049446821212769,-3.261542558670044,1.553314208984375,3.1487231254577637,0.819379448890686,0.21732588112354279,2.248248338699341,-0.46753251552581787
0.549921989440918,-0.9521128535270691,1.7489515542984009,-0.0023827148739258308,1.509564995765686,-3.262451171875,1.5532838106155396,3.148517608642578,0.8210564255714417,0.21983486413955688,2.2481555938720703,-0.46654561161994934
0.6000385284423828,-0.9516127109527588,1.7490448951721191,-0.003571566750540221,1.5144174098968506,-3.2637298107147217,1.5534758567810059,3.1480555534362793,0.8241010904312134,0.22400812804698944,2.2478106021881104,-0.4657076597213745
0.6500980854034424,-0.9510753154754639,1.7490094900131226,-0.00514953933252361,1.5190364122390747,-3.2649130821228027,1.5541867017745972,3.147503137588501,0.829433023929596,0.23011982440948486,2.247145414352417,-0.465091347694397
0.700042724609375,-0.9504680037498474,1.749133825302124,-0.007207750464313706,1.5239717960357666,-3.265841484069824,1.555433750152588,3.1467771530151367,0.8363617658615112,0.238272026181221,2.2458648681640625,-0.46489742398262024
0.7499561309814453,-0.9498374462127686,1.7491930723190308,-0.009333450848285175,1.5290148258209229,-3.2667531967163086,1.5569751262664795,3.145799160003662,0.844610333442688,0.24786542356014252,2.243237257003784,-0.4651961326599121
0.79988694190979,-0.9492200613021851,1.74932861328125,-0.011831300759422158,1.5339281558990479,-3.2679522037506104,1.558915138244629,3.1446855068206787,0.8545466065406799,0.2580030858516693,2.2390058040618896,-0.4661722183227539
0.8499374389648438,-0.9478557109832764,1.7494068145751953,-0.014466035446280317,1.5385187864303589,-3.2697150707244873,1.5611233711242676,3.143123149871826,0.8655202984809875,0.267410546541214,2.2327160835266113,-0.46792927384376526
0.8999454975128174,-0.9472713470458984,1.7497825622558594,-0.020087996739509492,1.5443921089172363,-3.2714085578918457,1.5639395713806152,3.1408817768096924,0.8799081444740295,0.2774820625782013,2.2224786281585693,-0.4708990156650543
0.950021505355835,-0.9469442367553711,1.7502158880233765,-0.02630065196666318,1.5503530502319336,-3.2731528282165527,1.5669296979904175,3.137629270553589,0.8951267600059509,0.2865954637527466,2.2123465538024902,-0.4755491614341736
1.0000762939453125,-0.9473971128463745,1.751455307006836,-0.03742336859431103,1.5562477111816406,-3.2745046615600586,1.570253849029541,3.1332337856292725,0.9109975695610046,0.29495179653167725,2.2020106315612793,-0.48119479417800903
1.0502018928527832,-0.9480388164520264,1.7524518966674805,-0.046569420747471765,1.5632240772247314,-3.2748475074768066,1.5744915008544922,3.1268796920776367,0.9295929074287415,0.3031596839427948,2.187805652618408,-0.4876631498336792
1.1001410484313965,-0.9483184814453125,1.753020167350769,-0.05705222156606462,1.5704593658447266,-3.27382755279541,1.5789549350738525,3.119652509689331,0.9477567672729492,0.30975815653800964,2.16970157623291,-0.49331143498420715
1.1506688594818115,-0.9483304619789124,1.753814458847046,-0.0679501115747646,1.5784832239151,-3.271247386932373,1.5840951204299927,3.111245632171631,0.9669967889785767,0.31505316495895386,2.1463072299957275,-0.4980117380619049
1.1999695301055908,-0.9484691619873047,1.7547600269317627,-0.08142417483090353,1.5873631238937378,-3.2686729431152344,1.5901069641113281,3.101975679397583,0.9877219200134277,0.31867748498916626,2.120497703552246,-0.5017748475074768
1.2500066757202148,-0.9484294652938843,1.7557092905044556,-0.09457214387782682,1.5975216627120972,-3.266101837158203,1.59706449508667,3.091930389404297,1.0099986791610718,0.31996428966522217,2.0953903198242188,-0.5043610334396362
1.3001184463500977,-0.948230504989624,1.7566876411437988,-0.10958088907622025,1.6087037324905396,-3.2628695964813232,1.60458242893219,3.0809412002563477,1.0336629152297974,0.31865182518959045,2.0694644451141357,-0.5052739977836609
1.3502769470214844,-0.9477325677871704,1.757859706878662,-0.12606006535441147,1.6206876039505005,-3.257986068725586,1.6116666793823242,3.0686261653900146,1.0582382678985596,0.3146841824054718,2.041733980178833,-0.5041917562484741
1.399939775466919,-0.9466513395309448,1.7589375972747803,-0.1431742988735174,1.6325430870056152,-3.250746488571167,1.6181507110595703,3.0544488430023193,1.08375084400177,0.3081768751144409,2.0123000144958496,-0.5008478760719299
1.4504361152648926,-0.9453755617141724,1.7601999044418335,-0.16396211406939623,1.6451882123947144,-3.2404625415802,1.6236003637313843,3.0384652614593506,1.1111201047897339,0.2995516359806061,1.9813475608825684,-0.49474647641181946
1.499866008758545,-0.9436428546905518,1.7617392539978027,-0.18888104291361543,1.6581817865371704,-3.227544069290161,1.6274930238723755,3.021355390548706,1.1400619745254517,0.2886442542076111,1.9485485553741455,-0.48560044169425964
1.5500519275665283,-0.9418520331382751,1.763083815574646,-0.21275432043398204,1.6702039241790771,-3.213728427886963,1.629988670349121,3.0028905868530273,1.1686991453170776,0.2760730981826782,1.9133517742156982,-0.4737270176410675
1.5998961925506592,-0.9390431642532349,1.7645090818405151,-0.24302546115342735,1.6802940368652344,-3.2000832557678223,1.6311403512954712,2.982818603515625,1.1968724727630615,0.26313379406929016,1.876070261001587,-0.4592384696006775
1.649911642074585,-0.9367284774780273,1.7660243511199951,-0.2728179501205366,1.6894776821136475,-3.186666250228882,1.6312592029571533,2.9615745544433594,1.225900411605835,0.2513195276260376,1.8374488353729248,-0.4424346685409546
1.700040340423584,-0.9337756633758545,1.76722252368927,-0.3062183672368746,1.6975871324539185,-3.172544002532959,1.6298022270202637,2.9395592212677,1.2573864459991455,0.24125367403030396,1.7986533641815186,-0.42495328187942505
1.7499520778656006,-0.9303596615791321,1.7684823274612427,-0.342955140591156,1.7029849290847778,-3.157289743423462,1.6265184879302979,2.9168248176574707,1.289057731628418,0.23365142941474915,1.7628129720687866,-0.40903034806251526
1.8000819683074951,-0.9266675114631653,1.7700200080871582,-0.3838784673365571,1.7056900262832642,-3.138511896133423,1.6212714910507202,2.8927505016326904,1.320494532585144,0.22837421298027039,1.7272995710372925,-0.3938712775707245
1.8500864505767822,-0.9219793081283569,1.7712868452072144,-0.42719261638698414,1.7082232236862183,-3.1140918731689453,1.6142956018447876,2.8669261932373047,1.3520554304122925,0.2256358563899994,1.6903254985809326,-0.3797090947628021
1.8998639583587646,-0.9169631600379944,1.772853970527649,-0.4743689123585918,1.709395170211792,-3.086374044418335,1.6063361167907715,2.8392703533172607,1.3852643966674805,0.2245655506849289,1.6528358459472656,-0.3680189549922943
1.9504375457763672,-0.9100607633590698,1.772798776626587,-0.5181698834496752,1.70725679397583,-3.053161859512329,1.5978463888168335,2.8100626468658447,1.4206993579864502,0.22419209778308868,1.6160974502563477,-0.3594513237476349
1.9998877048492432,-0.9044069647789001,1.7730191946029663,-0.5668495146377938,1.70094633102417,-3.0178284645080566,1.5902273654937744,2.7819275856018066,1.4558384418487549,0.2243211418390274,1.5810614824295044,-0.3532547652721405
2.0499024391174316,-0.896794319152832,1.7720707654953003,-0.6167393749285172,1.6890974044799805,-2.9773659706115723,1.5827549695968628,2.7518184185028076,1.4945677518844604,0.22511568665504456,1.5423680543899536,-0.34805625677108765
2.099905014038086,-0.8883153796195984,1.770464301109314,-0.6706937667856557,1.6720771789550781,-2.932001829147339,1.5758572816848755,2.719754219055176,1.5373667478561401,0.22715508937835693,1.4993259906768799,-0.3437041938304901
2.14978289604187,-0.8799006342887878,1.7680381536483765,-0.7218824294565098,1.6549211740493774,-2.889552593231201,1.5701578855514526,2.6887762546539307,1.5801633596420288,0.23081031441688538,1.4570937156677246,-0.34102746844291687
2.199746608734131,-0.8709710836410522,1.7645165920257568,-0.7715032612991507,1.6400339603424072,-2.8512752056121826,1.5653722286224365,2.657438039779663,1.6255128383636475,0.23644591867923737,1.4130491018295288,-0.3397204279899597
2.2497568130493164,-0.8626667261123657,1.760573148727417,-0.8199605102870283,1.628002643585205,-2.8149399757385254,1.561505675315857,2.625542163848877,1.6739473342895508,0.2434556782245636,1.366295576095581,-0.3399410843849182
2.3004510402679443,-0.8543280363082886,1.7555160522460938,-0.8622528984023285,1.6185678243637085,-2.7801127433776855,1.5589407682418823,2.594831705093384,1.7206507921218872,0.24987992644309998,1.3186177015304565,-0.3407118320465088
2.3498518466949463,-0.8455666303634644,1.7488830089569092,-0.9041166463868491,1.610917568206787,-2.7405402660369873,1.5571714639663696,2.559502363204956,1.771715760231018,0.2551112771034241,1.263137936592102,-0.34214872121810913
2.4001073837280273,-0.8382043242454529,1.7423163652420044,-0.9385505996785312,1.6057406663894653,-2.704655647277832,1.5569156408309937,2.5269386768341064,1.8159998655319214,0.25712355971336365,1.21404230594635,-0.3438536524772644
2.4497647285461426,-0.8296480178833008,1.733920693397522,-0.9726322521020847,1.6022039651870728,-2.6633541584014893,1.5581343173980713,2.490088939666748,1.8643296957015991,0.25643205642700195,1.16170334815979,-0.3436430096626282
2.5002264976501465,-0.8237486481666565,1.7277460098266602,-1.0015328905465668,1.6012412309646606,-2.6269023418426514,1.5604466199874878,2.4590566158294678,1.904573917388916,0.2538570165634155,1.119399070739746,-0.33928626775741577
2.549795389175415,-0.8162534832954407,1.7188459634780884,-1.0307220944737405,1.6027531623840332,-2.578913450241089,1.5651830434799194,2.4197938442230225,1.9538142681121826,0.24858534336090088,1.068503737449646,-0.3293398916721344
2.6003830432891846,-0.8104104399681091,1.7113659381866455,-1.0546458505896936,1.606770634651184,-2.5364296436309814,1.5707181692123413,2.386047840118408,1.9946520328521729,0.2430025190114975,1.0286704301834106,-0.31926268339157104
2.6497840881347656,-0.8037098050117493,1.7026121616363525,-1.0782455709905463,1.6144708395004272,-2.487396478652954,1.577989101409912,2.3476333618164062,2.0398809909820557,0.23585964739322662,0.9873725771903992,-0.3076482117176056
2.7002978324890137,-0.7973226308822632,1.6941442489624023,-1.0993483504098074,1.6255265474319458,-2.4399611949920654,1.584710955619812,2.3108012676239014,2.0826218128204346,0.22830899059772491,0.9490505456924438,-0.2958018183708191
2.749786376953125,-0.7907641530036926,1.6849515438079834,-1.1203057353778711,1.6401010751724243,-2.3924741744995117,1.5899574756622314,2.2737815380096436,2.12548828125,0.21944113075733185,0.9101672768592834,-0.28262296319007874
2.7999134063720703,-0.7838596701622009,1.6747632026672363,-1.1411875020986995,1.6567991971969604,-2.34366512298584,1.5928666591644287,2.2364747524261475,2.1685373783111572,0.20860543847084045,0.8711970448493958,-0.2680910527706146
2.8499016761779785,-0.7778695821762085,1.6656177043914795,-1.1599564931678943,1.672932744026184,-2.2978973388671875,1.593348741531372,2.200603723526001,2.209916591644287,0.19644451141357422,0.8347267508506775,-0.25278517603874207
2.899834632873535,-0.7717546820640564,1.6554882526397705,-1.1799225565289444,1.689476728439331,-2.2488646507263184,1.591909646987915,2.1595215797424316,2.258317232131958,0.18104925751686096,0.7968868017196655,-0.23352161049842834
2.949923038482666,-0.7651724219322205,1.6441869735717773,-1.2003893923279323,1.7024197578430176,-2.202357292175293,1.5894299745559692,2.1198387145996094,2.3063225746154785,0.16514861583709717,0.7634044289588928,-0.2144659012556076
2.9999165534973145,-0.7597156167030334,1.633877158164978,-1.219263568023389,1.7117152214050293,-2.158323287963867,1.5857863426208496,2.0819733142852783,2.351243257522583,0.1494016945362091,0.7305991649627686,-0.19537784159183502
3.049755573272705,-0.7534597516059875,1.621810793876648,-1.2398629408022155,1.7186059951782227,-2.108793258666992,1.5797065496444702,2.0389955043792725,2.3999547958374023,0.1321612447500229,0.6933243870735168,-0.1738213449716568
3.100074529647827,-0.7477773427963257,1.610084891319275,-1.2584189633460727,1.7225682735443115,-2.0622096061706543,1.5719784498214722,1.9973169565200806,2.4468886852264404,0.11782611906528473,0.6567392349243164,-0.15503771603107452
3.1498959064483643,-0.7425599098205566,1.5984340906143188,-1.2756831603720697,1.724562168121338,-2.0151145458221436,1.5624117851257324,1.955379605293274,2.4957220554351807,0.10633913427591324,0.617341160774231,-0.13869543373584747
3.1997830867767334,-0.7371042966842651,1.5856266021728516,-1.293005939595681,1.7245584726333618,-1.968766450881958,1.5516331195831299,1.916282296180725,2.5430376529693604,0.09843386709690094,0.5805985927581787,-0.1264898031949997
3.2497377395629883,-0.7316842079162598,1.5718997716903687,-1.3113297110334052,1.7221269607543945,-1.9139680862426758,1.5372792482376099,1.8725005388259888,2.595402240753174,0.09185134619474411,0.5425615906715393,-0.1156582161784172
3.2998006343841553,-0.7268144488334656,1.558982253074646,-1.3263873646628408,1.7175832986831665,-1.861924171447754,1.522485375404358,1.8328595161437988,2.641160488128662,0.08660471439361572,0.5096503496170044,-0.1071164682507515
3.3500308990478516,-0.7217102646827698,1.5445575714111328,-1.3436411060900402,1.7098661661148071,-1.8006144762039185,1.5049055814743042,1.7884137630462646,2.6924867630004883,0.08133237063884735,0.47190985083580017,-0.09902813285589218
3.399749755859375,-0.7169229984283447,1.530542254447937,-1.3593864574547112,1.700383186340332,-1.7409096956253052,1.4886072874069214,1.7470788955688477,2.741168260574341,0.07747678458690643,0.4352516829967499,-0.09291088581085205
3.4499685764312744,-0.7121522426605225,1.5161734819412231,-1.3736010519658357,1.6899335384368896,-1.6800400018692017,1.474194049835205,1.7064372301101685,2.7898263931274414,0.07504024356603622,0.3968344032764435,-0.08846988528966904
3.499789237976074,-0.7082017660140991,1.501534342765808,-1.3878717571839376,1.6799328327178955,-1.620627522468567,1.4617221355438232,1.6655502319335938,2.8379368782043457,0.07420475780963898,0.35622406005859375,-0.08599823713302612
3.5498125553131104,-0.704522430896759,1.4868091344833374,-1.3998700342559383,1.6718910932540894,-1.5637699365615845,1.4518169164657593,1.6239114999771118,2.885024309158325,0.07505087554454803,0.3138728141784668,-0.08545738458633423
3.600083589553833,-0.7011822462081909,1.4718825817108154,-1.411592775457517,1.6667057275772095,-1.5083287954330444,1.4436123371124268,1.5821110010147095,2.9310808181762695,0.07725954055786133,0.2703059911727905,-0.08640001714229584
3.649894952774048,-0.6979569792747498,1.4569863080978394,-1.4229623847290884,1.664987564086914,-1.4533452987670898,1.4364653825759888,1.5401967763900757,2.9761452674865723,0.0797826498746872,0.22551508247852325,-0.08786313980817795
3.699998378753662,-0.6949852705001831,1.441836953163147,-1.4332954854218978,1.665590524673462,-1.3985605239868164,1.4302363395690918,1.4975839853286743,3.0192108154296875,0.08172323554754257,0.17973609268665314,-0.08914006501436234
3.7498910427093506,-0.6923087239265442,1.4267609119415283,-1.4428463658450361,1.6678085327148438,-1.3440808057785034,1.425376296043396,1.4535794258117676,3.0630686283111572,0.08113767206668854,0.1377442330121994,-0.09144168347120285
3.7999494075775146,-0.6898092031478882,1.4111378192901611,-1.4517786254104676,1.6717687845230103,-1.2893555164337158,1.422284483909607,1.4088016748428345,3.1100432872772217,0.0759371742606163,0.09885159134864807,-0.09241588413715363
3.849776268005371,-0.6874823570251465,1.3956151008605957,-1.460118990695463,1.6779240369796753,-1.2337502241134644,1.4211080074310303,1.3635014295578003,3.1586556434631348,0.06618435680866241,0.061075594276189804,-0.09101509302854538
3.899909019470215,-0.6852685213088989,1.3799489736557007,-1.4679533995388478,1.687160611152649,-1.1771456003189087,1.4220415353775024,1.3181681632995605,3.206770896911621,0.05404309555888176,0.024084020406007767,-0.087760791182518
3.9502146244049072,-0.6831812262535095,1.364182949066162,-1.4756694762412255,1.7001934051513672,-1.119828462600708,1.4242324829101562,1.272826075553894,3.252562999725342,0.04144146293401718,-0.010629615746438503,-0.08351123332977295
3.9997637271881104,-0.6812406182289124,1.348380446434021,-1.4828599702725365,1.7170562744140625,-1.062862753868103,1.4267044067382812,1.2276691198349,3.2970356941223145,0.028578519821166992,-0.04204914718866348,-0.07927883416414261
4.049756050109863,-0.679489016532898,1.3324908018112183,-1.4897836688466226,1.73614501953125,-1.0058664083480835,1.4278420209884644,1.183026909828186,3.340317487716675,0.014753739349544048,-0.07200002670288086,-0.07492183893918991
4.099772214889526,-0.6777840852737427,1.3166823387145996,-1.4964699435624298,1.7555131912231445,-0.9497882723808289,1.4260917901992798,1.138755202293396,3.381810426712036,-0.0005190107622183859,-0.10245997458696365,-0.06932882219552994
4.149864435195923,-0.6761291027069092,1.3007558584213257,-1.5028184219073821,1.771932601928711,-0.897962212562561,1.4211996793746948,1.0949466228485107,3.4215176105499268,-0.018205441534519196,-0.13358494639396667,-0.06220711022615433
4.199769496917725,-0.6746835112571716,1.2849355936050415,-1.509268321036734,1.7844769954681396,-0.8491759896278381,1.4136857986450195,1.0519155263900757,3.4618349075317383,-0.038733284920454025,-0.16470292210578918,-0.05332835391163826
4.250241279602051,-0.6733585596084595,1.2698065042495728,-1.5148620975843068,1.7938387393951416,-0.8014286756515503,1.4047951698303223,1.0096170902252197,3.5059447288513184,-0.061160795390605927,-0.19519810378551483,-0.042810823768377304
4.299811363220215,-0.6722815632820129,1.2529207468032837,-1.5209197489408832,1.8014678955078125,-0.7535233497619629,1.3944525718688965,0.9675999283790588,3.55267071723938,-0.08361924439668655,-0.2270994484424591,-0.0311419777572155
4.349946975708008,-0.6712971329689026,1.2394150495529175,-1.527133232612261,1.8075571060180664,-0.7075821161270142,1.3828006982803345,0.9272580146789551,3.595021963119507,-0.10309971123933792,-0.2583712339401245,-0.01907837577164173
4.399806976318359,-0.6704355478286743,1.2232362031936646,-1.5327398763698545,1.8131123781204224,-0.6546338796615601,1.367595911026001,0.8812210559844971,3.639516830444336,-0.12168418616056442,-0.2904079854488373,-0.006392124108970165
4.4502339363098145,-0.6696547269821167,1.2082443237304688,-1.5374124186169298,1.816771388053894,-0.6085572242736816,1.3538070917129517,0.8425255417823792,3.6757020950317383,-0.13426361978054047,-0.3167451322078705,0.0022380808368325233
4.49998927116394,-0.6689169406890869,1.1915600299835205,-1.5432931258081195,1.8196521997451782,-0.5516656041145325,1.336601972579956,0.7964816689491272,3.7185559272766113,-0.1458585411310196,-0.351423054933548,0.0101811857894063
4.549933671951294,-0.6682693958282471,1.1768239736557007,-1.5488355536518172,1.8202143907546997,-0.49605125188827515,1.319513201713562,0.7523828148841858,3.7604000568389893,-0.15457138419151306,-0.3858988285064697,0.014833824709057808
4.5998241901397705,-0.6676217913627625,1.1610662937164307,-1.554501617633841,1.818031668663025,-0.4359101355075836,1.3007949590682983,0.70523601770401,3.8052525520324707,-0.1615685224533081,-0.41741496324539185,0.015720073133707047
4.6497838497161865,-0.6672714352607727,1.1467541456222534,-1.560878579010009,1.8142114877700806,-0.38132092356681824,1.2847394943237305,0.6627086400985718,3.84517502784729,-0.16609686613082886,-0.44107571244239807,0.014089076779782772
4.699857473373413,-0.6665892601013184,1.1320734024047852,-1.5673298043045343,1.8090753555297852,-0.3195723593235016,1.2690885066986084,0.6155861616134644,3.8907217979431152,-0.16950713098049164,-0.4676939845085144,0.011135519482195377
4.74976921081543,-0.6664423942565918,1.1199634075164795,-1.5718127091799285,1.805213212966919,-0.2628653347492218,1.2562702894210815,0.5711305737495422,3.934335231781006,-0.17137734591960907,-0.49482861161231995,0.007627732586115599
4.799876928329468,-0.6663853526115417,1.108917474746704,-1.5745822665922165,1.803317904472351,-0.20749856531620026,1.2445405721664429,0.5260186791419983,3.977952241897583,-0.1710810661315918,-0.5213627815246582,0.003175626276060939
4.849801778793335,-0.6665385961532593,1.0999093055725098,-1.577777690166154,1.8046518564224243,-0.15448589622974396,1.2349258661270142,0.4830308258533478,4.0185394287109375,-0.16811969876289368,-0.5447077751159668,-0.0025848783552646637
4.900407075881958,-0.6663551330566406,1.091036319732666,-1.5815099990211454,1.8103457689285278,-0.09447473287582397,1.2260572910308838,0.43633708357810974,4.062138080596924,-0.16153571009635925,-0.5686129927635193,-0.011649053543806076
4.949801445007324,-0.666255533695221,1.084296703338623,-1.5852288472036054,1.8189715147018433,-0.03835368528962135,1.219489574432373,0.3935425877571106,4.10275936126709,-0.1531793773174286,-0.5914824604988098,-0.021827543154358864
4.9998743534088135,-0.6661292910575867,1.0789599418640137,-1.5883315757139644,1.82899808883667,0.016593659296631813,1.2149072885513306,0.3508438467979431,4.142740726470947,-0.14387090504169464,-0.6145488619804382,-0.032235726714134216
5.049736261367798,-0.6659409403800964,1.074764609336853,-1.5910829335235928,1.839148998260498,0.07123923301696777,1.2127315998077393,0.3078962564468384,4.18100118637085,-0.13541428744792938,-0.6372828483581543,-0.0414184108376503
5.100038528442383,-0.6658768653869629,1.071791172027588,-1.5934763215853958,1.8495782613754272,0.1273096203804016,1.2131749391555786,0.26498013734817505,4.21653938293457,-0.12951935827732086,-0.6596038341522217,-0.04903664439916611
5.149755001068115,-0.665608286857605,1.0700429677963257,-1.5978513482501444,1.8599706888198853,0.18479853868484497,1.2161515951156616,0.22218982875347137,4.251253128051758,-0.1259244680404663,-0.681536078453064,-0.05472870171070099
5.199838638305664,-0.6650763750076294,1.0689291954040527,-1.602875788187757,1.871132731437683,0.24155306816101074,1.2214012145996094,0.17999513447284698,4.2860894203186035,-0.12423832714557648,-0.7018117904663086,-0.05881704017519951
5.249772787094116,-0.6646931767463684,1.0686933994293213,-1.6068037411907028,1.8819053173065186,0.2928318977355957,1.2279202938079834,0.14097991585731506,4.318893909454346,-0.12342175841331482,-0.7200985550880432,-0.06218697130680084
5.300194978713989,-0.6644786596298218,1.068608045578003,-1.6104520099185986,1.8942370414733887,0.34828606247901917,1.2367665767669678,0.09815937280654907,4.35368013381958,-0.12287194281816483,-0.7403847575187683,-0.06545946002006531
5.349871397018433,-0.664254367351532,1.0681997537612915,-1.6148357060735217,1.9053149223327637,0.396413654088974,1.244410514831543,0.060336288064718246,4.382485866546631,-0.12259091436862946,-0.7593231201171875,-0.06728042662143707
5.40024209022522,-0.6638696789741516,1.067650556564331,-1.622047381708552,1.9159926176071167,0.4453294575214386,1.2519817352294922,0.018821848556399345,4.413072109222412,-0.12270663678646088,-0.7816202640533447,-0.06934444606304169
5.449951171875,-0.6631932854652405,1.0668118000030518,-1.6303472738380365,1.9230821132659912,0.48250681161880493,1.2564151287078857,-0.015726465731859207,4.439060688018799,-0.12212076783180237,-0.8012999296188354,-0.07195916771888733
5.4998555183410645,-0.6622192859649658,1.06563138961792,-1.6432750947751806,1.9298582077026367,0.5277782082557678,1.2601733207702637,-0.05857868865132332,4.471286296844482,-0.11858279258012772,-0.8273088335990906,-0.07883253693580627
5.550140142440796,-0.6610203981399536,1.064048171043396,-1.6590443061064193,1.9334845542907715,0.5690028071403503,1.2626593112945557,-0.09686978161334991,4.497287750244141,-0.11232510954141617,-0.8520839214324951,-0.09043112397193909
5.6000142097473145,-0.6598045825958252,1.061726689338684,-1.674532263440368,1.9346786737442017,0.6108987331390381,1.265013575553894,-0.13568727672100067,4.5237908363342285,-0.10664016008377075,-0.873785674571991,-0.10696299374103546
5.649845838546753,-0.6587535738945007,1.059208869934082,-1.689406233165276,1.9340721368789673,0.6538697481155396,1.267468810081482,-0.1754862666130066,4.553585052490234,-0.10352350771427155,-0.8918272852897644,-0.12768104672431946
5.7001872062683105,-0.6579774022102356,1.0567104816436768,-1.7028000117109976,1.9323678016662598,0.6986047625541687,1.2701219320297241,-0.216592937707901,4.587340831756592,-0.10257590562105179,-0.90455162525177,-0.1540776640176773
5.7498533725738525,-0.6576203107833862,1.0533266067504883,-1.714101375411605,1.9299267530441284,0.7460684776306152,1.2728290557861328,-0.25818684697151184,4.62215518951416,-0.1010814756155014,-0.9113883972167969,-0.18580210208892822
5.800004243850708,-0.6575874090194702,1.0501888990402222,-1.7238787780986315,1.9265486001968384,0.7961355447769165,1.2750775814056396,-0.29987987875938416,4.6547722816467285,-0.09921310096979141,-0.9111189842224121,-0.220438614487648
5.849822044372559,-0.6575002670288086,1.0474907159805298,-1.7317159174079035,1.9221161603927612,0.8482493758201599,1.2765278816223145,-0.34178903698921204,4.684953212738037,-0.09732448309659958,-0.9040903449058533,-0.25636398792266846
5.8998425006866455,-0.6575625538825989,1.0454702377319336,-1.7374748110873166,1.915873408317566,0.9013636708259583,1.2770248651504517,-0.3835079073905945,4.713057518005371,-0.09596426039934158,-0.8901908993721008,-0.2920839786529541
5.950092077255249,-0.6573803424835205,1.0439763069152832,-1.7417056601529493,1.9075878858566284,0.9551557302474976,1.2765717506408691,-0.4250066876411438,4.739495754241943,-0.09452949464321136,-0.8694329261779785,-0.3257541358470917
6.000094652175903,-0.6572821736335754,1.04327392578125,-1.7435300830960918,1.8985859155654907,1.0092121362686157,1.2752461433410645,-0.46670350432395935,4.76392936706543,-0.09176847338676453,-0.843378484249115,-0.35663098096847534
6.049799203872681,-0.6571151614189148,1.0434006452560425,-1.7427845899989074,1.8905507326126099,1.0622756481170654,1.2745195627212524,-0.5085272192955017,4.7850213050842285,-0.08784211426973343,-0.8156502842903137,-0.386380672454834
6.100338935852051,-0.6571456789970398,1.0438328981399536,-1.7402058440702823,1.8842180967330933,1.115412950515747,1.275148630142212,-0.5504809617996216,4.802497863769531,-0.08396050333976746,-0.7860414981842041,-0.414693683385849
6.14976167678833,-0.6571534276008606,1.044826626777649,-1.7378022168653329,1.880241870880127,1.1702284812927246,1.276903510093689,-0.5920591354370117,4.8172101974487305,-0.08030406385660172,-0.7559447884559631,-0.4401838481426239
6.200188636779785,-0.657129168510437,1.0452702045440674,-1.7375201856650533,1.8787553310394287,1.2270219326019287,1.2797930240631104,-0.6328688859939575,4.829559326171875,-0.07632473856210709,-0.7259776592254639,-0.4641028940677643
6.249725580215454,-0.6570100784301758,1.0454819202423096,-1.737520710872,1.8787497282028198,1.2842856645584106,1.2829033136367798,-0.6728513836860657,4.839262962341309,-0.07192158699035645,-0.695108950138092,-0.4849329888820648
6.2999608516693115,-0.6570004820823669,1.0455044507980347,-1.7371726311691715,1.8791356086730957,1.3408772945404053,1.2862638235092163,-0.7125678062438965,4.845996856689453,-0.06739838421344757,-0.6632981300354004,-0.5013017058372498
6.349923610687256,-0.6569903492927551,1.045095443725586,-1.737272783222319,1.8795390129089355,1.3967701196670532,1.2898979187011719,-0.7528524398803711,4.8501152992248535,-0.06329867243766785,-0.6313558220863342,-0.5150514841079712
6.3998236656188965,-0.6570560932159424,1.0442174673080444,-1.7387066280561116,1.8805729150772095,1.4523565769195557,1.2942992448806763,-0.7933956980705261,4.851299285888672,-0.05969003587961197,-0.6000012755393982,-0.5271528959274292
6.449723482131958,-0.6569267511367798,1.0421781539916992,-1.7432412232869943,1.88265061378479,1.5083879232406616,1.2996219396591187,-0.8340413570404053,4.849337577819824,-0.05676918849349022,-0.5690905451774597,-0.5381022691726685
6.5002052783966064,-0.6568875312805176,1.0408591032028198,-1.7474280556255477,1.8864045143127441,1.564537763595581,1.3062775135040283,-0.8748162388801575,4.8446455001831055,-0.05400051176548004,-0.5393592119216919,-0.5477927923202515
6.549844980239868,-0.6568011045455933,1.0373849868774414,-1.7539213230376227,1.8921946287155151,1.6199915409088135,1.3141088485717773,-0.9166417717933655,4.836769104003906,-0.05173071473836899,-0.5100529193878174,-0.5567538142204285
6.600080251693726,-0.6569377183914185,1.034902572631836,-1.7589423119769014,1.8981045484542847,1.66871178150177,1.322000503540039,-0.9541648030281067,4.827170372009277,-0.05052437633275986,-0.4838188886642456,-0.5647835731506348
6.650319814682007,-0.6573224067687988,1.030311107635498,-1.7663242087527737,1.9063211679458618,1.729399561882019,1.3315054178237915,-1.0008727312088013,4.812191486358643,-0.049844417721033096,-0.45046746730804443,-0.5744642019271851
6.6997716426849365,-0.6576183438301086,1.02358877658844,-1.7700109267967041,1.9129910469055176,1.7765830755233765,1.3383524417877197,-1.0376139879226685,4.797740459442139,-0.050039660185575485,-0.4239341914653778,-0.5818564295768738
6.749879598617554,-0.6580866575241089,1.0173758268356323,-1.7783578184731292,1.9182615280151367,1.834831953048706,1.344144344329834,-1.0828417539596558,4.776883125305176,-0.051224030554294586,-0.3917267322540283,-0.5906801819801331
6.799778699874878,-0.6587859988212585,1.0114352703094482,-1.7856451569241303,1.9194715023040771,1.8851492404937744,1.3455839157104492,-1.1219135522842407,4.757720947265625,-0.05347038060426712,-0.36266276240348816,-0.5984736680984497
6.849817752838135,-0.6597212553024292,1.0039082765579224,-1.7934938536830962,1.9178539514541626,1.9421303272247314,1.3440227508544922,-1.166666030883789,4.736515522003174,-0.055902913212776184,-0.32939043641090393,-0.6058754324913025
6.899958848953247,-0.6610123515129089,0.9961354732513428,-1.7996313416911163,1.914245843887329,1.9959652423858643,1.3408758640289307,-1.2091081142425537,4.717496395111084,-0.057524289935827255,-0.298338383436203,-0.6118525862693787
6.949846029281616,-0.6621443629264832,0.9875382781028748,-1.8053149296251627,1.9095635414123535,2.0480146408081055,1.3366843461990356,-1.2511985301971436,4.6992363929748535,-0.057666100561618805,-0.2652401030063629,-0.6180264353752136
7.0001184940338135,-0.6645287275314331,0.9779025316238403,-1.8094448052823138,1.9035892486572266,2.0986247062683105,1.3311163187026978,-1.2933214902877808,4.682143211364746,-0.05665917694568634,-0.2341003566980362,-0.6219107508659363
7.050072908401489,-0.6669912338256836,0.9679065942764282,-1.8140679843287637,1.8958054780960083,2.1500260829925537,1.3242788314819336,-1.3356105089187622,4.666879653930664,-0.05557731166481972,-0.20580770075321198,-0.6226097345352173
7.100117444992065,-0.6693233251571655,0.9564909934997559,-1.8154171113437543,1.886373519897461,2.203139066696167,1.316723346710205,-1.3769997358322144,4.651800632476807,-0.05480494722723961,-0.17721988260746002,-0.622338593006134
7.149770736694336,-0.6722500920295715,0.9441853165626526,-1.8154631756022455,1.8756012916564941,2.256512403488159,1.3080635070800781,-1.4167321920394897,4.635165691375732,-0.05317569896578789,-0.14718838036060333,-0.6220105290412903
7.1998724937438965,-0.6754835844039917,0.9309086799621582,-1.8152800474387116,1.8634029626846313,2.309135675430298,1.2978925704956055,-1.455653429031372,4.617205619812012,-0.0503329373896122,-0.11661802232265472,-0.6220734119415283
7.249730825424194,-0.6803015470504761,0.9166041612625122,-1.8127181445949705,1.8498777151107788,2.3607656955718994,1.28631591796875,-1.4943227767944336,4.598295211791992,-0.04626120626926422,-0.08695568889379501,-0.6217247247695923
7.300058603286743,-0.6845597624778748,0.9024237990379333,-1.8099418062316581,1.8361165523529053,2.410139560699463,1.2739276885986328,-1.5329850912094116,4.577598571777344,-0.04079870879650116,-0.056999627500772476,-0.6205374598503113
7.3497841358184814,-0.6890983581542969,0.8870282769203186,-1.8043586870594042,1.823231816291809,2.45438551902771,1.2625558376312256,-1.5694258213043213,4.556918144226074,-0.03443218022584915,-0.027437392622232437,-0.6180071234703064
7.399950265884399,-0.6940199732780457,0.8707764744758606,-1.8005660004695534,1.8090718984603882,2.503047227859497,1.251819133758545,-1.6090071201324463,4.533010005950928,-0.02546774595975876,0.006989262532442808,-0.6139861941337585
7.44992995262146,-0.6985553503036499,0.8555145859718323,-1.7959538578004735,1.7964047193527222,2.549011468887329,1.2438312768936157,-1.6471259593963623,4.509061813354492,-0.015279085375368595,0.0395919606089592,-0.6102951169013977
7.5000481605529785,-0.7033007740974426,0.8390726447105408,-1.7905014131573338,1.7855489253997803,2.5938720703125,1.237746238708496,-1.6857918500900269,4.484531402587891,-0.003328450256958604,0.07132747769355774,-0.6076655387878418
7.549870252609253,-0.7083058953285217,0.8220474720001221,-1.7849175059985185,1.7770825624465942,2.6363608837127686,1.2335714101791382,-1.72433602809906,4.459947109222412,0.010853374376893044,0.09949718415737152,-0.6065464615821838
7.600114345550537,-0.7124542593955994,0.8066709041595459,-1.779816416512526,1.7710145711898804,2.674703598022461,1.230985164642334,-1.759883999824524,4.436487674713135,0.026071183383464813,0.12461536377668381,-0.607639729976654
7.649854898452759,-0.7170025110244751,0.7895374298095703,-1.7745865496286897,1.7661919593811035,2.716759443283081,1.2293109893798828,-1.7980880737304688,4.409327507019043,0.044412046670913696,0.1536383479833603,-0.6106123328208923
7.700004577636719,-0.721222460269928,0.7755309343338013,-1.7728219994733645,1.7626044750213623,2.757270574569702,1.2293039560317993,-1.8330005407333374,4.382184028625488,0.06201813369989395,0.1814386397600174,-0.6146708130836487
7.749924182891846,-0.725220799446106,0.759304404258728,-1.768010336851703,1.7593435049057007,2.798137903213501,1.2313036918640137,-1.8666117191314697,4.354273796081543,0.07918477058410645,0.2082318365573883,-0.6195866465568542
7.800105571746826,-0.7293902635574341,0.7435709238052368,-1.7631100367243053,1.756676197052002,2.8375587463378906,1.2359139919281006,-1.8970232009887695,4.325217247009277,0.094703808426857,0.23517531156539917,-0.6252030730247498
7.8498852252960205,-0.7335463762283325,0.7276779413223267,-1.7579301953724042,1.7539722919464111,2.8749659061431885,1.2440557479858398,-1.9241639375686646,4.294328212738037,0.10692566633224487,0.2633781433105469,-0.6311408281326294
7.90004301071167,-0.7373120188713074,0.7117917537689209,-1.7536035277773439,1.7497771978378296,2.908398151397705,1.2533584833145142,-1.947830080986023,4.263326168060303,0.11548301577568054,0.29159730672836304,-0.6369374394416809
7.949809551239014,-0.7414878010749817,0.6948294639587402,-1.7485298908096123,1.7455495595932007,2.9416024684906006,1.2647836208343506,-1.9742834568023682,4.2273077964782715,0.12217693775892258,0.32397696375846863,-0.64359450340271
7.999973297119141,-0.7454538345336914,0.6792290806770325,-1.7437630669209476,1.7420762777328491,2.96932053565979,1.2758769989013672,-2.0007009506225586,4.193016529083252,0.12606412172317505,0.3542546033859253,-0.6504856944084167
8.049929857254028,-0.748641312122345,0.663199782371521,-1.7397706704870957,1.7376338243484497,2.994082450866699,1.286198377609253,-2.025775671005249,4.157872200012207,0.1269560158252716,0.3839418888092041,-0.6583648920059204
8.100085496902466,-0.7530632019042969,0.6482514142990112,-1.732313351434138,1.730613350868225,3.0142452716827393,1.2943111658096313,-2.049860954284668,4.121152400970459,0.1265205442905426,0.41410112380981445,-0.6672064661979675
8.149954795837402,-0.7560704350471497,0.6313266754150391,-1.728988074564712,1.721602201461792,3.027263641357422,1.3029931783676147,-2.0740785598754883,4.083225250244141,0.12574927508831024,0.4467163681983948,-0.6764912605285645
8.200734615325928,-0.7596192955970764,0.6179553866386414,-1.7223065334685486,1.7120048999786377,3.0315957069396973,1.3109867572784424,-2.097921133041382,4.045872688293457,0.12536059319972992,0.474008172750473,-0.6838288307189941
8.249778985977173,-0.7626718878746033,0.6016988158226013,-1.7167558155905323,1.7019051313400269,3.0278265476226807,1.3201028108596802,-2.123920440673828,4.003146171569824,0.12408788502216339,0.5023166537284851,-0.6896181106567383
8.300005435943604,-0.7663757801055908,0.5865049958229065,-1.708331821785416,1.6937110424041748,3.0173022747039795,1.3290947675704956,-2.1462740898132324,3.9613168239593506,0.12140575796365738,0.5301663875579834,-0.693625271320343
8.349998235702515,-0.7694292664527893,0.5711961984634399,-1.7008002805915348,1.687180757522583,3.000650405883789,1.3387340307235718,-2.1670291423797607,3.91843581199646,0.11668258160352707,0.5590436458587646,-0.6968296766281128
8.40031623840332,-0.7725381851196289,0.5570400357246399,-1.6924789021959348,1.6829477548599243,2.979562759399414,1.348618984222412,-2.185336112976074,3.8767356872558594,0.11006036400794983,0.5857211947441101,-0.6989599466323853
8.44980788230896,-0.7759941220283508,0.541117787361145,-1.681032847262826,1.6806421279907227,2.950904607772827,1.3599604368209839,-2.2040536403656006,3.829077959060669,0.1015937402844429,0.6157851815223694,-0.7001867294311523
8.499733686447144,-0.7792294025421143,0.5271098017692566,-1.669103038867604,1.6808912754058838,2.920778274536133,1.3705352544784546,-2.219414234161377,3.7833383083343506,0.09365567564964294,0.6465651988983154,-0.6992311477661133
8.549851417541504,-0.7830522656440735,0.5122895240783691,-1.6536108193185892,1.6821807622909546,2.889681816101074,1.3804928064346313,-2.232799768447876,3.7382712364196777,0.08695174008607864,0.6789717674255371,-0.696132242679596
8.599843740463257,-0.7865018248558044,0.49770498275756836,-1.6371638216542481,1.6846728324890137,2.8602755069732666,1.3897138833999634,-2.2437422275543213,3.6925103664398193,0.08261416107416153,0.7122625708580017,-0.6913856267929077
8.649857521057129,-0.7894694805145264,0.4848288297653198,-1.6223676410204322,1.6869806051254272,2.8347654342651367,1.3974592685699463,-2.251004219055176,3.650956630706787,0.08108670264482498,0.7426039576530457,-0.685987114906311
8.700472354888916,-0.7924146056175232,0.46994662284851074,-1.6054034623158564,1.6882375478744507,2.8028404712677,1.4063794612884521,-2.256643056869507,3.599114179611206,0.0816441997885704,0.7803106904029846,-0.6778123378753662
8.749736309051514,-0.794632613658905,0.4572722315788269,-1.5922717969645588,1.6875766515731812,2.7787554264068604,1.4125310182571411,-2.2592105865478516,3.558669328689575,0.08347860723733902,0.8115525245666504,-0.6706886291503906
8.799737215042114,-0.7966528534889221,0.44359850883483887,-1.5782550678712448,1.6846116781234741,2.75175142288208,1.4193326234817505,-2.258625030517578,3.5093295574188232,0.08658057451248169,0.852324366569519,-0.6618979573249817
8.849793910980225,-0.7978399395942688,0.43322691321372986,-1.5683288611334272,1.6807537078857422,2.731166124343872,1.4231057167053223,-2.2568891048431396,3.46981143951416,0.08955968916416168,0.8851566910743713,-0.6539884805679321
8.89982271194458,-0.7992339730262756,0.4222820997238159,-1.557708829528887,1.6741819381713867,2.705580711364746,1.4256685972213745,-2.2520904541015625,3.422473430633545,0.09392548352479935,0.9226291179656982,-0.6440487504005432
8.950133562088013,-0.8002684116363525,0.4131225347518921,-1.5493030429244095,1.6653425693511963,2.6788206100463867,1.4266893863677979,-2.245181083679199,3.377211093902588,0.09900523722171783,0.9591328501701355,-0.6364622712135315
8.999895334243774,-0.8009302020072937,0.40471163392066956,-1.5407353354169715,1.6533880233764648,2.6483376026153564,1.427104115486145,-2.2350213527679443,3.3290464878082275,0.1058117225766182,0.9996574521064758,-0.6318187713623047
9.049906969070435,-0.8017193675041199,0.39855414628982544,-1.5334844548494941,1.639445185661316,2.6170718669891357,1.426807165145874,-2.2226595878601074,3.2828214168548584,0.11408712714910507,1.0379706621170044,-0.629831850528717
9.10000729560852,-0.8022863268852234,0.39344680309295654,-1.5275334838260737,1.6225072145462036,2.584839344024658,1.4259380102157593,-2.2077767848968506,3.236138343811035,0.12419071048498154,1.0745512247085571,-0.6291242241859436
9.149744749069214,-0.8028058409690857,0.3896019756793976,-1.5228911768095512,1.601969838142395,2.552797794342041,1.4242910146713257,-2.1912355422973633,3.189413547515869,0.13522900640964508,1.1099445819854736,-0.6286488771438599
9.19976019859314,-0.8032203912734985,0.3863644599914551,-1.516771093262834,1.5783698558807373,2.521595001220703,1.4221497774124146,-2.172553777694702,3.1437361240386963,0.14652119576931,1.1460919380187988,-0.628494918346405
9.249867916107178,-0.8036529421806335,0.3847201466560364,-1.5117854594888096,1.552758812904358,2.489285469055176,1.4203596115112305,-2.152320623397827,3.0987093448638916,0.1569518744945526,1.1835179328918457,-0.6286083459854126
9.299718618392944,-0.8040087819099426,0.3840433359146118,-1.5071388723498074,1.527092456817627,2.456099271774292,1.418994665145874,-2.130708694458008,3.052368402481079,0.16565416753292084,1.2226203680038452,-0.6294159293174744
9.350045919418335,-0.8043670058250427,0.3837800920009613,-1.5028005390092527,1.504813551902771,2.424778461456299,1.4175240993499756,-2.1108181476593018,3.007934331893921,0.17075395584106445,1.2612711191177368,-0.6316992044448853
9.399839639663696,-0.8045740127563477,0.383012592792511,-1.4985470463812942,1.4819170236587524,2.3888158798217773,1.4159148931503296,-2.088315725326538,2.9582128524780273,0.1734628826379776,1.3050637245178223,-0.6364898085594177
9.449921369552612,-0.8048743009567261,0.38263800740242004,-1.4934765447615383,1.4639581441879272,2.353745937347412,1.4149682521820068,-2.0666732788085938,2.913930654525757,0.17377790808677673,1.3456883430480957,-0.6426569223403931
9.499801874160767,-0.8053609132766724,0.381583571434021,-1.4849328499631675,1.449098825454712,2.3128883838653564,1.4145386219024658,-2.040407657623291,2.864814043045044,0.17328420281410217,1.3914467096328735,-0.6501087546348572
9.549729108810425,-0.8058660626411438,0.3797224760055542,-1.474380293738783,1.4405924081802368,2.2737481594085693,1.4147424697875977,-2.013636827468872,2.818429470062256,0.17204615473747253,1.431702733039856,-0.6559737920761108
9.599784851074219,-0.8071448802947998,0.37873849272727966,-1.4596790661358556,1.4366742372512817,2.235490322113037,1.4160345792770386,-1.9858654737472534,2.7716803550720215,0.16988150775432587,1.4707776308059692,-0.6590691208839417
9.650017499923706,-0.8080781698226929,0.37668710947036743,-1.444763036095615,1.436575174331665,2.1993908882141113,1.4187920093536377,-1.9582899808883667,2.72798490524292,0.16686436533927917,1.5100953578948975,-0.6596881151199341
9.699918508529663,-0.8093338012695312,0.3739316463470459,-1.4235006305804014,1.4401987791061401,2.158257007598877,1.4238818883895874,-1.925463318824768,2.679081439971924,0.1615525484085083,1.5553985834121704,-0.6572182774543762
9.749919891357422,-0.8110888600349426,0.37197935581207275,-1.4010385847402205,1.447434425354004,2.1209893226623535,1.4297987222671509,-1.8955557346343994,2.6355395317077637,0.15496456623077393,1.5934479236602783,-0.6528018712997437
9.800013303756714,-0.812516987323761,0.3681183457374573,-1.3726713756904478,1.4608289003372192,2.0796239376068115,1.437183141708374,-1.8621007204055786,2.5862832069396973,0.1464691162109375,1.6328926086425781,-0.6466395258903503
9.849723815917969,-0.81529700756073,0.3662845492362976,-1.3406334310479378,1.4782851934432983,2.041635036468506,1.4451379776000977,-1.8305760622024536,2.539625406265259,0.1383158415555954,1.6708755493164062,-0.6397480368614197
9.89982008934021,-0.8154294490814209,0.3602875769138336,-1.3082601373042182,1.49802565574646,2.006268262863159,1.4531948566436768,-1.8005787134170532,2.4966280460357666,0.1307086944580078,1.7078778743743896,-0.63160240650177
9.949758768081665,-0.8188803195953369,0.35834431648254395,-1.2688826270260547,1.5208629369735718,1.9687467813491821,1.4621914625167847,-1.7678302526474,2.4516122341156006,0.1237822026014328,1.7467637062072754,-0.6211429834365845
9.999841451644897,-0.8212504982948303,0.35491734743118286,-1.2282142383692252,1.5439900159835815,1.9313545227050781,1.4712542295455933,-1.7339391708374023,2.404444932937622,0.11824837327003479,1.78466796875,-0.6083669066429138
10.049781084060669,-0.8232623338699341,0.3503028154373169,-1.1818214322990168,1.5671875476837158,1.8916492462158203,1.4803466796875,-1.6980773210525513,2.352113962173462,0.11354794353246689,1.8244422674179077,-0.5925753712654114
10.10012698173523,-0.8256943225860596,0.3465184271335602,-1.134982862348816,1.5863392353057861,1.8522313833236694,1.488538384437561,-1.664283275604248,2.302255392074585,0.11000561714172363,1.8622033596038818,-0.5763232111930847
10.149874925613403,-0.8275655508041382,0.3425058424472809,-1.088985234075235,1.6011219024658203,1.814058542251587,1.4962235689163208,-1.632159948348999,2.256956100463867,0.10703884810209274,1.8967838287353516,-0.5615344047546387
10.199782848358154,-0.8286406397819519,0.33638903498649597,-1.0380441560478286,1.6139355897903442,1.7705851793289185,1.5036662817001343,-1.59639573097229,2.207814931869507,0.10355602949857712,1.9327764511108398,-0.5465697646141052
10.24990701675415,-0.8303585052490234,0.3321602940559387,-0.9837099569883528,1.6238722801208496,1.7294272184371948,1.5096044540405273,-1.5635031461715698,2.1607933044433594,0.09966161847114563,1.9666026830673218,-0.5349515676498413
10.300219774246216,-0.8323720097541809,0.32814714312553406,-0.9345570439776011,1.6322790384292603,1.68789541721344,1.5146267414093018,-1.53052818775177,2.112993001937866,0.09549038857221603,2.0031747817993164,-0.5255067348480225
10.349852800369263,-0.8339780569076538,0.32357943058013916,-0.8774322539210155,1.6388376951217651,1.6443963050842285,1.518594741821289,-1.4967477321624756,2.065561056137085,0.0919228196144104,2.0423593521118164,-0.5175760388374329
10.39989423751831,-0.835509717464447,0.31939369440078735,-0.8263428360147068,1.6428288221359253,1.5981745719909668,1.5211303234100342,-1.462641716003418,2.018996238708496,0.08965814858675003,2.0802226066589355,-0.5110612511634827
10.449997425079346,-0.836691677570343,0.3153100609779358,-0.7777022963641113,1.6435939073562622,1.5578469038009644,1.5220222473144531,-1.4341057538986206,1.9808235168457031,0.08873183280229568,2.1091806888580322,-0.5059545040130615
10.49978518486023,-0.8382987380027771,0.3099634349346161,-0.7140630977092599,1.6409478187561035,1.5001076459884644,1.5210509300231934,-1.3936209678649902,1.927109718322754,0.08855782449245453,2.1488380432128906,-0.4995402693748474
10.55016541481018,-0.8393198251724243,0.30564233660697937,-0.6628106994398616,1.6367363929748535,1.452406883239746,1.5186750888824463,-1.3603272438049316,1.8835865259170532,0.08907081186771393,2.1822407245635986,-0.4950144588947296
10.599778652191162,-0.8400945663452148,0.3010808229446411,-0.6090178169667865,1.6322931051254272,1.4017643928527832,1.5148674249649048,-1.3245646953582764,1.8391273021697998,0.0894542708992958,2.2190637588500977,-0.491098552942276
10.649771690368652,-0.8406084775924683,0.29651662707328796,-0.5558320166136002,1.6295008659362793,1.353269338607788,1.5101226568222046,-1.2884294986724854,1.7939413785934448,0.08827090263366699,2.2571940422058105,-0.48789817094802856
10.700678586959839,-0.8408976197242737,0.29219165444374084,-0.5062278906026979,1.6290231943130493,1.3095617294311523,1.505690574645996,-1.2541992664337158,1.7491739988327026,0.08454593271017075,2.293945074081421,-0.48587146401405334
10.749752759933472,-0.8411040306091309,0.2870396375656128,-0.448380133003067,1.6318097114562988,1.2574971914291382,1.5018713474273682,-1.2149078845977783,1.6938161849975586,0.07752274721860886,2.3376171588897705,-0.4852808117866516
10.799816370010376,-0.8410001993179321,0.2829420566558838,-0.4022023468070699,1.637359619140625,1.2154624462127686,1.4997494220733643,-1.1837769746780396,1.649152159690857,0.07056760042905807,2.372941255569458,-0.4860718846321106
10.84992527961731,-0.8405259847640991,0.27789273858070374,-0.34547187866986107,1.6482397317886353,1.1632100343704224,1.4988805055618286,-1.1446009874343872,1.5939620733261108,0.06057056039571762,2.416461944580078,-0.4876165986061096
10.90049409866333,-0.8400263786315918,0.27392467856407166,-0.30052804024098534,1.6592037677764893,1.1227478981018066,1.498974323272705,-1.1138215065002441,1.549959421157837,0.051540326327085495,2.4512062072753906,-0.48749876022338867
10.949895143508911,-0.8394264578819275,0.26873359084129333,-0.24466280586777203,1.6749248504638672,1.07347571849823,1.4993669986724854,-1.076429009437561,1.495023488998413,0.039119619876146317,2.497007131576538,-0.4849938452243805
10.99975299835205,-0.838786780834198,0.2646665573120117,-0.19955053312890772,1.6897003650665283,1.03432297706604,1.5005075931549072,-1.046444296836853,1.451674461364746,0.028295034542679787,2.5352070331573486,-0.48062700033187866
11.04976773262024,-0.8379348516464233,0.2597998380661011,-0.14405653529406318,1.7114737033843994,0.984579861164093,1.5032576322555542,-1.0075114965438843,1.398280382156372,0.013275092467665672,2.5821986198425293,-0.4734005033969879
11.099953174591064,-0.8368386626243591,0.25621509552001953,-0.09909075735864713,1.7319180965423584,0.9437956213951111,1.5060441493988037,-0.9750780463218689,1.3563385009765625,-0.0003875663969665766,2.6177167892456055,-0.46689802408218384
11.149717092514038,-0.835123598575592,0.25139033794403076,-0.04286775925428121,1.7609277963638306,0.8929329514503479,1.5104657411575317,-0.9339130520820618,1.305082082748413,-0.018923146650195122,2.661735773086548,-0.45784372091293335
11.199842691421509,-0.8333957195281982,0.24735763669013977,0.007927018584705606,1.7888033390045166,0.8475860357284546,1.5156166553497314,-0.8966741561889648,1.260391354560852,-0.0358017273247242,2.7014782428741455,-0.448739618062973
11.24988341331482,-0.8315286040306091,0.24345478415489197,0.059126926579187576,1.8165675401687622,0.802869975566864,1.5219175815582275,-0.8592474460601807,1.218167781829834,-0.05173212289810181,2.7408456802368164,-0.43866679072380066
11.29987382888794,-0.8297709226608276,0.23933479189872742,0.11035199132674361,1.8423149585723877,0.7589332461357117,1.5291260480880737,-0.8214654922485352,1.1772786378860474,-0.06473902612924576,2.7804782390594482,-0.42755743861198425
11.349992752075195,-0.8280904293060303,0.2358657717704773,0.15588418362472226,1.8652366399765015,0.7152919769287109,1.5367475748062134,-0.7831633687019348,1.133813500404358,-0.07428187876939774,2.8208305835723877,-0.4156076908111572
11.400030136108398,-0.8256446719169617,0.23167940974235535,0.21358772143477772,1.884957194328308,0.6713406443595886,1.54360032081604,-0.7445903420448303,1.0888869762420654,-0.08084304630756378,2.8622710704803467,-0.4041728675365448
11.449735164642334,-0.8228135108947754,0.22856685519218445,0.2648147814371893,1.9012588262557983,0.6267406344413757,1.549100637435913,-0.7058093547821045,1.0447674989700317,-0.08515079319477081,2.9024832248687744,-0.3932889699935913
11.499938488006592,-0.8210133910179138,0.22486676275730133,0.31476095116076175,1.914469599723816,0.5820913314819336,1.5535082817077637,-0.6664687991142273,1.0034126043319702,-0.08725365251302719,2.940783977508545,-0.38315680623054504
11.550040006637573,-0.8174359798431396,0.22084712982177734,0.37231525247604547,1.925960659980774,0.5377570986747742,1.5566492080688477,-0.6271932125091553,0.9637872576713562,-0.08809082210063934,2.9795644283294678,-0.3756149709224701
11.599942207336426,-0.8130984306335449,0.2175711989402771,0.4267993221899014,1.9363831281661987,0.49253812432289124,1.5591076612472534,-0.5889084339141846,0.9242703318595886,-0.08778898417949677,3.0217745304107666,-0.3711938261985779
11.649763345718384,-0.8083071708679199,0.2151908278465271,0.4797513402203584,1.945233702659607,0.44548115134239197,1.5601791143417358,-0.5516660809516907,0.883886992931366,-0.08611664921045303,3.065214157104492,-0.36919575929641724
11.70008134841919,-0.8041467070579529,0.21314074099063873,0.5278085554696458,1.951488971710205,0.39875492453575134,1.560007095336914,-0.5160129070281982,0.8451139330863953,-0.08308101445436478,3.1040170192718506,-0.36869046092033386
11.749753475189209,-0.7991734743118286,0.21135053038597107,0.5796277464121875,1.9542601108551025,0.34396860003471375,1.5582512617111206,-0.47494372725486755,0.8017692565917969,-0.07704958319664001,3.142925500869751,-0.368218332529068
11.799838304519653,-0.7948750257492065,0.21008899807929993,0.6245258940215243,1.9528223276138306,0.29101312160491943,1.5549477338790894,-0.4355531632900238,0.7599694132804871,-0.06887729465961456,3.1792006492614746,-0.3680250942707062
11.849809646606445,-0.7903116345405579,0.20950902998447418,0.6680579515073559,1.9487756490707397,0.23640860617160797,1.5495038032531738,-0.3953794538974762,0.7167503237724304,-0.059214089065790176,3.2165865898132324,-0.3679695129394531
11.899966478347778,-0.7850572466850281,0.20941545069217682,0.7104194116248386,1.9440771341323853,0.1844155490398407,1.542726755142212,-0.35605937242507935,0.6748799681663513,-0.049904581159353256,3.2529947757720947,-0.3684130012989044
11.950111627578735,-0.7791293859481812,0.21025972068309784,0.7498543575331458,1.9394510984420776,0.1323019117116928,1.5342236757278442,-0.313764363527298,0.6310597062110901,-0.04154462739825249,3.2922728061676025,-0.36993607878685
11.999916553497314,-0.7721498608589172,0.21310830116271973,0.7866788669145354,1.9364913702011108,0.07945875078439713,1.5251137018203735,-0.2690754532814026,0.5880631804466248,-0.03543432429432869,3.3336217403411865,-0.3729080855846405
12.049811363220215,-0.7651714086532593,0.21620014309883118,0.8181860257143442,1.9366676807403564,0.028686998412013054,1.5173306465148926,-0.2272414118051529,0.5487001538276672,-0.03238946199417114,3.3726727962493896,-0.37766581773757935
12.099757671356201,-0.759736180305481,0.2189536988735199,0.847955380613012,1.9399051666259766,-0.02103176899254322,1.5118393898010254,-0.18564124405384064,0.5109364986419678,-0.03133682534098625,3.411237955093384,-0.3833045959472656
12.149866104125977,-0.7532482147216797,0.22286364436149597,0.8742745351100233,1.9451236724853516,-0.06824091821908951,1.5086517333984375,-0.1436588168144226,0.4734685719013214,-0.0317087396979332,3.4475700855255127,-0.3868861794471741
12.199799537658691,-0.7465915083885193,0.22709110379219055,0.9011538881232256,1.9501869678497314,-0.11315976828336716,1.5070874691009521,-0.10190499573945999,0.43579792976379395,-0.0331762470304966,3.4864087104797363,-0.3892815113067627
12.250059127807617,-0.7400012016296387,0.23183652758598328,0.9270633782957589,1.954562783241272,-0.1581982970237732,1.505859613418579,-0.061219990253448486,0.3965654969215393,-0.03533447906374931,3.5279157161712646,-0.3906588554382324
12.299790143966675,-0.7323856353759766,0.23744052648544312,0.9562979352566476,1.9584559202194214,-0.2051497995853424,1.5045552253723145,-0.021577926352620125,0.3556913733482361,-0.03742300719022751,3.570115327835083,-0.39084136486053467
12.349900007247925,-0.7251467704772949,0.24320828914642334,0.9848020818385793,1.9626551866531372,-0.2545284628868103,1.5038129091262817,0.018341798335313797,0.3137688934803009,-0.04002783074975014,3.60994553565979,-0.39029496908187866
12.39985179901123,-0.7177861332893372,0.24955740571022034,1.0129098172089683,1.967903971672058,-0.30662500858306885,1.504103183746338,0.05958818644285202,0.2728247046470642,-0.04478015750646591,3.6479644775390625,-0.38901227712631226
12.449887037277222,-0.7106684446334839,0.2564939260482788,1.038965089743532,1.9744123220443726,-0.3593430817127228,1.5058656930923462,0.10133174061775208,0.23461313545703888,-0.052293483167886734,3.685662269592285,-0.3872087895870209
12.499730825424194,-0.7036505341529846,0.2634897232055664,1.0641257237152115,1.9818066358566284,-0.411979615688324,1.5091137886047363,0.14346946775913239,0.19926124811172485,-0.06216463819146156,3.723377227783203,-0.3848860561847687
12.550148010253906,-0.6965014934539795,0.2711998522281647,1.0903590454991767,1.9890897274017334,-0.46558934450149536,1.5139739513397217,0.18597376346588135,0.16548064351081848,-0.07381457835435867,3.761334180831909,-0.3816654086112976
12.60048246383667,-0.6895262598991394,0.279224157333374,1.1167941373645465,1.9952009916305542,-0.5189957618713379,1.5205687284469604,0.22899886965751648,0.13237781822681427,-0.08655797690153122,3.798492193222046,-0.37687626481056213
12.649892807006836,-0.6824967265129089,0.2876238524913788,1.1439440879300435,1.9986474514007568,-0.5697664022445679,1.5282106399536133,0.27186447381973267,0.10085112601518631,-0.09926889091730118,3.8354671001434326,-0.3714815378189087
12.699867486953735,-0.6763635873794556,0.29512742161750793,1.1688094753637386,1.998381495475769,-0.6169251799583435,1.5358072519302368,0.3110744059085846,0.07298216968774796,-0.11032775789499283,3.871351480484009,-0.3666277527809143
12.750056028366089,-0.6706767082214355,0.30232781171798706,1.191622888929378,1.9942567348480225,-0.669856071472168,1.5436592102050781,0.35464999079704285,0.041859276592731476,-0.12044263631105423,3.909954071044922,-0.360140860080719
12.799954175949097,-0.6640720367431641,0.3110848069190979,1.2193714482036742,1.988073468208313,-0.7169987559318542,1.5494918823242188,0.3937741219997406,0.012379685416817665,-0.12678588926792145,3.9429142475128174,-0.35394778847694397
12.849919080734253,-0.6580967903137207,0.31933823227882385,1.2465777027474634,1.9805725812911987,-0.7662314772605896,1.554584264755249,0.43579357862472534,-0.018796168267726898,-0.13109499216079712,3.9786953926086426,-0.3492087125778198
12.89982533454895,-0.652341902256012,0.32792356610298157,1.2751329190267144,1.971967101097107,-0.818794846534729,1.5588819980621338,0.47947362065315247,-0.05034184828400612,-0.13358044624328613,4.017441272735596,-0.34592628479003906
12.949907541275024,-0.6472748517990112,0.33569350838661194,1.3027876166697754,1.9633439779281616,-0.8674219846725464,1.5625051259994507,0.5183667540550232,-0.07662490755319595,-0.1347624957561493,4.0512566566467285,-0.34392207860946655
12.99992299079895,-0.6419472098350525,0.3435874581336975,1.3360039883759467,1.9521970748901367,-0.9239447116851807,1.5664137601852417,0.5630399584770203,-0.10583974421024323,-0.13541379570960999,4.087158679962158,-0.3414928615093231
13.050226211547852,-0.6373332142829895,0.3511543273925781,1.3660495498498821,1.9405330419540405,-0.9725868701934814,1.5694698095321655,0.6025474071502686,-0.13123252987861633,-0.13546434044837952,4.1176066398620605,-0.33921024203300476
13.099787712097168,-0.631220817565918,0.36202526092529297,1.406655298772593,1.922984004020691,-1.0334910154342651,1.5718741416931152,0.6533190608024597,-0.16412463784217834,-0.13509611785411835,4.156569004058838,-0.3360000252723694
13.15010929107666,-0.6267824172973633,0.37065520882606506,1.440359805592379,1.9059938192367554,-1.0816479921340942,1.5724059343338013,0.6949006915092468,-0.1909923106431961,-0.13445940613746643,4.1883864402771,-0.33313992619514465
13.19981861114502,-0.6209989786148071,0.38318976759910583,1.4831683354806864,1.8807555437088013,-1.143900990486145,1.5711946487426758,0.7475070953369141,-0.22479665279388428,-0.13278576731681824,4.228923320770264,-0.329787015914917
13.25001335144043,-0.61642986536026,0.3930467367172241,1.521066817860119,1.8584721088409424,-1.1944981813430786,1.569450855255127,0.7927489876747131,-0.25333133339881897,-0.12997318804264069,4.262434482574463,-0.3259587585926056
13.299810647964478,-0.6121161580085754,0.40517374873161316,1.5598489137117693,1.8380378484725952,-1.2469085454940796,1.5675597190856934,0.8429805040359497,-0.28535985946655273,-0.12513870000839233,4.2974748611450195,-0.31872260570526123
13.349911451339722,-0.6083357930183411,0.41783058643341064,1.5951483110245843,1.8243118524551392,-1.2957227230072021,1.5665794610977173,0.8902949690818787,-0.3159104287624359,-0.11936880648136139,4.3299360275268555,-0.3090330958366394
13.3997962474823,-0.6055367588996887,0.4290293753147125,1.6246082292162567,1.8165463209152222,-1.3389414548873901,1.567598581314087,0.9313182830810547,-0.34412881731987,-0.11353934556245804,4.356947898864746,-0.2987731397151947
13.449935913085938,-0.6028656959533691,0.4433675706386566,1.658653360001874,1.8118679523468018,-1.3912112712860107,1.5715886354446411,0.9818358421325684,-0.3806343674659729,-0.10649370402097702,4.385986804962158,-0.2843570113182068
13.499959707260132,-0.6011705994606018,0.4553808867931366,1.6853784570726884,1.8108497858047485,-1.4339879751205444,1.5769367218017578,1.0242501497268677,-0.4124910235404968,-0.101614810526371,4.408252716064453,-0.270361989736557
13.55010461807251,-0.5994740724563599,0.4690139889717102,1.7109818807864001,1.8114300966262817,-1.4815607070922852,1.5838876962661743,1.0703667402267456,-0.44865894317626953,-0.09844953566789627,4.430604934692383,-0.25329262018203735
13.59996509552002,-0.5986936092376709,0.4818982779979706,1.7323691381946604,1.8133167028427124,-1.5282096862792969,1.5911056995391846,1.113024353981018,-0.4845743179321289,-0.09757411479949951,4.448907375335693,-0.23651482164859772
13.649741888046265,-0.5983032584190369,0.49461042881011963,1.7503427042694768,1.8164345026016235,-1.5777740478515625,1.598696231842041,1.155639410018921,-0.5198923945426941,-0.0983998030424118,4.463544845581055,-0.22038359940052032
13.699764728546143,-0.5985528826713562,0.5067259669303894,1.7630269216521783,1.820741057395935,-1.6266613006591797,1.6065303087234497,1.1965019702911377,-0.5504962205886841,-0.10052651911973953,4.474514961242676,-0.20508401095867157
13.749842882156372,-0.5996218919754028,0.5207040309906006,1.7736414022316163,1.827368974685669,-1.6820223331451416,1.6157201528549194,1.2428839206695557,-0.5811600089073181,-0.10405246913433075,4.484177589416504,-0.1877484768629074
13.799938917160034,-0.601105272769928,0.5332833528518677,1.7795943553017368,1.8343020677566528,-1.732313632965088,1.6245968341827393,1.2842861413955688,-0.6071572303771973,-0.10785991698503494,4.49083948135376,-0.17200779914855957
13.849905967712402,-0.6034949421882629,0.5476342439651489,1.7828374087316348,1.8419277667999268,-1.7876543998718262,1.6356854438781738,1.330302119255066,-0.637872040271759,-0.11159484088420868,4.495270252227783,-0.15420080721378326
13.899736166000366,-0.6061460971832275,0.561782717704773,1.783337435446343,1.8476866483688354,-1.8360687494277954,1.6473088264465332,1.3731814622879028,-0.6702637672424316,-0.1141396164894104,4.49713134765625,-0.13579052686691284
13.949821710586548,-0.6088111996650696,0.5757354497909546,1.7820726983167086,1.850557804107666,-1.8826689720153809,1.6589770317077637,1.415632963180542,-0.7050650119781494,-0.1164138987660408,4.49752140045166,-0.11792043596506119
13.999755144119263,-0.6119409799575806,0.5909960269927979,1.7779211294954615,1.8494925498962402,-1.9265942573547363,1.6693521738052368,1.4554096460342407,-0.7389744520187378,-0.11937158554792404,4.498285293579102,-0.10036180913448334
14.050012588500977,-0.6152811646461487,0.6064099669456482,1.7719847259663395,1.8447978496551514,-1.9722988605499268,1.678943157196045,1.4978690147399902,-0.7744414210319519,-0.124073825776577,4.5011491775512695,-0.08179838210344315
14.10020661354065,-0.6185209155082703,0.6221659183502197,1.7661168188805787,1.8376792669296265,-2.0170044898986816,1.6867210865020752,1.541439414024353,-0.8078993558883667,-0.1313222348690033,4.507192611694336,-0.06491386890411377
14.149758338928223,-0.6215748190879822,0.6391294002532959,1.7597710260629538,1.8291161060333252,-2.062941312789917,1.6929188966751099,1.5872572660446167,-0.841573178768158,-0.141526997089386,4.5153303146362305,-0.048062581568956375
14.199940919876099,-0.6248819231987,0.6552507877349854,1.7524735424425517,1.820778250694275,-2.1067516803741455,1.6967403888702393,1.6289916038513184,-0.8719199299812317,-0.15115408599376678,4.5214362144470215,-0.03069988265633583
14.250158309936523,-0.6279159188270569,0.6714308857917786,1.7454261565157656,1.8121483325958252,-2.152766704559326,1.6993709802627563,1.6689194440841675,-0.9004887342453003,-0.15889497101306915,4.525359630584717,-0.010615884326398373
14.300092220306396,-0.6310248970985413,0.6875720024108887,1.7376644071544232,1.8021011352539062,-2.201685667037964,1.7016842365264893,1.7079249620437622,-0.9278548955917358,-0.16494140028953552,4.527902603149414,0.01142246462404728
14.350172758102417,-0.6340247988700867,0.7039053440093994,1.7298930219345436,1.7900376319885254,-2.2517452239990234,1.703406810760498,1.746924638748169,-0.9558514356613159,-0.17017175257205963,4.530065536499023,0.03411394730210304
14.39989686012268,-0.6367509961128235,0.7192878723144531,1.7228588972408712,1.7759079933166504,-2.300182819366455,1.704452395439148,1.7865163087844849,-0.9868689179420471,-0.17486609518527985,4.531980514526367,0.05689765885472298
14.449842691421509,-0.6396645307540894,0.7352943420410156,1.7152232641709997,1.7597705125808716,-2.346547842025757,1.7043688297271729,1.8271706104278564,-1.0203992128372192,-0.1779303401708603,4.532233238220215,0.08141699433326721
14.49992847442627,-0.6423742771148682,0.7514172792434692,1.7077290432799621,1.7435663938522339,-2.3896119594573975,1.702936053276062,1.8669817447662354,-1.0541253089904785,-0.1790371686220169,4.53435754776001,0.1024940237402916
14.549841165542603,-0.645247220993042,0.7682722210884094,1.6997292481065798,1.7262160778045654,-2.4352967739105225,1.6989253759384155,1.9128451347351074,-1.0927714109420776,-0.17970390617847443,4.53819465637207,0.12349632382392883
14.600000858306885,-0.6476910710334778,0.7842675447463989,1.6917061462006788,1.710915207862854,-2.477029800415039,1.6929519176483154,1.9575350284576416,-1.1291022300720215,-0.18014180660247803,4.540065288543701,0.14197415113449097
14.64984393119812,-0.6506210565567017,0.7995783686637878,1.6846542779147382,1.6972981691360474,-2.5203471183776855,1.6859922409057617,2.0018064975738525,-1.1642699241638184,-0.18077006936073303,4.537610054016113,0.15941749513149261
14.699835777282715,-0.6527680158615112,0.8151439428329468,1.6762757298063797,1.6861547231674194,-2.5642850399017334,1.6798566579818726,2.0441062450408936,-1.1986875534057617,-0.18185321986675262,4.530371189117432,0.17536048591136932
14.750032901763916,-0.654908299446106,0.8306958079338074,1.6668254059892929,1.6777622699737549,-2.6071414947509766,1.6764624118804932,2.083778142929077,-1.2330400943756104,-0.18346092104911804,4.519457817077637,0.18896105885505676
14.799972295761108,-0.6569956541061401,0.8455972075462341,1.6556201536276465,1.671582579612732,-2.647854804992676,1.6756253242492676,2.1210711002349854,-1.2681647539138794,-0.1857239007949829,4.505422115325928,0.20018216967582703
14.84993577003479,-0.6591215133666992,0.8602450489997864,1.6427889495413062,1.6664036512374878,-2.687701463699341,1.6754971742630005,2.1562161445617676,-1.305422306060791,-0.1894311159849167,4.488530158996582,0.20996035635471344
14.89985990524292,-0.6611424684524536,0.8750013113021851,1.6288603169668856,1.6615346670150757,-2.7277660369873047,1.6751790046691895,2.189100742340088,-1.3434990644454956,-0.19506147503852844,4.469324111938477,0.21829219162464142
14.949967622756958,-0.6631318926811218,0.889788031578064,1.6127852357257004,1.6557974815368652,-2.769239664077759,1.6739177703857422,2.220067024230957,-1.3798906803131104,-0.20076057314872742,4.448293685913086,0.22592251002788544
15.000078439712524,-0.6649819612503052,0.9047351479530334,1.5949361201388357,1.6491681337356567,-2.811410665512085,1.6711705923080444,2.2495431900024414,-1.412960410118103,-0.20398707687854767,4.4256134033203125,0.23225057125091553
15.049965858459473,-0.6669516563415527,0.9192368388175964,1.576588108067765,1.6425578594207764,-2.85054087638855,1.668332576751709,2.276681661605835,-1.4417630434036255,-0.20571313798427582,4.403375625610352,0.23623330891132355
15.100027322769165,-0.6683386564254761,0.9321399331092834,1.5595953051507285,1.636707067489624,-2.88327693939209,1.6656876802444458,2.3003602027893066,-1.4656552076339722,-0.20798559486865997,4.382493495941162,0.23878608644008636
15.1498703956604,-0.6692320704460144,0.9497542381286621,1.537612129089535,1.6267374753952026,-2.9269816875457764,1.6620206832885742,2.334669589996338,-1.4973256587982178,-0.21376973390579224,4.35025691986084,0.24170784652233124
15.199944257736206,-0.6700882315635681,0.9646986722946167,1.5206023196738365,1.61880362033844,-2.9552831649780273,1.658994197845459,2.3591156005859375,-1.5162948369979858,-0.21956442296504974,4.326162815093994,0.24388378858566284
15.249979734420776,-0.6708027124404907,0.9824254512786865,1.499538716241719,1.6098161935806274,-2.986882209777832,1.6542648077011108,2.3895530700683594,-1.5340244770050049,-0.22683610022068024,4.2980475425720215,0.24677689373493195
15.299911260604858,-0.670924723148346,0.9968564510345459,1.4842244647025407,1.604029893875122,-3.0090980529785156,1.649292230606079,2.4132957458496094,-1.5438014268875122,-0.23119936883449554,4.275604248046875,0.2506919801235199
15.350038528442383,-0.6708288192749023,1.015917420387268,1.464728486385624,1.5983644723892212,-3.032264471054077,1.6428523063659668,2.43916654586792,-1.5526596307754517,-0.23442743718624115,4.247731685638428,0.25667616724967957
15.399902582168579,-0.6705387830734253,1.0328023433685303,1.4462962507500265,1.5929853916168213,-3.0506136417388916,1.6358708143234253,2.4612433910369873,-1.5592120885849,-0.2375640720129013,4.218630790710449,0.26351234316825867
15.45035433769226,-0.669703483581543,1.048850655555725,1.429891258229069,1.5897715091705322,-3.065622329711914,1.6289036273956299,2.4781527519226074,-1.562525987625122,-0.24062936007976532,4.191028594970703,0.2696020007133484
15.500232696533203,-0.668777346611023,1.0638117790222168,1.415003376307247,1.5883737802505493,-3.080754041671753,1.6221423149108887,2.489832878112793,-1.5629819631576538,-0.24352087080478668,4.164676666259766,0.27567070722579956
15.550277948379517,-0.6672113537788391,1.0800821781158447,1.4006912543687735,1.5867400169372559,-3.0979464054107666,1.6156185865402222,2.4978015422821045,-1.5598032474517822,-0.2451665699481964,4.135196208953857,0.2824409306049347
15.59994888305664,-0.6652679443359375,1.0950844287872314,1.3884334473344706,1.585418462753296,-3.1133644580841064,1.6111012697219849,2.5004987716674805,-1.5541836023330688,-0.24510008096694946,4.107108116149902,0.2893775701522827
15.649925947189331,-0.6628714799880981,1.1096892356872559,1.378461642228126,1.584333896636963,-3.126126289367676,1.607707142829895,2.4993271827697754,-1.5458145141601562,-0.2437448501586914,4.078933238983154,0.29677098989486694
15.699898958206177,-0.6603022217750549,1.1240532398223877,1.3693150979360051,1.5827066898345947,-3.1354727745056152,1.6052533388137817,2.4948294162750244,-1.534540057182312,-0.24120929837226868,4.0517120361328125,0.30419865250587463
15.749931573867798,-0.6575616002082825,1.1383768320083618,1.3622040282147012,1.5808420181274414,-3.1415553092956543,1.604547381401062,2.487088680267334,-1.5209368467330933,-0.23698513209819794,4.024089813232422,0.31276029348373413
15.799834251403809,-0.6545376181602478,1.1526161432266235,1.3574558170202695,1.5791804790496826,-3.144810199737549,1.6061930656433105,2.4766390323638916,-1.5055044889450073,-0.23327302932739258,3.9963440895080566,0.3218076527118683
15.8502676486969,-0.6516076922416687,1.1660168170928955,1.3541807452589167,1.5786521434783936,-3.1447627544403076,1.6100927591323853,2.4644510746002197,-1.4889888763427734,-0.22959259152412415,3.971069812774658,0.3291875720024109
15.899865627288818,-0.648253858089447,1.180948257446289,1.3510054045594595,1.578871726989746,-3.1410019397735596,1.6159343719482422,2.4490082263946533,-1.4689617156982422,-0.22698770463466644,3.9416937828063965,0.33643826842308044
15.950103044509888,-0.645100474357605,1.1953556537628174,1.3475163897460305,1.5799404382705688,-3.1325769424438477,1.622664451599121,2.432856559753418,-1.4493449926376343,-0.22658295929431915,3.9123733043670654,0.3424493670463562
15.99977421760559,-0.6420195698738098,1.2093839645385742,1.3440151289444342,1.5818400382995605,-3.1188080310821533,1.6304022073745728,2.4166195392608643,-1.4291574954986572,-0.2267855852842331,3.8824262619018555,0.347319096326828
16.04991579055786,-0.638595700263977,1.2244210243225098,1.3404872372279286,1.5848560333251953,-3.1004385948181152,1.6387091875076294,2.4022488594055176,-1.4093486070632935,-0.22749727964401245,3.8542017936706543,0.35059869289398193
16.099873781204224,-0.6352932453155518,1.239787220954895,1.3363068333376327,1.5898020267486572,-3.0757975578308105,1.6467461585998535,2.387730836868286,-1.3876169919967651,-0.22806349396705627,3.8244290351867676,0.35203301906585693
16.150039196014404,-0.6317291259765625,1.2562273740768433,1.3311020733458623,1.5971555709838867,-3.044158935546875,1.6535749435424805,2.37241268157959,-1.363478422164917,-0.2285114824771881,3.79240083694458,0.35138267278671265
16.199772834777832,-0.6284260153770447,1.2725063562393188,1.325424390855332,1.606181025505066,-3.0101428031921387,1.6587224006652832,2.3574297428131104,-1.3389021158218384,-0.23063860833644867,3.761212110519409,0.3494163453578949
16.250290870666504,-0.6252203583717346,1.2885249853134155,1.3193460689934415,1.6156436204910278,-2.9759182929992676,1.6628652811050415,2.3428704738616943,-1.3148977756500244,-0.2349696308374405,3.7313928604125977,0.3461497128009796
16.299832105636597,-0.6214320063591003,1.3068442344665527,1.3118096809248556,1.6259005069732666,-2.936697483062744,1.66608464717865,2.325172185897827,-1.2873852252960205,-0.24215134978294373,3.697232961654663,0.3408983647823334
16.350038528442383,-0.6172870397567749,1.3245006799697876,1.3041158986689638,1.6342406272888184,-2.8986191749572754,1.6671984195709229,2.3060994148254395,-1.2610026597976685,-0.250551700592041,3.6638858318328857,0.33434075117111206
16.399771213531494,-0.6126603484153748,1.3423192501068115,1.2965277067170373,1.6415221691131592,-2.860476016998291,1.666221261024475,2.284217596054077,-1.2335669994354248,-0.2603510916233063,3.6301395893096924,0.3261931240558624
16.44995617866516,-0.6078996062278748,1.359856128692627,1.2884602587405531,1.646494746208191,-2.8241968154907227,1.6631299257278442,2.2596945762634277,-1.2050131559371948,-0.2714464068412781,3.596754550933838,0.31754639744758606
16.499780654907227,-0.6027238965034485,1.3774548768997192,1.280223059526984,1.648703932762146,-2.790760040283203,1.6582839488983154,2.232919931411743,-1.1751130819320679,-0.28418922424316406,3.563948392868042,0.30931583046913147
16.54995083808899,-0.5972082018852234,1.3952653408050537,1.2721658097749942,1.6477251052856445,-2.758323907852173,1.6516351699829102,2.204423427581787,-1.1442843675613403,-0.29871872067451477,3.5311312675476074,0.30258244276046753
16.599822521209717,-0.5918816328048706,1.4128965139389038,1.2630358471277712,1.6433086395263672,-2.723806381225586,1.6433566808700562,2.1745283603668213,-1.113599181175232,-0.31629765033721924,3.4968385696411133,0.2979520559310913
16.649775981903076,-0.5864645838737488,1.4307245016098022,1.2532660083988094,1.6359291076660156,-2.686913251876831,1.6335147619247437,2.1437180042266846,-1.0826618671417236,-0.3371404707431793,3.461562395095825,0.294830322265625
16.699707746505737,-0.5809374451637268,1.4486571550369263,1.2423516965787784,1.6255607604980469,-2.6481516361236572,1.6221377849578857,2.1120870113372803,-1.0497571229934692,-0.35931986570358276,3.4279978275299072,0.29277467727661133
16.749948263168335,-0.5753381848335266,1.466122031211853,1.2314059236067627,1.6135616302490234,-2.6110479831695557,1.6104557514190674,2.081378936767578,-1.0167909860610962,-0.3799809515476227,3.398216962814331,0.29085808992385864
16.799956560134888,-0.5690494775772095,1.4860241413116455,1.2171367363158256,1.5978868007659912,-2.569826364517212,1.5979007482528687,2.0473930835723877,-0.9789727330207825,-0.4020226001739502,3.364356517791748,0.28895530104637146
16.85022735595703,-0.5626770257949829,1.5053727626800537,1.20278858285335,1.5810561180114746,-2.5309486389160156,1.5872414112091064,2.016052007675171,-0.9434654116630554,-0.42191001772880554,3.331404209136963,0.28730201721191406
16.89993190765381,-0.5563151836395264,1.5250372886657715,1.1865697426373991,1.5630937814712524,-2.4918575286865234,1.5769660472869873,1.9850285053253174,-0.9082647562026978,-0.44056612253189087,3.2978813648223877,0.28620412945747375
16.949764728546143,-0.5493608117103577,1.5449154376983643,1.1709849776637726,1.5454456806182861,-2.4539682865142822,1.5674479007720947,1.954042911529541,-0.8728653192520142,-0.4577353596687317,3.263455390930176,0.2863108813762665
16.999907970428467,-0.5435127019882202,1.561532974243164,1.1574143303222333,1.5297104120254517,-2.4174070358276367,1.5591894388198853,1.923380970954895,-0.8366711735725403,-0.47230401635169983,3.2284717559814453,0.2875053882598877
17.04995107650757,-0.5349490642547607,1.5848006010055542,1.1383410096759872,1.5169819593429565,-2.3812661170959473,1.5515563488006592,1.8926037549972534,-0.8003178834915161,-0.482902854681015,3.1937499046325684,0.2897244095802307
17.099717140197754,-0.5269973874092102,1.6048970222473145,1.121748502275935,1.50791335105896,-2.3439865112304688,1.5441195964813232,1.861068844795227,-0.7651262283325195,-0.4896171987056732,3.1584393978118896,0.29318898916244507
17.149845361709595,-0.5189698934555054,1.62496018409729,1.1055693028790092,1.502502679824829,-2.3058228492736816,1.5373210906982422,1.8280844688415527,-0.730706512928009,-0.4938497543334961,3.124298095703125,0.29647353291511536
17.199971199035645,-0.5106781721115112,1.6451406478881836,1.089392985317169,1.5006014108657837,-2.2676124572753906,1.5317691564559937,1.7938463687896729,-0.6969746351242065,-0.4966619610786438,3.0914664268493652,0.29813867807388306
17.249778985977173,-0.5017399787902832,1.6651239395141602,1.0740875416553712,1.5018470287322998,-2.230015277862549,1.5279957056045532,1.7586004734039307,-0.6626529693603516,-0.4982583820819855,3.0573344230651855,0.29864582419395447
17.299731731414795,-0.4923058748245239,1.684810996055603,1.0591057848266638,1.5063049793243408,-2.1929526329040527,1.5260553359985352,1.7224267721176147,-0.6279044151306152,-0.4985392093658447,3.0219669342041016,0.29739758372306824
17.349886178970337,-0.48342669010162354,1.7020530700683594,1.0465443089450563,1.514343500137329,-2.158705711364746,1.5257480144500732,1.689689040184021,-0.5968018770217896,-0.4968797266483307,2.9911792278289795,0.29512447118759155
17.399837017059326,-0.471970796585083,1.7233809232711792,1.0309045187923362,1.529710292816162,-2.113588809967041,1.5262295007705688,1.6479887962341309,-0.5571118593215942,-0.49201828241348267,2.9545094966888428,0.2909822165966034
17.449886798858643,-0.4619576930999756,1.7413067817687988,1.0182766562042944,1.547706127166748,-2.0737032890319824,1.5269333124160767,1.6116663217544556,-0.522621214389801,-0.48539045453071594,2.9234488010406494,0.2859148681163788
17.499749422073364,-0.45042988657951355,1.7612172365188599,1.0047105232577254,1.5723971128463745,-2.0290064811706543,1.5263211727142334,1.5711389780044556,-0.48289209604263306,-0.47592952847480774,2.888096570968628,0.27873843908309937
17.549787759780884,-0.439520001411438,1.7787635326385498,0.9935748004561407,1.597658395767212,-1.9898415803909302,1.5241073369979858,1.5364240407943726,-0.44613510370254517,-0.4664365351200104,2.8558731079101562,0.271168053150177
17.599852800369263,-0.42926910519599915,1.7951935529708862,0.9828717388042565,1.6233301162719727,-1.95368492603302,1.5206480026245117,1.5045573711395264,-0.41148853302001953,-0.4572376012802124,2.825023889541626,0.26296645402908325
17.649833917617798,-0.41523051261901855,1.8168206214904785,0.9696908761625588,1.6574352979660034,-1.907976508140564,1.5146262645721436,1.4633305072784424,-0.36624202132225037,-0.445881187915802,2.7842025756835938,0.2510151267051697
17.69974970817566,-0.40315699577331543,1.8352227210998535,0.9587852869800708,1.6842055320739746,-1.870955228805542,1.509012222290039,1.4291729927062988,-0.3269428610801697,-0.43770626187324524,2.749786853790283,0.24010279774665833
17.74973225593567,-0.3910999298095703,1.853430986404419,0.947453380112055,1.7078126668930054,-1.833793044090271,1.5036219358444214,1.3967185020446777,-0.28651779890060425,-0.43179047107696533,2.7145209312438965,0.22993384301662445
17.799838304519653,-0.3784451186656952,1.8717488050460815,0.9376417121811783,1.728065848350525,-1.7951760292053223,1.4980214834213257,1.3654252290725708,-0.24501559138298035,-0.4284828305244446,2.6801013946533203,0.22030243277549744
17.8498272895813,-0.36546647548675537,1.8898422718048096,0.9285794112296525,1.7446379661560059,-1.7557274103164673,1.4918917417526245,1.3349387645721436,-0.20337462425231934,-0.42778390645980835,2.6477115154266357,0.21255485713481903
17.899816274642944,-0.3521246612071991,1.907920479774475,0.9206101797431436,1.7576664686203003,-1.7167623043060303,1.4850298166275024,1.3054851293563843,-0.16409194469451904,-0.4285387396812439,2.614504814147949,0.20703744888305664
17.95000672340393,-0.3382214605808258,1.9261935949325562,0.9132321999298139,1.7678337097167969,-1.6783641576766968,1.477178692817688,1.2772700786590576,-0.12745214998722076,-0.4294009506702423,2.58052396774292,0.20365144312381744
18.000483989715576,-0.3241991102695465,1.9440803527832031,0.9051860547572569,1.776513695716858,-1.6393885612487793,1.468135118484497,1.2497345209121704,-0.0916999951004982,-0.4301989674568176,2.54862380027771,0.20167680084705353
18.049910068511963,-0.31026893854141235,1.961566686630249,0.8970546413403846,1.7838913202285767,-1.5995182991027832,1.4580591917037964,1.2228264808654785,-0.055303655564785004,-0.4312996566295624,2.520033597946167,0.19955560564994812
18.099950313568115,-0.2965333163738251,1.9786471128463745,0.887966218416758,1.7897852659225464,-1.5583168268203735,1.4475598335266113,1.1962147951126099,-0.017530519515275955,-0.4334663152694702,2.49168062210083,0.1974647343158722
18.149891138076782,-0.28564542531967163,1.9919629096984863,0.881999098789294,1.7943296432495117,-1.515855073928833,1.4367334842681885,1.16935133934021,0.021281791850924492,-0.4372985363006592,2.46199631690979,0.19650240242481232
18.19993829727173,-0.2694035470485687,2.0113143920898438,0.8722617574255433,1.7970517873764038,-1.4731743335723877,1.4259254932403564,1.1422981023788452,0.06010935455560684,-0.44343701004981995,2.432237148284912,0.1974063366651535
18.24984645843506,-0.2573954463005066,2.02580189704895,0.8633695535021458,1.7982888221740723,-1.4330861568450928,1.4167166948318481,1.117369532585144,0.09628605097532272,-0.4509328305721283,2.404846429824829,0.2003108710050583
18.299923181533813,-0.24422907829284668,2.0413284301757812,0.8517364144474642,1.7982875108718872,-1.3884143829345703,1.4072328805923462,1.090425729751587,0.13709421455860138,-0.4608909487724304,2.376030683517456,0.20558570325374603
18.34982180595398,-0.23250718414783478,2.0552978515625,0.8403804598978131,1.7979897260665894,-1.3465782403945923,1.3986282348632812,1.0653129816055298,0.1766735166311264,-0.47138670086860657,2.3495633602142334,0.21200460195541382
18.400091886520386,-0.221586212515831,2.0682590007781982,0.8265737634774902,1.7984620332717896,-1.3057035207748413,1.3914177417755127,1.0410445928573608,0.2165341079235077,-0.48170962929725647,2.321542501449585,0.2196274846792221
18.449998378753662,-0.2113635092973709,2.0805506706237793,0.8116191890610366,1.8005908727645874,-1.2649880647659302,1.385132908821106,1.0182812213897705,0.2556207776069641,-0.49124273657798767,2.293433904647827,0.22745372354984283
18.49985909461975,-0.2021438479423523,2.0916390419006348,0.7934358011065928,1.8048945665359497,-1.2242118120193481,1.379412293434143,0.996304988861084,0.29500097036361694,-0.49906325340270996,2.266709089279175,0.23426483571529388
18.54998755455017,-0.193659245967865,2.1018171310424805,0.775522900814257,1.8109869956970215,-1.185755729675293,1.3744460344314575,0.9753990173339844,0.3336111307144165,-0.5042657852172852,2.241050958633423,0.23958231508731842
18.599865674972534,-0.18530121445655823,2.1122288703918457,0.7531537232561241,1.8191732168197632,-1.1433916091918945,1.3701000213623047,0.9518947005271912,0.37787550687789917,-0.5070018768310547,2.2105886936187744,0.2444353848695755
18.649978637695312,-0.17763184010982513,2.121431350708008,0.7292208622989979,1.8275158405303955,-1.1037697792053223,1.367838740348816,0.9300028681755066,0.41940298676490784,-0.5072858929634094,2.1816365718841553,0.24759933352470398
18.699862241744995,-0.17057767510414124,2.1304802894592285,0.7024874942989487,1.8372606039047241,-1.064212679862976,1.3674519062042236,0.9085542559623718,0.4595624804496765,-0.5064672827720642,2.154646873474121,0.2488751858472824
18.749969244003296,-0.1637524962425232,2.138976573944092,0.6766694603027364,1.8483457565307617,-1.0260262489318848,1.368576169013977,0.889020562171936,0.4967763125896454,-0.5053056478500366,2.1301109790802,0.24816091358661652
18.799830436706543,-0.15589667856693268,2.1483216285705566,0.647388959001758,1.8632935285568237,-0.9823960661888123,1.3714746236801147,0.8682107329368591,0.5389329791069031,-0.5037393569946289,2.102947473526001,0.2452324628829956
18.849878072738647,-0.14771363139152527,2.1571052074432373,0.6206113730145022,1.8798500299453735,-0.9411690831184387,1.3753950595855713,0.849489688873291,0.5797333121299744,-0.5015895366668701,2.0780060291290283,0.2409949153661728
18.899824857711792,-0.1386958658695221,2.1658403873443604,0.5956208298037663,1.8988312482833862,-0.9013007879257202,1.3795281648635864,0.831366777420044,0.6213932037353516,-0.4981423318386078,2.0544188022613525,0.23493190109729767
18.949953079223633,-0.12933628261089325,2.1743476390838623,0.5697952728595477,1.9198176860809326,-0.8638405799865723,1.3834198713302612,0.8140722513198853,0.6634726524353027,-0.4925123155117035,2.031557559967041,0.22692903876304626
18.999970197677612,-0.11929015815258026,2.183074474334717,0.5450532135213798,1.9419013261795044,-0.8264400959014893,1.3863403797149658,0.7986994385719299,0.7052832841873169,-0.4839904010295868,2.0081629753112793,0.21697773039340973
19.049808979034424,-0.10918408632278442,2.1915199756622314,0.5195607275279515,1.9636311531066895,-0.78923100233078,1.3880211114883423,0.7848889827728271,0.7468616962432861,-0.47268351912498474,1.983566164970398,0.20642666518688202
19.099980354309082,-0.10180438309907913,2.197505235671997,0.5010250710357596,1.978698968887329,-0.7631272077560425,1.3887192010879517,0.7757783532142639,0.7768851518630981,-0.4634244441986084,1.9659218788146973,0.19860059022903442
19.14998197555542,-0.08931316435337067,2.2076785564422607,0.4707097926784098,2.0020878314971924,-0.7196848392486572,1.389188528060913,0.7619377970695496,0.8279525637626648,-0.44766420125961304,1.9347577095031738,0.1860019862651825
19.19985055923462,-0.0780232772231102,2.2160885334014893,0.446213336170557,2.019963264465332,-0.680610716342926,1.388635277748108,0.7516596913337708,0.870917022228241,-0.43554168939590454,1.9054657220840454,0.17639584839344025
19.249977111816406,-0.06739495694637299,2.2238316535949707,0.42284017125867795,2.034184455871582,-0.642061173915863,1.3873308897018433,0.7430418133735657,0.9117788076400757,-0.4267268478870392,1.875796914100647,0.16844291985034943
19.29982042312622,-0.05826772749423981,2.230067491531372,0.4044297855635045,2.0442001819610596,-0.609464704990387,1.385456919670105,0.7366750240325928,0.9473384022712708,-0.4221886098384857,1.8510879278182983,0.16264495253562927
19.349951028823853,-0.0459897518157959,2.237879514694214,0.38081388839995095,2.0559940338134766,-0.5661554932594299,1.3823484182357788,0.7293829917907715,0.9961464405059814,-0.42032697796821594,1.8173432350158691,0.15621289610862732
19.39981698989868,-0.03464307263493538,2.2445151805877686,0.36092193348303225,2.06577467918396,-0.5265653133392334,1.3786829710006714,0.7243371605873108,1.0392709970474243,-0.42160430550575256,1.7854121923446655,0.15049034357070923
19.449931621551514,-0.022447001188993454,2.25103759765625,0.3406582011667099,2.0753746032714844,-0.4836621880531311,1.3739455938339233,0.719721794128418,1.0813184976577759,-0.42445921897888184,1.749620795249939,0.14428120851516724
19.499817371368408,-0.012173617258667946,2.2564446926116943,0.3239706508184092,2.0821173191070557,-0.4469938278198242,1.3691797256469727,0.715805172920227,1.114639401435852,-0.42714881896972656,1.7182670831680298,0.1392136514186859
19.550010442733765,0.0011688434751704335,2.262676239013672,0.3044818653292592,2.0881404876708984,-0.40097367763519287,1.3624701499938965,0.7109563946723938,1.156491994857788,-0.4308221936225891,1.6768217086791992,0.1336202323436737
19.599812269210815,0.013000737875699997,2.2674167156219482,0.28968390535727906,2.090608835220337,-0.3619622588157654,1.356882929801941,0.7073066234588623,1.1936819553375244,-0.4343465268611908,1.6392420530319214,0.13043969869613647
19.649893760681152,0.02675129845738411,2.272657871246338,0.2738573830703486,2.091118812561035,-0.31765079498291016,1.3511556386947632,0.7034808993339539,1.2366089820861816,-0.43932247161865234,1.5956000089645386,0.12809202075004578
19.699851751327515,0.0397937186062336,2.277395009994507,0.25927367055430384,2.0916221141815186,-0.27617180347442627,1.3468025922775269,0.6994023323059082,1.2778196334838867,-0.445424884557724,1.5514891147613525,0.12752555310726166
19.749876260757446,0.052978016436100006,2.282036781311035,0.2446058456638129,2.093151092529297,-0.23619651794433594,1.3436654806137085,0.6945304870605469,1.3185607194900513,-0.45355677604675293,1.5062273740768433,0.12700645625591278
19.79977297782898,0.06647287309169769,2.286322832107544,0.23085837679821805,2.096386671066284,-0.196572408080101,1.3416682481765747,0.6889330148696899,1.3587267398834229,-0.4634585678577423,1.462241291999817,0.12503643333911896
19.849895477294922,0.08000441640615463,2.2902543544769287,0.2177881373904905,2.1020054817199707,-0.1563560664653778,1.341125726699829,0.6827427744865417,1.399574875831604,-0.4746161103248596,1.41810941696167,0.12235838174819946
19.899758338928223,0.09353197365999222,2.2938385009765625,0.2049980944458326,2.1094086170196533,-0.11509782075881958,1.3417396545410156,0.6756913661956787,1.440924882888794,-0.48579469323158264,1.3724969625473022,0.11895564943552017
19.95014452934265,0.10745084285736084,2.2972147464752197,0.19260934063584176,2.1178276538848877,-0.07353556156158447,1.3432546854019165,0.6673943996429443,1.4816807508468628,-0.4967098534107208,1.3268578052520752,0.1144016683101654
19.99976921081543,0.12135538458824158,2.3004252910614014,0.18073938077341783,2.1272988319396973,-0.03143243491649628,1.3454262018203735,0.6576403379440308,1.5216469764709473,-0.5075299739837646,1.2816736698150635,0.1090589165687561
20.049914360046387,0.13539616763591766,2.3034462928771973,0.1696859271374011,2.138880491256714,0.012508975341916084,1.3490577936172485,0.6466583013534546,1.5642273426055908,-0.5170797109603882,1.2350928783416748,0.10326091200113297
20.09974193572998,0.14959436655044556,2.3062987327575684,0.15990731525025362,2.152674436569214,0.059028610587120056,1.3540668487548828,0.6348211765289307,1.6101220846176147,-0.5235865116119385,1.1868115663528442,0.09686626493930817
20.149852514266968,0.16428719460964203,2.30907940864563,0.15047933026441918,2.1688804626464844,0.10725592076778412,1.3608615398406982,0.6226732134819031,1.6570370197296143,-0.5265212655067444,1.1380811929702759,0.08895059674978256
20.200039386749268,0.17739932239055634,2.3114216327667236,0.14309719049749542,2.186957359313965,0.15644416213035583,1.3688383102416992,0.6104075312614441,1.7029832601547241,-0.526751697063446,1.0900578498840332,0.07961373776197433
20.24999499320984,0.19430166482925415,2.314093828201294,0.13359143121241968,2.2057201862335205,0.20676280558109283,1.3780133724212646,0.5973667502403259,1.74785578250885,-0.525418758392334,1.0412111282348633,0.07011374831199646
20.299869298934937,0.2077779620885849,2.3159618377685547,0.12685447728130833,2.224027156829834,0.2583778500556946,1.3877869844436646,0.583253800868988,1.792354702949524,-0.5232892036437988,0.990260899066925,0.0620022676885128
20.350038528442383,0.22492656111717224,2.3183727264404297,0.117781191614883,2.240615129470825,0.3081319034099579,1.3972214460372925,0.567837119102478,1.8362431526184082,-0.5207453966140747,0.9406874179840088,0.056832797825336456
20.399781465530396,0.2382783591747284,2.320129156112671,0.11275366175270467,2.2534360885620117,0.3539545238018036,1.4051495790481567,0.5515620708465576,1.8771986961364746,-0.5173968076705933,0.895423173904419,0.05653243511915207
20.44991183280945,0.25594592094421387,2.3222668170928955,0.10436067922975097,2.263983726501465,0.40735527873039246,1.4122321605682373,0.5307853817939758,1.9228767156600952,-0.5118417143821716,0.846773624420166,0.06263533979654312
20.499732494354248,0.2709285020828247,2.3239946365356445,0.09904357520887555,2.2704293727874756,0.45900464057922363,1.4169842004776,0.5087990164756775,1.9664369821548462,-0.5038742423057556,0.8054256439208984,0.07237344980239868
20.5502986907959,0.2863800823688507,2.3255913257598877,0.09266132185985461,2.273885726928711,0.510704755783081,1.4200094938278198,0.48497506976127625,2.0109400749206543,-0.4935295283794403,0.7683218717575073,0.08186176419258118
20.60002565383911,0.3023543953895569,2.3271327018737793,0.08762483374541472,2.274854898452759,0.5611306428909302,1.4221991300582886,0.4594537913799286,2.0561683177948,-0.48143434524536133,0.7328145503997803,0.08955630660057068
20.6498601436615,0.318530410528183,2.328669786453247,0.08197919830340374,2.273592472076416,0.6108047366142273,1.423517107963562,0.43140777945518494,2.099393844604492,-0.4699852764606476,0.6960070729255676,0.09547730535268784
20.700047969818115,0.3336823582649231,2.329920768737793,0.07759313715607588,2.270512342453003,0.6610599756240845,1.424364686012268,0.40065476298332214,2.1423463821411133,-0.4606022238731384,0.6587275862693787,0.10020536929368973
20.749777793884277,0.34992727637290955,2.3313281536102295,0.07252891947173375,2.2646639347076416,0.7127471566200256,1.4235886335372925,0.367429256439209,2.187973737716675,-0.45488616824150085,0.6206917762756348,0.10471177846193314
20.7998948097229,0.36557236313819885,2.332235813140869,0.06817731261082734,2.2567975521087646,0.7656940221786499,1.4211955070495605,0.3323768079280853,2.2354681491851807,-0.4526936411857605,0.5831484198570251,0.11049490422010422
20.849830627441406,0.3803698718547821,2.3332901000976562,0.06425883064959334,2.246417999267578,0.8186441659927368,1.4166797399520874,0.29571881890296936,2.282804012298584,-0.4524955153465271,0.5455601811408997,0.11875319480895996
20.899927854537964,0.3962208926677704,2.3340938091278076,0.0608419071077744,2.234422206878662,0.8720405101776123,1.410649299621582,0.2571960985660553,2.327939987182617,-0.4530049264431,0.5074807405471802,0.12988151609897614
20.9501051902771,0.4114333391189575,2.334836006164551,0.05653265407862146,2.221630334854126,0.9259026050567627,1.4040894508361816,0.2167670726776123,2.371950387954712,-0.4537520706653595,0.47067147493362427,0.1392529010772705
20.999879360198975,0.426481693983078,2.335677146911621,0.05331551196708749,2.2098777294158936,0.9783746004104614,1.3974838256835938,0.17553237080574036,2.4161629676818848,-0.4546124041080475,0.43393218517303467,0.14496010541915894
21.05001974105835,0.44316837191581726,2.336505651473999,0.04889045914485616,2.200106382369995,1.0306448936462402,1.3916418552398682,0.13521970808506012,2.4609262943267822,-0.45579206943511963,0.39454516768455505,0.1491929441690445
21.099958419799805,0.4582716226577759,2.3370726108551025,0.04577774401652828,2.1927273273468018,1.082861065864563,1.386908769607544,0.09598484635353088,2.5062005519866943,-0.45774373412132263,0.3543413281440735,0.15203483402729034
21.149921894073486,0.47334107756614685,2.3376669883728027,0.04238000163170233,2.1875336170196533,1.1356257200241089,1.3832714557647705,0.05699653550982475,2.5510268211364746,-0.4605517089366913,0.31427255272865295,0.15393562614917755
21.199812650680542,0.48820748925209045,2.3381383419036865,0.038322914725131496,2.1832327842712402,1.1853246688842773,1.381303310394287,0.020384620875120163,2.5937509536743164,-0.4640386998653412,0.27686282992362976,0.15525832772254944
21.249897956848145,0.5034608840942383,2.3386077880859375,0.03542920784582166,2.1792073249816895,1.240684151649475,1.3800370693206787,-0.019443165510892868,2.6421499252319336,-0.4687057137489319,0.23533977568149567,0.1559966653585434
21.299997329711914,0.5188077688217163,2.3390438556671143,0.03153485508802007,2.176985025405884,1.290741205215454,1.3793542385101318,-0.05455077067017555,2.6842026710510254,-0.4735342264175415,0.1974603682756424,0.15514850616455078
21.34990644454956,0.5346953868865967,2.3393232822418213,0.028052603172194317,2.1765286922454834,1.348158597946167,1.3790950775146484,-0.094302698969841,2.731409788131714,-0.47834306955337524,0.1551935225725174,0.15130947530269623
21.39985418319702,0.5495580434799194,2.3395984172821045,0.02414208701239039,2.1785013675689697,1.401072382926941,1.379770278930664,-0.1311228722333908,2.7755603790283203,-0.47999465465545654,0.11714977025985718,0.1456262469291687
21.45020627975464,0.5630264282226562,2.339810371398926,0.02093352096831514,2.182466506958008,1.451583743095398,1.3818832635879517,-0.1669689118862152,2.8187341690063477,-0.4781120717525482,0.08142456412315369,0.13864262402057648
21.500069618225098,0.5805044174194336,2.340043306350708,0.01737735698295972,2.1893956661224365,1.5186972618103027,1.3865996599197388,-0.21494130790233612,2.8757667541503906,-0.4715311825275421,0.03425871953368187,0.12975169718265533
21.549946546554565,0.5941078066825867,2.3402037620544434,0.014099864956741733,2.1945016384124756,1.5710538625717163,1.3922090530395508,-0.2522711455821991,2.9185543060302734,-0.46455931663513184,-0.0012681360822170973,0.12382756918668747
21.5998432636261,0.6111535429954529,2.3401575088500977,0.010240763319923199,2.2005112171173096,1.6340197324752808,1.4009343385696411,-0.2998991310596466,2.9716362953186035,-0.4547988772392273,-0.04475349932909012,0.11552632600069046
21.6499183177948,0.6242492198944092,2.340270757675171,0.00775780023207655,2.2038958072662354,1.682502031326294,1.408521294593811,-0.3386003077030182,3.014352560043335,-0.4460553526878357,-0.07809936255216599,0.1098531037569046
21.69982147216797,0.6409388780593872,2.3403303623199463,0.0037531579254942095,2.205164909362793,1.7418081760406494,1.4167234897613525,-0.3865092396736145,3.067230701446533,-0.4345037639141083,-0.11870209872722626,0.10795624554157257
21.750062227249146,0.6548477411270142,2.3401522636413574,0.0009023774535959285,2.203718662261963,1.7906877994537354,1.4210925102233887,-0.42622110247612,3.111630916595459,-0.4261048436164856,-0.15058325231075287,0.10934899002313614
21.799805164337158,0.669605016708374,2.3400840759277344,-0.0020287077163026147,2.2003872394561768,1.8440473079681396,1.4229562282562256,-0.46992310881614685,3.1604926586151123,-0.41792064905166626,-0.18400011956691742,0.11187968403100967
21.850026845932007,0.6851340532302856,2.339989423751831,-0.005884251594575875,2.196178674697876,1.893622875213623,1.422385334968567,-0.5111304521560669,3.208263874053955,-0.4059058129787445,-0.2149897664785385,0.11454625427722931
21.899848461151123,0.697659432888031,2.3397939205169678,-0.008585511434202801,2.1916420459747314,1.9381359815597534,1.4207311868667603,-0.5467749238014221,3.2533175945281982,-0.39153796434402466,-0.24266374111175537,0.11720205098390579
21.950073719024658,0.7144899964332581,2.3395891189575195,-0.012624735007833416,2.18525767326355,1.9943774938583374,1.4184479713439941,-0.5902698636054993,3.311271905899048,-0.3714722990989685,-0.27742570638656616,0.12139435857534409
21.99983787536621,0.7283210158348083,2.3392715454101562,-0.015690193592813494,2.178084135055542,2.0458426475524902,1.4158095121383667,-0.628966748714447,3.3623974323272705,-0.3563325107097626,-0.3088531494140625,0.1266160011291504
22.049968242645264,0.7442044019699097,2.338665246963501,-0.019526484183934996,2.169078826904297,2.0978190898895264,1.4128410816192627,-0.6687623858451843,3.413494825363159,-0.3457350432872772,-0.33897864818573,0.1334688514471054
22.09981393814087,0.7587358355522156,2.3381786346435547,-0.022671629907935514,2.157977819442749,2.1500298976898193,1.408798336982727,-0.7095316052436829,3.464721202850342,-0.3392564058303833,-0.36747658252716064,0.14122970402240753
22.150024890899658,0.772803008556366,2.3375844955444336,-0.02619294351292592,2.145606517791748,2.1998562812805176,1.4040008783340454,-0.7484265565872192,3.513284683227539,-0.3361966609954834,-0.39254167675971985,0.15109531581401825
22.19981098175049,0.7887057662010193,2.336965799331665,-0.02994685452748255,2.132622241973877,2.252668619155884,1.3971874713897705,-0.7920099496841431,3.5658111572265625,-0.33347541093826294,-0.4195420742034912,0.16406969726085663
22.249980926513672,0.8030014634132385,2.3363301753997803,-0.03406107393838758,2.1237027645111084,2.2968504428863525,1.390273094177246,-0.8312066197395325,3.610165596008301,-0.32996076345443726,-0.44333118200302124,0.17298777401447296
22.299976110458374,0.817807137966156,2.3358256816864014,-0.036832669192603695,2.116964101791382,2.3433921337127686,1.3825500011444092,-0.872582197189331,3.6553690433502197,-0.32589685916900635,-0.4694218039512634,0.1839943379163742
22.34984540939331,0.8340613842010498,2.3350467681884766,-0.04043286171131637,2.112565040588379,2.3925745487213135,1.3749104738235474,-0.9160595536231995,3.702707290649414,-0.3227144479751587,-0.4974067807197571,0.19586829841136932
22.39980912208557,0.8492860198020935,2.334315061569214,-0.04415197509163634,2.109440326690674,2.4384007453918457,1.3691612482070923,-0.9569328427314758,3.7482733726501465,-0.3217550218105316,-0.522434413433075,0.20546609163284302
22.45011305809021,0.8633067607879639,2.3334758281707764,-0.04693401647710572,2.106746196746826,2.4804134368896484,1.3652288913726807,-0.9960155487060547,3.7919604778289795,-0.3234785795211792,-0.5434570908546448,0.21256984770298004
22.499868869781494,0.8793304562568665,2.3325819969177246,-0.049984989336380056,2.10451078414917,2.526658058166504,1.363027811050415,-1.0404013395309448,3.8401825428009033,-0.32730090618133545,-0.5651872754096985,0.21933254599571228
22.550009965896606,0.8944999575614929,2.3316102027893066,-0.05229990714582291,2.1028964519500732,2.5705978870391846,1.3625677824020386,-1.0819880962371826,3.8848021030426025,-0.3321318030357361,-0.5845016241073608,0.22465594112873077
22.599820852279663,0.9096202254295349,2.3304476737976074,-0.05376553943779875,2.10204815864563,2.6151461601257324,1.3629635572433472,-1.1224640607833862,3.9279396533966064,-0.3372967839241028,-0.6029916405677795,0.22790688276290894
22.649916648864746,0.9246938228607178,2.329216480255127,-0.05326156967110886,2.102781057357788,2.6601054668426514,1.3638150691986084,-1.1624079942703247,3.968329668045044,-0.34186437726020813,-0.6211289167404175,0.22998304665088654
22.699843883514404,0.9399402737617493,2.3276784420013428,-0.05237762093551039,2.105368137359619,2.704681634902954,1.3651751279830933,-1.20302414894104,4.010621547698975,-0.3439931273460388,-0.6390695571899414,0.2318110316991806
22.74984097480774,0.9552313089370728,2.3263747692108154,-0.049781202852992895,2.1082146167755127,2.7487430572509766,1.3676458597183228,-1.2439053058624268,4.054129123687744,-0.34236618876457214,-0.6572058200836182,0.23189570009708405
22.79984760284424,0.9706639051437378,2.324657440185547,-0.04565506370819822,2.1111433506011963,2.7924928665161133,1.371646761894226,-1.2843431234359741,4.096742153167725,-0.33709728717803955,-0.6756311058998108,0.22991256415843964
22.849847555160522,0.9859282970428467,2.323122501373291,-0.04163257309877297,2.1146090030670166,2.833543062210083,1.3770720958709717,-1.3240631818771362,4.136678695678711,-0.32983410358428955,-0.6927462816238403,0.22747060656547546
22.900399684906006,0.9997215270996094,2.3216845989227295,-0.038657995541359624,2.1171514987945557,2.8687703609466553,1.3838454484939575,-1.36125910282135,4.170590877532959,-0.32262900471687317,-0.7061942219734192,0.22412702441215515
22.949791431427002,1.0167173147201538,2.320190191268921,-0.03397844933502079,2.11700439453125,2.906022071838379,1.3924636840820312,-1.4031450748443604,4.2058024406433105,-0.31469860672950745,-0.7172873020172119,0.21720702946186066
22.99982738494873,1.0309010744094849,2.319087028503418,-0.03034022069756441,2.1124465465545654,2.9390082359313965,1.4005612134933472,-1.4429961442947388,4.23816442489624,-0.3064444065093994,-0.7246514558792114,0.20808075368404388
23.049803256988525,1.0460352897644043,2.3179471492767334,-0.02675547083119543,2.105250358581543,2.9671881198883057,1.4065431356430054,-1.479414939880371,4.267945766448975,-0.297697514295578,-0.7291500568389893,0.19839994609355927
23.100090742111206,1.0619966983795166,2.3167033195495605,-0.02332950486804995,2.095808506011963,2.9951133728027344,1.410157561302185,-1.5192267894744873,4.300005912780762,-0.28628817200660706,-0.7322336435317993,0.18625208735466003
23.149902820587158,1.0762087106704712,2.3156590461730957,-0.02047934229643002,2.085895538330078,3.0173239707946777,1.411346673965454,-1.5549449920654297,4.327203750610352,-0.27447301149368286,-0.7340519428253174,0.17424796521663666
23.199928283691406,1.0920432806015015,2.314607620239258,-0.017276595585898287,2.072399616241455,3.0397377014160156,1.4108595848083496,-1.5945273637771606,4.357104301452637,-0.2608737349510193,-0.7343485951423645,0.15976794064044952
23.249810457229614,1.1068626642227173,2.3138506412506104,-0.013745343631998018,2.0569138526916504,3.0584137439727783,1.409645915031433,-1.630659580230713,4.385349273681641,-0.24741286039352417,-0.7327814698219299,0.1456681340932846
23.29996657371521,1.118579387664795,2.313088893890381,-0.011163964704235385,2.043092966079712,3.0706706047058105,1.40843665599823,-1.65816330909729,4.4054412841796875,-0.2364310473203659,-0.7303764820098877,0.13451042771339417
23.350253582000732,1.1361868381500244,2.3122458457946777,-0.007773029275437945,2.0198822021484375,3.084868907928467,1.4062280654907227,-1.6999303102493286,4.432098865509033,-0.22238653898239136,-0.7256320714950562,0.11675740778446198
23.39987850189209,1.1522080898284912,2.311267375946045,-0.004110055921058952,1.9972113370895386,3.0927186012268066,1.4034137725830078,-1.7385653257369995,4.457963466644287,-0.2114177644252777,-0.7203002572059631,0.10047032684087753
23.44988203048706,1.1668554544448853,2.310415744781494,-0.002026614057178957,1.9748350381851196,3.0955352783203125,1.3998960256576538,-1.7733229398727417,4.483367443084717,-0.2025691121816635,-0.7151823043823242,0.08544126152992249
23.50028347969055,1.1794517040252686,2.309865951538086,-4.0395415106892865e-05,1.9539215564727783,3.096440076828003,1.3967560529708862,-1.8041808605194092,4.5065836906433105,-0.1960420161485672,-0.7104539275169373,0.07225383818149567
23.549997091293335,1.198610544204712,2.3090293407440186,0.002405345972038708,1.9252386093139648,3.0956339836120605,1.389939785003662,-1.8493525981903076,4.53972864151001,-0.18935182690620422,-0.7038549184799194,0.05329500138759613
23.600014209747314,1.2142618894577026,2.3083813190460205,0.0032567464366981156,1.9035149812698364,3.094728469848633,1.3841261863708496,-1.8862792253494263,4.566077709197998,-0.18542784452438354,-0.6985093951225281,0.038792356848716736
23.64981508255005,1.2297166585922241,2.3080267906188965,0.0032445624589384175,1.8814976215362549,3.094430446624756,1.3786957263946533,-1.9235138893127441,4.592738628387451,-0.1815183162689209,-0.6925682425498962,0.02544960007071495
23.700140953063965,1.2441692352294922,2.30749773979187,0.0005073641217560555,1.8605157136917114,3.0947046279907227,1.3747150897979736,-1.9576727151870728,4.61914587020874,-0.17741923034191132,-0.6851443648338318,0.014326436445116997
23.74983549118042,1.2594687938690186,2.307563543319702,-0.0046919208196229455,1.837460994720459,3.094255208969116,1.37129545211792,-1.9942915439605713,4.649902820587158,-0.17262966930866241,-0.6751067638397217,0.003746356349438429
23.800018072128296,1.271162509918213,2.3077595233917236,-0.011758973533611081,1.8192349672317505,3.0935146808624268,1.3693913221359253,-2.024765968322754,4.676764965057373,-0.1688365340232849,-0.6658200025558472,-0.003450774122029543
23.85023307800293,1.2845724821090698,2.3084850311279297,-0.024178665028335627,1.7974376678466797,3.092482566833496,1.3685393333435059,-2.0635783672332764,4.710409164428711,-0.16442044079303741,-0.6539326906204224,-0.010000694543123245
23.89975643157959,1.294545292854309,2.309500217437744,-0.037634406269961104,1.777793049812317,3.0919322967529297,1.3691812753677368,-2.0966360569000244,4.7396697998046875,-0.16161687672138214,-0.6425015926361084,-0.013937262818217278
23.949774503707886,1.3045352697372437,2.3105051517486572,-0.05664283607992012,1.753190040588379,3.0910353660583496,1.3707927465438843,-2.131289005279541,4.771937847137451,-0.15993937849998474,-0.627612829208374,-0.016279583796858788
23.999831914901733,1.3123301267623901,2.3118085861206055,-0.0785319054848889,1.7274788618087769,3.090282917022705,1.3734967708587646,-2.163041830062866,4.800870418548584,-0.158388152718544,-0.6120167374610901,-0.01586945541203022
24.04973030090332,1.319111704826355,2.313180685043335,-0.10348461535023086,1.6990550756454468,3.0897815227508545,1.3776673078536987,-2.1930582523345947,4.827278137207031,-0.15455815196037292,-0.5964985489845276,-0.012349170632660389
24.099841117858887,1.325006365776062,2.31467342376709,-0.12893821466590755,1.667869210243225,3.089921236038208,1.3837140798568726,-2.221250057220459,4.849843502044678,-0.1476047933101654,-0.5807352066040039,-0.005513901822268963
24.149882078170776,1.3303831815719604,2.315706491470337,-0.15157155131950065,1.6354820728302002,3.0900349617004395,1.391396403312683,-2.2455055713653564,4.86583948135376,-0.139601469039917,-0.5648579597473145,0.0035989265888929367
24.19980502128601,1.336997151374817,2.3166422843933105,-0.17849744064895964,1.5969607830047607,3.0908915996551514,1.4023323059082031,-2.267879009246826,4.876928329467773,-0.13121597468852997,-0.5454013347625732,0.0158529095351696
24.249743223190308,1.343548059463501,2.3171558380126953,-0.20414571416416638,1.5602174997329712,3.092425584793091,1.4131697416305542,-2.287325620651245,4.881555557250977,-0.12652802467346191,-0.5262330174446106,0.02812809869647026
24.299849033355713,1.3499470949172974,2.3178799152374268,-0.23212703068296986,1.5228995084762573,3.092585325241089,1.4241684675216675,-2.305525302886963,4.88165807723999,-0.12577277421951294,-0.5075095295906067,0.03926650434732437
24.349793910980225,1.356350302696228,2.3186428546905518,-0.26138615647111396,1.4896926879882812,3.092282295227051,1.433335304260254,-2.3220582008361816,4.878601551055908,-0.12756270170211792,-0.4895642399787903,0.047918397933244705
24.399919748306274,1.3635822534561157,2.3194327354431152,-0.29633590798644094,1.4572259187698364,3.091155529022217,1.4411120414733887,-2.339543581008911,4.8723464012146,-0.13092927634716034,-0.46885761618614197,0.05467181280255318
24.44974684715271,1.3704681396484375,2.3202428817749023,-0.33067512937609456,1.432267665863037,3.0890707969665527,1.446803092956543,-2.355483293533325,4.864073753356934,-0.1354537308216095,-0.44777625799179077,0.057873498648405075
24.499887704849243,1.3778126239776611,2.3209424018859863,-0.371117430082489,1.4126642942428589,3.0860800743103027,1.4505163431167603,-2.3693759441375732,4.8543853759765625,-0.14107757806777954,-0.42635634541511536,0.05820256471633911
24.549805879592896,1.3850421905517578,2.3215172290802,-0.4124434570403732,1.397295594215393,3.08231520652771,1.452715277671814,-2.380615472793579,4.84340238571167,-0.1490548998117447,-0.4058563709259033,0.05619063973426819
24.59998869895935,1.3918462991714478,2.3215794563293457,-0.4534809055269417,1.3859163522720337,3.078835964202881,1.4541045427322388,-2.3899648189544678,4.830742835998535,-0.15871240198612213,-0.3848772644996643,0.05199651047587395
24.64984917640686,1.4000054597854614,2.3218636512756348,-0.5036503020558433,1.3782511949539185,3.07657790184021,1.4550788402557373,-2.3981845378875732,4.815655708312988,-0.16960182785987854,-0.36232849955558777,0.04512738063931465
24.69989252090454,1.4079349040985107,2.32137131690979,-0.5528910274954822,1.3743422031402588,3.0758800506591797,1.4550279378890991,-2.405683755874634,4.797773838043213,-0.18148088455200195,-0.3390483260154724,0.03635481372475624
24.750017642974854,1.4161858558654785,2.3202569484710693,-0.6033096878624299,1.374436855316162,3.07625150680542,1.4534766674041748,-2.4131102561950684,4.777773857116699,-0.19450373947620392,-0.3164435923099518,0.025303468108177185
24.799811840057373,1.4244859218597412,2.318854331970215,-0.654503050794993,1.3781818151474,3.0782594680786133,1.4504612684249878,-2.4208247661590576,4.755945682525635,-0.2082415074110031,-0.29539424180984497,0.012335168197751045
24.850319623947144,1.432824969291687,2.3168258666992188,-0.7049807289135279,1.3849607706069946,3.082108497619629,1.4471123218536377,-2.4285237789154053,4.732769966125488,-0.2225169837474823,-0.27689069509506226,-0.0025832667015492916
24.899759531021118,1.4415265321731567,2.313699245452881,-0.7534802777054634,1.3937586545944214,3.0869789123535156,1.4443528652191162,-2.436795234680176,4.708287239074707,-0.23661832511425018,-0.2589679956436157,-0.019035428762435913
24.950186491012573,1.449930191040039,2.309980869293213,-0.7996965121143786,1.4039924144744873,3.0920050144195557,1.443375825881958,-2.445211887359619,4.682540416717529,-0.24974940717220306,-0.24150408804416656,-0.035663437098264694
24.99974822998047,1.4580024480819702,2.3057587146759033,-0.8429669364468813,1.4146015644073486,3.0969033241271973,1.4439648389816284,-2.453270673751831,4.65629243850708,-0.26158544421195984,-0.22272616624832153,-0.05182187259197235
25.049748420715332,1.4657423496246338,2.3009347915649414,-0.8824086569622053,1.425865888595581,3.10127854347229,1.4447427988052368,-2.4592831134796143,4.62982702255249,-0.27130696177482605,-0.20320665836334229,-0.0658452957868576
25.09976816177368,1.4733316898345947,2.2949750423431396,-0.9163751422641779,1.4374407529830933,3.105142831802368,1.4449423551559448,-2.46189022064209,4.604362964630127,-0.27923524379730225,-0.18236812949180603,-0.077664814889431
25.149879693984985,1.4800838232040405,2.288996934890747,-0.9469010375422078,1.4488250017166138,3.1084976196289062,1.4445220232009888,-2.4610912799835205,4.581183433532715,-0.2852906286716461,-0.16245467960834503,-0.08677589148283005
25.199763298034668,1.487508773803711,2.2821872234344482,-0.9788729892331849,1.4618275165557861,3.111356258392334,1.4432871341705322,-2.456477642059326,4.55518102645874,-0.2903096377849579,-0.14135028421878815,-0.09480902552604675
25.249900579452515,1.494350790977478,2.275158643722534,-1.0070459673052148,1.474442720413208,3.112807512283325,1.4406733512878418,-2.4491212368011475,4.528662204742432,-0.29323825240135193,-0.12215067446231842,-0.10078795999288559
25.299787044525146,1.501120686531067,2.2680821418762207,-1.0328397879323248,1.4870526790618896,3.11247181892395,1.4371616840362549,-2.438244104385376,4.499610424041748,-0.2939859628677368,-0.10124406218528748,-0.1060757115483284
25.34999370574951,1.5077037811279297,2.260781764984131,-1.0572084531005024,1.4992738962173462,3.110780715942383,1.4333149194717407,-2.424813747406006,4.468331336975098,-0.29274168610572815,-0.07828016579151154,-0.11001818627119064
25.39988899230957,1.5145407915115356,2.2528510093688965,-1.0803851680028977,1.5105113983154297,3.1090564727783203,1.4294500350952148,-2.4079527854919434,4.435474872589111,-0.2892442047595978,-0.05366695672273636,-0.11258168518543243
25.44987177848816,1.521153211593628,2.2442209720611572,-1.1026756562410216,1.5195566415786743,3.1083128452301025,1.4253525733947754,-2.389115571975708,4.401817798614502,-0.28353753685951233,-0.028366586193442345,-0.11288968473672867
25.499820709228516,1.5272889137268066,2.2358505725860596,-1.1226434695372993,1.52573561668396,3.1095142364501953,1.42110276222229,-2.3696632385253906,4.369598865509033,-0.27689269185066223,-0.003898985218256712,-0.11114351451396942
25.55050230026245,1.5342103242874146,2.226004123687744,-1.1454862974874391,1.529463529586792,3.1112406253814697,1.4162205457687378,-2.3462271690368652,4.333165645599365,-0.26858505606651306,0.02449408732354641,-0.10667890310287476
25.599769830703735,1.5409060716629028,2.215866804122925,-1.1660997121586192,1.5300546884536743,3.1132593154907227,1.411136507987976,-2.3222639560699463,4.297950267791748,-0.26058247685432434,0.05277479439973831,-0.10050203651189804
25.64977526664734,1.5470480918884277,2.2059438228607178,-1.1852169088883937,1.5288758277893066,3.114635705947876,1.4067065715789795,-2.2981626987457275,4.26484489440918,-0.25354334712028503,0.07980956882238388,-0.09365872293710709
25.699821710586548,1.5538772344589233,2.194255828857422,-1.20603784656173,1.5246928930282593,3.1162853240966797,1.4025036096572876,-2.270733118057251,4.22844123840332,-0.24702878296375275,0.11059006303548813,-0.08584186434745789
25.749736070632935,1.5598936080932617,2.1833884716033936,-1.2245793255183017,1.5184142589569092,3.1174511909484863,1.3990567922592163,-2.2466845512390137,4.193197727203369,-0.24300642311573029,0.14032433927059174,-0.07906030863523483
25.799720287322998,1.5663872957229614,2.1706748008728027,-1.2441983967793064,1.5104418992996216,3.118081569671631,1.396847128868103,-2.222654342651367,4.156618595123291,-0.24136856198310852,0.16913504898548126,-0.07377199828624725
25.84983491897583,1.571776270866394,2.1594457626342773,-1.2596989762947068,1.5027830600738525,3.117928981781006,1.395978331565857,-2.2009947299957275,4.124388694763184,-0.24166569113731384,0.19469207525253296,-0.07104367017745972
25.899749279022217,1.57819402217865,2.1451945304870605,-1.2791091844836207,1.4927198886871338,3.1156535148620605,1.396639347076416,-2.173759937286377,4.085481643676758,-0.2437351644039154,0.22718888521194458,-0.06995938718318939
25.949912548065186,1.583353042602539,2.132410764694214,-1.2941995760175535,1.483978033065796,3.1124682426452637,1.3989499807357788,-2.150487184524536,4.053509712219238,-0.24641333520412445,0.2540369927883148,-0.07028461992740631
25.999817848205566,1.5889652967453003,2.118056535720825,-1.3106475368769732,1.4742183685302734,3.1079487800598145,1.4038853645324707,-2.123858690261841,4.017198085784912,-0.2500171661376953,0.28304311633110046,-0.070793017745018
26.04991865158081,1.5934370756149292,2.1046323776245117,-1.3236270974267028,1.464951992034912,3.103276014328003,1.4107110500335693,-2.0984456539154053,3.9832284450531006,-0.25381606817245483,0.30944061279296875,-0.07170421630144119
26.100156545639038,1.5986250638961792,2.089761257171631,-1.338447049224223,1.4534788131713867,3.097240924835205,1.420620083808899,-2.068692207336426,3.9435832500457764,-0.25843700766563416,0.33983540534973145,-0.07341568171977997
26.14985704421997,1.603196382522583,2.075422525405884,-1.3518053902011418,1.4419583082199097,3.0910515785217285,1.4316980838775635,-2.0392227172851562,3.9046030044555664,-0.2638898193836212,0.3692223131656647,-0.0763268992304802
26.200021028518677,1.6076712608337402,2.0612363815307617,-1.3648324645654262,1.4296092987060547,3.084501266479492,1.4441735744476318,-2.009965658187866,3.8653810024261475,-0.27161723375320435,0.39905112981796265,-0.08115071058273315
26.24991464614868,1.6117072105407715,2.0468719005584717,-1.376906476582874,1.4171240329742432,3.077671527862549,1.4574850797653198,-1.9811877012252808,3.826547861099243,-0.2824607491493225,0.42919471859931946,-0.08792001008987427
26.299882173538208,1.6155632734298706,2.0324480533599854,-1.3881453514863882,1.4037922620773315,3.0700490474700928,1.4712467193603516,-1.9518336057662964,3.7877814769744873,-0.29557913541793823,0.4591083228588104,-0.09608756005764008
26.349971532821655,1.619089961051941,2.0178823471069336,-1.3984215750440447,1.3893753290176392,3.0613315105438232,1.4853912591934204,-1.9219262599945068,3.748769521713257,-0.3099835515022278,0.49016398191452026,-0.10566472262144089
26.399968147277832,1.622082233428955,2.004027843475342,-1.406830105429902,1.3748207092285156,3.051851511001587,1.4987202882766724,-1.8935188055038452,3.7120749950408936,-0.3235500752925873,0.5198415517807007,-0.1149626299738884
26.449869394302368,1.6251522302627563,1.989162564277649,-1.4144085154489174,1.3591570854187012,3.040151834487915,1.512162208557129,-1.8623294830322266,3.6730778217315674,-0.3378780782222748,0.550980269908905,-0.1240464448928833
26.499788284301758,1.6278233528137207,1.9726338386535645,-1.4201794635321812,1.3465237617492676,3.0290942192077637,1.5236421823501587,-1.8331893682479858,3.638684034347534,-0.3490438461303711,0.580540657043457,-0.13150475919246674
26.54993438720703,1.630441665649414,1.9570122957229614,-1.4249993946963861,1.3366854190826416,3.0180680751800537,1.5338412523269653,-1.8038736581802368,3.6045379638671875,-0.3575420379638672,0.6116061210632324,-0.13735665380954742
26.60007357597351,1.632624864578247,1.9405720233917236,-1.4275311199403034,1.3303077220916748,3.0071685314178467,1.5420904159545898,-1.7747743129730225,3.5704801082611084,-0.36397209763526917,0.6432587504386902,-0.14120543003082275
26.6500985622406,1.6346161365509033,1.924520492553711,-1.4276963288122362,1.327214241027832,2.9971179962158203,1.5484402179718018,-1.7479844093322754,3.5391383171081543,-0.36880961060523987,0.6714398860931396,-0.14268973469734192
26.699801921844482,1.6364713907241821,1.9065830707550049,-1.42477599977261,1.3273030519485474,2.9867920875549316,1.5543040037155151,-1.7182962894439697,3.5058581829071045,-0.3727857172489166,0.7018227577209473,-0.14183995127677917
26.750136852264404,1.6379761695861816,1.8902714252471924,-1.4201302823064144,1.3303608894348145,2.977414608001709,1.558546543121338,-1.6914533376693726,3.4771101474761963,-0.3751966059207916,0.7301251888275146,-0.1398075371980667
26.799805879592896,1.6393364667892456,1.8719208240509033,-1.412372504881654,1.3375422954559326,2.966749668121338,1.5614328384399414,-1.6607950925827026,3.4457454681396484,-0.37729912996292114,0.7623271942138672,-0.1362682580947876
26.849836111068726,1.640649676322937,1.8553953170776367,-1.403426284109712,1.3480056524276733,2.956019401550293,1.5623409748077393,-1.6315304040908813,3.4157519340515137,-0.3789239525794983,0.7928937077522278,-0.13155026733875275
26.899783611297607,1.6420384645462036,1.8369808197021484,-1.3916446920965042,1.3613731861114502,2.94499135017395,1.5608915090560913,-1.6022729873657227,3.385685443878174,-0.37984007596969604,0.8230162262916565,-0.12458950281143188
26.94984531402588,1.6434352397918701,1.819373369216919,-1.3794617141331071,1.3763912916183472,2.934495687484741,1.5572102069854736,-1.5731607675552368,3.356293201446533,-0.37956568598747253,0.8529259562492371,-0.1155143454670906
26.99979329109192,1.6449295282363892,1.8017184734344482,-1.366507542602718,1.3915966749191284,2.924518346786499,1.551794409751892,-1.5443170070648193,3.32817006111145,-0.377542108297348,0.8833535313606262,-0.1050906851887703
27.04985499382019,1.6465632915496826,1.7842261791229248,-1.3536499504446382,1.4067819118499756,2.913877248764038,1.5454636812210083,-1.5149294137954712,3.301718235015869,-0.37375959753990173,0.915277361869812,-0.09501175582408905
27.099865674972534,1.648331642150879,1.7674676179885864,-1.3418501102485836,1.4212112426757812,2.900923252105713,1.5395963191986084,-1.4855384826660156,3.276508092880249,-0.36821162700653076,0.9481645226478577,-0.08560633659362793
27.150035858154297,1.6507534980773926,1.7490029335021973,-1.3285113861946156,1.4354304075241089,2.886826992034912,1.5345258712768555,-1.457547903060913,3.252742290496826,-0.3615450859069824,0.9789780378341675,-0.07703114300966263
27.199841260910034,1.6533851623535156,1.7315243482589722,-1.3160179247755772,1.4490975141525269,2.8723487854003906,1.5307624340057373,-1.4310028553009033,3.2294299602508545,-0.3543488085269928,1.0102996826171875,-0.07038897275924683
27.249903440475464,1.6554255485534668,1.7181395292282104,-1.3068047623513428,1.4583741426467896,2.8614208698272705,1.5286794900894165,-1.4104368686676025,3.2112114429473877,-0.34883779287338257,1.035864233970642,-0.0664038360118866
27.29992127418518,1.6582456827163696,1.7018187046051025,-1.2957113797525472,1.469327688217163,2.8471031188964844,1.5270851850509644,-1.3816852569580078,3.1855671405792236,-0.341813862323761,1.0718178749084473,-0.06175922229886055
27.349881410598755,1.6620737314224243,1.6798045635223389,-1.2802272067295146,1.4776417016983032,2.8346059322357178,1.526680588722229,-1.35454261302948,3.159714698791504,-0.3358684182167053,1.1055433750152588,-0.057755373418331146
27.39989137649536,1.6652296781539917,1.6625572443008423,-1.268318082697061,1.4837596416473389,2.823742151260376,1.5273146629333496,-1.3308299779891968,3.136165142059326,-0.3308284282684326,1.1359810829162598,-0.05479054898023605
27.449849605560303,1.6687268018722534,1.6453789472579956,-1.2569680822521248,1.4889600276947021,2.811746835708618,1.528923511505127,-1.3068225383758545,3.113238573074341,-0.32645830512046814,1.1671667098999023,-0.05236627906560898
27.499903202056885,1.6710621118545532,1.6339566707611084,-1.2494725317453907,1.4918982982635498,2.801889181137085,1.5306744575500488,-1.289293885231018,3.097726583480835,-0.3238607943058014,1.189703345298767,-0.05085013061761856
27.549870491027832,1.6762382984161377,1.6111018657684326,-1.2347430032113567,1.4942114353179932,2.7832858562469482,1.5352011919021606,-1.2589706182479858,3.0718278884887695,-0.32022520899772644,1.2292512655258179,-0.049081213772296906
27.600109577178955,1.6805707216262817,1.5942456722259521,-1.2242124203547302,1.4931280612945557,2.768845558166504,1.540209174156189,-1.2365155220031738,3.052493095397949,-0.31783661246299744,1.258585810661316,-0.048980534076690674
27.6500244140625,1.6848196983337402,1.5784635543823242,-1.215174769832202,1.4893577098846436,2.755284547805786,1.5458439588546753,-1.2170003652572632,3.03497052192688,-0.31579697132110596,1.2859869003295898,-0.04991305619478226
27.700011014938354,1.6895705461502075,1.5619806051254272,-1.2055062200206246,1.483153223991394,2.741330862045288,1.552107810974121,-1.197332501411438,3.0176126956939697,-0.3143068850040436,1.3158059120178223,-0.051589902490377426
27.749880075454712,1.69485604763031,1.544385313987732,-1.1958372194850855,1.473865270614624,2.725743055343628,1.558642864227295,-1.1774487495422363,3.000439405441284,-0.3134114444255829,1.3452186584472656,-0.052227895706892014
27.80001401901245,1.6998082399368286,1.5285025835037231,-1.187594247558467,1.4631422758102417,2.711338520050049,1.5638409852981567,-1.1599082946777344,2.9859135150909424,-0.31317275762557983,1.3724515438079834,-0.052126601338386536
27.8497257232666,1.7055679559707642,1.5107109546661377,-1.178491575510742,1.448137640953064,2.695033073425293,1.5681824684143066,-1.141097068786621,2.9703238010406494,-0.3134840130805969,1.4042367935180664,-0.050900351256132126
27.900288581848145,1.7111371755599976,1.493559718132019,-1.1704942698390006,1.4310475587844849,2.6794493198394775,1.5710290670394897,-1.1238611936569214,2.9556002616882324,-0.3146379888057709,1.4342707395553589,-0.04886519908905029
27.949831008911133,1.717162847518921,1.4763805866241455,-1.1627657618617913,1.411309838294983,2.663700580596924,1.572453498840332,-1.1070290803909302,2.9406044483184814,-0.3167373239994049,1.4636176824569702,-0.04601050913333893
28.00005054473877,1.722649335861206,1.4611015319824219,-1.1564487324011035,1.392898678779602,2.6498517990112305,1.5725581645965576,-1.0927255153656006,2.9270267486572266,-0.31936055421829224,1.4898258447647095,-0.042223766446113586
28.04978919029236,1.7295377254486084,1.4420758485794067,-1.1481448674315182,1.369368314743042,2.6334993839263916,1.5719622373580933,-1.0760098695755005,2.909620523452759,-0.32322144508361816,1.5232408046722412,-0.03617453947663307
28.099879503250122,1.7356550693511963,1.4256705045700073,-1.1414656820187201,1.3503451347351074,2.6196982860565186,1.5706474781036377,-1.062122106552124,2.895228624343872,-0.3264356851577759,1.5519866943359375,-0.029757218435406685
28.149840116500854,1.7425121068954468,1.4075556993484497,-1.134391820127769,1.3302520513534546,2.6033403873443604,1.568020224571228,-1.0463887453079224,2.879352569580078,-0.3302411735057831,1.5846784114837646,-0.02102489396929741
28.20004940032959,1.748848795890808,1.3912571668624878,-1.1278948765515977,1.3132092952728271,2.5874454975128174,1.5646090507507324,-1.0321191549301147,2.8646297454833984,-0.33401918411254883,1.6135845184326172,-0.01142724696546793
28.24987292289734,1.7560635805130005,1.3731533288955688,-1.120935957158869,1.2953401803970337,2.5682320594787598,1.559333324432373,-1.0158573389053345,2.847442626953125,-0.3388354480266571,1.645646333694458,-7.45057623134926e-05
28.30009698867798,1.7630581855773926,1.3561595678329468,-1.113961498196108,1.2803913354873657,2.548976182937622,1.5528967380523682,-0.9999849796295166,2.8307347297668457,-0.34385979175567627,1.6773557662963867,0.010483862832188606
28.349811553955078,1.7697833776474,1.3395195007324219,-1.1068506186924925,1.268429160118103,2.5295166969299316,1.5446908473968506,-0.9837550520896912,2.8139734268188477,-0.3495537340641022,1.7100162506103516,0.02039102278649807
28.400066614151,1.77654230594635,1.3234412670135498,-1.1001577882910871,1.2593461275100708,2.5105621814727783,1.5346630811691284,-0.9672231674194336,2.7971203327178955,-0.35579800605773926,1.7412049770355225,0.029044482856988907
28.449819803237915,1.7833969593048096,1.307974934577942,-1.0936683264851428,1.252462387084961,2.492098093032837,1.5228302478790283,-0.9505084156990051,2.7793526649475098,-0.36316677927970886,1.7737270593643188,0.03557242825627327
28.499986171722412,1.7892587184906006,1.2943800687789917,-1.0848395634799,1.247511386871338,2.4737908840179443,1.5102522373199463,-0.9349903464317322,2.761103391647339,-0.37099629640579224,1.8060204982757568,0.03961809724569321
28.549824237823486,1.7950797080993652,1.2804158926010132,-1.0745375721119743,1.2436625957489014,2.4516286849975586,1.4946918487548828,-0.9170960187911987,2.7396295070648193,-0.38041234016418457,1.8412331342697144,0.04202045872807503
28.60002875328064,1.7999742031097412,1.2683589458465576,-1.0632707796791327,1.2421855926513672,2.4289495944976807,1.479268193244934,-0.8990262746810913,2.7180869579315186,-0.3899744153022766,1.8727084398269653,0.042460910975933075
28.649792671203613,1.803779125213623,1.2581924200057983,-1.05065462621014,1.2434006929397583,2.4051923751831055,1.4641461372375488,-0.8806814551353455,2.695605754852295,-0.399924635887146,1.904147982597351,0.04174447059631348
28.699960231781006,1.8069287538528442,1.249433994293213,-1.03569010549995,1.2474884986877441,2.381796360015869,1.4505116939544678,-0.8636481761932373,2.673513650894165,-0.409686803817749,1.9339574575424194,0.04062116891145706
28.749751567840576,1.809478521347046,1.241649866104126,-1.017065754787516,1.2554384469985962,2.3549740314483643,1.4358856678009033,-0.843825101852417,2.6483583450317383,-0.4203556478023529,1.9667658805847168,0.03866257146000862
28.800050020217896,1.8112664222717285,1.2350965738296509,-0.9939305324991559,1.2660208940505981,2.3302159309387207,1.4228147268295288,-0.8235999345779419,2.6255531311035156,-0.42978477478027344,1.996504306793213,0.034761618822813034
28.849773168563843,1.812152624130249,1.2297022342681885,-0.9706960507726666,1.278841495513916,2.306499719619751,1.41085946559906,-0.8020407557487488,2.6033565998077393,-0.4380386471748352,2.0247015953063965,0.030123688280582428
28.89991307258606,1.8133022785186768,1.224821925163269,-0.9509890356440132,1.292466163635254,2.2847838401794434,1.4008163213729858,-0.7802866697311401,2.5814156532287598,-0.444606214761734,2.052192449569702,0.02562495321035385
28.94992208480835,1.8149200677871704,1.2194167375564575,-0.9285722426533815,1.3082218170166016,2.2612969875335693,1.3910166025161743,-0.7547242045402527,2.5565943717956543,-0.45097893476486206,2.0829882621765137,0.02153599075973034
28.999910831451416,1.8166667222976685,1.2142544984817505,-0.9080936911955041,1.3230100870132446,2.2393481731414795,1.3829201459884644,-0.7291627526283264,2.5347516536712646,-0.456278532743454,2.11356782913208,0.019554901868104935
29.049909353256226,1.8186780214309692,1.2088953256607056,-0.8892706783603899,1.3368395566940308,2.2166993618011475,1.3755179643630981,-0.7028011679649353,2.515066146850586,-0.4607033431529999,2.1460835933685303,0.019089464098215103
29.099844217300415,1.8211359977722168,1.2032183408737183,-0.8713622144980848,1.3492310047149658,2.1927871704101562,1.3692010641098022,-0.6759013533592224,2.4959096908569336,-0.46452030539512634,2.1800694465637207,0.01956591010093689
29.149765491485596,1.82382071018219,1.1975165605545044,-0.8549787516826204,1.359989047050476,2.168759346008301,1.3644660711288452,-0.6484048962593079,2.475863456726074,-0.4678073227405548,2.214841365814209,0.020350974053144455
29.199908018112183,1.8267390727996826,1.1919150352478027,-0.8407595671765407,1.3693889379501343,2.1458799839019775,1.3610496520996094,-0.62041175365448,2.454498052597046,-0.4706818461418152,2.2499828338623047,0.021648462861776352
29.249873161315918,1.829723596572876,1.186439037322998,-0.8273167360471956,1.3765218257904053,2.125709295272827,1.3587146997451782,-0.5938454866409302,2.43277907371521,-0.4730292558670044,2.2838387489318848,0.023292848840355873
29.29985284805298,1.8332240581512451,1.1800342798233032,-0.8107694058552193,1.3821815252304077,2.1049933433532715,1.3568576574325562,-0.5646865367889404,2.406182050704956,-0.4750702977180481,2.3224213123321533,0.026195649057626724
29.349790334701538,1.8368198871612549,1.1736085414886475,-0.7939756807634466,1.3858667612075806,2.085814952850342,1.3547955751419067,-0.5378633141517639,2.3786513805389404,-0.4759974181652069,2.359539747238159,0.0306943841278553
29.399795532226562,1.8405876159667969,1.1666479110717773,-0.7752202821858829,1.3880200386047363,2.065558433532715,1.3528326749801636,-0.5110788345336914,2.348686933517456,-0.475985586643219,2.3969829082489014,0.036678746342659
29.44987392425537,1.8446074724197388,1.159745693206787,-0.7566838389120031,1.388445258140564,2.045619487762451,1.351060152053833,-0.4851472079753876,2.318579912185669,-0.47504985332489014,2.432645320892334,0.04211997613310814
29.49980401992798,1.8497014045715332,1.1517448425292969,-0.7347630536159069,1.3868926763534546,2.0234744548797607,1.34857177734375,-0.45728984475135803,2.2851943969726562,-0.4731716215610504,2.470350742340088,0.047065913677215576
29.5500910282135,1.8555089235305786,1.1426018476486206,-0.7094632668129564,1.3823935985565186,1.999732494354248,1.3454428911209106,-0.4285616874694824,2.2490806579589844,-0.4704659879207611,2.5063843727111816,0.0511741004884243
29.60006070137024,1.8619359731674194,1.133480429649353,-0.6841462063316649,1.3749608993530273,1.9772695302963257,1.341917872428894,-0.40177446603775024,2.2139782905578613,-0.4673274755477905,2.540125608444214,0.05298563838005066
29.64984917640686,1.868694543838501,1.1243994235992432,-0.6581622221266406,1.3647557497024536,1.9566266536712646,1.3379127979278564,-0.37614789605140686,2.179320812225342,-0.46402424573898315,2.573122501373291,0.052279457449913025
29.699775457382202,1.876940369606018,1.1138895750045776,-0.6272703161946943,1.349826455116272,1.934881567955017,1.333107590675354,-0.3468415141105652,2.1386704444885254,-0.46037226915359497,2.6090121269226074,0.049604691565036774
29.749903202056885,1.8855634927749634,1.1035820245742798,-0.5973944735293807,1.332743525505066,1.9160584211349487,1.3281232118606567,-0.31899815797805786,2.1002120971679688,-0.45771241188049316,2.6409432888031006,0.0459103062748909
29.79976201057434,1.8949213027954102,1.0929994583129883,-0.5685693777378265,1.3137061595916748,1.8979483842849731,1.3222399950027466,-0.2909047305583954,2.0605976581573486,-0.45564472675323486,2.6724698543548584,0.04149354621767998
29.84990167617798,1.9050662517547607,1.0824906826019287,-0.5403322172231362,1.293477177619934,1.8804453611373901,1.3153668642044067,-0.2626836895942688,2.0191233158111572,-0.45459574460983276,2.7048721313476562,0.036124326288700104
29.899776220321655,1.9160144329071045,1.0723910331726074,-0.5137286601411293,1.273193120956421,1.863694429397583,1.3076767921447754,-0.23472219705581665,1.9760897159576416,-0.45473670959472656,2.738415241241455,0.029920360073447227
29.949830293655396,1.9267374277114868,1.0631763935089111,-0.4904358791594093,1.2549107074737549,1.8475877046585083,1.3003807067871094,-0.20848941802978516,1.935137391090393,-0.4562670886516571,2.770386219024658,0.022999737411737442
29.999767541885376,1.9394019842147827,1.0536317825317383,-0.46711200874981945,1.2360785007476807,1.8282101154327393,1.2922030687332153,-0.17808423936367035,1.8896695375442505,-0.4598436951637268,2.8065357208251953,0.01347776222974062
30.049800157546997,1.951214075088501,1.0456088781356812,-0.448698027882418,1.2208452224731445,1.8098481893539429,1.2856093645095825,-0.1500396579504013,1.8484331369400024,-0.46430161595344543,2.8376917839050293,0.003307471051812172
30.09991955757141,1.965052843093872,1.0367511510849,-0.4311795252745102,1.2060381174087524,1.7893134355545044,1.280079960823059,-0.11963094025850296,1.8005726337432861,-0.47033005952835083,2.8725922107696533,-0.009435903280973434
30.14977788925171,1.9773446321487427,1.0294404029846191,-0.41888752141279006,1.1954941749572754,1.7715470790863037,1.2770202159881592,-0.09333280473947525,1.7564173936843872,-0.4766661822795868,2.9033539295196533,-0.020641550421714783
30.199971199035645,1.9936567544937134,1.0205332040786743,-0.4081410491497456,1.1871051788330078,1.7531245946884155,1.2751563787460327,-0.06325671076774597,1.7060545682907104,-0.485336571931839,2.935452461242676,-0.031455058604478836
30.2499098777771,2.008068561553955,1.0131402015686035,-0.4014098160128923,1.1825100183486938,1.7377426624298096,1.2750113010406494,-0.035854317247867584,1.6600258350372314,-0.494833379983902,2.9662394523620605,-0.039975062012672424
30.299877405166626,2.025322437286377,1.0046895742416382,-0.3971812408161777,1.1802152395248413,1.720706820487976,1.2762576341629028,-0.0064647505059838295,1.6073088645935059,-0.506817638874054,3.001339912414551,-0.047744300216436386
30.349886178970337,2.042358160018921,0.9967435598373413,-0.39420243728919413,1.1807646751403809,1.703351378440857,1.2789195775985718,0.019801119342446327,1.5564764738082886,-0.5185944437980652,3.0329701900482178,-0.053845375776290894
30.400009870529175,2.0598554611206055,0.9885953664779663,-0.3915783018727089,1.1843039989471436,1.6844621896743774,1.2834340333938599,0.046360667794942856,1.5056103467941284,-0.5297554135322571,3.062488317489624,-0.059065498411655426
30.449864625930786,2.077458620071411,0.980463445186615,-0.389706677100485,1.1918189525604248,1.6644964218139648,1.28922700881958,0.07340259850025177,1.456165075302124,-0.5398629903793335,3.093043088912964,-0.06284855306148529
30.50001335144043,2.0940191745758057,0.9728130102157593,-0.3878997652138797,1.2032748460769653,1.6441540718078613,1.2965831756591797,0.10009029507637024,1.4074617624282837,-0.547362744808197,3.125566244125366,-0.0654221698641777
30.549860954284668,2.112154483795166,0.9645208120346069,-0.3858953702986229,1.2182315587997437,1.6242787837982178,1.305783748626709,0.1255338340997696,1.3590294122695923,-0.5506165027618408,3.159433126449585,-0.06685301661491394
30.6000657081604,2.128674030303955,0.9571296572685242,-0.3837749842209398,1.235640287399292,1.606224536895752,1.316927433013916,0.14929816126823425,1.3118572235107422,-0.5499173998832703,3.194491147994995,-0.06703871488571167
30.65019655227661,2.1434640884399414,0.9504472613334656,-0.3814151512856704,1.2537283897399902,1.5905967950820923,1.3287153244018555,0.17087224125862122,1.2689095735549927,-0.5472154021263123,3.2293620109558105,-0.06580808013677597
30.700035572052002,2.1595897674560547,0.9433853626251221,-0.3785585938885751,1.2756680250167847,1.5730654001235962,1.3419771194458008,0.19490927457809448,1.2234952449798584,-0.543462336063385,3.2703006267547607,-0.06327348202466965
30.749757528305054,2.174470901489258,0.9367440938949585,-0.3752035442153859,1.2970452308654785,1.556304693222046,1.3539226055145264,0.21795007586479187,1.1823514699935913,-0.5395720601081848,3.3100225925445557,-0.06126978620886803
30.799910068511963,2.1884775161743164,0.9303412437438965,-0.36964632437159584,1.31838059425354,1.5388737916946411,1.3647148609161377,0.24033331871032715,1.141296625137329,-0.5345651507377625,3.3490307331085205,-0.06002300977706909
30.849730730056763,2.2017433643341064,0.924134373664856,-0.36369557539116343,1.3395055532455444,1.5211623907089233,1.3746079206466675,0.26230016350746155,1.0999319553375244,-0.5278860330581665,3.385305404663086,-0.05991647392511368
30.89986777305603,2.213507890701294,0.9186340570449829,-0.3571335213786028,1.358711838722229,1.504526972770691,1.3835973739624023,0.2829618752002716,1.060411810874939,-0.5199219584465027,3.418663740158081,-0.06211971491575241
30.949804067611694,2.225534439086914,0.9132721424102783,-0.35012182163895633,1.377962589263916,1.4869962930679321,1.393088459968567,0.30382272601127625,1.018546462059021,-0.5097015500068665,3.4546940326690674,-0.06709475070238113
30.99995517730713,2.2375800609588623,0.9075825214385986,-0.3462423524009533,1.3975681066513062,1.4690375328063965,1.40171480178833,0.32451939582824707,0.9740812182426453,-0.4983043074607849,3.491694211959839,-0.07431335747241974
31.049779891967773,2.2484130859375,0.9030264019966125,-0.3409741032974121,1.413774013519287,1.4533005952835083,1.4087092876434326,0.3431336581707001,0.9344559907913208,-0.4877117872238159,3.522210121154785,-0.08123424649238586
31.10099172592163,2.260531425476074,0.8978403210639954,-0.33507698114035706,1.429918646812439,1.4363199472427368,1.415937066078186,0.3648896813392639,0.8914082050323486,-0.4732097089290619,3.554905891418457,-0.08876334875822067
31.149763107299805,2.271911859512329,0.8932944536209106,-0.33096534439349695,1.4424772262573242,1.4214255809783936,1.4221082925796509,0.3859531283378601,0.8506942987442017,-0.4564872980117798,3.5863704681396484,-0.09562888741493225
31.199973106384277,2.2838025093078613,0.8884292840957642,-0.3254740046454084,1.4522395133972168,1.4078906774520874,1.427463412284851,0.40632832050323486,0.8061413168907166,-0.4396909773349762,3.617692232131958,-0.10256975144147873
31.24980616569519,2.295663595199585,0.8835800886154175,-0.3200995137687671,1.4591337442398071,1.3954684734344482,1.4317206144332886,0.425545334815979,0.7565876245498657,-0.42720240354537964,3.6497962474823,-0.11029355973005295
31.299896717071533,2.307711601257324,0.8787056803703308,-0.3147106995319938,1.4628593921661377,1.3831149339675903,1.4349720478057861,0.4440978467464447,0.7041491866111755,-0.41961389780044556,3.6819050312042236,-0.11944527179002762
31.349794387817383,2.3200976848602295,0.8734979033470154,-0.3085664394803446,1.4628844261169434,1.3706012964248657,1.437865972518921,0.46344998478889465,0.6521815061569214,-0.41437867283821106,3.7139217853546143,-0.13070210814476013
31.40003538131714,2.3327600955963135,0.8685285449028015,-0.3022608622969849,1.4567371606826782,1.3579621315002441,1.441481113433838,0.48402300477027893,0.6014029383659363,-0.40946707129478455,3.7457797527313232,-0.1437947154045105
31.449904918670654,2.3448750972747803,0.8636175394058228,-0.29548794887445573,1.4448955059051514,1.3457740545272827,1.4463088512420654,0.5044982433319092,0.5534999966621399,-0.40483278036117554,3.77374529838562,-0.15501506626605988
31.50006628036499,2.3588132858276367,0.8582095503807068,-0.28805923731106164,1.4253273010253906,1.3298070430755615,1.4531480073928833,0.5273444652557373,0.4995328187942505,-0.40044212341308594,3.8032495975494385,-0.16403420269489288
31.549875736236572,2.3719799518585205,0.8530612587928772,-0.28018037502428633,1.4014419317245483,1.3112882375717163,1.4610981941223145,0.5493789315223694,0.44849124550819397,-0.39750996232032776,3.834851026535034,-0.17123445868492126
31.59993863105774,2.3855648040771484,0.8480193614959717,-0.27201829984924775,1.372172236442566,1.289871096611023,1.4709011316299438,0.5722465515136719,0.3973771035671234,-0.39535993337631226,3.869050979614258,-0.1777166724205017
31.649774312973022,2.3989086151123047,0.8429166674613953,-0.2615890071536894,1.3379031419754028,1.2664690017700195,1.481589674949646,0.5958560109138489,0.34579411149024963,-0.39418038725852966,3.9023239612579346,-0.18306216597557068
31.699915647506714,2.411628007888794,0.8378221988677979,-0.25092606729675454,1.2997503280639648,1.2413946390151978,1.493227243423462,0.6203076243400574,0.2928868234157562,-0.3934079706668854,3.9330894947052,-0.18717271089553833
31.749976873397827,2.424983501434326,0.8327648639678955,-0.23978569509644934,1.2625699043273926,1.2158812284469604,1.5057430267333984,0.6445615887641907,0.24154840409755707,-0.3928018808364868,3.9621667861938477,-0.19006875157356262
31.79975914955139,2.4392075538635254,0.8275275826454163,-0.22919707417795623,1.2212557792663574,1.1867847442626953,1.5213481187820435,0.6727945804595947,0.18489789962768555,-0.3922483026981354,3.9959208965301514,-0.19285818934440613
31.8499276638031,2.4527840614318848,0.8228530883789062,-0.21843138356876085,1.1839982271194458,1.1596723794937134,1.5378214120864868,0.7003490924835205,0.1320781111717224,-0.3911890685558319,4.027477741241455,-0.19539009034633636
31.899977207183838,2.46482253074646,0.8189505338668823,-0.2096802286651786,1.1537197828292847,1.1359214782714844,1.5540050268173218,0.7252691984176636,0.08529792726039886,-0.3878450393676758,4.05380916595459,-0.19750748574733734
31.949782371520996,2.4791507720947266,0.8145187497138977,-0.19979977541449223,1.1210856437683105,1.106643557548523,1.5759506225585938,0.7565973401069641,0.027724729850888252,-0.3793640434741974,4.084466457366943,-0.19990196824073792
31.99993634223938,2.4936110973358154,0.8106227517127991,-0.19050495934889766,1.0971012115478516,1.0812625885009766,1.5967425107955933,0.7851132154464722,-0.022453544661402702,-0.36830422282218933,4.109855651855469,-0.20260630548000336
32.049947023391724,2.507110595703125,0.8066427707672119,-0.18144540058025688,1.077966570854187,1.05681574344635,1.6172267198562622,0.814189076423645,-0.07123233377933502,-0.3555753231048584,4.132532119750977,-0.20769423246383667
32.099799394607544,2.520909309387207,0.8030190467834473,-0.17267192084862382,1.0638500452041626,1.0329821109771729,1.636211633682251,0.8435156345367432,-0.11906901746988297,-0.3420240581035614,4.149524211883545,-0.21461571753025055
32.149786949157715,2.5346689224243164,0.7992653846740723,-0.16442442734534596,1.056057333946228,1.0083789825439453,1.6533780097961426,0.8722832798957825,-0.16651174426078796,-0.32849961519241333,4.162121295928955,-0.22129212319850922
32.19984793663025,2.5469260215759277,0.7962181568145752,-0.1571467001658671,1.0552059412002563,0.9840352535247803,1.6676487922668457,0.8980644345283508,-0.20800188183784485,-0.3169424831867218,4.1715593338012695,-0.2274283468723297
32.250463247299194,2.562363386154175,0.7922500967979431,-0.14813795029935609,1.0619730949401855,0.9511731266975403,1.6837414503097534,0.9316294193267822,-0.25851380825042725,-0.3021886646747589,4.185240745544434,-0.23760786652565002
32.299856424331665,2.5744755268096924,0.7893132567405701,-0.14080598247869916,1.073072910308838,0.9236185550689697,1.6951011419296265,0.9590100646018982,-0.29823043942451477,-0.2886689603328705,4.196587562561035,-0.24595388770103455
32.34977412223816,2.590043783187866,0.7857478260993958,-0.1322424374801754,1.0911353826522827,0.8889617323875427,1.7069895267486572,0.9929683804512024,-0.3468458652496338,-0.269216388463974,4.209733009338379,-0.254084050655365
32.3999240398407,2.60329270362854,0.7829897403717041,-0.12573142861794553,1.1082477569580078,0.8594588041305542,1.7151131629943848,1.02207350730896,-0.3880061209201813,-0.2513052523136139,4.220442771911621,-0.2594718635082245
32.449806213378906,2.6182308197021484,0.7800526022911072,-0.11908503865622909,1.128693699836731,0.8263363242149353,1.7224230766296387,1.055474877357483,-0.4337226152420044,-0.22993940114974976,4.232000827789307,-0.26562267541885376
32.49979901313782,2.632530689239502,0.7773967385292053,-0.11415689230688879,1.149603009223938,0.7945449352264404,1.7277010679244995,1.087774634361267,-0.4751310646533966,-0.20969317853450775,4.242802143096924,-0.2731205224990845
32.550037145614624,2.6468148231506348,0.7749901413917542,-0.10928504870753816,1.1733940839767456,0.7619838714599609,1.731034278869629,1.1209850311279297,-0.5164519548416138,-0.1897532343864441,4.253028392791748,-0.28167012333869934
32.599854946136475,2.661256790161133,0.772456169128418,-0.10466962214750215,1.196366310119629,0.7312765121459961,1.7320104837417603,1.155330777168274,-0.5604292750358582,-0.17032365500926971,4.261621475219727,-0.2915608286857605
32.64978003501892,2.675766944885254,0.7702228426933289,-0.10137643758489905,1.2150213718414307,0.7037405967712402,1.731060266494751,1.1914911270141602,-0.6069833040237427,-0.15211471915245056,4.269519329071045,-0.30252304673194885
32.69976305961609,2.689699172973633,0.7680652737617493,-0.09832901218666908,1.2303394079208374,0.6768797636032104,1.7291061878204346,1.2296632528305054,-0.6553560495376587,-0.13497917354106903,4.2779154777526855,-0.3127726912498474
32.74991226196289,2.704645872116089,0.7657185196876526,-0.09619860655042671,1.2433433532714844,0.6482896208763123,1.7275515794754028,1.2686749696731567,-0.7043431997299194,-0.11924565583467484,4.287304401397705,-0.32111117243766785
32.799861431121826,2.719632625579834,0.7636532187461853,-0.09453907138195648,1.2546253204345703,0.6177822351455688,1.7271424531936646,1.3062795400619507,-0.7528024315834045,-0.10499860346317291,4.2973480224609375,-0.3309551775455475
32.84998321533203,2.734541893005371,0.7616425156593323,-0.0936395921694009,1.263703465461731,0.5855063796043396,1.7275701761245728,1.3430542945861816,-0.8004611730575562,-0.09173111617565155,4.308911323547363,-0.341308057308197
32.899872064590454,2.7492868900299072,0.7595825791358948,-0.09226569529578457,1.2702144384384155,0.5526674389839172,1.7290725708007812,1.3782830238342285,-0.8448475003242493,-0.08048416674137115,4.320406913757324,-0.35066133737564087
32.94989275932312,2.764193296432495,0.7575138807296753,-0.09004752656073106,1.2751637697219849,0.5116292834281921,1.731812834739685,1.4180068969726562,-0.8949956893920898,-0.06842919439077377,4.333824157714844,-0.3604068458080292
32.99978852272034,2.7795660495758057,0.7552041411399841,-0.08752147061625364,1.2776509523391724,0.4681859314441681,1.7348577976226807,1.4553892612457275,-0.9436894655227661,-0.05513980612158775,4.347451210021973,-0.3694915771484375
33.04983425140381,2.7938830852508545,0.7532081604003906,-0.08540447917010976,1.278347373008728,0.42091748118400574,1.7380906343460083,1.4931378364562988,-0.9945198893547058,-0.04078438878059387,4.361865997314453,-0.37847551703453064
33.09978795051575,2.8074638843536377,0.7512023448944092,-0.08298637831818113,1.2768731117248535,0.37384286522865295,1.7414242029190063,1.5301374197006226,-1.0436813831329346,-0.028714824467897415,4.375174045562744,-0.38608235120773315
33.14992356300354,2.8224430084228516,0.7491677403450012,-0.07946229147471773,1.2721450328826904,0.32095614075660706,1.7452516555786133,1.572898507118225,-1.0983151197433472,-0.017002718523144722,4.389289379119873,-0.39494776725769043
33.19988393783569,2.8359649181365967,0.7473192811012268,-0.07549844448336727,1.266778588294983,0.2731249928474426,1.7485891580581665,1.6113314628601074,-1.1464033126831055,-0.007298779208213091,4.403131484985352,-0.4020973742008209
33.24981617927551,2.8508756160736084,0.7453532814979553,-0.07098294549058158,1.2611982822418213,0.21861328184604645,1.7529960870742798,1.6542595624923706,-1.199070930480957,0.00396778155118227,4.417662143707275,-0.40917304158210754
33.29979085922241,2.8653061389923096,0.7433952689170837,-0.06511591950168422,1.2548630237579346,0.1698826253414154,1.7574187517166138,1.6952002048492432,-1.2469062805175781,0.016061600297689438,4.427102565765381,-0.41529425978660583
33.34984254837036,2.8797543048858643,0.7414942979812622,-0.0586499677908136,1.2493864297866821,0.12666302919387817,1.7621170282363892,1.7363747358322144,-1.2913460731506348,0.02735285647213459,4.432861804962158,-0.41990453004837036
33.40006971359253,2.89446759223938,0.7393214106559753,-0.048903353790000076,1.2488850355148315,0.08596467971801758,1.7661060094833374,1.777671456336975,-1.332685112953186,0.038470301777124405,4.436646461486816,-0.4223470389842987
33.44979500770569,2.90929913520813,0.7370350360870361,-0.03766751181526656,1.253790020942688,0.04650237038731575,1.7690399885177612,1.8179552555084229,-1.370052456855774,0.050945378839969635,4.43911075592041,-0.42299070954322815
33.4998562335968,2.9233603477478027,0.7346806526184082,-0.02532247364672669,1.2614874839782715,0.011060102842748165,1.7702304124832153,1.8556870222091675,-1.401123046875,0.0639990046620369,4.439349174499512,-0.42241090536117554
33.549787282943726,2.939133882522583,0.7321615815162659,-0.00928283730318298,1.2709156274795532,-0.026944227516651154,1.7694547176361084,1.8973150253295898,-1.430366039276123,0.07843408733606339,4.437288284301758,-0.4187188744544983
33.5998010635376,2.954329013824463,0.7297450304031372,0.008662982903676831,1.280212640762329,-0.06283215433359146,1.7667319774627686,1.9348838329315186,-1.4525806903839111,0.09005019068717957,4.433737754821777,-0.41171178221702576
33.64974498748779,2.96970796585083,0.7274863123893738,0.027289410263348107,1.2901172637939453,-0.0998350977897644,1.7635854482650757,1.9698493480682373,-1.470398187637329,0.09898027032613754,4.428236961364746,-0.40232744812965393
33.69981503486633,2.984670639038086,0.725508987903595,0.0459434259996091,1.3006112575531006,-0.13577894866466522,1.7605671882629395,2.0014455318450928,-1.483270525932312,0.10542765259742737,4.4209089279174805,-0.3923290967941284
33.74996852874756,3.00181245803833,0.7235231995582581,0.06732668812558665,1.3153777122497559,-0.1765546202659607,1.7568657398223877,2.035897731781006,-1.4954334497451782,0.11135711520910263,4.410565376281738,-0.38081610202789307
33.799744606018066,3.0184988975524902,0.7218136787414551,0.08893935960482674,1.3333481550216675,-0.21510107815265656,1.75236177444458,2.0680384635925293,-1.5021008253097534,0.11632990837097168,4.399544715881348,-0.3696989417076111
33.84982442855835,3.0362467765808105,0.7202959060668945,0.11344298070724712,1.3542102575302124,-0.2518390119075775,1.746435284614563,2.099483013153076,-1.5038423538208008,0.11995135992765427,4.388743877410889,-0.3596285283565521
33.899765491485596,3.0534536838531494,0.718960702419281,0.13847797632828168,1.377478003501892,-0.2859444320201874,1.7385566234588623,2.1302201747894287,-1.501029372215271,0.12170212715864182,4.377790451049805,-0.3510955572128296
33.949997901916504,3.072396755218506,0.7180570363998413,0.1662911745409555,1.4023637771606445,-0.31880074739456177,1.7285059690475464,2.160403251647949,-1.4937206506729126,0.12145063281059265,4.364369869232178,-0.34392616152763367
33.99977087974548,3.090761423110962,0.7175524234771729,0.1926913768451663,1.4248356819152832,-0.35172855854034424,1.716177225112915,2.189781665802002,-1.4829018115997314,0.1189204528927803,4.348625183105469,-0.33796563744544983
34.049922466278076,3.1095359325408936,0.7179296612739563,0.21965113738081943,1.4439692497253418,-0.38412827253341675,1.7023481130599976,2.218406915664673,-1.4697908163070679,0.11426958441734314,4.330507278442383,-0.3327789902687073
34.09977889060974,3.1269853115081787,0.718749463558197,0.243608224113867,1.4604331254959106,-0.41698697209358215,1.6897236108779907,2.2446584701538086,-1.4559961557388306,0.10847717523574829,4.3117876052856445,-0.32852938771247864
34.149789571762085,3.146772623062134,0.7204091548919678,0.2706697032821042,1.4765074253082275,-0.45689985156059265,1.6768375635147095,2.272928237915039,-1.4397042989730835,0.10194417834281921,4.290083408355713,-0.3245680630207062
34.19985818862915,3.1652162075042725,0.7225214838981628,0.29445332435349075,1.489147663116455,-0.4963946044445038,1.6665246486663818,2.2982800006866455,-1.4233254194259644,0.09509577602148056,4.268071174621582,-0.3213255703449249
34.24975609779358,3.183570623397827,0.7253023982048035,0.3177980146848891,1.5000349283218384,-0.5361428260803223,1.657784342765808,2.323329210281372,-1.4066729545593262,0.08829210698604584,4.244339942932129,-0.31902968883514404
34.30025100708008,3.200887441635132,0.7283583283424377,0.3385024359491562,1.5089614391326904,-0.5750150680541992,1.6503350734710693,2.3469607830047607,-1.3906978368759155,0.08154335618019104,4.220507621765137,-0.31802576780319214
34.34991383552551,3.218008279800415,0.7319585084915161,0.35827448571052045,1.5168564319610596,-0.6157199144363403,1.6435670852661133,2.3693480491638184,-1.3743356466293335,0.07443825155496597,4.195950984954834,-0.3183351159095764
34.39999294281006,3.236741781234741,0.7363749742507935,0.3788755336098161,1.524553894996643,-0.6662415862083435,1.6364154815673828,2.3932547569274902,-1.3542895317077637,0.0660676434636116,4.165700435638428,-0.32034504413604736
34.44985914230347,3.2535722255706787,0.740542471408844,0.3971380548792905,1.528171181678772,-0.708191454410553,1.631042242050171,2.4111924171447754,-1.3365459442138672,0.059270262718200684,4.140122413635254,-0.3236040771007538
34.50001358985901,3.272568464279175,0.745978057384491,0.41586344762943195,1.528712511062622,-0.761080801486969,1.6237343549728394,2.4329938888549805,-1.3115376234054565,0.05126311630010605,4.106457233428955,-0.32934439182281494
34.549853801727295,3.290661334991455,0.7515023350715637,0.43275607200622485,1.5269768238067627,-0.8058571219444275,1.6169224977493286,2.4512298107147217,-1.2878921031951904,0.04509805887937546,4.076356887817383,-0.33462297916412354
34.600032567977905,3.3098065853118896,0.7582056522369385,0.4502134432455201,1.5248345136642456,-0.856896698474884,1.6093217134475708,2.471367120742798,-1.259018898010254,0.039313290268182755,4.041618347167969,-0.33932730555534363
34.64979338645935,3.3278963565826416,0.764721691608429,0.4669225795916028,1.5230942964553833,-0.9064016342163086,1.6024657487869263,2.4899706840515137,-1.2293022871017456,0.03533996269106865,4.009326934814453,-0.3429257273674011
34.70000886917114,3.34489369392395,0.7710942625999451,0.48171152398443606,1.521929144859314,-0.9523074626922607,1.5961834192276,2.506848096847534,-1.1995799541473389,0.03345593065023422,3.980160713195801,-0.3453091084957123
34.749736070632935,3.363341808319092,0.7782861590385437,0.4989510919596168,1.5234098434448242,-1.0014879703521729,1.588962435722351,2.525001049041748,-1.1655069589614868,0.033844247460365295,3.9466733932495117,-0.3455073833465576
34.799893617630005,3.380239486694336,0.785419762134552,0.5154059016584835,1.5286592245101929,-1.0472828149795532,1.5816681385040283,2.541433334350586,-1.1328665018081665,0.03653067722916603,3.9137556552886963,-0.34352755546569824
34.850300550460815,3.397033929824829,0.7924659252166748,0.5309722345261427,1.5367432832717896,-1.0921589136123657,1.5741078853607178,2.557424306869507,-1.0994336605072021,0.0409240685403347,3.881774425506592,-0.34006908535957336
34.899924516677856,3.4124374389648438,0.7990368008613586,0.5466297845364732,1.546567440032959,-1.135709285736084,1.5659730434417725,2.573617458343506,-1.0640209913253784,0.04704508185386658,3.851492404937744,-0.33607447147369385
34.949748516082764,3.429342031478882,0.8064399361610413,0.5638226424025581,1.5570502281188965,-1.1771734952926636,1.5576764345169067,2.5892417430877686,-1.0263817310333252,0.0551413968205452,3.820455312728882,-0.3311988413333893
34.99987435340881,3.4443299770355225,0.813045859336853,0.5814288870740718,1.5679930448532104,-1.2176923751831055,1.5491670370101929,2.603088855743408,-0.9879773855209351,0.06538281589746475,3.788053035736084,-0.3253942131996155
35.04971528053284,3.458458423614502,0.8196237683296204,0.6006098260671856,1.5790458917617798,-1.2587469816207886,1.5407308340072632,2.6145665645599365,-0.9498470425605774,0.07846707850694656,3.754849910736084,-0.31854870915412903
35.09977149963379,3.469778299331665,0.8248991370201111,0.6172015822355793,1.589909553527832,-1.2983065843582153,1.5336103439331055,2.6224515438079834,-0.9145429730415344,0.09375929832458496,3.722949743270874,-0.3106365203857422
35.149888038635254,3.483699321746826,0.831005871295929,0.6412613496873937,1.6032896041870117,-1.3427369594573975,1.526620626449585,2.628145456314087,-0.8746296167373657,0.11290833353996277,3.688417434692383,-0.3015477955341339
35.199925661087036,3.4865384101867676,0.8326497673988342,0.6473122780965543,1.6063278913497925,-1.3520570993423462,1.5252830982208252,2.628911256790161,-0.8661584854125977,0.11704094707965851,3.6813697814941406,-0.29974278807640076
35.24990701675415,3.5061697959899902,0.8413999676704407,0.6929308713098167,1.633009433746338,-1.4247077703475952,1.5200071334838867,2.629505157470703,-0.7978330850601196,0.14921455085277557,3.6230931282043457,-0.28542134165763855
35.300042152404785,3.51589298248291,0.8454754948616028,0.7230268703474118,1.64863920211792,-1.4655053615570068,1.5203174352645874,2.6264407634735107,-0.7594897150993347,0.1651410460472107,3.5902750492095947,-0.27963680028915405
35.34978628158569,3.525179147720337,0.8493940234184265,0.7547960777433025,1.6630836725234985,-1.5054574012756348,1.5235259532928467,2.621155261993408,-0.7211155891418457,0.1786453276872635,3.5578272342681885,-0.27623969316482544
35.39987802505493,3.534308910369873,0.85317063331604,0.7868115131460819,1.6742689609527588,-1.543120265007019,1.5283595323562622,2.6138648986816406,-0.6828471422195435,0.18969440460205078,3.5249783992767334,-0.2746255397796631
35.45040488243103,3.5431108474731445,0.857591450214386,0.8185446550450358,1.6819099187850952,-1.5810858011245728,1.534812331199646,2.605534553527832,-0.6440879702568054,0.19839423894882202,3.490811586380005,-0.27395179867744446
35.50002980232239,3.551414966583252,0.8624051213264465,0.8471734360954606,1.6862825155258179,-1.6186941862106323,1.54192054271698,2.5967535972595215,-0.608604907989502,0.20473897457122803,3.4579036235809326,-0.27418845891952515
35.549795627593994,3.560723304748535,0.8685259819030762,0.8790110180385058,1.6879321336746216,-1.662628412246704,1.5512824058532715,2.586463212966919,-0.5715169310569763,0.2102111279964447,3.4206998348236084,-0.27608126401901245
35.59986352920532,3.5692601203918457,0.8746047019958496,0.906267333552222,1.6872378587722778,-1.7023375034332275,1.5609626770019531,2.577714204788208,-0.5396881103515625,0.21423624455928802,3.3865535259246826,-0.27941659092903137
35.649983406066895,3.5789663791656494,0.8821035623550415,0.9368935718530945,1.6841977834701538,-1.7462985515594482,1.5724756717681885,2.569026470184326,-0.5033913850784302,0.21833781898021698,3.347700595855713,-0.2849729359149933
35.70007944107056,3.5876152515411377,0.8892046809196472,0.9641798652588842,1.6791168451309204,-1.7886943817138672,1.5832103490829468,2.5616884231567383,-0.46830326318740845,0.22167131304740906,3.309609889984131,-0.2921817898750305
35.75003957748413,3.596970796585083,0.8970566391944885,0.9919616923676956,1.6713975667953491,-1.8324651718139648,1.5931620597839355,2.5545263290405273,-0.43343591690063477,0.2237207144498825,3.2699837684631348,-0.3014541268348694
35.799861907958984,3.6063592433929443,0.9058954119682312,1.0202368861653854,1.6608421802520752,-1.87757408618927,1.6019538640975952,2.5481953620910645,-0.3990437090396881,0.22345492243766785,3.2287535667419434,-0.31153517961502075
35.85014581680298,3.615065336227417,0.9144269227981567,1.0455341424674784,1.6475321054458618,-1.923340916633606,1.6098037958145142,2.5427722930908203,-0.36475399136543274,0.22025957703590393,3.187587022781372,-0.3219063878059387
35.899956703186035,3.623051404953003,0.9226891398429871,1.0677138281342828,1.6318368911743164,-1.9694647789001465,1.6167336702346802,2.537745475769043,-0.33054670691490173,0.21519044041633606,3.148038864135742,-0.3320683240890503
35.94997239112854,3.6306755542755127,0.9298456907272339,1.0869565927583575,1.6161632537841797,-2.013643980026245,1.6228822469711304,2.5326967239379883,-0.29798445105552673,0.20952467620372772,3.1113545894622803,-0.340101957321167
36.00001287460327,3.6387457847595215,0.939803421497345,1.1083584887421996,1.6008557081222534,-2.0621299743652344,1.6287208795547485,2.526583433151245,-0.26179125905036926,0.20306921005249023,3.068044424057007,-0.34590786695480347
36.04999589920044,3.6462783813476562,0.9506348371505737,1.1266607930006325,1.588150978088379,-2.1059048175811768,1.6329036951065063,2.520510196685791,-0.227188840508461,0.1974608153104782,3.025660991668701,-0.3487624228000641
36.10021758079529,3.653555393218994,0.9610958099365234,1.1417866358294322,1.5768301486968994,-2.1487131118774414,1.6354200839996338,2.514519691467285,-0.19213716685771942,0.19300201535224915,2.98483943939209,-0.3499898314476013
36.149940490722656,3.6604204177856445,0.9716764092445374,1.1544215209889874,1.566933274269104,-2.189971923828125,1.6363338232040405,2.5085959434509277,-0.15919242799282074,0.18992504477500916,2.9481699466705322,-0.3507847189903259
36.199936628341675,3.6681108474731445,0.9848983883857727,1.1649211666086252,1.557895541191101,-2.237361431121826,1.6357009410858154,2.501321792602539,-0.1214783638715744,0.18824051320552826,2.907219648361206,-0.35164961218833923
36.250171184539795,3.674795627593994,0.9967305660247803,1.1724175722225132,1.552807092666626,-2.2800700664520264,1.6338543891906738,2.494023561477661,-0.08639205992221832,0.18841420114040375,2.86995005607605,-0.35201549530029297
36.29999780654907,3.682337760925293,1.0114187002182007,1.177838162716439,1.549853801727295,-2.32672381401062,1.63021719455719,2.484712839126587,-0.047441694885492325,0.19027595221996307,2.82733416557312,-0.35165300965309143
36.34996294975281,3.689622402191162,1.027010440826416,1.1805463567214056,1.5479965209960938,-2.3701865673065186,1.6254462003707886,2.4740610122680664,-0.012336433865129948,0.19333000481128693,2.785396099090576,-0.3498629033565521
36.39992666244507,3.6964542865753174,1.041741967201233,1.1810369876927909,1.5460366010665894,-2.414217710494995,1.619072437286377,2.4615328311920166,0.021738912910223007,0.19711659848690033,2.743788003921509,-0.3469089865684509
36.450151681900024,3.704375982284546,1.05974280834198,1.1794552470443926,1.544122576713562,-2.4595818519592285,1.611032247543335,2.447899341583252,0.05567855015397072,0.20128346979618073,2.7033212184906006,-0.34330445528030396
36.500072717666626,3.7110047340393066,1.0753037929534912,1.1757773782020071,1.542531967163086,-2.503174066543579,1.6020503044128418,2.434565544128418,0.08937565237283707,0.20566049218177795,2.6661417484283447,-0.3398086726665497
36.54986929893494,3.71932053565979,1.0953736305236816,1.1700686278124581,1.5419548749923706,-2.5517585277557373,1.5903667211532593,2.4199984073638916,0.12867361307144165,0.21155589818954468,2.6260459423065186,-0.3372800946235657
36.60017800331116,3.726081132888794,1.111706018447876,1.1650212831143767,1.5426437854766846,-2.591918468475342,1.579433560371399,2.40805721282959,0.16185012459754944,0.2175428420305252,2.590266227722168,-0.3363974690437317
36.65013861656189,3.734743356704712,1.1328197717666626,1.1574182094885836,1.5455487966537476,-2.6408743858337402,1.5644898414611816,2.393423557281494,0.2037561982870102,0.22710011899471283,2.542966604232788,-0.33767810463905334
36.699971199035645,3.741802215576172,1.1498032808303833,1.1499557103233748,1.5482869148254395,-2.679199457168579,1.55125093460083,2.381098985671997,0.23962825536727905,0.23760627210140228,2.503347396850586,-0.34093034267425537
36.749762535095215,3.750404119491577,1.1716666221618652,1.1442078624360528,1.5500400066375732,-2.7184557914733887,1.5364456176757812,2.367133378982544,0.28011906147003174,0.25112059712409973,2.462489366531372,-0.3457004725933075
36.799744844436646,3.7583014965057373,1.190264105796814,1.1360447771977107,1.5506319999694824,-2.752126693725586,1.5228761434555054,2.3542158603668213,0.3193954825401306,0.2646128535270691,2.425154447555542,-0.3511596918106079
36.84981608390808,3.7662925720214844,1.2086942195892334,1.1276436870118205,1.5502228736877441,-2.784825563430786,1.509839415550232,2.34153151512146,0.35832855105400085,0.27861037850379944,2.3869807720184326,-0.3574790358543396
36.90062475204468,3.774061918258667,1.2255252599716187,1.1186355726186612,1.5492771863937378,-2.8179190158843994,1.4977914094924927,2.3286330699920654,0.39596185088157654,0.29184553027153015,2.347726583480835,-0.3647677004337311
36.94985318183899,3.7816216945648193,1.2423884868621826,1.107943562845417,1.5482940673828125,-2.8508453369140625,1.4874110221862793,2.3151071071624756,0.43286949396133423,0.3025960922241211,2.3078973293304443,-0.3734669089317322
36.999741077423096,3.789161443710327,1.2589011192321777,1.0963798912316438,1.547308087348938,-2.882624864578247,1.4791038036346436,2.300828456878662,0.47059381008148193,0.3100664019584656,2.2673392295837402,-0.38370728492736816
37.04998469352722,3.7955799102783203,1.2732248306274414,1.0840629281815735,1.546534538269043,-2.914142370223999,1.4724838733673096,2.285602569580078,0.5084879398345947,0.31452280282974243,2.2252941131591797,-0.39545613527297974
37.09980583190918,3.801274538040161,1.2861428260803223,1.0701913242956975,1.5457779169082642,-2.9468636512756348,1.4675155878067017,2.269416093826294,0.5450383424758911,0.3165460526943207,2.181666374206543,-0.4078012704849243
37.14980888366699,3.8061580657958984,1.2974884510040283,1.0547811449358266,1.5453988313674927,-2.9837288856506348,1.463904619216919,2.2521235942840576,0.5787780284881592,0.31731143593788147,2.138871669769287,-0.42053529620170593
37.19993305206299,3.8102123737335205,1.307428002357483,1.0368636403678564,1.5459184646606445,-3.0219461917877197,1.461668848991394,2.233304023742676,0.6112845540046692,0.31774917244911194,2.097614049911499,-0.433194637298584
37.24975228309631,3.8133020401000977,1.3157074451446533,1.0154275605901566,1.5474324226379395,-3.0622036457061768,1.4609627723693848,2.2131259441375732,0.6443116664886475,0.31756213307380676,2.0549845695495605,-0.44351470470428467
37.299779653549194,3.815559148788452,1.3227089643478394,0.9914927323687648,1.549147367477417,-3.1025772094726562,1.4619355201721191,2.191762924194336,0.678148627281189,0.31651949882507324,2.0120043754577637,-0.45035654306411743
37.349772214889526,3.816728115081787,1.3285695314407349,0.965841435324934,1.5528252124786377,-3.1411478519439697,1.4647014141082764,2.1697499752044678,0.7124425172805786,0.31414392590522766,1.9713698625564575,-0.45411762595176697
37.4000768661499,3.818014621734619,1.33378267288208,0.9424374254857407,1.5575108528137207,-3.1740455627441406,1.468839168548584,2.1491951942443848,0.7448236346244812,0.3106018006801605,1.9361507892608643,-0.45722487568855286
37.44983410835266,3.8199658393859863,1.3393160104751587,0.9174859252642918,1.5652306079864502,-3.204693555831909,1.4750624895095825,2.126434803009033,0.780363142490387,0.3047380745410919,1.8977293968200684,-0.4604250192642212
37.499831199645996,3.8218131065368652,1.3444712162017822,0.8935765272110388,1.5740827322006226,-3.22560977935791,1.481423258781433,2.1042802333831787,0.813664972782135,0.29693475365638733,1.8604602813720703,-0.46308985352516174
37.54999542236328,3.823904037475586,1.3493620157241821,0.8695783195213601,1.5824809074401855,-3.2372453212738037,1.487200379371643,2.0834317207336426,0.8452280163764954,0.28737545013427734,1.8237773180007935,-0.46539145708084106
37.59985852241516,3.825756549835205,1.3548604249954224,0.839952928502961,1.5889264345169067,-3.243107318878174,1.493190884590149,2.06127667427063,0.8802106380462646,0.2754558026790619,1.7802743911743164,-0.46756112575531006
37.64974784851074,3.827460289001465,1.3600558042526245,0.8094219512160922,1.5919924974441528,-3.243994951248169,1.4979966878890991,2.0405988693237305,0.9126039147377014,0.2643941342830658,1.7364009618759155,-0.4683806896209717
37.70031952857971,3.828907012939453,1.365099310874939,0.776663689183116,1.5938011407852173,-3.2417197227478027,1.5016748905181885,2.0192737579345703,0.94419926404953,0.2544834017753601,1.6920150518417358,-0.4670903980731964
37.750041484832764,3.8296704292297363,1.3696123361587524,0.7440735521990102,1.5958696603775024,-3.237569808959961,1.5038307905197144,1.997174620628357,0.9777841567993164,0.2467728704214096,1.6493502855300903,-0.4638361930847168
37.79980802536011,3.830451726913452,1.3739838600158691,0.7069673457695608,1.598382592201233,-3.231342077255249,1.5043715238571167,1.976514220237732,1.0135667324066162,0.24167540669441223,1.6108663082122803,-0.4600970149040222
37.849801778793335,3.83095383644104,1.3786910772323608,0.6656412589722669,1.6004246473312378,-3.2231616973876953,1.5033072233200073,1.9530303478240967,1.0547640323638916,0.23830655217170715,1.5690065622329712,-0.4576273262500763
37.899871826171875,3.830796480178833,1.3829584121704102,0.6234255415308592,1.6030309200286865,-3.211787223815918,1.5006821155548096,1.9294456243515015,1.0925698280334473,0.23639898002147675,1.526313066482544,-0.45686402916908264
37.94980072975159,3.831714153289795,1.386446475982666,0.5783904361899165,1.6070151329040527,-3.1974027156829834,1.49689781665802,1.9058852195739746,1.1266032457351685,0.2351180613040924,1.4839221239089966,-0.45744115114212036
38.000834226608276,3.831453800201416,1.390425682067871,0.5271089571071672,1.6121538877487183,-3.1783435344696045,1.491659164428711,1.8783349990844727,1.1633583307266235,0.23387230932712555,1.439022183418274,-0.45858240127563477
38.04975461959839,3.8310253620147705,1.394423246383667,0.4758985354547959,1.6165106296539307,-3.1578786373138428,1.4851973056793213,1.851508617401123,1.1979246139526367,0.232744500041008,1.400126338005066,-0.4601275324821472
38.09989070892334,3.83026385307312,1.3983244895935059,0.4232083125374375,1.6190881729125977,-3.1354002952575684,1.4770605564117432,1.8244552612304688,1.233452558517456,0.23167040944099426,1.361183524131775,-0.4628288149833679
38.14979314804077,3.8295655250549316,1.4022690057754517,0.3692630709012644,1.6184563636779785,-3.1129438877105713,1.467111349105835,1.7974737882614136,1.2707029581069946,0.23104599118232727,1.3207489252090454,-0.4667375385761261
38.19990563392639,3.8289363384246826,1.4060869216918945,0.31805414803040843,1.6146527528762817,-3.089874029159546,1.456328272819519,1.7721298933029175,1.308234691619873,0.23112235963344574,1.2824212312698364,-0.4717567563056946
38.249730587005615,3.8285603523254395,1.4102429151535034,0.2604480255847908,1.6072973012924194,-3.062765121459961,1.4432642459869385,1.7431252002716064,1.35188889503479,0.23356764018535614,1.2393250465393066,-0.47859781980514526
38.29972720146179,3.828315019607544,1.4138723611831665,0.2115347815524118,1.600714921951294,-3.0384018421173096,1.430934190750122,1.7163561582565308,1.3903666734695435,0.2384626716375351,1.1992579698562622,-0.48558294773101807
38.35029935836792,3.828113555908203,1.4182265996932983,0.15345883099916124,1.59698486328125,-3.014882802963257,1.4184311628341675,1.6878268718719482,1.4297335147857666,0.2451704442501068,1.1544456481933594,-0.49370473623275757
38.40006613731384,3.828200578689575,1.4223428964614868,0.10017717430341903,1.5972880125045776,-2.9953839778900146,1.407082438468933,1.6597919464111328,1.4676260948181152,0.2516201138496399,1.1086832284927368,-0.5019199252128601
38.44977688789368,3.82875394821167,1.4266451597213745,0.044750285571583594,1.601434350013733,-2.977088689804077,1.395664930343628,1.629685640335083,1.507663369178772,0.2574332654476166,1.063428521156311,-0.5101184248924255
38.49995517730713,3.828296422958374,1.4306896924972534,-0.00926419463209912,1.6067453622817993,-2.959397077560425,1.3852007389068604,1.5998482704162598,1.5447672605514526,0.2618504762649536,1.02265202999115,-0.513566792011261
38.550023317337036,3.8293938636779785,1.4345251321792603,-0.05728514885828653,1.6126006841659546,-2.9409260749816895,1.3766628503799438,1.5705500841140747,1.5791741609573364,0.26438677310943604,0.9827597737312317,-0.5114968419075012
38.59991645812988,3.8305609226226807,1.4387916326522827,-0.11168458482719529,1.6232411861419678,-2.9169936180114746,1.368727445602417,1.5364010334014893,1.6188879013061523,0.2643340826034546,0.9373038411140442,-0.5047070384025574
38.649980783462524,3.831730842590332,1.442097783088684,-0.15656905720394684,1.6377995014190674,-2.893878698348999,1.3635865449905396,1.5067399740219116,1.653562068939209,0.26267921924591064,0.9001243114471436,-0.4965321719646454
38.699917793273926,3.83347749710083,1.4464144706726074,-0.21348264162972702,1.662814736366272,-2.861435651779175,1.3589301109313965,1.4686799049377441,1.6973501443862915,0.25951454043388367,0.8563502430915833,-0.4849347770214081
38.74994897842407,3.8355393409729004,1.4499399662017822,-0.2616275751086613,1.6891350746154785,-2.8307621479034424,1.3560755252838135,1.4361263513565063,1.7339571714401245,0.25583547353744507,0.8205946087837219,-0.4744492173194885
38.799851179122925,3.8381526470184326,1.4535514116287231,-0.31553826439907706,1.724361538887024,-2.7918999195098877,1.3548736572265625,1.399283528327942,1.7752773761749268,0.2509768605232239,0.7807095646858215,-0.46224361658096313
38.84984850883484,3.84073805809021,1.456791639328003,-0.3639391261759624,1.7590762376785278,-2.7533862590789795,1.3555262088775635,1.366044521331787,1.8134996891021729,0.24631480872631073,0.7443252801895142,-0.45020240545272827
38.899898052215576,3.8439722061157227,1.4599381685256958,-0.4174302543831858,1.7960213422775269,-2.7099339962005615,1.3581318855285645,1.32810640335083,1.858224868774414,0.24149800837039948,0.7010748982429504,-0.4341704547405243
38.94971942901611,3.8474531173706055,1.4622801542282104,-0.46624581816803223,1.8250218629837036,-2.670471429824829,1.361550211906433,1.2909671068191528,1.9025479555130005,0.236672043800354,0.6587942838668823,-0.41729262471199036
38.99989104270935,3.851583480834961,1.4648293256759644,-0.5201919810111281,1.8467137813568115,-2.633064031600952,1.364694356918335,1.2535301446914673,1.9465559720993042,0.2297782450914383,0.6166348457336426,-0.39934924244880676
39.04995393753052,3.856145143508911,1.4664554595947266,-0.5697925772608428,1.8627151250839233,-2.595508098602295,1.3666695356369019,1.2181000709533691,1.9879432916641235,0.22009705007076263,0.5784989595413208,-0.382855087518692
39.09987187385559,3.8607075214385986,1.4673610925674438,-0.6137742713649356,1.8750648498535156,-2.556225538253784,1.3668705224990845,1.1829454898834229,2.026700019836426,0.20811617374420166,0.5423468947410583,-0.3707728981971741
39.14976119995117,3.8660664558410645,1.467576265335083,-0.6615558303364012,1.8840974569320679,-2.5150935649871826,1.365047574043274,1.1472588777542114,2.0646309852600098,0.195439875125885,0.5026243925094604,-0.3607584536075592
39.20008945465088,3.8711564540863037,1.4673337936401367,-0.7026135892088963,1.8896336555480957,-2.4745678901672363,1.3619555234909058,1.113532543182373,2.1003291606903076,0.18368537724018097,0.4624415636062622,-0.3528258800506592
39.24976706504822,3.8769354820251465,1.466314435005188,-0.7463787471502066,1.892403244972229,-2.4271888732910156,1.3584349155426025,1.0766730308532715,2.139813184738159,0.17267537117004395,0.4176195561885834,-0.3466919958591461
39.300106048583984,3.8827130794525146,1.46450674533844,-0.7843172682264692,1.8920567035675049,-2.3799450397491455,1.3548320531845093,1.0416797399520874,2.1794896125793457,0.16604630649089813,0.3779979348182678,-0.34312009811401367
39.34979009628296,3.887925863265991,1.4622349739074707,-0.8158056493028104,1.8883333206176758,-2.3302218914031982,1.3505617380142212,1.005542516708374,2.2215707302093506,0.16333319246768951,0.3395145535469055,-0.34099650382995605
39.39980125427246,3.894277572631836,1.458654522895813,-0.8499871617752299,1.8814059495925903,-2.28125262260437,1.3456536531448364,0.9704683423042297,2.26232647895813,0.16345909237861633,0.30290284752845764,-0.33995774388313293
39.44986939430237,3.900491952896118,1.4545693397521973,-0.8808674727791508,1.8705075979232788,-2.227945327758789,1.3394157886505127,0.9334067106246948,2.3056254386901855,0.1653415411710739,0.26439714431762695,-0.3394196033477783
39.49977254867554,3.9073123931884766,1.449353575706482,-0.9121247424581646,1.8560208082199097,-2.1719772815704346,1.3309859037399292,0.8944523334503174,2.351653814315796,0.16861891746520996,0.22402139008045197,-0.33959999680519104
39.55009317398071,3.9135589599609375,1.4443942308425903,-0.9389728285722821,1.8413479328155518,-2.1223976612091064,1.3222132921218872,0.8595520257949829,2.3936378955841064,0.1726987510919571,0.18797476589679718,-0.34038594365119934
39.600035429000854,3.91984486579895,1.4388676881790161,-0.9657031131791238,1.8261802196502686,-2.074955701828003,1.3124310970306396,0.8242781758308411,2.4360320568084717,0.177639439702034,0.15025494992733002,-0.34123459458351135
39.649758100509644,3.927224636077881,1.4322600364685059,-0.9973471269356636,1.8102558851242065,-2.0248799324035645,1.300188422203064,0.7828190922737122,2.485642433166504,0.18429218232631683,0.10673458874225616,-0.3426405191421509
39.699915409088135,3.9339065551757812,1.4257313013076782,-1.0249787337980745,1.7994707822799683,-1.9839584827423096,1.289563775062561,0.7456473708152771,2.5306262969970703,0.19209226965904236,0.0701938048005104,-0.34422844648361206
39.749818086624146,3.940534830093384,1.4186384677886963,-1.051652073193788,1.7921631336212158,-1.944811463356018,1.279846429824829,0.7085198163986206,2.5762295722961426,0.20235808193683624,0.03307120501995087,-0.3436149060726166
39.79985284805298,3.9471657276153564,1.4109890460968018,-1.0779382533828026,1.7869514226913452,-1.9067494869232178,1.2712498903274536,0.6715843081474304,2.6225175857543945,0.2145734429359436,-0.004952076822519302,-0.3400294780731201
39.849809885025024,3.9537620544433594,1.4027241468429565,-1.1030154779661017,1.7815020084381104,-1.8686940670013428,1.264241099357605,0.6349183917045593,2.6693570613861084,0.22756867110729218,-0.042751748114824295,-0.33426883816719055
39.899823904037476,3.9602408409118652,1.393870234489441,-1.1270545814378539,1.775769829750061,-1.8297210931777954,1.2588170766830444,0.5988645553588867,2.7152466773986816,0.2400519996881485,-0.07845935225486755,-0.3277503550052643
39.94980597496033,3.9669229984283447,1.3842698335647583,-1.1504353831762608,1.7709766626358032,-1.7889186143875122,1.2551552057266235,0.563377320766449,2.7595059871673584,0.25053852796554565,-0.11208759248256683,-0.3217339515686035
39.99976849555969,3.9730756282806396,1.3748244047164917,-1.1713505350488498,1.7687664031982422,-1.7455826997756958,1.2525484561920166,0.5271118879318237,2.8043761253356934,0.2581969201564789,-0.146170511841774,-0.31566882133483887
40.04975080490112,3.979874849319458,1.3637919425964355,-1.1931038090247659,1.76982843875885,-1.6986100673675537,1.251126766204834,0.48952600359916687,2.8501741886138916,0.26306450366973877,-0.1810653805732727,-0.3092644214630127
40.09983491897583,3.9860541820526123,1.3530522584915161,-1.2129361900904305,1.775589108467102,-1.6479365825653076,1.2514499425888062,0.45070880651474,2.8961527347564697,0.26540011167526245,-0.21686387062072754,-0.3013101816177368
40.150519132614136,3.991734743118286,1.3423446416854858,-1.2301807217670775,1.7861733436584473,-1.5938313007354736,1.253710150718689,0.4107155203819275,2.9408929347991943,0.266022652387619,-0.252938836812973,-0.29160594940185547
40.19977355003357,3.9978489875793457,1.3302284479141235,-1.2481657027706397,1.8004488945007324,-1.5384386777877808,1.25810706615448,0.37007319927215576,2.9850146770477295,0.26554039120674133,-0.2885271906852722,-0.2796821594238281
40.25001263618469,4.00335168838501,1.3182556629180908,-1.2640385557104,1.8176116943359375,-1.4830944538116455,1.2635692358016968,0.3288330137729645,3.0295889377593994,0.26368552446365356,-0.3246482014656067,-0.2657051086425781
40.29976963996887,4.008578777313232,1.3058468103408813,-1.2784444839855231,1.8368531465530396,-1.4279567003250122,1.2690465450286865,0.2873864471912384,3.074326276779175,0.2603919506072998,-0.3591260313987732,-0.25242096185684204
40.34982919692993,4.0132317543029785,1.2940235137939453,-1.2924303424892714,1.8554614782333374,-1.3754104375839233,1.2735002040863037,0.24600762128829956,3.1185569763183594,0.25532642006874084,-0.39220938086509705,-0.2422630339860916
40.399794816970825,4.018083572387695,1.2806661128997803,-1.3070051415955972,1.8706388473510742,-1.325270414352417,1.2759029865264893,0.2054716944694519,3.16222882270813,0.24800722301006317,-0.42685043811798096,-0.23320062458515167
40.4500572681427,4.022347927093506,1.2683475017547607,-1.319511909175951,1.8808562755584717,-1.2753195762634277,1.2764381170272827,0.16589687764644623,3.205580472946167,0.23890289664268494,-0.46342936158180237,-0.22470718622207642
40.499738454818726,4.026848316192627,1.254387617111206,-1.3331504642779664,1.8847930431365967,-1.224918246269226,1.2754249572753906,0.12684491276741028,3.2503154277801514,0.2278851568698883,-0.4997316002845764,-0.21723857522010803
40.549947023391724,4.030725479125977,1.2415881156921387,-1.345445600188733,1.8835647106170654,-1.1786808967590332,1.273829698562622,0.09080085158348083,3.2928268909454346,0.2165200561285019,-0.5320308804512024,-0.21146325767040253
40.59971570968628,4.034668922424316,1.2270702123641968,-1.358348940621563,1.8797688484191895,-1.1293269395828247,1.27191162109375,0.05236227065324783,3.3387362957000732,0.20451155304908752,-0.5669307708740234,-0.2063664197921753
40.64975333213806,4.038183212280273,1.2139558792114258,-1.3691065870210795,1.8756383657455444,-1.083361029624939,1.2697747945785522,0.016646767035126686,3.3822240829467773,0.19479361176490784,-0.5999400019645691,-0.20275090634822845
40.699913024902344,4.041594505310059,1.200751781463623,-1.3798021831181282,1.871079683303833,-1.0392920970916748,1.2672150135040283,-0.017573673278093338,3.4243385791778564,0.1863446682691574,-0.6311300992965698,-0.20010626316070557
40.74991464614868,4.045021057128906,1.1867961883544922,-1.3899247613611885,1.8645070791244507,-0.9886147975921631,1.263597011566162,-0.056719306856393814,3.471703052520752,0.17803366482257843,-0.6666889190673828,-0.19856669008731842
40.79977202415466,4.047578811645508,1.1760611534118652,-1.395796872925155,1.8568403720855713,-0.9442129731178284,1.2602640390396118,-0.09007053822278976,3.5114030838012695,0.1720423400402069,-0.6958813071250916,-0.19851961731910706
40.850016593933105,4.049948692321777,1.164499044418335,-1.3997675522925626,1.8449866771697998,-0.890079140663147,1.254944086074829,-0.12982933223247528,3.557781934738159,0.16520336270332336,-0.7293282747268677,-0.1983795315027237
40.8999969959259,4.051558017730713,1.1550017595291138,-1.400761600393264,1.8312156200408936,-0.8389378190040588,1.2481722831726074,-0.16806598007678986,3.6018574237823486,0.15863899886608124,-0.7590354084968567,-0.19633516669273376
40.949870109558105,4.052601337432861,1.1468117237091064,-1.3994796318668106,1.815812110900879,-0.7854297161102295,1.2395612001419067,-0.20937857031822205,3.648847818374634,0.15137338638305664,-0.7847810983657837,-0.19130758941173553
40.9999315738678,4.0532073974609375,1.140001654624939,-1.395188869528484,1.8019483089447021,-0.7392227053642273,1.2320038080215454,-0.24702337384223938,3.6909303665161133,0.14481447637081146,-0.8040052056312561,-0.18240781128406525
41.04986262321472,4.05332612991333,1.1342185735702515,-1.3873902448843105,1.7875339984893799,-0.6905232071876526,1.2245372533798218,-0.2886684238910675,3.7376604080200195,0.1384420543909073,-0.8231977224349976,-0.16741430759429932
41.09983515739441,4.053003787994385,1.1301243305206299,-1.376467949608565,1.7764217853546143,-0.6451736688613892,1.2197092771530151,-0.3275270462036133,3.781707286834717,0.1347452849149704,-0.8382898569107056,-0.15121105313301086
41.14987516403198,4.052512168884277,1.1273711919784546,-1.3639394914677057,1.7687957286834717,-0.5985599160194397,1.216059684753418,-0.36650899052619934,3.8253567218780518,0.13375118374824524,-0.8495505452156067,-0.1353689730167389
41.19976353645325,4.051969051361084,1.1246004104614258,-1.3502119510934991,1.7655888795852661,-0.5499414205551147,1.2127655744552612,-0.4062320291996002,3.8702051639556885,0.13492026925086975,-0.8575297594070435,-0.1218307837843895
41.2498676776886,4.051693916320801,1.121888279914856,-1.3369370952632824,1.7649219036102295,-0.49940598011016846,1.2101337909698486,-0.4458968937397003,3.9156837463378906,0.13677412271499634,-0.8635502457618713,-0.11000175029039383
41.29975914955139,4.051384449005127,1.1190398931503296,-1.3232432616035343,1.7648546695709229,-0.4468880891799927,1.2078394889831543,-0.4847274422645569,3.9595906734466553,0.13729235529899597,-0.8681097030639648,-0.09889300912618637
41.34987211227417,4.051025867462158,1.1162339448928833,-1.3080084592213088,1.7653703689575195,-0.3927968442440033,1.2064999341964722,-0.5234488844871521,4.0048933029174805,0.13517631590366364,-0.8710886240005493,-0.08847783505916595
41.39975833892822,4.050431728363037,1.113741397857666,-1.2925836053468585,1.766822338104248,-0.33724445104599,1.2062194347381592,-0.5622223615646362,4.051813125610352,0.1312233954668045,-0.8731820583343506,-0.08203628659248352
41.45026874542236,4.049500465393066,1.110897421836853,-1.2733198130123073,1.769499659538269,-0.283295601606369,1.2072783708572388,-0.5991241931915283,4.094802379608154,0.12774038314819336,-0.8748653531074524,-0.07703199237585068
41.4998345375061,4.048288345336914,1.1073036193847656,-1.2490745839908228,1.7739158868789673,-0.22216182947158813,1.2105916738510132,-0.6400192975997925,4.138539791107178,0.12440899014472961,-0.8779821991920471,-0.07350543141365051
41.55000567436218,4.047149181365967,1.1040982007980347,-1.225068288123049,1.7795180082321167,-0.16434237360954285,1.2163517475128174,-0.6784284114837646,4.177546977996826,0.12137089669704437,-0.8810189366340637,-0.0683017373085022
41.59982442855835,4.045835494995117,1.1009328365325928,-1.2003503494208232,1.7856347560882568,-0.1088811606168747,1.2241365909576416,-0.7148674726486206,4.213671684265137,0.11857520043849945,-0.8844708800315857,-0.061678435653448105
41.649932622909546,4.044598579406738,1.0973854064941406,-1.172879534487109,1.7917065620422363,-0.04868386685848236,1.2349001169204712,-0.7549374103546143,4.253909111022949,0.11546716094017029,-0.8893049359321594,-0.05443369597196579
41.69985294342041,4.043816089630127,1.0944042205810547,-1.1475340738467077,1.7954657077789307,0.002368590096011758,1.2454255819320679,-0.7902541160583496,4.289848327636719,0.1123751625418663,-0.8944545984268188,-0.049005672335624695
41.749906063079834,4.042860984802246,1.090811014175415,-1.1189598954853959,1.7958835363388062,0.0600852370262146,1.256481647491455,-0.8295673131942749,4.329501152038574,0.10820209234952927,-0.9014853835105896,-0.04368353262543678
41.79973793029785,4.04250955581665,1.0876771211624146,-1.0945197395697197,1.7922075986862183,0.11505910754203796,1.2653101682662964,-0.867672860622406,4.366955280303955,0.10326484590768814,-0.9094476103782654,-0.0387849435210228
41.849740743637085,4.0420966148376465,1.08476722240448,-1.0713214914620652,1.7848167419433594,0.16794657707214355,1.2719216346740723,-0.9070847034454346,4.404397010803223,0.09695401042699814,-0.9175118207931519,-0.03369344770908356
41.899728298187256,4.041835308074951,1.082312822341919,-1.050494473577043,1.7755709886550903,0.21793809533119202,1.2761306762695312,-0.9471954703330994,4.442115783691406,0.09000907093286514,-0.9275665283203125,-0.0296441912651062
41.950196981430054,4.041846752166748,1.0799148082733154,-1.0337032190833204,1.7664257287979126,0.26464319229125977,1.2781696319580078,-0.9838822484016418,4.477731704711914,0.08404941856861115,-0.9384586215019226,-0.02648218348622322
41.99990940093994,4.041798114776611,1.0782148838043213,-1.0204143959953946,1.7556582689285278,0.31789693236351013,1.279674768447876,-1.0232458114624023,4.516934394836426,0.0782834142446518,-0.9485507011413574,-0.022748177871108055
42.04982900619507,4.0418572425842285,1.0768499374389648,-1.011850620320785,1.7443825006484985,0.37065908312797546,1.2806122303009033,-1.060376524925232,4.554653644561768,0.07439553737640381,-0.954833447933197,-0.01962442137300968
42.100568771362305,4.04215145111084,1.075893521308899,-1.0078261253704606,1.7310168743133545,0.4245965778827667,1.281766653060913,-1.098089337348938,4.591734886169434,0.07203617691993713,-0.9575763940811157,-0.017268072813749313
42.14990472793579,4.042322635650635,1.0756683349609375,-1.0080666411976344,1.7151806354522705,0.478841096162796,1.282219648361206,-1.136187195777893,4.626801490783691,0.07171747088432312,-0.9570925235748291,-0.01580730453133583
42.200297117233276,4.042299270629883,1.076048731803894,-1.0102004377043727,1.6973681449890137,0.533402144908905,1.2818188667297363,-1.1743857860565186,4.660187721252441,0.07394126057624817,-0.9544540643692017,-0.016262860968708992
42.25001907348633,4.042122840881348,1.076636552810669,-1.0121739178244291,1.6797239780426025,0.5880227088928223,1.279680848121643,-1.2125428915023804,4.690512180328369,0.0781618133187294,-0.9508602023124695,-0.01904734969139099
42.29976534843445,4.041984558105469,1.0768870115280151,-1.0136745612205778,1.664288878440857,0.639107346534729,1.275868535041809,-1.2508397102355957,4.7165679931640625,0.08410562574863434,-0.94565349817276,-0.02418414130806923
42.350308656692505,4.041780948638916,1.0774062871932983,-1.017972317180842,1.6524933576583862,0.6875916123390198,1.2707167863845825,-1.2891005277633667,4.7377543449401855,0.09177083522081375,-0.9385273456573486,-0.03122388944029808
42.39982771873474,4.041871070861816,1.0780506134033203,-1.0247964237772471,1.6446400880813599,0.7363721132278442,1.264622449874878,-1.3268916606903076,4.754212856292725,0.10038167238235474,-0.9300699234008789,-0.03994430601596832
42.449923515319824,4.041959762573242,1.0788917541503906,-1.0327066046948101,1.6399128437042236,0.7861685752868652,1.2590667009353638,-1.3643898963928223,4.76638650894165,0.10892345756292343,-0.9202779531478882,-0.050111331045627594
42.500147104263306,4.0422868728637695,1.0797849893569946,-1.040031722208426,1.6370463371276855,0.836437463760376,1.2547872066497803,-1.4018219709396362,4.77455997467041,0.11605880409479141,-0.9098443388938904,-0.06121230125427246
42.550049781799316,4.0424652099609375,1.080721139907837,-1.0460070075348487,1.6352680921554565,0.8870518803596497,1.2518562078475952,-1.439538598060608,4.779644012451172,0.12224062532186508,-0.8982852101325989,-0.0728745386004448
42.600045919418335,4.042754650115967,1.0809191465377808,-1.0480090984481925,1.634785532951355,0.9359332323074341,1.2508399486541748,-1.4748649597167969,4.7804341316223145,0.12785008549690247,-0.8851182460784912,-0.0835907906293869
42.64996647834778,4.0427632331848145,1.0805954933166504,-1.0478765610261334,1.6361043453216553,0.9925612211227417,1.2509384155273438,-1.5132256746292114,4.776773929595947,0.1343756765127182,-0.8687158823013306,-0.09406565874814987
42.6999945640564,4.0428056716918945,1.0802348852157593,-1.0465656620186563,1.6394612789154053,1.0475341081619263,1.2516387701034546,-1.5494948625564575,4.7695794105529785,0.14293912053108215,-0.8515967726707458,-0.10255449265241623
42.74988389015198,4.042850971221924,1.079585313796997,-1.0455350034304216,1.6456034183502197,1.1025888919830322,1.252342939376831,-1.5863456726074219,4.759462833404541,0.150618776679039,-0.8340164422988892,-0.10935335606336594
42.80056667327881,4.043268203735352,1.0785086154937744,-1.0435157446164591,1.6543852090835571,1.156747817993164,1.253235936164856,-1.6244938373565674,4.747534275054932,0.1564183533191681,-0.8154771327972412,-0.11438361555337906
42.849955320358276,4.0437912940979,1.0774575471878052,-1.042781933454691,1.6638615131378174,1.2055045366287231,1.2545627355575562,-1.6589069366455078,4.736634731292725,0.1568053960800171,-0.7972278594970703,-0.11724428087472916
42.8999400138855,4.044816970825195,1.0756052732467651,-1.042487695609095,1.6766510009765625,1.2651516199111938,1.2579705715179443,-1.7024011611938477,4.723908424377441,0.15317435562610626,-0.7725188732147217,-0.1187664344906807
42.94989013671875,4.046219348907471,1.073549747467041,-1.0433892739879889,1.6863845586776733,1.3119897842407227,1.2623188495635986,-1.739944577217102,4.714147567749023,0.14970530569553375,-0.7505119442939758,-0.11768022924661636
42.99990916252136,4.04798698425293,1.0710476636886597,-1.0461808963777408,1.6944383382797241,1.361825704574585,1.2675896883010864,-1.7800248861312866,4.7043561935424805,0.14676198363304138,-0.7274076342582703,-0.1135823056101799
43.049992084503174,4.050256252288818,1.0675632953643799,-1.05029531829972,1.6991156339645386,1.4135053157806396,1.272918939590454,-1.8196674585342407,4.69434118270874,0.14431940019130707,-0.7046773433685303,-0.10610191524028778
43.0998215675354,4.0531005859375,1.0631357431411743,-1.0569236980109036,1.700182318687439,1.4689873456954956,1.277639389038086,-1.860271692276001,4.683389186859131,0.14184531569480896,-0.679873526096344,-0.09502718597650528
43.15018105506897,4.05608606338501,1.0584237575531006,-1.0638468458922616,1.6988694667816162,1.5177398920059204,1.2799628973007202,-1.8958989381790161,4.673788070678711,0.13929229974746704,-0.6569883823394775,-0.08386918902397156
43.19997954368591,4.059967517852783,1.0522730350494385,-1.0737541575335454,1.6957721710205078,1.5710045099258423,1.2811689376831055,-1.9360538721084595,4.662938117980957,0.13780345022678375,-0.6309245228767395,-0.07145488262176514
43.25021982192993,4.063935279846191,1.0459911823272705,-1.083917401859291,1.6920281648635864,1.6192065477371216,1.2811555862426758,-1.9727120399475098,4.651949882507324,0.13820412755012512,-0.6082149744033813,-0.06064780801534653
43.29976797103882,4.068978786468506,1.0381040573120117,-1.0962732841601965,1.6864144802093506,1.6753501892089844,1.280498743057251,-2.0128846168518066,4.638245105743408,0.1397559940814972,-0.5828791260719299,-0.050719425082206726
43.35002088546753,4.074211597442627,1.0296283960342407,-1.1087503251870343,1.6789764165878296,1.7300910949707031,1.2797595262527466,-2.049274444580078,4.623294830322266,0.14027655124664307,-0.5573257803916931,-0.045037928968667984
43.3997437953949,4.080036163330078,1.0201281309127808,-1.1217822528388852,1.6691913604736328,1.7858951091766357,1.2784847021102905,-2.0847322940826416,4.605442047119141,0.13915841281414032,-0.531028151512146,-0.042198363691568375
43.450331687927246,4.086194038391113,1.0099540948867798,-1.1385324362345028,1.658270239830017,1.8416213989257812,1.2758896350860596,-2.120622158050537,4.584532737731934,0.1368992179632187,-0.5077282786369324,-0.04058119282126427
43.49977350234985,4.092645645141602,0.9997485876083374,-1.1584104057361193,1.647961139678955,1.897537350654602,1.2721867561340332,-2.1574134826660156,4.562095642089844,0.13381828367710114,-0.4865766167640686,-0.03933632746338844
43.550116777420044,4.098511219024658,0.9908138513565063,-1.1789834426385075,1.639764666557312,1.9478405714035034,1.267422080039978,-2.192572593688965,4.540771484375,0.1315011978149414,-0.4654903709888458,-0.038934126496315
43.599706411361694,4.105691432952881,0.9802273511886597,-1.2095724598450759,1.634027361869812,2.0013158321380615,1.2605574131011963,-2.231410026550293,4.516741752624512,0.13050545752048492,-0.4408823251724243,-0.03999335318803787
43.6502480506897,4.111361026763916,0.9727098345756531,-1.2370047375411701,1.6334525346755981,2.045938491821289,1.2536953687667847,-2.263394594192505,4.495699405670166,0.13000324368476868,-0.42082762718200684,-0.04211495816707611
43.69973278045654,4.117407321929932,0.9652960300445557,-1.270807813325557,1.6373364925384521,2.09609317779541,1.2459208965301514,-2.2986056804656982,4.4720778465271,0.1284780502319336,-0.40060120820999146,-0.04688425734639168
43.74974346160889,4.123025417327881,0.9575983285903931,-1.3054038300980386,1.6456055641174316,2.14815616607666,1.2384380102157593,-2.335826873779297,4.449182033538818,0.12411920726299286,-0.3833438754081726,-0.05478288233280182
43.799766063690186,4.127610206604004,0.9501100778579712,-1.3389089317245328,1.6566777229309082,2.199178695678711,1.2318929433822632,-2.3740029335021973,4.426311016082764,0.11626996099948883,-0.3676585257053375,-0.06517244875431061
43.849777936935425,4.131392955780029,0.9435534477233887,-1.3679070564452402,1.6689138412475586,2.2452123165130615,1.2273690700531006,-2.4089510440826416,4.40220308303833,0.10676797479391098,-0.35364028811454773,-0.07532966136932373
43.89974808692932,4.134806156158447,0.9369999170303345,-1.4031112722905572,1.6855223178863525,2.2979414463043213,1.2239753007888794,-2.4486641883850098,4.371881008148193,0.09489574283361435,-0.33771270513534546,-0.08560918271541595
43.95019459724426,4.1379899978637695,0.9321520924568176,-1.436018490814282,1.7043153047561646,2.349454641342163,1.2228796482086182,-2.48549747467041,4.342031478881836,0.08375267684459686,-0.3220781087875366,-0.09343158453702927
43.99991798400879,4.1414265632629395,0.926965594291687,-1.4743638452133991,1.725486159324646,2.4007365703582764,1.223760724067688,-2.520021438598633,4.312352657318115,0.0721987783908844,-0.3059816360473633,-0.09971991926431656
44.049986362457275,4.144481658935547,0.922481119632721,-1.512889834244892,1.7511405944824219,2.449270248413086,1.2264888286590576,-2.5517191886901855,4.2822651863098145,0.06035808473825455,-0.29037579894065857,-0.10438642650842667
44.09984731674194,4.147084712982178,0.9198955297470093,-1.5537113731798564,1.7822608947753906,2.4942729473114014,1.2310080528259277,-2.580904722213745,4.250065326690674,0.04820431023836136,-0.2769469618797302,-0.10714135318994522
44.14986515045166,4.150480270385742,0.914874255657196,-1.5930103533624858,1.814791202545166,2.531601667404175,1.2372727394104004,-2.6062045097351074,4.215170860290527,0.03642604872584343,-0.26669275760650635,-0.10812050104141235
44.19985580444336,4.153591632843018,0.911816418170929,-1.6368747183525487,1.8451323509216309,2.5603744983673096,1.2453659772872925,-2.6295087337493896,4.173678398132324,0.023566164076328278,-0.2578437924385071,-0.10768616944551468
44.24992632865906,4.15660285949707,0.9091230630874634,-1.6851728086171809,1.8686034679412842,2.5821375846862793,1.2554490566253662,-2.649728536605835,4.125487804412842,0.009341411292552948,-0.25058984756469727,-0.10615481436252594
44.29975366592407,4.159491062164307,0.9067419767379761,-1.7326355566380836,1.8840816020965576,2.596632242202759,1.2654489278793335,-2.66634202003479,4.078115463256836,-0.005478153470903635,-0.24532294273376465,-0.1038646474480629
44.34987163543701,4.162553310394287,0.9046529531478882,-1.781461828981435,1.8909064531326294,2.6029253005981445,1.275710940361023,-2.6814587116241455,4.032042503356934,-0.021575268357992172,-0.24154435098171234,-0.10054193437099457
44.39975714683533,4.16588020324707,0.9029899835586548,-1.8319769660443557,1.8905937671661377,2.603300094604492,1.2856982946395874,-2.6960203647613525,3.98714542388916,-0.03814919292926788,-0.23848974704742432,-0.0962260514497757
44.44989633560181,4.168909072875977,0.9011832475662231,-1.8804182780075585,1.886522650718689,2.6013994216918945,1.2944505214691162,-2.7091145515441895,3.94374418258667,-0.05415681377053261,-0.2359684556722641,-0.09130404889583588
44.4998037815094,4.172368049621582,0.8990172743797302,-1.9349248818653464,1.8791865110397339,2.600303888320923,1.3012601137161255,-2.7220678329467773,3.902669668197632,-0.06816881150007248,-0.23345571756362915,-0.08645312488079071
44.54996991157532,4.175358295440674,0.896895170211792,-1.9844270570756832,1.8687728643417358,2.601776123046875,1.3069807291030884,-2.736576557159424,3.8652029037475586,-0.07948346436023712,-0.2306104451417923,-0.08229469507932663
44.59988498687744,4.179017543792725,0.8947059512138367,-2.041126151077545,1.856504201889038,2.6064722537994385,1.3116052150726318,-2.7521936893463135,3.8280608654022217,-0.08779267966747284,-0.2284325808286667,-0.07851959019899368
44.65020132064819,4.181854248046875,0.8921197652816772,-2.0934644032845053,1.8439481258392334,2.6139206886291504,1.3152300119400024,-2.766568899154663,3.789375066757202,-0.09336390346288681,-0.22670118510723114,-0.07507608085870743
44.700146198272705,4.1844377517700195,0.8892441987991333,-2.145220347681559,1.831827163696289,2.6222991943359375,1.3175301551818848,-2.779702663421631,3.7492785453796387,-0.09696033596992493,-0.2242843508720398,-0.07211896777153015
44.75000286102295,4.186519145965576,0.8864524960517883,-2.194542573881912,1.8208832740783691,2.6299362182617188,1.3191593885421753,-2.7922439575195312,3.7079014778137207,-0.09880255907773972,-0.22035326063632965,-0.07027637958526611
44.799848794937134,4.188800811767578,0.8831515908241272,-2.247764939437677,1.8121578693389893,2.6352102756500244,1.320783019065857,-2.80501389503479,3.664285182952881,-0.09888657927513123,-0.21533451974391937,-0.06938833743333817
44.8498318195343,4.190744400024414,0.8799622654914856,-2.296917199208296,1.8062931299209595,2.638289213180542,1.3224512338638306,-2.817845106124878,3.6194915771484375,-0.09729510545730591,-0.2096845805644989,-0.06896324455738068
44.89989686012268,4.192272663116455,0.877376914024353,-2.3365265460240843,1.803282380104065,2.6393837928771973,1.3242372274398804,-2.8290839195251465,3.5818705558776855,-0.09442348033189774,-0.20525234937667847,-0.06858934462070465
44.94989633560181,4.194230556488037,0.8737695813179016,-2.38960032266567,1.7999160289764404,2.6387627124786377,1.3275319337844849,-2.844221591949463,3.5298011302948,-0.08778154850006104,-0.19961877167224884,-0.06905670464038849
44.99978470802307,4.195847988128662,0.8703096508979797,-2.4358410994393864,1.7971853017807007,2.6357712745666504,1.3320401906967163,-2.855973958969116,3.4885432720184326,-0.07937216758728027,-0.1957862377166748,-0.07088220864534378
45.0498685836792,4.197272300720215,0.8669230341911316,-2.482185818019395,1.7944730520248413,2.62860369682312,1.3382872343063354,-2.8682754039764404,3.441725969314575,-0.06681572645902634,-0.19176915287971497,-0.07434338331222534
45.09968400001526,4.198276042938232,0.8639874458312988,-2.522441248607652,1.7933268547058105,2.616670608520508,1.3446860313415527,-2.876330614089966,3.3938987255096436,-0.051842328161001205,-0.18793044984340668,-0.0786086767911911
45.14988851547241,4.199064254760742,0.8611367344856262,-2.5638140124853024,1.7934235334396362,2.600095272064209,1.3509153127670288,-2.8781230449676514,3.3492166996002197,-0.036773018538951874,-0.18458126485347748,-0.08301371335983276
45.19990682601929,4.199864387512207,0.858211100101471,-2.604756484988283,1.7948603630065918,2.5778305530548096,1.3571707010269165,-2.875927209854126,3.305026054382324,-0.022508714348077774,-0.18105660378932953,-0.08822333812713623
45.25001263618469,4.2005414962768555,0.8549586534500122,-2.6481663864688145,1.7983200550079346,2.550276517868042,1.3636236190795898,-2.8682913780212402,3.256678819656372,-0.009086753241717815,-0.17759805917739868,-0.09443258494138718
45.30001521110535,4.20090913772583,0.8520476222038269,-2.6868360320045666,1.8036575317382812,2.5230627059936523,1.3689292669296265,-2.8571972846984863,3.210310935974121,5.42511697858572e-05,-0.17446652054786682,-0.10064343363046646
45.34997773170471,4.201276779174805,0.8487377762794495,-2.7287091067254585,1.81174635887146,2.490333080291748,1.3746497631072998,-2.8408055305480957,3.1552045345306396,0.007326947525143623,-0.1704770028591156,-0.10815168172121048
45.39983296394348,4.200686931610107,0.845781683921814,-2.7645835039715507,1.8218647241592407,2.45615291595459,1.3790864944458008,-2.822268486022949,3.101044178009033,0.013008237816393375,-0.1660403162240982,-0.11564948409795761
45.449984550476074,4.199890613555908,0.8428986668586731,-2.7985942665036623,1.8317890167236328,2.420529365539551,1.3822500705718994,-2.8010222911834717,3.0466272830963135,0.0183991938829422,-0.16061066091060638,-0.12363551557064056
45.499849796295166,4.198780536651611,0.8403846621513367,-2.827664624747116,1.8384398221969604,2.3871004581451416,1.3843426704406738,-2.778388261795044,2.99458384513855,0.02309730462729931,-0.15409451723098755,-0.13149525225162506
45.54995369911194,4.19683313369751,0.8377174735069275,-2.8565798590086544,1.8415122032165527,2.3498048782348633,1.3856297731399536,-2.75115704536438,2.936774253845215,0.027243833988904953,-0.14579744637012482,-0.1400155872106552
45.59978365898132,4.1946187019348145,0.8354363441467285,-2.8812259630176076,1.8407131433486938,2.3132853507995605,1.3856157064437866,-2.7241389751434326,2.8829755783081055,0.0290203969925642,-0.1374935805797577,-0.1469537913799286
45.64998412132263,4.191683769226074,0.8334597945213318,-2.900940741640861,1.8378127813339233,2.2755813598632812,1.3853689432144165,-2.6957597732543945,2.8300962448120117,0.029013298451900482,-0.12839706242084503,-0.15261365473270416
45.699867725372314,4.188043117523193,0.8317070603370667,-2.916649775439221,1.8335665464401245,2.2372424602508545,1.3855611085891724,-2.6663947105407715,2.776170015335083,0.02812977135181427,-0.11817041039466858,-0.15706086158752441
45.74997663497925,4.184172630310059,0.8303764462471008,-2.9280933721887608,1.8285468816757202,2.2004685401916504,1.386069655418396,-2.6393861770629883,2.7236902713775635,0.028004739433526993,-0.10769930481910706,-0.1602018028497696
45.79993557929993,4.179919719696045,0.8288943767547607,-2.9382571462255522,1.822026014328003,2.15982985496521,1.386427402496338,-2.6119894981384277,2.6708688735961914,0.027545170858502388,-0.09640049934387207,-0.16196167469024658
45.849913358688354,4.175037860870361,0.8275552988052368,-2.945802977882831,1.8134275674819946,2.1137356758117676,1.3873465061187744,-2.583439588546753,2.6181793212890625,0.02870658040046692,-0.08521217852830887,-0.1614922434091568
45.89982342720032,4.170360565185547,0.826367974281311,-2.9501169694150837,1.8035786151885986,2.069525718688965,1.3886314630508423,-2.5580437183380127,2.570953369140625,0.03387158736586571,-0.07575752586126328,-0.15897530317306519
45.94992995262146,4.165071487426758,0.8253785371780396,-2.9526833754264423,1.7905585765838623,2.0202107429504395,1.3904732465744019,-2.5314934253692627,2.520745038986206,0.042793724685907364,-0.06576453894376755,-0.15486353635787964
45.99981331825256,4.158698558807373,0.8240846395492554,-2.9537756815953045,1.7745329141616821,1.9688867330551147,1.393376350402832,-2.504624843597412,2.4706778526306152,0.053781166672706604,-0.05560746043920517,-0.1500435322523117
46.05004072189331,4.151703357696533,0.8228828310966492,-2.953294948667414,1.7549819946289062,1.913468360900879,1.398044228553772,-2.474600076675415,2.4183783531188965,0.0656294897198677,-0.04393906146287918,-0.14589038491249084
46.09983563423157,4.144309997558594,0.82173091173172,-2.952385065138429,1.7358009815216064,1.8600672483444214,1.4039007425308228,-2.4444522857666016,2.369737148284912,0.07672638446092606,-0.03260960057377815,-0.1433599442243576
46.14998531341553,4.136215686798096,0.8205690979957581,-2.9496332083678403,1.7188870906829834,1.8078690767288208,1.4108271598815918,-2.4129698276519775,2.321650505065918,0.0883854478597641,-0.020963430404663086,-0.141906276345253
46.19982647895813,4.127303600311279,0.8194058537483215,-2.9457762827676466,1.705650806427002,1.7583979368209839,1.41920006275177,-2.380209445953369,2.2740230560302734,0.10052453726530075,-0.009623339399695396,-0.14089277386665344
46.25026822090149,4.117832183837891,0.8180091977119446,-2.9408130841948004,1.6968231201171875,1.7094932794570923,1.4294793605804443,-2.3463053703308105,2.226684093475342,0.11370968818664551,0.0005351416766643524,-0.1401621252298355
46.299858808517456,4.1070356369018555,0.8167858123779297,-2.934055570677521,1.6927893161773682,1.660454273223877,1.4416011571884155,-2.311084270477295,2.1800179481506348,0.12817174196243286,0.010754887014627457,-0.1404770016670227
46.350218534469604,4.095293045043945,0.815494179725647,-2.925205065020679,1.6932761669158936,1.6123073101043701,1.4550740718841553,-2.2742726802825928,2.1319432258605957,0.14430680871009827,0.0206258837133646,-0.142015278339386
46.39982199668884,4.083662033081055,0.8144155740737915,-2.9119683434759422,1.698033094406128,1.565446376800537,1.4692566394805908,-2.2365972995758057,2.083256244659424,0.16194617748260498,0.030171111226081848,-0.14452773332595825
46.450042724609375,4.070173740386963,0.8137574791908264,-2.893112363459519,1.7060012817382812,1.5186197757720947,1.4829069375991821,-2.1976683139801025,2.0370655059814453,0.17885851860046387,0.03914862871170044,-0.14777196943759918
46.49981355667114,4.058152675628662,0.8131545186042786,-2.87303247544112,1.7170246839523315,1.4704227447509766,1.4955376386642456,-2.1583375930786133,1.9892984628677368,0.1941206008195877,0.04734116047620773,-0.15195177495479584
46.549943685531616,4.045099258422852,0.8126199245452881,-2.8468672902881247,1.731353998184204,1.4201029539108276,1.5069124698638916,-2.118666887283325,1.9388093948364258,0.20530615746974945,0.05473106727004051,-0.15677689015865326
46.60006070137024,4.033585071563721,0.812393844127655,-2.8187979350202617,1.748474359512329,1.3713990449905396,1.516351580619812,-2.080960512161255,1.8898279666900635,0.2121591567993164,0.060890812426805496,-0.16212669014930725
46.64998412132263,4.021906852722168,0.8121418356895447,-2.7866024318850924,1.7718983888626099,1.3159886598587036,1.5249700546264648,-2.0391368865966797,1.8349512815475464,0.2173742800951004,0.06668678671121597,-0.16884173452854156
46.70028805732727,4.010369300842285,0.8115307092666626,-2.7517768481843725,1.7975980043411255,1.2628709077835083,1.531335711479187,-1.9997740983963013,1.7835148572921753,0.2215171903371811,0.07124197483062744,-0.17547833919525146
46.74981427192688,3.998950481414795,0.8106672763824463,-2.7142625119622172,1.825332760810852,1.2085292339324951,1.5357221364974976,-1.9604358673095703,1.7314268350601196,0.2250554859638214,0.07507689297199249,-0.18232832849025726
46.80017423629761,3.988015651702881,0.8095399737358093,-2.6761503882765143,1.8516868352890015,1.1555352210998535,1.5382471084594727,-1.920628309249878,1.6786941289901733,0.2278663069009781,0.07771537452936172,-0.18950636684894562
46.84983944892883,3.976067543029785,0.8077166676521301,-2.634887364897915,1.8747793436050415,1.1049392223358154,1.5383869409561157,-1.8809213638305664,1.6269487142562866,0.22899839282035828,0.07907868176698685,-0.19709403812885284
46.90005946159363,3.965397596359253,0.8056079745292664,-2.5982657625972316,1.893418550491333,1.0575242042541504,1.5359265804290771,-1.84378981590271,1.5783036947250366,0.22835123538970947,0.08009395748376846,-0.2049187272787094
46.949869871139526,3.9534740447998047,0.802666425704956,-2.5568099733116205,1.9103342294692993,1.0044137239456177,1.5299649238586426,-1.802526593208313,1.5236060619354248,0.22557294368743896,0.0816112607717514,-0.21367578208446503
47.00005841255188,3.9439988136291504,0.7999867796897888,-2.5203523657652815,1.9220939874649048,0.9594816565513611,1.523114800453186,-1.7673366069793701,1.4757964611053467,0.22205495834350586,0.08348759263753891,-0.22072114050388336
47.04981541633606,3.932264804840088,0.7962300777435303,-2.4765715749222825,1.934190034866333,0.9060807228088379,1.5142948627471924,-1.7249990701675415,1.4188419580459595,0.21653860807418823,0.08571990579366684,-0.22844834625720978
47.09993505477905,3.9211809635162354,0.7922784090042114,-2.433184224858913,1.9450290203094482,0.8516520857810974,1.506191372871399,-1.6828086376190186,1.364795207977295,0.21058626472949982,0.08774284273386002,-0.2353920191526413
47.1502149105072,3.9117276668548584,0.7884818911552429,-2.3974512234938015,1.9530839920043945,0.8047828078269958,1.5008124113082886,-1.647600769996643,1.3188693523406982,0.2085953801870346,0.08948295563459396,-0.24100026488304138
47.199872732162476,3.900078773498535,0.7830713391304016,-2.3544908468783787,1.9611091613769531,0.745536208152771,1.4961903095245361,-1.6033146381378174,1.260936975479126,0.21238362789154053,0.0917169451713562,-0.2479112297296524
47.249786376953125,3.891141176223755,0.778320848941803,-2.32122394931461,1.964760422706604,0.6981838941574097,1.493954062461853,-1.5680170059204102,1.2146284580230713,0.2189747542142868,0.0936676561832428,-0.25367894768714905
47.29986643791199,3.880436420440674,0.7719245553016663,-2.2820346700433416,1.9649137258529663,0.6386620998382568,1.4915270805358887,-1.5248461961746216,1.1579276323318481,0.22937534749507904,0.09611141681671143,-0.261051744222641
47.349815368652344,3.8716881275177,0.7661845684051514,-2.25031401811356,1.961745262145996,0.5873361229896545,1.4894280433654785,-1.488505482673645,1.110433578491211,0.23904739320278168,0.09821996092796326,-0.2673785984516144
47.40002202987671,3.862570285797119,0.7596145272254944,-2.2164857105911846,1.956323266029358,0.528486967086792,1.4874616861343384,-1.446415901184082,1.0577529668807983,0.25015512108802795,0.10096736997365952,-0.27460843324661255
47.44986939430237,3.8545851707458496,0.7534785270690918,-2.188522353688738,1.9514120817184448,0.4773830473423004,1.4864656925201416,-1.4068759679794312,1.0112438201904297,0.26074743270874023,0.10410218685865402,-0.28130415081977844
47.49992823600769,3.846627950668335,0.7467728853225708,-2.1619603614153666,1.9482886791229248,0.42233985662460327,1.4860382080078125,-1.361097812652588,0.9606776237487793,0.2739954888820648,0.1084757074713707,-0.2886468768119812
47.549851417541504,3.839081287384033,0.7399089336395264,-2.136695750933558,1.9492204189300537,0.37104013562202454,1.4866706132888794,-1.317240595817566,0.9143039584159851,0.2882215082645416,0.11427119374275208,-0.29560112953186035
47.59991383552551,3.831376314163208,0.7323951125144958,-2.111412007401691,1.9542955160140991,0.3206927180290222,1.4886163473129272,-1.2731480598449707,0.8679597973823547,0.30400773882865906,0.12238726019859314,-0.3022906482219696
47.64984583854675,3.8239669799804688,0.7250668406486511,-2.0879487275492568,1.961647868156433,0.27163785696029663,1.4918016195297241,-1.2287359237670898,0.8212170004844666,0.3208954930305481,0.13234834372997284,-0.30774855613708496
47.69981813430786,3.8161609172821045,0.7168297171592712,-2.064520882706621,1.9693758487701416,0.222630575299263,1.495988130569458,-1.1845449209213257,0.7759549021720886,0.33718928694725037,0.14306803047657013,-0.3109595477581024
47.7497763633728,3.8094282150268555,0.7093014717102051,-2.043145355934569,1.9777499437332153,0.17244815826416016,1.5003641843795776,-1.1415493488311768,0.7317979335784912,0.35158953070640564,0.15476936101913452,-0.3123255670070648
47.79979228973389,3.8022429943084717,0.7005870938301086,-2.022211740162349,1.9865989685058594,0.12038392573595047,1.504025936126709,-1.099491834640503,0.6846203804016113,0.3625907301902771,0.16801460087299347,-0.31231486797332764
47.84977149963379,3.795093536376953,0.6913990378379822,-2.0020986397349767,1.9959322214126587,0.06666848063468933,1.5066742897033691,-1.0587186813354492,0.6355041861534119,0.36930733919143677,0.18245567381381989,-0.3111473023891449
47.89996290206909,3.7885711193084717,0.6822867393493652,-1.9842537583309434,2.0055620670318604,0.014686540700495243,1.5079615116119385,-1.0214112997055054,0.5896657705307007,0.3734133839607239,0.19654464721679688,-0.3084312379360199
47.94993209838867,3.7819018363952637,0.6722156405448914,-1.9656923979289374,2.0163800716400146,-0.041259169578552246,1.5084062814712524,-0.9835532307624817,0.5427951812744141,0.37733837962150574,0.21173356473445892,-0.3027029037475586
47.999815702438354,3.7753148078918457,0.6617631316184998,-1.948202137280935,2.0282769203186035,-0.10015247017145157,1.5084079504013062,-0.94463050365448,0.49411386251449585,0.38117799162864685,0.22877876460552216,-0.2937096953392029
48.0497727394104,3.7689208984375,0.6508837938308716,-1.9316706312513072,2.0386416912078857,-0.1532406359910965,1.5074862241744995,-0.9096590876579285,0.45069706439971924,0.3836818337440491,0.24407802522182465,-0.28437212109565735
48.099780797958374,3.7622921466827393,0.6388471722602844,-1.9146394211900535,2.048795461654663,-0.21112662553787231,1.504948616027832,-0.8698354363441467,0.4027611017227173,0.3847110867500305,0.26190271973609924,-0.27538344264030457
48.14974927902222,3.7562904357910156,0.6270731091499329,-1.899578133204798,2.055772066116333,-0.2645224630832672,1.5008059740066528,-0.8315674662590027,0.35703834891319275,0.3834713399410248,0.2798532247543335,-0.2699089050292969
48.1998176574707,3.750584363937378,0.6156342029571533,-1.8861197530326548,2.0581119060516357,-0.3185817301273346,1.494936466217041,-0.7928183674812317,0.3106711804866791,0.3789120614528656,0.2986990809440613,-0.26770448684692383
48.24973726272583,3.7442214488983154,0.6023114323616028,-1.871196585304577,2.055671215057373,-0.37347254157066345,1.4869059324264526,-0.7538918256759644,0.2632841467857361,0.37099575996398926,0.317387193441391,-0.2678564786911011
48.299773931503296,3.738180637359619,0.5891917943954468,-1.8580717628574923,2.0502712726593018,-0.42680951952934265,1.4771687984466553,-0.714627742767334,0.21433719992637634,0.36077991127967834,0.33506813645362854,-0.26896166801452637
48.34977674484253,3.7326483726501465,0.5765889286994934,-1.8460360452653983,2.044140100479126,-0.4793909192085266,1.4665993452072144,-0.6754152774810791,0.16767315566539764,0.35064560174942017,0.3524596095085144,-0.2713273763656616
48.39976668357849,3.726661205291748,0.5621848702430725,-1.8338071856195597,2.037381649017334,-0.5335133671760559,1.4561678171157837,-0.6364136934280396,0.12296519428491592,0.34334054589271545,0.3697802424430847,-0.27469223737716675
48.449843645095825,3.721482276916504,0.549098551273346,-1.8231318459948744,2.029693126678467,-0.5901928544044495,1.4470405578613281,-0.5980827808380127,0.07833581417798996,0.3401567339897156,0.386610209941864,-0.27937352657318115
48.49976634979248,3.715996742248535,0.5345095992088318,-1.8115378824579773,2.020892858505249,-0.6485949754714966,1.4399101734161377,-0.5595832467079163,0.033950403332710266,0.34084567427635193,0.403383731842041,-0.2849676311016083
48.54995012283325,3.71158504486084,0.5228332281112671,-1.8030406213661712,2.012359857559204,-0.6977048516273499,1.4356828927993774,-0.527145504951477,-0.0022482406347990036,0.34298598766326904,0.416725754737854,-0.29013630747795105
48.59979033470154,3.7063043117523193,0.5071927905082703,-1.7917521293734802,1.9987670183181763,-0.7624591588973999,1.432659387588501,-0.48350396752357483,-0.04853728041052818,0.34664759039878845,0.4330964982509613,-0.29809993505477905
48.65016317367554,3.701774835586548,0.4939036965370178,-1.7839547213193063,1.985166311264038,-0.821254551410675,1.4312748908996582,-0.44521602988243103,-0.08769357204437256,0.3495357930660248,0.4462108612060547,-0.30576932430267334
48.699777603149414,3.6970038414001465,0.479021281003952,-1.7744249003781165,1.970515251159668,-0.8846012949943542,1.4309720993041992,-0.4056573510169983,-0.12768183648586273,0.35221976041793823,0.45752307772636414,-0.3144024610519409
48.74994945526123,3.692558526992798,0.46407604217529297,-1.7665644458329595,1.9589654207229614,-0.9418707489967346,1.431976556777954,-0.3675651252269745,-0.16615034639835358,0.35482057929039,0.46632230281829834,-0.3228133022785187
48.79967951774597,3.688640594482422,0.44970959424972534,-1.7576528173851127,1.9504011869430542,-0.9972906708717346,1.434342622756958,-0.32835057377815247,-0.20638950169086456,0.3576638698577881,0.47488659620285034,-0.3315325975418091
48.84985899925232,3.684274435043335,0.43525397777557373,-1.751062514541183,1.9451860189437866,-1.0526856184005737,1.4381129741668701,-0.28886574506759644,-0.2476227730512619,0.3617519736289978,0.483534038066864,-0.33991801738739014
48.89977264404297,3.6804113388061523,0.4215911030769348,-1.7437882752457794,1.9437564611434937,-1.1036359071731567,1.4435416460037231,-0.251277893781662,-0.28561535477638245,0.36699268221855164,0.4932032823562622,-0.3467298448085785
48.94992136955261,3.6765570640563965,0.40757182240486145,-1.7377915637810337,1.9447166919708252,-1.1518659591674805,1.4510912895202637,-0.21322669088840485,-0.32279375195503235,0.3731343746185303,0.5046383738517761,-0.35200783610343933
49.00019288063049,3.67256498336792,0.3916199207305908,-1.7325316938827275,1.9462753534317017,-1.2042443752288818,1.4614455699920654,-0.17011332511901855,-0.3633570373058319,0.3806620240211487,0.5186601281166077,-0.3554776906967163
49.04999017715454,3.6689224243164062,0.3762667775154114,-1.7282250457302515,1.9466379880905151,-1.2549043893814087,1.4720872640609741,-0.12928223609924316,-0.40049058198928833,0.3880322575569153,0.5316702127456665,-0.35572826862335205
49.09985899925232,3.665790557861328,0.3631330728530884,-1.725396037566009,1.9461809396743774,-1.2984859943389893,1.480710506439209,-0.09548432379961014,-0.43169450759887695,0.39399874210357666,0.5422934293746948,-0.35368481278419495
49.14987373352051,3.6620664596557617,0.34388020634651184,-1.724906707336863,1.945665955543518,-1.3645730018615723,1.4915266036987305,-0.046862393617630005,-0.48169246315956116,0.4012070894241333,0.5592876672744751,-0.34733644127845764
49.199785232543945,3.65885853767395,0.3274933397769928,-1.72482997608555,1.9467917680740356,-1.4205307960510254,1.4995335340499878,-0.007535936310887337,-0.5239137411117554,0.403555303812027,0.5754026770591736,-0.3397003412246704
49.24986171722412,3.655931234359741,0.3106725811958313,-1.7271662851998728,1.9490532875061035,-1.475854516029358,1.506434679031372,0.031794190406799316,-0.5648648738861084,0.397655725479126,0.5923976302146912,-0.3298559784889221
49.29976153373718,3.653381109237671,0.2953825294971466,-1.7317236567061134,1.9507594108581543,-1.5249335765838623,1.5112909078598022,0.06694010645151138,-0.601176917552948,0.38504987955093384,0.607445478439331,-0.3191930949687958
49.34993624687195,3.6504247188568115,0.27603939175605774,-1.7401475373009683,1.9519917964935303,-1.585099220275879,1.5160272121429443,0.11061263829469681,-0.647025465965271,0.37211060523986816,0.6258676648139954,-0.3033686876296997
49.39981198310852,3.6481614112854004,0.26118648052215576,-1.7480918245397923,1.9515944719314575,-1.6274598836898804,1.5189796686172485,0.14400295913219452,-0.6812219023704529,0.36704114079475403,0.6393896341323853,-0.2900611162185669
49.45001792907715,3.645350694656372,0.24029462039470673,-1.762465199566982,1.9482049942016602,-1.6852973699569702,1.5218822956085205,0.1921989917755127,-0.7276620864868164,0.363655149936676,0.6581481695175171,-0.27024734020233154
49.499897718429565,3.6430323123931885,0.22420816123485565,-1.7756095215745613,1.9425629377365112,-1.7296439409255981,1.523033857345581,0.23057346045970917,-0.7618842124938965,0.3611483573913574,0.673164963722229,-0.25426238775253296
49.5499472618103,3.6401336193084717,0.20472493767738342,-1.7934926630859092,1.9319356679916382,-1.7853546142578125,1.5226478576660156,0.27919644117355347,-0.803916871547699,0.3559268116950989,0.6929031610488892,-0.23434008657932281
49.6001615524292,3.6373932361602783,0.18720880150794983,-1.811364452688189,1.921633005142212,-1.829143762588501,1.5207998752593994,0.3187762498855591,-0.83739173412323,0.3485880196094513,0.7087371945381165,-0.21919800341129303
49.64996814727783,3.6337220668792725,0.1662670522928238,-1.8341171297160979,1.907649278640747,-1.8828016519546509,1.5174528360366821,0.3680059611797333,-0.8784465193748474,0.33582693338394165,0.7278999090194702,-0.20246252417564392
49.70022630691528,3.629844903945923,0.14700813591480255,-1.8543376000867158,1.8939645290374756,-1.9325846433639526,1.5132383108139038,0.41142016649246216,-0.9145141243934631,0.3228205442428589,0.7463130950927734,-0.18877747654914856
49.75003409385681,3.625624179840088,0.12891937792301178,-1.8744035873650968,1.8787062168121338,-1.9843695163726807,1.5089219808578491,0.45437318086624146,-0.9495552182197571,0.3089871108531952,0.76658034324646,-0.1761665791273117
49.79982376098633,3.620802879333496,0.109650619328022,-1.895005316162256,1.861527919769287,-2.0376205444335938,1.505367636680603,0.49772611260414124,-0.9818952083587646,0.296535462141037,0.7866998314857483,-0.16435381770133972
49.849886894226074,3.6150941848754883,0.08964021503925323,-1.9172058620309091,1.8422340154647827,-2.0916361808776855,1.5041285753250122,0.5423191785812378,-1.0128427743911743,0.28687769174575806,0.8061582446098328,-0.15325827896595
49.90184712409973,3.6092066764831543,0.07048876583576202,-1.9375450127187455,1.8212767839431763,-2.145754814147949,1.5056153535842896,0.5873245596885681,-1.0437735319137573,0.2807949185371399,0.8255956768989563,-0.14280539751052856
49.949795961380005,3.603273630142212,0.05244280770421028,-1.9561400401043822,1.801429271697998,-2.1992270946502686,1.5086177587509155,0.6292321681976318,-1.073205828666687,0.2788553237915039,0.8443148136138916,-0.1334492564201355
49.99981236457825,3.5964152812957764,0.032689418643713,-1.9765695139842774,1.7813764810562134,-2.256856679916382,1.5132673978805542,0.6755339503288269,-1.1051300764083862,0.2805030047893524,0.8652361035346985,-0.123236745595932
50.0498411655426,3.589750289916992,0.015125811100006104,-1.994060324391648,1.7641069889068604,-2.306879997253418,1.5186913013458252,0.7197830080986023,-1.1332975625991821,0.2841615676879883,0.8847434520721436,-0.11418670415878296
50.09982419013977,3.582134485244751,-0.004288306925445795,-2.013567861989352,1.7483083009719849,-2.3552963733673096,1.525053858757019,0.7654595971107483,-1.1605069637298584,0.2886175513267517,0.9018145203590393,-0.10629178583621979
50.14993238449097,3.5745794773101807,-0.022693831473588943,-2.0312515645434317,1.7342817783355713,-2.4029641151428223,1.5320327281951904,0.8128297328948975,-1.187839388847351,0.29240864515304565,0.916652262210846,-0.09928996115922928
50.19992017745972,3.567030668258667,-0.03997170552611351,-2.046982898781465,1.7233903408050537,-2.4462218284606934,1.5398746728897095,0.8583274483680725,-1.2142329216003418,0.29466012120246887,0.9319908022880554,-0.09232396632432938
50.24978470802307,3.558138847351074,-0.05927587300539017,-2.0637569577470365,1.713502049446106,-2.4938316345214844,1.5505331754684448,0.9103839993476868,-1.2445898056030273,0.29522454738616943,0.9510630965232849,-0.08257120102643967
50.299906492233276,3.549189567565918,-0.07739131897687912,-2.078922809937406,1.704375147819519,-2.539924144744873,1.5618174076080322,0.9607898592948914,-1.2745815515518188,0.2945883572101593,0.9691610932350159,-0.07009736448526382
50.349881649017334,3.5404515266418457,-0.09441154450178146,-2.093536312730415,1.6945152282714844,-2.5874907970428467,1.5729703903198242,1.0118929147720337,-1.3055886030197144,0.29263836145401,0.9863181114196777,-0.05482889339327812
50.3998601436615,3.5305392742156982,-0.11312606930732727,-2.109960665938155,1.6836225986480713,-2.636746883392334,1.5825237035751343,1.0620613098144531,-1.3355038166046143,0.28886646032333374,1.0028663873672485,-0.03708657994866371
50.44988131523132,3.5217156410217285,-0.12958624958992004,-2.1241792796192764,1.672847867012024,-2.6867692470550537,1.5895180702209473,1.111719012260437,-1.3635340929031372,0.28391698002815247,1.0193582773208618,-0.01661427691578865
50.499845027923584,3.5118470191955566,-0.14728663861751556,-2.1398402615626373,1.6627856492996216,-2.7357072830200195,1.5931836366653442,1.1607223749160767,-1.390002727508545,0.2787438631057739,1.0360307693481445,0.006309777498245239
50.5497887134552,3.5025899410247803,-0.16331660747528076,-2.1550176813290265,1.6527398824691772,-2.781092882156372,1.5942796468734741,1.2085037231445312,-1.4159152507781982,0.27376407384872437,1.0528781414031982,0.031138597056269646
50.599769115448,3.494086503982544,-0.1778257042169571,-2.170538445918986,1.643388271331787,-2.8213765621185303,1.5938127040863037,1.254820466041565,-1.4413762092590332,0.26879507303237915,1.070322871208191,0.05761072412133217
50.64982223510742,3.4851391315460205,-0.1929103136062622,-2.188633878363607,1.633768916130066,-2.860792398452759,1.5928683280944824,1.3004237413406372,-1.465657114982605,0.26320913434028625,1.0887305736541748,0.08587124198675156
50.69976472854614,3.4775211811065674,-0.20546956360340118,-2.2052647135974985,1.6241523027420044,-2.9026074409484863,1.5914623737335205,1.346389651298523,-1.4885876178741455,0.2554881274700165,1.1085548400878906,0.1162942498922348
50.74992752075195,3.4702987670898438,-0.2181447446346283,-2.224324094576386,1.6139469146728516,-2.94551157951355,1.589421033859253,1.3905059099197388,-1.5088051557540894,0.24529701471328735,1.1300110816955566,0.1468532830476761
50.79976153373718,3.4631965160369873,-0.2303437441587448,-2.247281372177245,1.6031577587127686,-2.98654842376709,1.5862865447998047,1.440206527709961,-1.5282402038574219,0.23260000348091125,1.155036449432373,0.1815018206834793
50.850184202194214,3.4572198390960693,-0.24155321717262268,-2.2700333755856303,1.595193862915039,-3.0203936100006104,1.581821322441101,1.4878541231155396,-1.543643832206726,0.22032471001148224,1.178114652633667,0.2129422128200531
50.899776220321655,3.4519224166870117,-0.2518169581890106,-2.2962878073447985,1.5923492908477783,-3.047739267349243,1.5756850242614746,1.5355960130691528,-1.5558083057403564,0.20987917482852936,1.2010728120803833,0.2408682107925415
50.949954986572266,3.4476101398468018,-0.2604144513607025,-2.322186406405365,1.5932363271713257,-3.066920280456543,1.5700628757476807,1.5763493776321411,-1.5638827085494995,0.2015417069196701,1.2235647439956665,0.26330238580703735
50.99976301193237,3.442540407180786,-0.2704678475856781,-2.3548477393910208,1.6004701852798462,-3.0843100547790527,1.5637056827545166,1.6261379718780518,-1.5705735683441162,0.19378170371055603,1.2533313035964966,0.28795865178108215
51.04993152618408,3.4369308948516846,-0.2801443040370941,-2.390609384898929,1.6110904216766357,-3.0924041271209717,1.560674786567688,1.671165943145752,-1.5729460716247559,0.1890600025653839,1.2776470184326172,0.30621522665023804
51.09982085227966,3.4312973022460938,-0.2889424264431,-2.421890414687639,1.6262757778167725,-3.0940232276916504,1.5616347789764404,1.713712453842163,-1.572219967842102,0.1863873153924942,1.2984094619750977,0.3210550546646118
51.15008616447449,3.425013780593872,-0.29817938804626465,-2.453992385947153,1.6459296941757202,-3.092421770095825,1.5661437511444092,1.7577953338623047,-1.5688787698745728,0.18611055612564087,1.3206350803375244,0.33599427342414856
51.199830293655396,3.4179508686065674,-0.3074290454387665,-2.4858315414102012,1.6686668395996094,-3.088728666305542,1.5727436542510986,1.7996406555175781,-1.5640050172805786,0.187705859541893,1.3446706533432007,0.35048580169677734
51.250059366226196,3.4118447303771973,-0.314951092004776,-2.5118760413872088,1.6895219087600708,-3.085378646850586,1.578594446182251,1.832742691040039,-1.5585254430770874,0.1911005973815918,1.3656078577041626,0.3616715669631958
51.29975390434265,3.4021589756011963,-0.32599785923957825,-2.5486182431354356,1.723116397857666,-3.079190254211426,1.5874576568603516,1.8799734115600586,-1.5493226051330566,0.19732941687107086,1.397160530090332,0.3752581775188446
51.3503520488739,3.3952744007110596,-0.33337870240211487,-2.5727989396532105,1.74805748462677,-3.0750272274017334,1.5941076278686523,1.9120709896087646,-1.5411876440048218,0.2027718871831894,1.4191755056381226,0.38206467032432556
51.399728775024414,3.385129928588867,-0.343414843082428,-2.6053819606939825,1.7839133739471436,-3.071620464324951,1.6048492193222046,1.9561876058578491,-1.5265406370162964,0.21026001870632172,1.4504351615905762,0.38928666710853577
51.44974207878113,3.376918315887451,-0.3508620858192444,-2.629438942976575,1.8118096590042114,-3.0676441192626953,1.614967942237854,1.9893105030059814,-1.512887716293335,0.21654155850410461,1.4766933917999268,0.39383700489997864
51.499773025512695,3.3667776584625244,-0.3598199784755707,-2.6576207697212464,1.8454256057739258,-3.0595178604125977,1.6301006078720093,2.0310416221618652,-1.494234323501587,0.22177650034427643,1.512298822402954,0.39969491958618164
51.549805641174316,3.3579227924346924,-0.3672308027744293,-2.6799967323910523,1.8728556632995605,-3.049929618835449,1.6446890830993652,2.0676746368408203,-1.4767757654190063,0.22541719675064087,1.5424212217330933,0.40571558475494385
51.599743604660034,3.347592353820801,-0.37466976046562195,-2.7045932041023613,1.900963306427002,-3.036677360534668,1.6617432832717896,2.1099674701690674,-1.4564169645309448,0.2292817234992981,1.5763554573059082,0.41474226117134094
51.650336503982544,3.3383982181549072,-0.3811112642288208,-2.725447968348174,1.9233649969100952,-3.0214388370513916,1.6765800714492798,2.148494243621826,-1.4382730722427368,0.23177532851696014,1.607017159461975,0.42436233162879944
51.699989318847656,3.328310489654541,-0.38768327236175537,-2.7463754077658047,1.9429389238357544,-3.0027027130126953,1.6910510063171387,2.191948890686035,-1.4175972938537598,0.23404550552368164,1.639959454536438,0.436064213514328
51.74979114532471,3.31790828704834,-0.39393943548202515,-2.766400069944992,1.9555091857910156,-2.985715389251709,1.6995859146118164,2.2302606105804443,-1.3987252712249756,0.2353472113609314,1.6679831743240356,0.446272611618042
51.79974937438965,3.307405710220337,-0.3998259902000427,-2.7853254398813734,1.9643086194992065,-2.966120958328247,1.7032074928283691,2.272218942642212,-1.3778877258300781,0.2355639934539795,1.6997147798538208,0.4582720994949341
51.850592851638794,3.296666383743286,-0.405482679605484,-2.8034545477592006,1.9692790508270264,-2.9441518783569336,1.702010989189148,2.3090810775756836,-1.3596529960632324,0.23463965952396393,1.7310073375701904,0.4709165394306183
51.899813413619995,3.285433530807495,-0.4108235836029053,-2.820302534906715,1.9710583686828613,-2.919741630554199,1.6983647346496582,2.340035915374756,-1.34282386302948,0.23295782506465912,1.760266900062561,0.48424309492111206
51.94980716705322,3.273731231689453,-0.41603365540504456,-2.836617835914837,1.9699218273162842,-2.8898260593414307,1.6926829814910889,2.3682594299316406,-1.3235814571380615,0.23067452013492584,1.7921518087387085,0.500089704990387
52.00011444091797,3.2616682052612305,-0.42121464014053345,-2.8522562183701017,1.9642671346664429,-2.8550031185150146,1.6850416660308838,2.393110990524292,-1.3008620738983154,0.22722217440605164,1.8273667097091675,0.5195584297180176
52.05021405220032,3.2492740154266357,-0.42615512013435364,-2.867291827002462,1.954785704612732,-2.819751501083374,1.6758003234863281,2.412344217300415,-1.2777281999588013,0.2231513410806656,1.8615493774414062,0.5388361215591431
52.099867820739746,3.2358853816986084,-0.431264728307724,-2.882683369842768,1.940741777420044,-2.7831549644470215,1.6646990776062012,2.4276187419891357,-1.2539340257644653,0.2181638479232788,1.8959718942642212,0.5570873022079468
52.149882078170776,3.2238900661468506,-0.43565380573272705,-2.8963485134154814,1.9217013120651245,-2.747035503387451,1.6522098779678345,2.438460111618042,-1.2303684949874878,0.21167628467082977,1.9302918910980225,0.5745523571968079
52.19979548454285,3.210745096206665,-0.440019816160202,-2.9101415520221776,1.9006470441818237,-2.7117137908935547,1.640507698059082,2.4443740844726562,-1.2087732553482056,0.2039748877286911,1.9614073038101196,0.5891685485839844
52.249972343444824,3.198178291320801,-0.44394153356552124,-2.9225215551763184,1.8768943548202515,-2.671722650527954,1.6280964612960815,2.4472179412841797,-1.1868476867675781,0.19435299932956696,1.9961497783660889,0.6012937426567078
52.29977798461914,3.183302402496338,-0.44829678535461426,-2.936797238106441,1.8518105745315552,-2.628429889678955,1.614096760749817,2.4480574131011963,-1.1646648645401,0.18278881907463074,2.0344901084899902,0.6107958555221558
52.349854946136475,3.1704821586608887,-0.45178723335266113,-2.9482874037962876,1.830276608467102,-2.5891878604888916,1.6018857955932617,2.447986364364624,-1.1458115577697754,0.1719846874475479,2.068458080291748,0.6171264052391052
52.399760723114014,3.155893325805664,-0.4556024372577667,-2.9605059861516505,1.808824896812439,-2.5444886684417725,1.58971107006073,2.4476048946380615,-1.1252434253692627,0.1592961996793747,2.1052186489105225,0.6228232383728027
52.44969725608826,3.1425483226776123,-0.45880401134490967,-2.9704453765112455,1.7916170358657837,-2.502777338027954,1.5795193910598755,2.448019027709961,-1.105417251586914,0.14748592674732208,2.1402981281280518,0.6272875666618347
52.500006914138794,3.1272640228271484,-0.4618774652481079,-2.980278663191981,1.7781109809875488,-2.4623312950134277,1.569569706916809,2.4494597911834717,-1.0846003293991089,0.13584864139556885,2.1769168376922607,0.6304882168769836
52.54972505569458,3.112903594970703,-0.4646137058734894,-2.988787448480009,1.7677695751190186,-2.4241526126861572,1.5592132806777954,2.450942277908325,-1.0626893043518066,0.1250901222229004,2.2142140865325928,0.6325439810752869
52.59976863861084,3.098167896270752,-0.46711328625679016,-2.996416228419347,1.760134220123291,-2.387601852416992,1.5490410327911377,2.451805830001831,-1.0394700765609741,0.11544426530599594,2.252767562866211,0.6327811479568481
52.64979600906372,3.083993434906006,-0.4694168269634247,-3.0027994192061542,1.7546402215957642,-2.3510708808898926,1.5395609140396118,2.452530860900879,-1.0160996913909912,0.10761065036058426,2.288518190383911,0.6309897303581238
52.69995450973511,3.0689456462860107,-0.47165894508361816,-3.008514386026056,1.7503037452697754,-2.3093740940093994,1.528458595275879,2.4532694816589355,-0.9900687336921692,0.10089351236820221,2.325484275817871,0.6275278329849243
52.74986743927002,3.0546107292175293,-0.47380632162094116,-3.013615674075791,1.7478195428848267,-2.2670185565948486,1.5162510871887207,2.453450918197632,-0.9653424024581909,0.09667319804430008,2.3609869480133057,0.6238682866096497
52.79978847503662,3.0372543334960938,-0.4763810932636261,-3.0191566756296,1.7484513521194458,-2.215620517730713,1.499620795249939,2.4517369270324707,-0.936646044254303,0.09404870122671127,2.3998589515686035,0.621570348739624
52.849995136260986,3.022221565246582,-0.4783017635345459,-3.023179107965882,1.7525299787521362,-2.169667959213257,1.4829033613204956,2.448005437850952,-0.9100731015205383,0.09296570718288422,2.4355907440185547,0.6211118102073669
52.899805307388306,3.005268096923828,-0.48044049739837646,-3.0274796711801937,1.7597448825836182,-2.1238009929656982,1.465067744255066,2.4426326751708984,-0.8818619251251221,0.09237582236528397,2.471747636795044,0.622279942035675
52.949883460998535,2.990316152572632,-0.481984406709671,-3.0308874293744696,1.7676490545272827,-2.078165054321289,1.447486162185669,2.4367361068725586,-0.8540101647377014,0.09213199466466904,2.5053229331970215,0.6245589256286621
52.99987053871155,2.974503993988037,-0.4835834503173828,-3.0332682891651377,1.777024745941162,-2.0277676582336426,1.427970290184021,2.429288625717163,-0.8218406438827515,0.0928003191947937,2.5423343181610107,0.6281387209892273
53.050480365753174,2.9585821628570557,-0.4847482442855835,-3.033111218180764,1.785735845565796,-1.9822365045547485,1.4097965955734253,2.4216816425323486,-0.7907025814056396,0.09531489759683609,2.578569173812866,0.6321191787719727
53.09988737106323,2.9444828033447266,-0.4855591654777527,-3.0315072575463837,1.7919542789459229,-1.9362034797668457,1.3919999599456787,2.412849187850952,-0.7592034339904785,0.10022910684347153,2.6168460845947266,0.6369732618331909
53.14993119239807,2.932572364807129,-0.4860401153564453,-3.0284556804129217,1.794529914855957,-1.891795039176941,1.3762860298156738,2.402384042739868,-0.7292541861534119,0.1075126901268959,2.6541402339935303,0.6428618431091309
53.19983386993408,2.9208872318267822,-0.4861770272254944,-3.022953947496485,1.7933439016342163,-1.8422726392745972,1.3612265586853027,2.3880128860473633,-0.6956937909126282,0.11821860074996948,2.6959633827209473,0.6514888405799866
53.24985694885254,2.9107565879821777,-0.486258327960968,-3.0156793203090952,1.7889902591705322,-1.7988132238388062,1.3515534400939941,2.3731844425201416,-0.6661167740821838,0.1286812126636505,2.7339985370635986,0.661341667175293
53.299925804138184,2.9012715816497803,-0.4862903356552124,-3.009017714133522,1.7814849615097046,-1.751876950263977,1.345503807067871,2.35632061958313,-0.632904052734375,0.13995715975761414,2.778528928756714,0.6731619834899902
53.34975719451904,2.8929364681243896,-0.4868985414505005,-3.0047122869042426,1.7724074125289917,-1.7074016332626343,1.3433566093444824,2.340202808380127,-0.6013944745063782,0.14939676225185394,2.8228354454040527,0.6834085583686829
53.39980602264404,2.8858015537261963,-0.4875393509864807,-3.001598383816595,1.761462926864624,-1.6613730192184448,1.3435081243515015,2.3232765197753906,-0.5703157186508179,0.15688790380954742,2.865642547607422,0.6937313079833984
53.44980192184448,2.877018690109253,-0.48838603496551514,-2.9971448251635318,1.748234510421753,-1.6132404804229736,1.3458274602890015,2.305413007736206,-0.5399363040924072,0.16226443648338318,2.9048430919647217,0.7034348249435425
53.4997820854187,2.8696296215057373,-0.48881593346595764,-2.9926198057842153,1.7345409393310547,-1.5692343711853027,1.3502180576324463,2.2889821529388428,-0.5137678384780884,0.16575057804584503,2.939199924468994,0.708978533744812
53.55008387565613,2.8604252338409424,-0.4894442856311798,-2.9862397618181102,1.716072678565979,-1.516855001449585,1.358539342880249,2.2681355476379395,-0.48396480083465576,0.16906839609146118,2.9799818992614746,0.7114802598953247
53.59991407394409,2.8514106273651123,-0.48985886573791504,-2.979815710237933,1.6989156007766724,-1.468836784362793,1.3686498403549194,2.248408555984497,-0.4593008756637573,0.1711169332265854,3.0147545337677,0.7114702463150024
53.64983677864075,2.840496301651001,-0.4903091490268707,-2.9723997309606163,1.679335594177246,-1.4126337766647339,1.3833673000335693,2.22402024269104,-0.43382707238197327,0.17255179584026337,3.0518391132354736,0.7114404439926147
53.69979667663574,2.8292388916015625,-0.4907659590244293,-2.963810391476541,1.6643929481506348,-1.3675565719604492,1.3978928327560425,2.202209711074829,-0.4142223000526428,0.17329202592372894,3.0818943977355957,0.7111444473266602
53.74989724159241,2.8160836696624756,-0.49132898449897766,-2.9516510258112962,1.6500898599624634,-1.3176817893981934,1.4147741794586182,2.1769461631774902,-0.39299124479293823,0.17348921298980713,3.115846633911133,0.7090194225311279
53.79992723464966,2.803938150405884,-0.49177539348602295,-2.9386658869112914,1.6394175291061401,-1.271912693977356,1.429240107536316,2.1545825004577637,-0.37378957867622375,0.17261140048503876,3.146332025527954,0.7059807777404785
53.84989833831787,2.789356231689453,-0.4925108253955841,-2.9222272896614134,1.6293563842773438,-1.2197967767715454,1.4439136981964111,2.1306514739990234,-0.35160335898399353,0.17081968486309052,3.180295944213867,0.7008269429206848
53.899747371673584,2.77483868598938,-0.4934711754322052,-2.9058555356258813,1.6209197044372559,-1.1700974702835083,1.456238031387329,2.1074652671813965,-0.32983967661857605,0.16839008033275604,3.212101459503174,0.6941227912902832
53.949865102767944,2.7607715129852295,-0.49470847845077515,-2.8912074885066263,1.6132620573043823,-1.1226886510849,1.4660953283309937,2.0843701362609863,-0.30868783593177795,0.16535094380378723,3.241814136505127,0.6864852905273438
53.99996066093445,2.745239496231079,-0.4963878393173218,-2.8755549234405526,1.6058329343795776,-1.0701085329055786,1.4750820398330688,2.059187650680542,-0.2865507900714874,0.1608310043811798,3.2736566066741943,0.6761640310287476
54.050087690353394,2.729494571685791,-0.49843716621398926,-2.859589001359946,1.5986052751541138,-1.013559341430664,1.4826912879943848,2.0335021018981934,-0.2645305395126343,0.15441960096359253,3.3059499263763428,0.6643468141555786
54.09972405433655,2.713165760040283,-0.5010016560554504,-2.8428306369072502,1.591279149055481,-0.9496076703071594,1.4888447523117065,2.0053176879882812,-0.24121716618537903,0.14612121880054474,3.3379926681518555,0.6556898951530457
54.14982986450195,2.6982784271240234,-0.5038280487060547,-2.8270717364622375,1.5845342874526978,-0.8894599676132202,1.492740273475647,1.9781789779663086,-0.22096088528633118,0.13747568428516388,3.3668503761291504,0.6492530703544617
54.19977521896362,2.682722568511963,-0.5067098140716553,-2.812462151356395,1.5776959657669067,-0.8189155459403992,1.495190143585205,1.9458084106445312,-0.199064239859581,0.12671105563640594,3.400590419769287,0.642412006855011
54.24979639053345,2.667283058166504,-0.509915292263031,-2.7981176974575654,1.5728473663330078,-0.7482467293739319,1.4955333471298218,1.913758635520935,-0.17860949039459229,0.1163683608174324,3.4326136112213135,0.6362077593803406
54.30022311210632,2.6531009674072266,-0.5131463408470154,-2.784234614070448,1.57158625125885,-0.6858707070350647,1.4942002296447754,1.886464238166809,-0.16128690540790558,0.10783006995916367,3.4578709602355957,0.631722092628479
54.34995484352112,2.63698148727417,-0.5170832872390747,-2.7705253260683276,1.5700105428695679,-0.6036616563796997,1.4906483888626099,1.8495250940322876,-0.13780085742473602,0.0966264009475708,3.490788698196411,0.6259982585906982
54.399985551834106,2.6209447383880615,-0.5211138725280762,-2.75375545410935,1.5653852224349976,-0.5344931483268738,1.487041711807251,1.81574547290802,-0.11605945974588394,0.08689665794372559,3.5207862854003906,0.6206343770027161
54.449941635131836,2.6057827472686768,-0.5253122448921204,-2.739207329171937,1.557363748550415,-0.46500661969184875,1.4837102890014648,1.7794960737228394,-0.09285744279623032,0.07709592580795288,3.5524635314941406,0.6158195734024048
54.499794244766235,2.5926313400268555,-0.5289644598960876,-2.725949423197338,1.5470331907272339,-0.40626704692840576,1.4819698333740234,1.747654914855957,-0.07204943895339966,0.0691789910197258,3.5806453227996826,0.6130492687225342
54.54988241195679,2.578930616378784,-0.5330204963684082,-2.7103167145657756,1.5334833860397339,-0.34426528215408325,1.481029987335205,1.7128651142120361,-0.049131833016872406,0.061615951359272,3.612518310546875,0.611365795135498
54.59976649284363,2.567188024520874,-0.5366316437721252,-2.697443014893546,1.5208367109298706,-0.28816094994544983,1.4807734489440918,1.6800258159637451,-0.02843678742647171,0.056185364723205566,3.644312620162964,0.6104458570480347
54.64998435974121,2.556475877761841,-0.5402793884277344,-2.683617060608253,1.508421540260315,-0.233082115650177,1.4819024801254272,1.6475732326507568,-0.0085847657173872,0.05205732211470604,3.6773273944854736,0.6093764305114746
54.69977378845215,2.547116279602051,-0.5432642698287964,-2.6696440656925398,1.4964135885238647,-0.17726494371891022,1.484306812286377,1.616753339767456,0.011354615911841393,0.048624370247125626,3.709446668624878,0.6070794463157654
54.75014543533325,2.5392425060272217,-0.5458691120147705,-2.6543783540004067,1.4845067262649536,-0.12139419466257095,1.4879809617996216,1.5878400802612305,0.03194503113627434,0.04562456160783768,3.7413156032562256,0.6047823429107666
54.79986381530762,2.5354726314544678,-0.5464315414428711,-2.647115645277442,1.4787265062332153,-0.09352941811084747,1.4903631210327148,1.573794960975647,0.04235921800136566,0.04430826008319855,3.7568459510803223,0.6038402915000916
54.85017251968384,2.527618885040283,-0.5480118989944458,-2.6219193591486243,1.4635939598083496,-0.019896840676665306,1.4992375373840332,1.536867380142212,0.07033257186412811,0.04164227470755577,3.79638934135437,0.5984363555908203
54.89991593360901,2.522184371948242,-0.5489151477813721,-2.6002023687904625,1.4513211250305176,0.041367992758750916,1.509536862373352,1.5067695379257202,0.09406928718090057,0.04022817313671112,3.8270585536956787,0.5882260203361511
54.950079679489136,2.5210061073303223,-0.5490975379943848,-2.594846144088826,1.448338508605957,0.056781649589538574,1.5128024816513062,1.4992475509643555,0.09999692440032959,0.04006621986627579,3.8343698978424072,0.5849989056587219
54.99988055229187,2.5148813724517822,-0.5503647327423096,-2.5695278735541227,1.4334267377853394,0.136442631483078,1.533534288406372,1.4604030847549438,0.131855309009552,0.040424447506666183,3.8689005374908447,0.5671217441558838
55.04970717430115,2.5097131729125977,-0.5516679286956787,-2.5477525003666606,1.4220759868621826,0.20497538149356842,1.5594501495361328,1.4233601093292236,0.16179631650447845,0.04339652881026268,3.8967766761779785,0.5496995449066162
55.09989953041077,2.5094645023345947,-0.5517336130142212,-2.546669809999951,1.4216886758804321,0.2076694369316101,1.5606954097747803,1.4217573404312134,0.1629897505044937,0.043545596301555634,3.897892951965332,0.5489456057548523
55.14999508857727,2.503950834274292,-0.5534067749977112,-2.5268817852212,1.4141819477081299,0.27304643392562866,1.5919593572616577,1.3830361366271973,0.19263626635074615,0.04924623295664787,3.924060106277466,0.5292958617210388
55.199787855148315,2.4974093437194824,-0.5558974146842957,-2.5092646045990983,1.4095299243927002,0.3408370316028595,1.6264234781265259,1.340163230895996,0.22482961416244507,0.05797666683793068,3.9490654468536377,0.5070157647132874
55.2497935295105,2.492629051208496,-0.55768883228302,-2.4994070825479255,1.4080792665481567,0.3891906440258026,1.6499840021133423,1.3088774681091309,0.24801379442214966,0.0656440258026123,3.9639604091644287,0.4895375967025757
55.299800634384155,2.4856600761413574,-0.5608313679695129,-2.4835363064871694,1.407997965812683,0.44503724575042725,1.674360990524292,1.2748807668685913,0.27430129051208496,0.07510234415531158,3.9762685298919678,0.46578824520111084
55.34981727600098,2.4809048175811768,-0.5630730390548706,-2.4747050870058267,1.408928394317627,0.4824603199958801,1.6892708539962769,1.254377007484436,0.29086068272590637,0.08108808845281601,3.9832072257995605,0.44952863454818726
55.39988851547241,2.474198341369629,-0.5666020512580872,-2.461435976006987,1.4111665487289429,0.5367212891578674,1.7088648080825806,1.2278658151626587,0.3138101100921631,0.08870328962802887,3.9928805828094482,0.43082836270332336
55.44983100891113,2.4667599201202393,-0.5706056952476501,-2.448444726207904,1.4148063659667969,0.5922519564628601,1.7267186641693115,1.2046358585357666,0.3364580571651459,0.09484606981277466,4.00300407409668,0.41644707322120667
55.50002861022949,2.46523380279541,-0.5714846849441528,-2.4455070320622303,1.4156759977340698,0.6033955812454224,1.7302532196044922,1.2003505229949951,0.341036856174469,0.09585695713758469,4.005101203918457,0.4134660065174103
55.5498046875,2.456110715866089,-0.5766127705574036,-2.4312317315127894,1.4215019941329956,0.665515661239624,1.7478400468826294,1.1789783239364624,0.36440953612327576,0.10040188580751419,4.0164313316345215,0.3961417078971863
55.60042190551758,2.443941354751587,-0.5839946269989014,-2.4137894906887674,1.4318293333053589,0.7420812845230103,1.765291452407837,1.1573117971420288,0.3905259370803833,0.10408873856067657,4.029092788696289,0.37605634331703186
55.64991521835327,2.4351117610931396,-0.5898463726043701,-2.403306903229206,1.4414995908737183,0.7937138080596924,1.7741698026657104,1.1449031829833984,0.4076468050479889,0.10616452246904373,4.037927627563477,0.3633890151977539
55.700000047683716,2.4326937198638916,-0.5914492607116699,-2.399836837126265,1.4439010620117188,0.8078368902206421,1.7762656211853027,1.1416923999786377,0.4125879406929016,0.10679000616073608,4.040440082550049,0.35981008410453796
55.7498733997345,2.418644905090332,-0.6015779376029968,-2.3843791093326003,1.452850341796875,0.8815011382102966,1.7852451801300049,1.1257519721984863,0.43996912240982056,0.1102905124425888,4.054862022399902,0.3408335745334625
55.800145626068115,2.404198169708252,-0.6125722527503967,-2.3716004510112754,1.4551087617874146,0.9523774981498718,1.7910618782043457,1.1112399101257324,0.4688657820224762,0.1138608530163765,4.0714263916015625,0.32467320561408997
55.850377559661865,2.4015955924987793,-0.614518404006958,-2.370051237051341,1.454988718032837,0.9607540369033813,1.79159414768219,1.109498381614685,0.47246053814888,0.11424416303634644,4.073639392852783,0.3228389322757721
55.900819540023804,2.3872742652893066,-0.6262969970703125,-2.3600479776875662,1.4530810117721558,1.0206894874572754,1.7942250967025757,1.0957458019256592,0.4994891881942749,0.11724665760993958,4.0920233726501465,0.3090530335903168
55.94992637634277,2.371406316757202,-0.6399162411689758,-2.350699378999213,1.449021339416504,1.0826283693313599,1.7954005002975464,1.078749418258667,0.5282204151153564,0.11962120234966278,4.1128926277160645,0.2944272756576538
55.99993705749512,2.3552780151367188,-0.6542214155197144,-2.3410305625420254,1.442842960357666,1.149166464805603,1.795335054397583,1.0574536323547363,0.557790994644165,0.12086603790521622,4.1365251541137695,0.28010714054107666
56.04990768432617,2.342679023742676,-0.6650091409683228,-2.334176092031446,1.4367085695266724,1.1977792978286743,1.7942566871643066,1.0406062602996826,0.5786216259002686,0.12093570083379745,4.15139627456665,0.26925358176231384
56.10022282600403,2.3374433517456055,-0.6697894334793091,-2.3299359235921124,1.4337098598480225,1.2180176973342896,1.7929506301879883,1.0329198837280273,0.5870781540870667,0.12070029973983765,4.156509876251221,0.264536052942276
56.14999032020569,2.3220272064208984,-0.6831863522529602,-2.3200223740599393,1.4227420091629028,1.2818577289581299,1.7876245975494385,1.0078216791152954,0.6137959957122803,0.1194702610373497,4.169969081878662,0.2500917613506317
56.2001166343689,2.305356502532959,-0.6981041431427002,-2.3081686425810446,1.4081871509552002,1.3528962135314941,1.7782200574874878,0.9769428968429565,0.6444640159606934,0.11680001765489578,4.178473949432373,0.2364329844713211
56.24989199638367,2.2939257621765137,-0.7086545825004578,-2.299712583383006,1.3973948955535889,1.4057623147964478,1.7685151100158691,0.9524062275886536,0.6683396100997925,0.11433032900094986,4.180218696594238,0.22743171453475952
56.30009651184082,2.28790545463562,-0.7143573760986328,-2.294236145319805,1.3931268453598022,1.4302361011505127,1.7629272937774658,0.9404119849205017,0.6797193288803101,0.11318998038768768,4.1801252365112305,0.22358278930187225
56.34981679916382,2.2740752696990967,-0.7269998788833618,-2.2789137100287555,1.3847967386245728,1.4943794012069702,1.7455947399139404,0.9084235429763794,0.7098873257637024,0.11071239411830902,4.178164005279541,0.21582388877868652
56.39996576309204,2.2634940147399902,-0.7368900179862976,-2.265114941014841,1.3829166889190674,1.5482079982757568,1.7302395105361938,0.8827160596847534,0.7354557514190674,0.1089470386505127,4.174853801727295,0.2118701934814453
56.45007133483887,2.254382848739624,-0.745216429233551,-2.2523079810051723,1.384000301361084,1.5956774950027466,1.717273473739624,0.8608596324920654,0.7585763335227966,0.10770897567272186,4.168504238128662,0.20966891944408417
56.50007891654968,2.2488415241241455,-0.7503695487976074,-2.243051744249808,1.3855623006820679,1.6257323026657104,1.7101572751998901,0.8475805521011353,0.7728581428527832,0.10728383809328079,4.164983749389648,0.20921918749809265
56.54981827735901,2.236398458480835,-0.7617019414901733,-2.218965245078297,1.3916537761688232,1.6914126873016357,1.696346640586853,0.8163458704948425,0.8021436333656311,0.10812024027109146,4.158620834350586,0.20940333604812622
56.59978199005127,2.2270219326019287,-0.7701452970504761,-2.1975832643468958,1.3993825912475586,1.7410730123519897,1.687469720840454,0.7921121716499329,0.8218608498573303,0.11083322018384933,4.153707027435303,0.20845553278923035
56.64994788169861,2.223567008972168,-0.7733515501022339,-2.1894587010253197,1.4031444787979126,1.7596536874771118,1.684426188468933,0.7830568552017212,0.8286117911338806,0.1123083084821701,4.152108192443848,0.20792415738105774
56.699934005737305,2.211942672729492,-0.7838938236236572,-2.1607128284716537,1.4189902544021606,1.8223893642425537,1.6746768951416016,0.7517589330673218,0.8489348292350769,0.11818049103021622,4.147883892059326,0.2056431919336319
56.74989652633667,2.199626922607422,-0.7959878444671631,-2.131277893002634,1.4420512914657593,1.890275001525879,1.6652379035949707,0.7167648077011108,0.8693420886993408,0.1257002353668213,4.145852088928223,0.2023729383945465
56.79978680610657,2.191296100616455,-0.8050655722618103,-2.1093892520712973,1.4639575481414795,1.9404505491256714,1.6590616703033447,0.6892632246017456,0.8845368027687073,0.1329157054424286,4.1448540687561035,0.19860750436782837
56.84997844696045,2.186810255050659,-0.8098099827766418,-2.0980870398248865,1.4748423099517822,1.962109088897705,1.6566749811172485,0.6767220497131348,0.8912126421928406,0.1368287354707718,4.144448757171631,0.19638201594352722
56.9002046585083,2.1747400760650635,-0.823756217956543,-2.0674066589907976,1.5115388631820679,2.025916337966919,1.651525616645813,0.6383180618286133,0.9114002585411072,0.15115903317928314,4.143718719482422,0.18804310262203217
56.949872732162476,2.1640260219573975,-0.837034285068512,-2.040188185349404,1.5437817573547363,2.080946922302246,1.648990273475647,0.601776659488678,0.9301077723503113,0.1679089069366455,4.143436908721924,0.17810691893100739
56.99979305267334,2.156069040298462,-0.847732424736023,-2.019200657885707,1.566797137260437,2.124469757080078,1.6482166051864624,0.5712897181510925,0.9454115033149719,0.18432419002056122,4.144343852996826,0.16859257221221924
57.05019021034241,2.1507043838500977,-0.8547519445419312,-2.0052967911331403,1.5786566734313965,2.148729085922241,1.6478489637374878,0.5534084439277649,0.9538707733154297,0.1943444162607193,4.14509916305542,0.16281022131443024
57.09985613822937,2.1402182579040527,-0.86948561668396,-1.9780182278986496,1.6030573844909668,2.204596757888794,1.64609956741333,0.5119094848632812,0.9737998843193054,0.21994175016880035,4.147728443145752,0.1485564261674881
57.14988303184509,2.131416082382202,-0.8831990957260132,-1.9551603462742655,1.621286153793335,2.2572851181030273,1.643700122833252,0.47724658250808716,0.9932302832603455,0.24566321074962616,4.150520324707031,0.13566134870052338
57.19981026649475,2.1242833137512207,-0.8949695229530334,-1.936371048067435,1.6344753503799438,2.3038368225097656,1.6409859657287598,0.44959431886672974,1.0094307661056519,0.26873141527175903,4.152857303619385,0.12533779442310333
57.24988675117493,2.119755983352661,-0.9028037786483765,-1.9237514298154508,1.642025113105774,2.3358592987060547,1.6384916305541992,0.43140384554862976,1.01996648311615,0.28416964411735535,4.154409408569336,0.1188337579369545
57.299824476242065,2.1111371517181396,-0.9186974167823792,-1.9018636131105118,1.6553534269332886,2.399348735809326,1.632741928100586,0.39679887890815735,1.0400121212005615,0.31377527117729187,4.156178951263428,0.10652680695056915
57.34978175163269,2.105085611343384,-0.9306924939155579,-1.8865483209109433,1.6635985374450684,2.447263479232788,1.628299355506897,0.37338709831237793,1.0548501014709473,0.3339211940765381,4.156438827514648,0.09727353602647781
57.39979863166809,2.099632740020752,-0.9420145153999329,-1.872509601286407,1.6700183153152466,2.495737314224243,1.6233241558074951,0.3517203629016876,1.0698930025100708,0.35212984681129456,4.156311511993408,0.08803126215934753
57.449862241744995,2.0938923358917236,-0.9540659785270691,-1.8586538012884322,1.6740878820419312,2.543665885925293,1.6179804801940918,0.33103927969932556,1.0853981971740723,0.36815109848976135,4.156229019165039,0.07893436402082443
57.49999213218689,2.0881457328796387,-0.9670692682266235,-1.8449238393376535,1.6753120422363281,2.589886426925659,1.611843466758728,0.3120131194591522,1.0999699831008911,0.381987988948822,4.155889511108398,0.07043705880641937
57.54994559288025,2.083250045776367,-0.9788578748703003,-1.8331869223925017,1.6747105121612549,2.6332993507385254,1.604528546333313,0.29435837268829346,1.1136583089828491,0.3939405083656311,4.154862880706787,0.06258993595838547
57.59990882873535,2.0785293579101562,-0.9903016090393066,-1.822836714762381,1.6741771697998047,2.6710522174835205,1.5958548784255981,0.2791599631309509,1.1256884336471558,0.4034992754459381,4.152499675750732,0.05577993765473366
57.64991641044617,2.0728821754455566,-1.0049629211425781,-1.810045342954906,1.6756377220153809,2.7086191177368164,1.5857675075531006,0.2641885578632355,1.1390358209609985,0.4120296835899353,4.1477155685424805,0.049421727657318115
57.69986033439636,2.0684003829956055,-1.0174840688705444,-1.800043970714612,1.681214690208435,2.7458136081695557,1.5736054182052612,0.24975217878818512,1.1543251276016235,0.4189879894256592,4.1403584480285645,0.04390151798725128
57.749741554260254,2.063563823699951,-1.0316245555877686,-1.7892397957453734,1.6896600723266602,2.779332160949707,1.5615156888961792,0.23691217601299286,1.1699103116989136,0.42320364713668823,4.132066249847412,0.039735887199640274
57.799869775772095,2.0595898628234863,-1.0436028242111206,-1.7804769318612619,1.6982927322387695,2.8050894737243652,1.5512938499450684,0.2261577844619751,1.1835688352584839,0.42495983839035034,4.12437105178833,0.03725720942020416
57.84995222091675,2.0547022819519043,-1.0590615272521973,-1.76987865343894,1.7119958400726318,2.836947202682495,1.537275791168213,0.210346058011055,1.204283595085144,0.42525172233581543,4.11218786239624,0.034966062754392624
57.89980959892273,2.0506720542907715,-1.0721914768218994,-1.7612242874545103,1.7246639728546143,2.859823703765869,1.5271649360656738,0.19767656922340393,1.221327781677246,0.4235560894012451,4.101884365081787,0.03420872241258621
57.94980502128601,2.0462536811828613,-1.0872336626052856,-1.751844646717121,1.7414453029632568,2.887004852294922,1.5150482654571533,0.1813381016254425,1.2418702840805054,0.419857919216156,4.089446544647217,0.03430439904332161
58.000399589538574,2.0424623489379883,-1.1015557050704956,-1.7437432598824507,1.7602450847625732,2.913200616836548,1.503934621810913,0.1640653908252716,1.2613283395767212,0.4148852527141571,4.077634334564209,0.03576619550585747
58.04998755455017,2.03865647315979,-1.1163315773010254,-1.735689060973634,1.7799055576324463,2.9399943351745605,1.4942158460617065,0.14559906721115112,1.2812089920043945,0.4094379246234894,4.066054821014404,0.03926311060786247
58.10000467300415,2.034606695175171,-1.1320489645004272,-1.7273042415072786,1.801614761352539,2.968348741531372,1.4851789474487305,0.12471511960029602,1.3027265071868896,0.40408727526664734,4.054466724395752,0.044332653284072876
58.149765729904175,2.0308516025543213,-1.1473357677459717,-1.7196285771282367,1.8211439847946167,2.995882272720337,1.4764621257781982,0.10292331129312515,1.3231406211853027,0.3997296690940857,4.043949604034424,0.049205150455236435
58.199990034103394,2.027585029602051,-1.1617120504379272,-1.7130945289480108,1.837472677230835,3.023925304412842,1.4676649570465088,0.07901353389024734,1.3437690734863281,0.3964906930923462,4.032432556152344,0.05413182079792023
58.249746322631836,2.0243492126464844,-1.1771519184112549,-1.7065963066510828,1.8508663177490234,3.049266815185547,1.4592000246047974,0.053377728909254074,1.364221215248108,0.39498066902160645,4.019846439361572,0.05869845673441887
58.30028796195984,2.0212202072143555,-1.1924569606781006,-1.700779841526649,1.8612923622131348,3.069472312927246,1.4523390531539917,0.02608555182814598,1.383564829826355,0.395527184009552,4.006518840789795,0.06259310990571976
58.349793434143066,2.018139123916626,-1.2087388038635254,-1.6954821042437038,1.8700414896011353,3.083209991455078,1.4478486776351929,-0.0025139804929494858,1.4029226303100586,0.39752325415611267,3.9925196170806885,0.06566666811704636
58.4001784324646,2.0152993202209473,-1.2243326902389526,-1.690821505151859,1.8795017004013062,3.089747905731201,1.4450370073318481,-0.03198268637061119,1.4219666719436646,0.40119144320487976,3.977094888687134,0.06800002604722977
58.44986891746521,2.012706756591797,-1.2388209104537964,-1.686777415753083,1.890168309211731,3.0898597240448,1.443176507949829,-0.06096862256526947,1.4390928745269775,0.4071967303752899,3.9614195823669434,0.0688348039984703
58.49983620643616,2.0100204944610596,-1.2542873620986938,-1.6827931500185334,1.903759479522705,3.0852601528167725,1.4412925243377686,-0.09221328794956207,1.4569482803344727,0.4159367084503174,3.9440038204193115,0.06804146617650986
58.549697399139404,2.007251739501953,-1.2706185579299927,-1.6787717537314972,1.919053077697754,3.076740264892578,1.438309907913208,-0.12427633255720139,1.476698875427246,0.42696788907051086,3.925368309020996,0.0648643746972084
58.599947452545166,2.004725694656372,-1.2852437496185303,-1.6758584304837565,1.933362603187561,3.065756320953369,1.4344850778579712,-0.15202921628952026,1.4963362216949463,0.43724876642227173,3.9080750942230225,0.06050771102309227
58.6498122215271,2.0024213790893555,-1.3007965087890625,-1.6731032651541087,1.9522932767868042,3.049779176712036,1.4291232824325562,-0.18322724103927612,1.5213923454284668,0.4491628110408783,3.8876185417175293,0.05434950441122055
58.70004200935364,2.0001611709594727,-1.3162978887557983,-1.6705309404865096,1.9720698595046997,3.032338857650757,1.4237403869628906,-0.2102978229522705,1.5471701622009277,0.4603962004184723,3.868807077407837,0.04748518019914627
58.74989891052246,1.997938632965088,-1.331642985343933,-1.6681806218215565,1.9969799518585205,3.009643793106079,1.4180266857147217,-0.23759038746356964,1.580601453781128,0.47399410605430603,3.847720146179199,0.037944529205560684
58.79994320869446,1.9960154294967651,-1.3467754125595093,-1.6659049763175928,2.0218589305877686,2.986644744873047,1.4130969047546387,-0.2598300576210022,1.6158990859985352,0.4876141846179962,3.8293297290802,0.027148911729454994
58.84974193572998,1.9938483238220215,-1.3619130849838257,-1.6628427976537905,2.0533227920532227,2.957948684692383,1.4072463512420654,-0.2830510139465332,1.6607897281646729,0.5037575960159302,3.8093791007995605,0.01250226516276598
58.89988684654236,1.9917551279067993,-1.3768054246902466,-1.6602092262520867,2.0873265266418457,2.928558111190796,1.4015716314315796,-0.3030279576778412,1.7027429342269897,0.5193266272544861,3.790954828262329,-0.0032173441722989082
58.94971537590027,1.9899390935897827,-1.3914986848831177,-1.6580253675004302,2.1247634887695312,2.8998258113861084,1.3954808712005615,-0.32085320353507996,1.7447149753570557,0.532478928565979,3.7722864151000977,-0.019642198458313942
58.99973964691162,1.9879131317138672,-1.406480312347412,-1.6563520404490204,2.1597211360931396,2.8750569820404053,1.3887969255447388,-0.33622604608535767,1.784022569656372,0.5413517951965332,3.7539572715759277,-0.03518011420965195
59.05006814002991,1.9860191345214844,-1.4213579893112183,-1.6544972411551884,2.192487955093384,2.851987600326538,1.3804601430892944,-0.3520493805408478,1.826203465461731,0.5466889142990112,3.7345592975616455,-0.050739679485559464
59.099740982055664,1.9842830896377563,-1.4356995820999146,-1.6515147800008876,2.2202701568603516,2.829867124557495,1.370491623878479,-0.3682771325111389,1.8722503185272217,0.5490255355834961,3.7141594886779785,-0.06550867110490799
59.14982080459595,1.9822648763656616,-1.4508472681045532,-1.6490898594548324,2.2401061058044434,2.8099358081817627,1.3606477975845337,-0.3832916021347046,1.9173051118850708,0.5495256185531616,3.6935887336730957,-0.0779561698436737
59.19983530044556,1.9802342653274536,-1.4644182920455933,-1.6462138304338467,2.254894733428955,2.7907257080078125,1.3510855436325073,-0.39864999055862427,1.962982416152954,0.5490245819091797,3.671253204345703,-0.08905483782291412
59.25027871131897,1.9784626960754395,-1.4784178733825684,-1.6434340340167326,2.265176296234131,2.7717971801757812,1.3424067497253418,-0.41355079412460327,2.00628662109375,0.5478417873382568,3.6499009132385254,-0.09841953217983246
59.299973011016846,1.9766452312469482,-1.492544174194336,-1.6397072465724876,2.2720580101013184,2.748889923095703,1.3334614038467407,-0.43116119503974915,2.054385185241699,0.5450313091278076,3.6270835399627686,-0.10707499831914902
59.34982633590698,1.9749820232391357,-1.5066308975219727,-1.6358886067658027,2.2729148864746094,2.7247676849365234,1.325628399848938,-0.4489497244358063,2.099775791168213,0.5400104522705078,3.604426622390747,-0.11350072920322418
59.40062189102173,1.9731030464172363,-1.5216014385223389,-1.6302512456396163,2.2681803703308105,2.698265552520752,1.3187886476516724,-0.46838581562042236,2.145449161529541,0.5327579975128174,3.5798251628875732,-0.1183263510465622
59.449864625930786,1.9711912870407104,-1.534752368927002,-1.6225791526022564,2.2581610679626465,2.671342372894287,1.3134565353393555,-0.48801499605178833,2.189800262451172,0.5240716934204102,3.5552897453308105,-0.12188202887773514
59.49977207183838,1.9692378044128418,-1.548719048500061,-1.6134031804408584,2.2427830696105957,2.6406116485595703,1.3090869188308716,-0.5095853805541992,2.236185312271118,0.5140443444252014,3.528641939163208,-0.12476905435323715
59.54991269111633,1.9675556421279907,-1.5596283674240112,-1.604962962388759,2.2259209156036377,2.6139822006225586,1.306119441986084,-0.5281794667243958,2.2729265689849854,0.5062582492828369,3.5070254802703857,-0.12609976530075073
59.5998854637146,1.9650219678878784,-1.5769867897033691,-1.5884671680908393,2.195019006729126,2.575112819671631,1.303202509880066,-0.5559373497962952,2.3274085521698,0.4967169761657715,3.477839708328247,-0.12567546963691711
59.649802923202515,1.9627962112426758,-1.5915732383728027,-1.5716952500869563,2.1674540042877197,2.5453591346740723,1.3030177354812622,-0.5773044228553772,2.3708815574645996,0.4923648536205292,3.4546310901641846,-0.12315057218074799
59.70001292228699,1.9604982137680054,-1.606526494026184,-1.5518456392358277,2.1368203163146973,2.5135812759399414,1.3046178817749023,-0.5995707511901855,2.416653633117676,0.49049150943756104,3.429304361343384,-0.12010350078344345
59.74971842765808,1.9580618143081665,-1.6231091022491455,-1.527536580265082,2.1051602363586426,2.480414390563965,1.3084770441055298,-0.6230608820915222,2.463986873626709,0.48992830514907837,3.4031424522399902,-0.11825073510408401
59.79999923706055,1.955824613571167,-1.6395047903060913,-1.5016672890486302,2.0782155990600586,2.4494876861572266,1.3116289377212524,-0.645164966583252,2.5080208778381348,0.4894566237926483,3.377094268798828,-0.11771116405725479
59.849677324295044,1.9539287090301514,-1.654449224472046,-1.476638880210193,2.054107189178467,2.4165866374969482,1.314221739768982,-0.6670747995376587,2.5520389080047607,0.48863548040390015,3.3486268520355225,-0.11803876608610153
59.89985227584839,1.952011227607727,-1.6728742122650146,-1.446430923615879,2.033963203430176,2.382096290588379,1.3154406547546387,-0.6892264485359192,2.5966854095458984,0.4875476360321045,3.3198750019073486,-0.1195172369480133
59.9498872756958,1.9510517120361328,-1.6889307498931885,-1.4208562193539678,2.020617961883545,2.353832483291626,1.3155921697616577,-0.7076795101165771,2.6342790126800537,0.48659536242485046,3.297667980194092,-0.12156255543231964
59.99990630149841,1.9503165483474731,-1.7090983390808105,-1.3893522606347277,2.006253242492676,2.318831205368042,1.3148376941680908,-0.7323841452598572,2.684333562850952,0.485746830701828,3.267599105834961,-0.12545384466648102
60.04997634887695,1.9503157138824463,-1.7266368865966797,-1.363486526089881,1.9956698417663574,2.290379524230957,1.3134256601333618,-0.754477322101593,2.7273356914520264,0.4858303368091583,3.2404727935791016,-0.12952254712581635
60.09983825683594,1.9506648778915405,-1.746095895767212,-1.3362064469626274,1.9847745895385742,2.2573587894439697,1.3118057250976562,-0.7808413505554199,2.7772257328033447,0.48713037371635437,3.2094309329986572,-0.13528239727020264
60.14989733695984,1.9519284963607788,-1.7641712427139282,-1.3122125409353207,1.9753607511520386,2.224468469619751,1.3102846145629883,-0.8077701926231384,2.8265771865844727,0.4893760085105896,3.1805431842803955,-0.14241625368595123
60.20040011405945,1.9541345834732056,-1.7833967208862305,-1.287199755193811,1.967189908027649,2.188089370727539,1.307651162147522,-0.838075578212738,2.8811895847320557,0.49265751242637634,3.1503045558929443,-0.15222325921058655
60.24982142448425,1.9565788507461548,-1.8005969524383545,-1.265473362728045,1.9620425701141357,2.1548097133636475,1.3044226169586182,-0.8666060566902161,2.9294960498809814,0.4963799715042114,3.1228082180023193,-0.16216976940631866
60.29994869232178,1.9597913026809692,-1.8186519145965576,-1.2444432995321515,1.9594318866729736,2.119586229324341,1.299252986907959,-0.8980147838592529,2.978969097137451,0.4992526173591614,3.094392776489258,-0.1728195995092392
60.34969735145569,1.9638091325759888,-1.8375989198684692,-1.2234044739765335,1.9599069356918335,2.0832359790802,1.2918274402618408,-0.9328188896179199,3.0309786796569824,0.4984480142593384,3.0660645961761475,-0.18227197229862213
60.39988589286804,1.9682408571243286,-1.8557262420654297,-1.2047774168607117,1.9625961780548096,2.0488369464874268,1.2830780744552612,-0.967698872089386,3.0805628299713135,0.49318861961364746,3.0409433841705322,-0.18782973289489746
60.449960470199585,1.9726672172546387,-1.8728291988372803,-1.1879562168038391,1.9657942056655884,2.015571117401123,1.2733074426651,-1.0016732215881348,3.127204418182373,0.4848664104938507,3.015990972518921,-0.19015663862228394
60.4997398853302,1.9778953790664673,-1.8907750844955444,-1.1711268477901156,1.9689433574676514,1.9806255102157593,1.261350154876709,-1.0380160808563232,3.175239086151123,0.47355714440345764,2.987825393676758,-0.1903121918439865
60.5498468875885,1.9840794801712036,-1.9103420972824097,-1.1546419074744814,1.9715629816055298,1.94475257396698,1.2483521699905396,-1.075721025466919,3.2240912914276123,0.45992785692214966,2.959960460662842,-0.18879160284996033
60.59982109069824,1.9904096126556396,-1.929133415222168,-1.139201679192454,1.972863793373108,1.9095780849456787,1.2370595932006836,-1.1108194589614868,3.2691032886505127,0.4463130235671997,2.9356305599212646,-0.18589159846305847
60.64981698989868,1.996561884880066,-1.946337342262268,-1.1261929099176557,1.9719324111938477,1.875522494316101,1.2276133298873901,-1.143571376800537,3.3112125396728516,0.43301284313201904,2.9119021892547607,-0.18192946910858154
60.699912786483765,2.003612995147705,-1.9648520946502686,-1.1131834956694475,1.9685752391815186,1.8401422500610352,1.2183974981307983,-1.178031086921692,3.355384588241577,0.4183099567890167,2.8859472274780273,-0.1763431280851364
60.749911308288574,2.010984420776367,-1.9839063882827759,-1.0992925985188127,1.9641730785369873,1.8063229322433472,1.2109184265136719,-1.2112576961517334,3.399264097213745,0.40212517976760864,2.8597943782806396,-0.16950225830078125
60.79979395866394,2.018690586090088,-2.002838611602783,-1.08583118733061,1.9586724042892456,1.770551085472107,1.2044498920440674,-1.2457154989242554,3.445389986038208,0.38297316431999207,2.8333487510681152,-0.16078288853168488
60.85003852844238,2.026336431503296,-2.02138352394104,-1.0723997324384336,1.952542781829834,1.7361201047897339,1.1998133659362793,-1.277706503868103,3.4872629642486572,0.36375024914741516,2.8113319873809814,-0.1513778269290924
60.900254011154175,2.034193754196167,-2.039414882659912,-1.0592395889688009,1.9438103437423706,1.695088505744934,1.1955339908599854,-1.3148822784423828,3.532975673675537,0.3409266471862793,2.7886204719543457,-0.1397874355316162
60.950079917907715,2.042360544204712,-2.0580685138702393,-1.0453723697039823,1.9318572282791138,1.6548197269439697,1.1929516792297363,-1.351422905921936,3.573812484741211,0.31926485896110535,2.766157865524292,-0.12714120745658875
60.99978685379028,2.0499825477600098,-2.074418067932129,-1.0325990275727936,1.915239691734314,1.6145261526107788,1.1920781135559082,-1.3886619806289673,3.615722894668579,0.29822415113449097,2.7438926696777344,-0.11423610895872116
61.05010986328125,2.058276414871216,-2.0919649600982666,-1.0190258046200595,1.8945260047912598,1.5756118297576904,1.1924923658370972,-1.4271053075790405,3.6620171070098877,0.2792903184890747,2.7230587005615234,-0.10254950076341629
61.09985876083374,2.0647811889648438,-2.1057968139648438,-1.0065643961192168,1.8739612102508545,1.539431095123291,1.1934256553649902,-1.4647324085235596,3.7091355323791504,0.26437342166900635,2.702828884124756,-0.09288113564252853
61.149940967559814,2.0727920532226562,-2.1218199729919434,-0.9940766097219204,1.8529185056686401,1.499929428100586,1.1949063539505005,-1.507599949836731,3.761209487915039,0.2505728006362915,2.6781187057495117,-0.08330945670604706
61.19982957839966,2.0811972618103027,-2.138312339782715,-0.9811961053054153,1.836652398109436,1.4636826515197754,1.1963661909103394,-1.5483611822128296,3.8072807788848877,0.2393748164176941,2.654926300048828,-0.07569355517625809
61.25010895729065,2.088921070098877,-2.152975559234619,-0.9699352775616638,1.8231474161148071,1.4273806810379028,1.1973971128463745,-1.588225245475769,3.851188898086548,0.22963190078735352,2.6340088844299316,-0.06940459460020065
61.29992389678955,2.097336530685425,-2.168382167816162,-0.9580448646970688,1.8126299381256104,1.3932278156280518,1.1976969242095947,-1.6244111061096191,3.8917758464813232,0.2222018986940384,2.6153435707092285,-0.06523247063159943
61.350024700164795,2.1059935092926025,-2.1839897632598877,-0.9458218173419204,1.8037054538726807,1.3565747737884521,1.1967722177505493,-1.6636598110198975,3.9367918968200684,0.21849586069583893,2.593616008758545,-0.06251180171966553
61.399850845336914,2.1142661571502686,-2.19808030128479,-0.9345152113036689,1.7986047267913818,1.3253856897354126,1.1946592330932617,-1.6976021528244019,3.9797568321228027,0.21797825396060944,2.5728654861450195,-0.06183052062988281
61.44983530044556,2.1229233741760254,-2.212791919708252,-0.922649734232826,1.7963531017303467,1.2917628288269043,1.1919775009155273,-1.7337210178375244,4.028553485870361,0.21339188516139984,2.548825740814209,-0.06310808658599854
61.49986267089844,2.1317763328552246,-2.2274794578552246,-0.910243026495684,1.7972311973571777,1.2598954439163208,1.1895238161087036,-1.7670142650604248,4.072564601898193,0.2056397795677185,2.524986505508423,-0.06680525839328766
61.54983925819397,2.1408348083496094,-2.2424702644348145,-0.8977870557083392,1.800673007965088,1.2282977104187012,1.186901330947876,-1.8011233806610107,4.114642143249512,0.19733841717243195,2.4989261627197266,-0.07280927896499634
61.59980797767639,2.149829864501953,-2.2566778659820557,-0.8858229987888825,1.8073159456253052,1.1977461576461792,1.1836851835250854,-1.8362433910369873,4.155660152435303,0.19022715091705322,2.470442056655884,-0.0815916433930397
61.64998197555542,2.1589913368225098,-2.270792245864868,-0.8726080986919528,1.8178515434265137,1.1688016653060913,1.1790659427642822,-1.8717210292816162,4.194180488586426,0.18516632914543152,2.4396402835845947,-0.0925232395529747
61.69976472854614,2.1666955947875977,-2.2831828594207764,-0.8583491939564291,1.8330260515213013,1.1422423124313354,1.1725610494613647,-1.907671570777893,4.230785846710205,0.17947989702224731,2.4069740772247314,-0.10550554096698761
61.74981188774109,2.174360513687134,-2.2953262329101562,-0.8433811998264441,1.8504546880722046,1.1185473203659058,1.164718508720398,-1.9424248933792114,4.264697551727295,0.17147991061210632,2.375328540802002,-0.11883913725614548
61.79978060722351,2.18265962600708,-2.3083908557891846,-0.8239188770818155,1.8717701435089111,1.091986060142517,1.1548627614974976,-1.9821538925170898,4.301186561584473,0.1580367088317871,2.3384103775024414,-0.13359616696834564
61.84986972808838,2.1891160011291504,-2.318995475769043,-0.8057280005831927,1.8906549215316772,1.0679618120193481,1.145603895187378,-2.0181572437286377,4.331716060638428,0.14292512834072113,2.3037755489349365,-0.1464986354112625
61.89989423751831,2.195437431335449,-2.329300880432129,-0.7848755330777979,1.909165620803833,1.0421574115753174,1.1357570886611938,-2.0561439990997314,4.3616204261779785,0.12548571825027466,2.267500162124634,-0.15952171385288239
61.94974064826965,2.201630115509033,-2.339381694793701,-0.7611072955532523,1.9267420768737793,1.013824224472046,1.1261405944824219,-2.0957722663879395,4.390691757202148,0.10635288059711456,2.2282822132110596,-0.1711907982826233
62.000284910202026,2.206873655319214,-2.3484981060028076,-0.7362623149679951,1.9398874044418335,0.9886072874069214,1.1188608407974243,-2.1290321350097656,4.412975788116455,0.08975708484649658,2.1946849822998047,-0.17935912311077118
62.0498046875,2.213911533355713,-2.359563112258911,-0.7051381376465209,1.954546570777893,0.9551718831062317,1.111201286315918,-2.1707088947296143,4.437824726104736,0.06887558847665787,2.1546850204467773,-0.1874973475933075
62.09993267059326,2.2190237045288086,-2.367764949798584,-0.6797810693714337,1.9655437469482422,0.9263018369674683,1.106406331062317,-2.20556640625,4.455625534057617,0.05058922991156578,2.1218388080596924,-0.19294074177742004
62.149877309799194,2.225400924682617,-2.3774869441986084,-0.6499706481923083,1.9758020639419556,0.8943771719932556,1.102247714996338,-2.2429535388946533,4.472229957580566,0.029543200507760048,2.0838632583618164,-0.19718913733959198
62.199812173843384,2.2327094078063965,-2.3866050243377686,-0.624803377704774,1.9824869632720947,0.8669822216033936,1.0994459390640259,-2.272934675216675,4.484134674072266,0.010588550008833408,2.0499048233032227,-0.1992468535900116
62.249897480010986,2.241527557373047,-2.3970448970794678,-0.5959454917212711,1.9883419275283813,0.8317320346832275,1.0968689918518066,-2.308725595474243,4.497861862182617,-0.012452893890440464,2.006587505340576,-0.20008988678455353
62.29979133605957,2.2518839836120605,-2.4070322513580322,-0.5720613755591832,1.9913702011108398,0.8012728691101074,1.0960042476654053,-2.3373563289642334,4.5093674659729,-0.030701126903295517,1.9694527387619019,-0.19888465106487274
62.34979772567749,2.2612192630767822,-2.416616201400757,-0.5461571508921443,1.9917088747024536,0.766930341720581,1.0970834493637085,-2.3672163486480713,4.523016452789307,-0.048968080431222916,1.9266754388809204,-0.19521504640579224
62.40001630783081,2.2704720497131348,-2.425356864929199,-0.522702689654165,1.9879087209701538,0.7335559725761414,1.1009982824325562,-2.3926889896392822,4.537835121154785,-0.06440340727567673,1.8851556777954102,-0.19036096334457397
62.44984722137451,2.280123710632324,-2.433960437774658,-0.5006750579112875,1.9789469242095947,0.6999568939208984,1.1062054634094238,-2.4165303707122803,4.554692268371582,-0.07794316112995148,1.8419634103775024,-0.18507957458496094
62.499815225601196,2.2892463207244873,-2.4418625831604004,-0.4804360120639513,1.967293620109558,0.6678895354270935,1.1123132705688477,-2.439049482345581,4.571661472320557,-0.08865024894475937,1.8031069040298462,-0.18120497465133667
62.5497567653656,2.299076557159424,-2.449798583984375,-0.45950129390354816,1.9534443616867065,0.6313533186912537,1.1192035675048828,-2.4638924598693848,4.591484546661377,-0.0983014926314354,1.762259840965271,-0.18023435771465302
62.59977149963379,2.309103488922119,-2.4573919773101807,-0.43899344980470917,1.9410276412963867,0.5976045727729797,1.1241601705551147,-2.4858691692352295,4.611443519592285,-0.10711245983839035,1.7231791019439697,-0.18241392076015472
62.64975571632385,2.319807767868042,-2.4652113914489746,-0.41758040946556674,1.929518222808838,0.5652021169662476,1.1278778314590454,-2.506749153137207,4.632152080535889,-0.11622205376625061,1.683536171913147,-0.18606550991535187
62.70024275779724,2.3296265602111816,-2.471811294555664,-0.3994837779723871,1.9186420440673828,0.5309476852416992,1.1313021183013916,-2.5273590087890625,4.65343713760376,-0.1262739896774292,1.6446727514266968,-0.18986649811267853
62.74984002113342,2.3401598930358887,-2.4786300659179688,-0.3811069670359938,1.909517526626587,0.49648648500442505,1.1348174810409546,-2.5453383922576904,4.673513889312744,-0.13605532050132751,1.609618902206421,-0.1936589777469635
62.79984188079834,2.3515379428863525,-2.4855074882507324,-0.3628949130838395,1.902410626411438,0.4574732184410095,1.1384702920913696,-2.562758445739746,4.695583343505859,-0.14689739048480988,1.5706106424331665,-0.1990365833044052
62.84978008270264,2.362304925918579,-2.4917023181915283,-0.34668049177875404,1.898425817489624,0.42096400260925293,1.142285943031311,-2.577150821685791,4.716457843780518,-0.15618477761745453,1.5328872203826904,-0.2051861584186554
62.899744272232056,2.372615098953247,-2.497211456298828,-0.3323741152888727,1.8960583209991455,0.38367709517478943,1.146957516670227,-2.590524673461914,4.736624717712402,-0.16503645479679108,1.4944961071014404,-0.21191373467445374
62.94976806640625,2.3836872577667236,-2.5027050971984863,-0.31799211940126587,1.8947558403015137,0.3442954123020172,1.1522610187530518,-2.602620840072632,4.754786491394043,-0.17441314458847046,1.4555855989456177,-0.21978981792926788
62.99989891052246,2.3951010704040527,-2.50809907913208,-0.30416059743178486,1.8944450616836548,0.30565202236175537,1.1574149131774902,-2.6132848262786865,4.768979549407959,-0.18424586951732635,1.4182618856430054,-0.2285383641719818
63.04979968070984,2.4066975116729736,-2.5134382247924805,-0.29045165027346664,1.8961610794067383,0.2608364224433899,1.1630429029464722,-2.6232316493988037,4.781495094299316,-0.19524072110652924,1.3746272325515747,-0.24004384875297546
63.10008788108826,2.4185428619384766,-2.5187981128692627,-0.27730148983322744,1.90105140209198,0.21773682534694672,1.168233871459961,-2.6314644813537598,4.790067672729492,-0.2047073245048523,1.3320870399475098,-0.25236642360687256
63.1498076915741,2.430725336074829,-2.5240318775177,-0.26473583954198676,1.9091522693634033,0.17682264745235443,1.1732048988342285,-2.6386399269104004,4.795395851135254,-0.21230284869670868,1.2944823503494263,-0.2638002634048462
63.19987678527832,2.4433462619781494,-2.529048442840576,-0.25301052057946094,1.920475959777832,0.13089008629322052,1.1789261102676392,-2.6462225914001465,4.797499656677246,-0.21813255548477173,1.2553250789642334,-0.27451521158218384
63.24976706504822,2.4569008350372314,-2.5343263149261475,-0.24117320703672024,1.931384801864624,0.08752274513244629,1.1853162050247192,-2.6531519889831543,4.795317649841309,-0.22034743428230286,1.2184414863586426,-0.2822769582271576
63.29981756210327,2.4694395065307617,-2.5387675762176514,-0.23119371474677775,1.940849781036377,0.04533125087618828,1.1919453144073486,-2.6587588787078857,4.789245128631592,-0.21887315809726715,1.182283639907837,-0.2874143421649933
63.34990692138672,2.4828896522521973,-2.543422222137451,-0.22134091708589507,1.9479154348373413,0.004434599541127682,1.1986393928527832,-2.661329746246338,4.779913425445557,-0.21397127211093903,1.1472581624984741,-0.2906527817249298
63.39979100227356,2.496499538421631,-2.5478806495666504,-0.21182190913504542,1.9512336254119873,-0.03539721667766571,1.204150676727295,-2.661179304122925,4.768809795379639,-0.20759673416614532,1.1148377656936646,-0.29243260622024536
63.44979000091553,2.5111358165740967,-2.552530527114868,-0.20289917128133628,1.951516032218933,-0.08065895736217499,1.2099947929382324,-2.6568477153778076,4.75421142578125,-0.1990790069103241,1.0779476165771484,-0.2932007312774658
63.50008535385132,2.525207042694092,-2.556657314300537,-0.1947661415926052,1.949116826057434,-0.12322010844945908,1.215464472770691,-2.649524211883545,4.739237308502197,-0.18984195590019226,1.041919231414795,-0.29172804951667786
63.54984211921692,2.538544178009033,-2.5603697299957275,-0.18766132104040809,1.9450591802597046,-0.16307157278060913,1.2204581499099731,-2.639237403869629,4.724808216094971,-0.1800183206796646,1.0075799226760864,-0.2879534661769867
63.600279092788696,2.5535659790039062,-2.5644888877868652,-0.17949481258673988,1.937920093536377,-0.20841866731643677,1.2249314785003662,-2.6243274211883545,4.708704471588135,-0.16788886487483978,0.969344437122345,-0.2798044979572296
63.64983606338501,2.568098545074463,-2.568253755569458,-0.17269970765618245,1.9278079271316528,-0.25331223011016846,1.2285645008087158,-2.6073594093322754,4.693181037902832,-0.15572147071361542,0.9344416260719299,-0.2686079442501068
63.7001256942749,2.5828118324279785,-2.5722155570983887,-0.16558007129948946,1.9140018224716187,-0.29915159940719604,1.231131911277771,-2.5881729125976562,4.676270961761475,-0.14314672350883484,0.8998082876205444,-0.25707319378852844
63.749860763549805,2.5970845222473145,-2.575849771499634,-0.15930543979675443,1.8975661993026733,-0.3415873348712921,1.2326468229293823,-2.5692012310028076,4.659348487854004,-0.13113127648830414,0.8662227392196655,-0.24712461233139038
63.79999494552612,2.611872911453247,-2.579638719558716,-0.15236775047661275,1.8764089345932007,-0.38484978675842285,1.2329859733581543,-2.5489845275878906,4.640815734863281,-0.11826001852750778,0.8335164189338684,-0.23524802923202515
63.849853515625,2.6274802684783936,-2.583454132080078,-0.1450913176832451,1.8512959480285645,-0.42963671684265137,1.2335426807403564,-2.5263562202453613,4.619225978851318,-0.10528211295604706,0.8004283308982849,-0.22403603792190552
63.90015244483948,2.641575574874878,-2.5866191387176514,-0.13950783833819108,1.8284074068069458,-0.46920740604400635,1.2349878549575806,-2.505115032196045,4.595431804656982,-0.09554795175790787,0.7694376111030579,-0.21613618731498718
63.94988965988159,2.656233310699463,-2.5900156497955322,-0.13312408670265893,1.8057599067687988,-0.5085057616233826,1.2366093397140503,-2.483794689178467,4.564983367919922,-0.08749967813491821,0.7358523011207581,-0.2082516998052597
63.99997091293335,2.6707475185394287,-2.593052625656128,-0.1271404311546632,1.786490797996521,-0.54625004529953,1.2382276058197021,-2.463651657104492,4.530976295471191,-0.08193743973970413,0.7021692395210266,-0.20019914209842682
64.04980754852295,2.6861727237701416,-2.5961496829986572,-0.1216585166938797,1.7702151536941528,-0.5877780318260193,1.2408363819122314,-2.443418264389038,4.493495941162109,-0.07827189564704895,0.6664549112319946,-0.19093924760818481
64.09982991218567,2.700849771499634,-2.5987162590026855,-0.11720425141636376,1.7587839365005493,-0.6288589835166931,1.2438101768493652,-2.4245927333831787,4.457725524902344,-0.07670089602470398,0.630641758441925,-0.18266281485557556
64.14987826347351,2.7139194011688232,-2.601017713546753,-0.11371790858387519,1.751232624053955,-0.6696038842201233,1.2475404739379883,-2.4050536155700684,4.4223551750183105,-0.07739759236574173,0.5935176014900208,-0.17449839413166046
64.20168375968933,2.729361057281494,-2.603668212890625,-0.10944214470385619,1.7470719814300537,-0.7092263102531433,1.2525172233581543,-2.3842766284942627,4.386765480041504,-0.08062182366847992,0.5546362400054932,-0.1657104790210724
64.24982953071594,2.7433154582977295,-2.6059303283691406,-0.10618176601712245,1.7458863258361816,-0.7447832822799683,1.2581863403320312,-2.3643860816955566,4.354795932769775,-0.0862322598695755,0.5191354751586914,-0.15785177052021027
64.30008625984192,2.75879168510437,-2.608293056488037,-0.10335836736264735,1.7482750415802002,-0.7912063002586365,1.2669599056243896,-2.337395191192627,4.315106391906738,-0.09662719070911407,0.4728084206581116,-0.14760389924049377
64.34986639022827,2.7737512588500977,-2.610518217086792,-0.10074382666364431,1.7543154954910278,-0.8332555890083313,1.2755407094955444,-2.3137433528900146,4.281374931335449,-0.1068006083369255,0.43187177181243896,-0.14003534615039825
64.40020513534546,2.788515090942383,-2.612569808959961,-0.09886690405205205,1.7659289836883545,-0.8824092149734497,1.286425232887268,-2.2869372367858887,4.242815017700195,-0.11789365857839584,0.38496291637420654,-0.13276392221450806
64.44987273216248,2.8033721446990967,-2.6145718097686768,-0.09695708516737557,1.780808925628662,-0.9269042015075684,1.2968884706497192,-2.262988567352295,4.208034515380859,-0.12643322348594666,0.34512484073638916,-0.12605197727680206
64.49995493888855,2.8183984756469727,-2.6167142391204834,-0.09482736814024358,1.7999483346939087,-0.9734693169593811,1.3079968690872192,-2.236959934234619,4.171356201171875,-0.1332036554813385,0.30715519189834595,-0.11874273419380188
64.54986834526062,2.833308458328247,-2.6188321113586426,-0.0927040401085738,1.8210543394088745,-1.0199769735336304,1.3193758726119995,-2.209871292114258,4.134093284606934,-0.13727153837680817,0.2695075273513794,-0.11019899696111679
64.60036492347717,2.8484668731689453,-2.6208202838897705,-0.09046986678435773,1.8429641723632812,-1.064521074295044,1.3296922445297241,-2.1817572116851807,4.096420764923096,-0.1389421969652176,0.23139047622680664,-0.09961595386266708
64.6498281955719,2.864239454269409,-2.622964382171631,-0.08755215761337208,1.8640987873077393,-1.107652187347412,1.3388371467590332,-2.1525464057922363,4.0562920570373535,-0.13893942534923553,0.19246233999729156,-0.08658494800329208
64.69991683959961,2.8782918453216553,-2.624833583831787,-0.08486065199453723,1.8808774948120117,-1.1476612091064453,1.3457039594650269,-2.1243622303009033,4.019072532653809,-0.1371489018201828,0.1587284952402115,-0.07431437075138092
64.75014615058899,2.8930165767669678,-2.6268703937530518,-0.08136723907889427,1.8929083347320557,-1.1866469383239746,1.3505125045776367,-2.0966005325317383,3.985006332397461,-0.1350461095571518,0.1274121254682541,-0.06354676932096481
64.79990768432617,2.9075629711151123,-2.628929615020752,-0.07699890838878665,1.9014967679977417,-1.2286872863769531,1.353985071182251,-2.0661590099334717,3.9484996795654297,-0.13268709182739258,0.09316171705722809,-0.05244242027401924
64.84983825683594,2.9221770763397217,-2.63093900680542,-0.07245480265076676,1.9069414138793945,-1.2730540037155151,1.356325626373291,-2.0334279537200928,3.9087066650390625,-0.1297624111175537,0.05605428293347359,-0.04107396677136421
64.89983463287354,2.936807870864868,-2.632985830307007,-0.06673810904503666,1.909959316253662,-1.314793586730957,1.3570384979248047,-2.000967025756836,3.8694751262664795,-0.12594646215438843,0.019849197939038277,-0.029932580888271332
64.94985628128052,2.951618194580078,-2.6351397037506104,-0.06003135454120401,1.9114689826965332,-1.35469388961792,1.3564732074737549,-1.969066858291626,3.831594705581665,-0.12090964615345001,-0.014269208535552025,-0.019169598817825317
65.00004386901855,2.966144323348999,-2.637394666671753,-0.05207839042165837,1.9111906290054321,-1.397509217262268,1.354205846786499,-1.934650182723999,3.7915279865264893,-0.1136750802397728,-0.049550533294677734,-0.007640838157385588
65.0498435497284,2.9817864894866943,-2.6396071910858154,-0.04316478843424495,1.9077503681182861,-1.4441180229187012,1.349473476409912,-1.8981542587280273,3.7495195865631104,-0.10395417362451553,-0.08661224693059921,0.005235032178461552
65.1003987789154,2.9966702461242676,-2.641723155975342,-0.034002381472449036,1.9005775451660156,-1.4900479316711426,1.3428477048873901,-1.8635512590408325,3.7106070518493652,-0.0935925543308258,-0.11857083439826965,0.0182510819286108
65.14986658096313,3.010798931121826,-2.643437147140503,-0.024970247390108943,1.8902901411056519,-1.534610390663147,1.3353703022003174,-1.830824851989746,3.6747865676879883,-0.08334354311227798,-0.14587098360061646,0.029318032786250114
65.20021867752075,3.024920701980591,-2.6450002193450928,-0.016025187931868044,1.8771250247955322,-1.5788482427597046,1.3274296522140503,-1.7980149984359741,3.6398205757141113,-0.07324022799730301,-0.17496371269226074,0.03954803943634033
65.24984765052795,3.04111647605896,-2.6468045711517334,-0.005042537194311548,1.859249234199524,-1.6309431791305542,1.3193141222000122,-1.7591376304626465,3.598991870880127,-0.06313274055719376,-0.20985428988933563,0.049670133739709854
65.29999709129333,3.0571985244750977,-2.648465394973755,0.006078683229278017,1.8418688774108887,-1.6764572858810425,1.3140641450881958,-1.7245163917541504,3.560769557952881,-0.05798766016960144,-0.2397826462984085,0.056902069598436356
65.34984540939331,3.071938991546631,-2.649900197982788,0.016121368236731215,1.8247747421264648,-1.7192227840423584,1.311403751373291,-1.6899583339691162,3.5207154750823975,-0.057211585342884064,-0.26746004819869995,0.0630481168627739
65.39994621276855,3.0876524448394775,-2.6512112617492676,0.02751605382558216,1.8096321821212769,-1.7621638774871826,1.3109184503555298,-1.6555984020233154,3.4797346591949463,-0.059186846017837524,-0.2933448553085327,0.06823860853910446
65.44983792304993,3.1035327911376953,-2.6524229049682617,0.039022039083092444,1.7974485158920288,-1.807788610458374,1.3116809129714966,-1.6217315196990967,3.438688039779663,-0.06276831030845642,-0.3183213174343109,0.0723985806107521
65.49989151954651,3.12025785446167,-2.653451919555664,0.05202716976328233,1.7879576683044434,-1.8553601503372192,1.313392996788025,-1.5875135660171509,3.397634267807007,-0.06723637878894806,-0.3420558273792267,0.07543550431728363
65.54982423782349,3.135554790496826,-2.6542859077453613,0.0653684288197868,1.7810529470443726,-1.90045964717865,1.3162388801574707,-1.5542933940887451,3.3588221073150635,-0.07235953956842422,-0.36388733983039856,0.07736346125602722
65.59997272491455,3.1526362895965576,-2.655095100402832,0.08008471115094026,1.77501380443573,-1.9484498500823975,1.3211067914962769,-1.5157768726348877,3.3161299228668213,-0.07964718341827393,-0.38778236508369446,0.07748447358608246
65.64982533454895,3.168081283569336,-2.6557295322418213,0.09537358344626043,1.7700862884521484,-1.9929580688476562,1.3278862237930298,-1.4786808490753174,3.2766711711883545,-0.0884208008646965,-0.4104122519493103,0.07652585953474045
65.6999237537384,3.1845078468322754,-2.656365394592285,0.11271361946033456,1.7658380270004272,-2.039033889770508,1.3369801044464111,-1.4407020807266235,3.2377817630767822,-0.09930961579084396,-0.4346737861633301,0.07456327229738235
65.74982452392578,3.201115608215332,-2.656851291656494,0.1298934775781601,1.762122631072998,-2.088608741760254,1.3483308553695679,-1.401532769203186,3.197922945022583,-0.1124172955751419,-0.4574354588985443,0.06987415254116058
65.79985880851746,3.217897415161133,-2.6569128036499023,0.14608136458323812,1.7590910196304321,-2.141345977783203,1.3614898920059204,-1.3611290454864502,3.155884265899658,-0.12789098918437958,-0.47825828194618225,0.06385595351457596
65.84980607032776,3.2356975078582764,-2.6565892696380615,0.16281655970518025,1.7572710514068604,-2.19514536857605,1.3758134841918945,-1.3194242715835571,3.1127920150756836,-0.14603018760681152,-0.4954890012741089,0.06073847413063049
65.89985609054565,3.252398729324341,-2.6559603214263916,0.1789669505217523,1.7562596797943115,-2.24798846244812,1.3906574249267578,-1.277565598487854,3.0725932121276855,-0.165336474776268,-0.5087159872055054,0.06029752269387245
65.95007872581482,3.2682957649230957,-2.655207633972168,0.19365994659127336,1.7559963464736938,-2.299762487411499,1.4049965143203735,-1.23634672164917,3.035759925842285,-0.18286433815956116,-0.5190126895904541,0.05993550270795822
65.99978971481323,3.2850515842437744,-2.6540215015411377,0.2098751937656208,1.7557834386825562,-2.3472251892089844,1.4172911643981934,-1.1981090307235718,3.0008351802825928,-0.19649095833301544,-0.5276268720626831,0.05855456739664078
66.05000185966492,3.2998948097229004,-2.653641939163208,0.2223406086481035,1.7546674013137817,-2.3949778079986572,1.4291447401046753,-1.1578292846679688,2.9617979526519775,-0.20719324052333832,-0.5359912514686584,0.057249635457992554
66.09979557991028,3.317422389984131,-2.651970148086548,0.23810811920872274,1.7516862154006958,-2.4452638626098633,1.4401252269744873,-1.1153467893600464,2.919973611831665,-0.2151620239019394,-0.5438629984855652,0.05621159449219704
66.15005993843079,3.3332152366638184,-2.650330066680908,0.25288415487939847,1.7473664283752441,-2.491123914718628,1.4484957456588745,-1.0784432888031006,2.884875774383545,-0.2205733358860016,-0.5498383641242981,0.05590413138270378
66.19978904724121,3.3500895500183105,-2.6481847763061523,0.2670306951069945,1.7425051927566528,-2.5383565425872803,1.4563437700271606,-1.0401452779769897,2.8504903316497803,-0.22551526129245758,-0.5537086725234985,0.056438397616147995
66.24992895126343,3.3685646057128906,-2.6452748775482178,0.2819310468691241,1.7374345064163208,-2.5856292247772217,1.463585376739502,-0.9992799758911133,2.815092086791992,-0.23011097311973572,-0.5567784905433655,0.057328589260578156
66.29979276657104,3.3843038082122803,-2.642648220062256,0.2948123075326332,1.7322295904159546,-2.6268248558044434,1.469183325767517,-0.961593747138977,2.7832517623901367,-0.23316560685634613,-0.5609615445137024,0.05801835656166077
66.35009908676147,3.401740789413452,-2.6389284133911133,0.30700995878459325,1.725358247756958,-2.673513412475586,1.4742141962051392,-0.918542206287384,2.7476603984832764,-0.23516638576984406,-0.5668777227401733,0.06061510369181633
66.39992237091064,3.4170236587524414,-2.6356029510498047,0.31693938546555916,1.7194029092788696,-2.7137081623077393,1.4768339395523071,-0.881556510925293,2.717735767364502,-0.23521924018859863,-0.5720909237861633,0.0655161514878273
66.4500515460968,3.4356791973114014,-2.631300687789917,0.3310088892627897,1.7122290134429932,-2.7651469707489014,1.4774532318115234,-0.8335908651351929,2.6801509857177734,-0.2326834350824356,-0.5803098678588867,0.0729796513915062
66.50004172325134,3.450371265411377,-2.6278469562530518,0.3383881130753508,1.707228422164917,-2.8079590797424316,1.476040005683899,-0.7916615009307861,2.648366689682007,-0.22872421145439148,-0.5890815258026123,0.07905472815036774
66.54991626739502,3.4693257808685303,-2.622833490371704,0.3515073695796646,1.7022444009780884,-2.8544979095458984,1.4729993343353271,-0.7443023324012756,2.613770008087158,-0.2233295738697052,-0.6007556915283203,0.08628946542739868
66.59988617897034,3.485419988632202,-2.6184427738189697,0.36037480916144565,1.7008923292160034,-2.894556999206543,1.470392107963562,-0.7023494839668274,2.5837790966033936,-0.21850921213626862,-0.612555205821991,0.0936841368675232
66.64981198310852,3.5026564598083496,-2.6138148307800293,0.3703217734286482,1.7019039392471313,-2.9333531856536865,1.4689894914627075,-0.659035861492157,2.5521342754364014,-0.2140418142080307,-0.6261239647865295,0.10232115536928177
66.6999282836914,3.521291494369507,-2.6084370613098145,0.38038556127163364,1.7019612789154053,-2.9688262939453125,1.4689900875091553,-0.6145762801170349,2.517730236053467,-0.21014389395713806,-0.6414154767990112,0.1122364029288292
66.75022554397583,3.538511037826538,-2.6028754711151123,0.38820290151906534,1.7006670236587524,-2.9979023933410645,1.470077395439148,-0.5728146433830261,2.482173204421997,-0.20772266387939453,-0.656729519367218,0.12245364487171173
66.79980778694153,3.5560834407806396,-2.5974831581115723,0.3965138776209309,1.6985963582992554,-3.0214624404907227,1.4715561866760254,-0.5320101380348206,2.4445149898529053,-0.2070329338312149,-0.6718025803565979,0.1334497332572937
66.85005736351013,3.572528123855591,-2.5918402671813965,0.4032921638117349,1.6949317455291748,-3.037605047225952,1.4729692935943604,-0.49463674426078796,2.408984422683716,-0.208359494805336,-0.6837071180343628,0.14344166219234467
66.89976859092712,3.5901103019714355,-2.5860977172851562,0.41194046481872787,1.6893773078918457,-3.0494093894958496,1.4748735427856445,-0.45286282896995544,2.3706932067871094,-0.2121247500181198,-0.6934002041816711,0.15303291380405426
66.9497389793396,3.6075925827026367,-2.580094575881958,0.41963615530697085,1.6808350086212158,-3.0561771392822266,1.4772754907608032,-0.41184571385383606,2.334801435470581,-0.2172621786594391,-0.7002755403518677,0.15966171026229858
66.99971628189087,3.6250576972961426,-2.574239492416382,0.4283223646728013,1.6709808111190796,-3.059551954269409,1.4801439046859741,-0.3726153075695038,2.3001508712768555,-0.22324270009994507,-0.7059500813484192,0.16393664479255676
67.0498468875885,3.6411492824554443,-2.5687429904937744,0.43576358431049067,1.6605101823806763,-3.060748338699341,1.483951449394226,-0.33379310369491577,2.2653775215148926,-0.2306763082742691,-0.7106306552886963,0.16646036505699158
67.0997359752655,3.6600890159606934,-2.56168794631958,0.4453686906950342,1.6481614112854004,-3.0600366592407227,1.4906429052352905,-0.28858333826065063,2.2242512702941895,-0.24191828072071075,-0.7145700454711914,0.16753831505775452
67.149906873703,3.6792590618133545,-2.5541672706604004,0.4550585241619804,1.6383737325668335,-3.0566790103912354,1.498765230178833,-0.25047579407691956,2.1887125968933105,-0.2540312707424164,-0.7171122431755066,0.16666442155838013
67.19976663589478,3.698322057723999,-2.546590805053711,0.465001041943928,1.6279399394989014,-3.0499379634857178,1.5091559886932373,-0.21014416217803955,2.1500492095947266,-0.2696925401687622,-0.7193484902381897,0.16411924362182617
67.24968147277832,3.7166690826416016,-2.539583683013916,0.4743934355908231,1.6191059350967407,-3.039074659347534,1.5204435586929321,-0.16953003406524658,2.111408233642578,-0.288433700799942,-0.7211483120918274,0.15993671119213104
67.29997038841248,3.73681902885437,-2.530611515045166,0.48382312424237517,1.6092023849487305,-3.02642822265625,1.531092882156372,-0.1278720647096634,2.0740606784820557,-0.3099353015422821,-0.7222418189048767,0.15437720715999603
67.34967017173767,3.7564074993133545,-2.522139310836792,0.49342888830862447,1.5979630947113037,-3.0107922554016113,1.5402628183364868,-0.08177470415830612,2.0354933738708496,-0.33260032534599304,-0.7221967577934265,0.14717692136764526
67.39986276626587,3.7762906551361084,-2.513380289077759,0.5035212187456679,1.5869665145874023,-2.993929862976074,1.5463066101074219,-0.039183493703603745,2.0020344257354736,-0.35017168521881104,-0.7206809520721436,0.13900671899318695
67.4498233795166,3.7954623699188232,-2.5050830841064453,0.512500998692174,1.5757585763931274,-2.9725255966186523,1.550179123878479,0.005905210040509701,1.966750144958496,-0.3656211793422699,-0.7185239791870117,0.12916207313537598
67.50028824806213,3.8159263134002686,-2.4952681064605713,0.5224527429168944,1.564798355102539,-2.9494998455047607,1.5520399808883667,0.050096649676561356,1.928902268409729,-0.37800702452659607,-0.7154733538627625,0.11816594749689102
67.54977798461914,3.836695671081543,-2.4854393005371094,0.5325713954278574,1.553507924079895,-2.9228484630584717,1.552917242050171,0.09645115584135056,1.886242151260376,-0.38805150985717773,-0.7111481428146362,0.10621441900730133
67.59985399246216,3.855046033859253,-2.476844310760498,0.5409292668536758,1.543637752532959,-2.896584987640381,1.5531243085861206,0.1391139030456543,1.8466731309890747,-0.39442169666290283,-0.7063486576080322,0.09590013325214386
67.64981842041016,3.875133514404297,-2.4663050174713135,0.5487778208699291,1.5357080698013306,-2.866875648498535,1.5527336597442627,0.18573248386383057,1.8052809238433838,-0.39817070960998535,-0.6999256610870361,0.08554225414991379
67.70008277893066,3.89523983001709,-2.4561007022857666,0.5589323513012878,1.531472086906433,-2.8357810974121094,1.5513365268707275,0.23584064841270447,1.7618329524993896,-0.3996274769306183,-0.6918309926986694,0.07581373304128647
67.74974131584167,3.9136412143707275,-2.4473533630371094,0.5688350471943178,1.5306880474090576,-2.807343006134033,1.5487396717071533,0.28326794505119324,1.7195988893508911,-0.3994508385658264,-0.6832393407821655,0.0678551197052002
67.79982471466064,3.931849241256714,-2.437352418899536,0.5755746327809416,1.53223717212677,-2.7801902294158936,1.545067548751831,0.3283458948135376,1.6786103248596191,-0.3983559012413025,-0.6747236847877502,0.061826035380363464
67.8497474193573,3.951991558074951,-2.4257869720458984,0.5831775328916383,1.5368359088897705,-2.74603533744812,1.539858341217041,0.37924662232398987,1.6321828365325928,-0.39575010538101196,-0.6646589040756226,0.05714903399348259
67.89988923072815,3.969841957092285,-2.415982484817505,0.5882500772149077,1.5450210571289062,-2.7078919410705566,1.5354832410812378,0.4271731674671173,1.588626503944397,-0.3914920389652252,-0.6542952060699463,0.054720815271139145
67.94980764389038,3.989081621170044,-2.4038097858428955,0.5958740784552911,1.555166244506836,-2.6651480197906494,1.5337282419204712,0.47448623180389404,1.5454974174499512,-0.38577133417129517,-0.6430741548538208,0.05426270514726639
67.99977660179138,4.008498191833496,-2.392341375350952,0.6011518258538127,1.5677213668823242,-2.6209230422973633,1.5358437299728394,0.5216436982154846,1.5014582872390747,-0.37857696413993835,-0.630608856678009,0.055866651237010956
68.04983258247375,4.02643346786499,-2.3805558681488037,0.6091880654805967,1.5833885669708252,-2.579690456390381,1.5410892963409424,0.5658978223800659,1.4596351385116577,-0.37081462144851685,-0.6179525852203369,0.05938129872083664
68.10010600090027,4.044528484344482,-2.3688228130340576,0.6153636613919182,1.6062473058700562,-2.534407138824463,1.5491570234298706,0.6137698292732239,1.4142961502075195,-0.3623623251914978,-0.6022994518280029,0.0656086876988411
68.15007162094116,4.063960075378418,-2.3563296794891357,0.6217318259051859,1.6325353384017944,-2.4892053604125977,1.5572054386138916,0.658121645450592,1.3712011575698853,-0.35531729459762573,-0.5860248804092407,0.07365290820598602
68.1997184753418,4.0799665451049805,-2.3461837768554688,0.628441622913082,1.6600995063781738,-2.4416959285736084,1.5656226873397827,0.7025818228721619,1.3249479532241821,-0.34978950023651123,-0.568482518196106,0.08381132781505585
68.24981999397278,4.097202301025391,-2.334834337234497,0.6338293041389161,1.6840771436691284,-2.396601915359497,1.5742883682250977,0.7455146908760071,1.2788419723510742,-0.34729769825935364,-0.5507583022117615,0.09488663077354431
68.29990983009338,4.114291667938232,-2.3236067295074463,0.6417118298928285,1.7064499855041504,-2.3457794189453125,1.585654377937317,0.7944954037666321,1.2274563312530518,-0.34736084938049316,-0.5296603441238403,0.10898257046937943
68.34971880912781,4.127443790435791,-2.314899444580078,0.650330760193431,1.7207764387130737,-2.3026344776153564,1.5975464582443237,0.8355844616889954,1.1852443218231201,-0.3490614593029022,-0.5113315582275391,0.12191148847341537
68.39991426467896,4.1417622566223145,-2.3056936264038086,0.6610296314734024,1.7334054708480835,-2.251394033432007,1.6147962808609009,0.8843734860420227,1.1357579231262207,-0.3523584008216858,-0.48855042457580566,0.13739006221294403
68.44972276687622,4.153350353240967,-2.2984843254089355,0.6728265877862422,1.7420709133148193,-2.205439329147339,1.6322238445281982,0.9284752011299133,1.0916749238967896,-0.35664719343185425,-0.46719756722450256,0.15107101202011108
68.50064492225647,4.165040016174316,-2.291433811187744,0.6883162807443022,1.7496840953826904,-2.1530680656433105,1.6527057886123657,0.9790264368057251,1.0424726009368896,-0.36313435435295105,-0.4430757761001587,0.16572895646095276
68.54978060722351,4.17559814453125,-2.2847700119018555,0.7044898300833223,1.7552913427352905,-2.105038642883301,1.6704723834991455,1.0241962671279907,0.9982070326805115,-0.3705542981624603,-0.4219653308391571,0.17828573286533356
68.59984016418457,4.184458255767822,-2.2800192832946777,0.725811555147184,1.7595479488372803,-2.0492982864379883,1.68716299533844,1.0750638246536255,0.9475029110908508,-0.38066044449806213,-0.3983190357685089,0.19129452109336853
68.64978551864624,4.190580368041992,-2.277404546737671,0.747341317146323,1.7610819339752197,-1.99884033203125,1.6974900960922241,1.1199049949645996,0.9009894132614136,-0.39140164852142334,-0.3756093978881836,0.20176662504673004
68.69988703727722,4.196709156036377,-2.2758116722106934,0.7751164231552841,1.7597016096115112,-1.939707636833191,1.7050974369049072,1.1710870265960693,0.8455549478530884,-0.40396374464035034,-0.34729209542274475,0.21226078271865845
68.7498369216919,4.203778266906738,-2.2718513011932373,0.8040160731085924,1.7560759782791138,-1.8874822854995728,1.7095109224319458,1.2154453992843628,0.7975409626960754,-0.41335707902908325,-0.32164981961250305,0.22029855847358704
68.79977655410767,4.209465980529785,-2.269141435623169,0.8286193195961227,1.751133918762207,-1.8359489440917969,1.7129039764404297,1.2594836950302124,0.7523339986801147,-0.42150184512138367,-0.2955719828605652,0.22668440639972687
68.84981298446655,4.214923858642578,-2.2664883136749268,0.8545184966050883,1.7455646991729736,-1.7866524457931519,1.7155990600585938,1.3044300079345703,0.7064412236213684,-0.42819491028785706,-0.2688378691673279,0.23161852359771729
68.89990377426147,4.219900608062744,-2.2637479305267334,0.881904972133718,1.7410058975219727,-1.7383769750595093,1.7178239822387695,1.3502559661865234,0.6575220227241516,-0.43289822340011597,-0.24146318435668945,0.2348722368478775
68.94983220100403,4.2253642082214355,-2.26082444190979,0.9123031370643462,1.7395639419555664,-1.6898012161254883,1.7197003364562988,1.396005392074585,0.6070870161056519,-0.43543946743011475,-0.2137121856212616,0.2362297922372818
69.00000715255737,4.2299485206604,-2.2583072185516357,0.9419622355652034,1.741452693939209,-1.6406716108322144,1.720992922782898,1.4421240091323853,0.5566059947013855,-0.436053603887558,-0.1858617216348648,0.235530823469162
69.04984831809998,4.234912872314453,-2.2558791637420654,0.9740787837191028,1.7453854084014893,-1.594342827796936,1.720416784286499,1.4858516454696655,0.5097398161888123,-0.43528953194618225,-0.16066502034664154,0.23312309384346008
69.09997630119324,4.2396345138549805,-2.2538390159606934,1.0086590974901428,1.750535249710083,-1.5428519248962402,1.7179434299468994,1.5343533754348755,0.45882606506347656,-0.4333222508430481,-0.13394860923290253,0.22700382769107819
69.15002918243408,4.243903160095215,-2.2524843215942383,1.0453411956894159,1.7556262016296387,-1.4926663637161255,1.7153310775756836,1.578677773475647,0.41127339005470276,-0.43032658100128174,-0.10898832976818085,0.21839451789855957
69.19982647895813,4.248353958129883,-2.250962734222412,1.0864270544348984,1.7612383365631104,-1.439295768737793,1.7149466276168823,1.6215810775756836,0.36398693919181824,-0.4259326457977295,-0.08525501191616058,0.20934578776359558
69.24997544288635,4.252721786499023,-2.2500503063201904,1.130382077751149,1.7678022384643555,-1.3860633373260498,1.7188082933425903,1.6607152223587036,0.31935274600982666,-0.42000943422317505,-0.06310708820819855,0.2014453262090683
69.30015254020691,4.25761604309082,-2.249113082885742,1.1774553020319458,1.777577519416809,-1.3251473903656006,1.7270761728286743,1.7037805318832397,0.2687637507915497,-0.4117278754711151,-0.03702538460493088,0.1940346360206604
69.34994721412659,4.261082172393799,-2.2476966381073,1.2268849964293926,1.7884794473648071,-1.2703584432601929,1.7360254526138306,1.7411890029907227,0.2230595052242279,-0.4030854105949402,-0.012173132039606571,0.1883149892091751
69.3999273777008,4.265792369842529,-2.245708465576172,1.282146163891783,1.8022534847259521,-1.2081550359725952,1.7462762594223022,1.7822840213775635,0.172256201505661,-0.3927451968193054,0.015734698623418808,0.18283826112747192
69.45013999938965,4.270616054534912,-2.2441210746765137,1.3295867075096235,1.8145767450332642,-1.153489112854004,1.7549077272415161,1.819638729095459,0.127882182598114,-0.38370105624198914,0.040180932730436325,0.17956246435642242
69.50006675720215,4.275330066680908,-2.241629123687744,1.3811275550194244,1.8248697519302368,-1.0985698699951172,1.7644503116607666,1.8602797985076904,0.0810246467590332,-0.37480485439300537,0.06728968024253845,0.17724892497062683
69.54985785484314,4.279860496520996,-2.2394561767578125,1.4296671342191394,1.8312687873840332,-1.0413790941238403,1.776085615158081,1.9032562971115112,0.03064795956015587,-0.36655208468437195,0.09775485098361969,0.17565327882766724
69.59995722770691,4.284749507904053,-2.235056161880493,1.488986564536204,1.83274245262146,-0.9866308569908142,1.788974642753601,1.9429875612258911,-0.01857534609735012,-0.3614027500152588,0.12734998762607574,0.17551827430725098
69.65013432502747,4.28837251663208,-2.2312138080596924,1.540876621940141,1.8307675123214722,-0.9352449178695679,1.8023055791854858,1.9808318614959717,-0.0659329891204834,-0.3590540289878845,0.1559998244047165,0.1770804226398468
69.69982528686523,4.2920637130737305,-2.2253921031951904,1.5923579500873277,1.826540231704712,-0.8788068890571594,1.8176037073135376,2.0252718925476074,-0.11893875896930695,-0.3585919439792633,0.1889287829399109,0.1811765879392624
69.74981808662415,4.295724868774414,-2.2206363677978516,1.639803123270938,1.8215086460113525,-0.829086422920227,1.8310177326202393,2.0674257278442383,-0.1661379486322403,-0.3591887056827545,0.2188287228345871,0.1857328712940216
69.7999119758606,4.299009323120117,-2.2150473594665527,1.6886552520668188,1.8152822256088257,-0.776042103767395,1.8432419300079346,2.1127512454986572,-0.2157210111618042,-0.3604014813899994,0.2517443895339966,0.19014671444892883
69.85006427764893,4.30122709274292,-2.2076611518859863,1.737043287652597,1.8064475059509277,-0.7191647291183472,1.8508353233337402,2.1583163738250732,-0.2670951783657074,-0.362616628408432,0.2868025004863739,0.19390739500522614
69.89988231658936,4.305042743682861,-2.2027688026428223,1.7804262839266816,1.7959476709365845,-0.6639417409896851,1.8538601398468018,2.1990058422088623,-0.31640374660491943,-0.36602428555488586,0.31827986240386963,0.19589127600193024
69.94979166984558,4.306787490844727,-2.194389581680298,1.8252486998723536,1.7835243940353394,-0.6089250445365906,1.8541566133499146,2.2381808757781982,-0.3656492531299591,-0.3709665536880493,0.3487270772457123,0.19514544308185577
