t,chair_x,chair_y,chair_yaw
0.0,-2.0119259600064394,2.0254313072164045,-0.01586211764633299
0.04907941818237305,-2.0119259600064394,2.0254313072164045,-0.01586211764633299
0.09822702407836914,-2.0104397534887495,2.0237987020856623,-0.01548887472411425
0.14897894859313965,-2.0104397534887495,2.0237987020856623,-0.01548887472411425
0.19765615463256836,-2.005486067233354,2.023567149758022,-0.016413278684820697
0.24808263778686523,-2.005486067233354,2.023567149758022,-0.016413278684820697
0.29738616943359375,-2.005836496418296,2.022545667655564,-0.014679511485940532
0.34845900535583496,-2.005836496418296,2.022545667655564,-0.014679511485940532
0.3980228900909424,-2.006906320129498,2.0187317513012655,-0.016621801499704974
0.45060086250305176,-2.006906320129498,2.0187317513012655,-0.016621801499704974
0.49771761894226074,-2.0082222120087687,2.017178914029224,-0.019917954788623193
0.5482394695281982,-2.0082222120087687,2.017178914029224,-0.019917954788623193
0.597233772277832,-2.0082786904653016,2.01471348881292,-0.027480107226671647
0.648930549621582,-2.0082786904653016,2.01471348881292,-0.027480107226671647
0.6984348297119141,-2.0063881467723315,2.013760908085203,-0.03752037027591462
0.7502458095550537,-2.0063881467723315,2.013760908085203,-0.03752037027591462
0.7983248233795166,-2.000695094433346,2.015653085060297,-0.04942872821370916
0.8493826389312744,-2.000695094433346,2.015653085060297,-0.04942872821370916
0.9001104831695557,-1.9970626945684478,2.0125645544779593,-0.07236814692186068
0.9528329372406006,-1.9970626945684478,2.0125645544779593,-0.07236814692186068
0.9981081485748291,-1.9814189778190845,2.0063872319227762,-0.10320563932615977
1.0505802631378174,-1.9814189778190845,2.0063872319227762,-0.10320563932615977
1.0973856449127197,-1.964279725074322,2.002664001222644,-0.13558454174226314
1.148306131362915,-1.964279725074322,2.002664001222644,-0.13558454174226314
1.1983203887939453,-1.9391302245422184,2.0038551819517196,-0.1644179528548185
1.2504231929779053,-1.9391302245422184,2.0038551819517196,-0.1644179528548185
1.2975385189056396,-1.913047910905038,1.9989194998172413,-0.1943335144687408
1.3487308025360107,-1.913047910905038,1.9989194998172413,-0.1943335144687408
1.3978333473205566,-1.884222649346577,1.9927068680679865,-0.225981530437323
1.4481816291809082,-1.884222649346577,1.9927068680679865,-0.225981530437323
1.4973931312561035,-1.8511498791057999,1.9848527682285044,-0.2598797996816303
1.5480103492736816,-1.8511498791057999,1.9848527682285044,-0.2598797996816303
1.5975520610809326,-1.8173569205223086,1.9738361924524748,-0.29515689251528054
1.647484540939331,-1.8173569205223086,1.9738361924524748,-0.29515689251528054
1.6972270011901855,-1.7862231347080033,1.9616540690814197,-0.3329026074443283
1.7492034435272217,-1.7862231347080033,1.9616540690814197,-0.3329026074443283
1.7975163459777832,-1.7583678197565995,1.9529636472875906,-0.3719129323607151
1.8481144905090332,-1.7583678197565995,1.9529636472875906,-0.3719129323607151
1.9002368450164795,-1.7285107162207354,1.9395320548485444,-0.41252060084203485
1.9480714797973633,-1.7285107162207354,1.9395320548485444,-0.41252060084203485
1.9987566471099854,-1.7023305791263101,1.9231123835453299,-0.4588971164677889
2.048783779144287,-1.7023305791263101,1.9231123835453299,-0.4588971164677889
2.0984630584716797,-1.6773363292037533,1.9103363199663266,-0.5059728385693484
2.147759199142456,-1.6773363292037533,1.9103363199663266,-0.5059728385693484
2.197371482849121,-1.657077886235981,1.8976170973185313,-0.553409399621344
2.2479779720306396,-1.657077886235981,1.8976170973185313,-0.553409399621344
2.298076868057251,-1.6341328129196724,1.8863284614117541,-0.5992461330067888
2.3501462936401367,-1.6341328129196724,1.8863284614117541,-0.5992461330067888
2.3985962867736816,-1.6047512188170994,1.8684107930849987,-0.6456423879783684
2.449204206466675,-1.6047512188170994,1.8684107930849987,-0.6456423879783684
2.498603105545044,-1.5808165900630662,1.8470911849079998,-0.6940902146613624
2.5476856231689453,-1.5808165900630662,1.8470911849079998,-0.6940902146613624
2.597635507583618,-1.5605308939168745,1.825169070706221,-0.7400249657859933
2.64802622795105,-1.5605308939168745,1.825169070706221,-0.7400249657859933
2.698090076446533,-1.5378664785018252,1.8025162709199616,-0.7860392544332037
2.748908281326294,-1.5378664785018252,1.8025162709199616,-0.7860392544332037
2.799142360687256,-1.515634382966119,1.7760766703920194,-0.8277210325252524
2.849123001098633,-1.515634382966119,1.7760766703920194,-0.8277210325252524
2.897217273712158,-1.4946370748103726,1.7486913589309152,-0.8665059583613987
2.948681592941284,-1.4946370748103726,1.7486913589309152,-0.8665059583613987
2.9971938133239746,-1.4689442411797138,1.7215019309780404,-0.9028683413760406
3.047852039337158,-1.4689442411797138,1.7215019309780404,-0.9028683413760406
3.0989675521850586,-1.4418629448981508,1.6914758410116186,-0.9310469403960402
3.147775173187256,-1.4418629448981508,1.6914758410116186,-0.9310469403960402
3.1988537311553955,-1.4204841118412,1.6649264446695247,-0.9521348370817515
3.25195574760437,-1.4204841118412,1.6649264446695247,-0.9521348370817515
3.3006248474121094,-1.3996170996694748,1.6377782466282291,-0.9673494657497878
3.350201368331909,-1.3996170996694748,1.6377782466282291,-0.9673494657497878
3.4010157585144043,-1.374808001135496,1.610242456194258,-0.9772918099371419
3.4504096508026123,-1.374808001135496,1.610242456194258,-0.9772918099371419
3.4980926513671875,-1.3517888505401325,1.5791968982814293,-0.9824781184613459
3.5486414432525635,-1.3517888505401325,1.5791968982814293,-0.9824781184613459
3.598177909851074,-1.3282079420350907,1.5503541402052399,-0.9765097939030626
3.6507279872894287,-1.3282079420350907,1.5503541402052399,-0.9765097939030626
3.697252035140991,-1.3071640848134907,1.519213541843421,-0.9675005353431514
3.747764825820923,-1.3071640848134907,1.519213541843421,-0.9675005353431514
3.8006467819213867,-1.3071640848134907,1.519213541843421,-0.9675005353431514
3.85261607170105,-1.2952883296786193,1.4928808203127748,-0.9603544317263777
3.89778995513916,-1.2740602523231352,1.4743035564675477,-0.9537218641254684
3.9477453231811523,-1.2740602523231352,1.4743035564675477,-0.9537218641254684
3.9982657432556152,-1.2493208372018985,1.4521839448176628,-0.9500361509664399
4.049680948257446,-1.2493208372018985,1.4521839448176628,-0.9500361509664399
4.098617792129517,-1.2295425194186118,1.4233428737676126,-0.9513307717797171
4.148199796676636,-1.2295425194186118,1.4233428737676126,-0.9513307717797171
4.198381662368774,-1.2074514570154915,1.3909267054721564,-0.9586019342139827
4.248241901397705,-1.2074514570154915,1.3909267054721564,-0.9586019342139827
4.2994043827056885,-1.1829299261065511,1.3575363455761091,-0.9693082138287477
4.3516600131988525,-1.1829299261065511,1.3575363455761091,-0.9693082138287477
4.3969926834106445,-1.156754535225072,1.3302574693121285,-0.9798304562385105
4.448878288269043,-1.156754535225072,1.3302574693121285,-0.9798304562385105
4.497673273086548,-1.1427795663588696,1.3023108184202508,-0.9907769581784549
4.547850608825684,-1.1427795663588696,1.3023108184202508,-0.9907769581784549
4.598390817642212,-1.1207140289761788,1.2733441106225258,-0.9998846006642752
4.651665449142456,-1.1207140289761788,1.2733441106225258,-0.9998846006642752
4.69818115234375,-1.100109452536112,1.2409635541469668,-1.0098319384381307
4.748501300811768,-1.100109452536112,1.2409635541469668,-1.0098319384381307
4.797586917877197,-1.0869419647458625,1.2161960257151776,-1.0205539806947053
4.847018241882324,-1.0869419647458625,1.2161960257151776,-1.0205539806947053
4.897193431854248,-1.069320777970561,1.1906105664513094,-1.0296575114763589
4.949771165847778,-1.069320777970561,1.1906105664513094,-1.0296575114763589
4.999047517776489,-1.0500719378123922,1.1602779179308256,-1.0403740410019329
5.048625946044922,-1.0500719378123922,1.1602779179308256,-1.0403740410019329
5.097728490829468,-1.0289682920327086,1.131003442245491,-1.0502352380328501
5.148316144943237,-1.0289682920327086,1.131003442245491,-1.0502352380328501
5.20002293586731,-1.0063735341404623,1.102306653428782,-1.0588046026095796
5.249122858047485,-1.0063735341404623,1.102306653428782,-1.0588046026095796
5.298041582107544,-0.9831517484197115,1.0702444844593344,-1.0685434161088585
5.348620653152466,-0.9831517484197115,1.0702444844593344,-1.0685434161088585
5.504696369171143,-0.9616846826855655,1.0354703846062727,-1.076912338344809
5.507140398025513,-0.9616846826855655,1.0354703846062727,-1.076912338344809
5.650000095367432,-0.9450679228533346,1.0031084651849886,-1.083186796208278
5.758724689483643,-0.9450679228533346,1.0031084651849886,-1.083186796208278
5.856895208358765,-0.9292816708868789,0.9704481668289019,-1.093044986246826
5.9620561599731445,-0.9108357998573495,0.9381300705175241,-1.1028747668499055
6.056161165237427,-0.8903290472951925,0.9003473021527183,-1.1122768148440143
6.145872116088867,-0.8714274622275666,0.8690895453633729,-1.1207505619647078
6.240416049957275,-0.8572860079480014,0.8407053041247955,-1.1303853116434648
6.340101003646851,-0.8437386161702527,0.8141737624747093,-1.1429630521646552
6.432912111282349,-0.8331662238409101,0.7830660137048763,-1.1515991252423623
6.516411781311035,-0.8228994564834776,0.7565383096348929,-1.16318392927232
6.519087314605713,-0.8070859390704583,0.7282018808692775,-1.1723256675000662
6.548329591751099,-0.7932180768823924,0.7055053514904606,-1.1828831274531215
6.597179412841797,-0.7790573608879466,0.6794520450131968,-1.1896227752114077
6.670539140701294,-0.7790573608879466,0.6794520450131968,-1.1896227752114077
6.715596914291382,-0.7790573608879466,0.6794520450131968,-1.1896227752114077
6.749517202377319,-0.7677774879368839,0.6507386740272315,-1.1984928367638015
6.798734188079834,-0.7677774879368839,0.6507386740272315,-1.1984928367638015
6.8484907150268555,-0.7677774879368839,0.6507386740272315,-1.1984928367638015
6.902450084686279,-0.7464340384879288,0.5930418380348412,-1.2120734486344686
6.9478600025177,-0.7464340384879288,0.5930418380348412,-1.2120734486344686
6.997781753540039,-0.7370884415529554,0.5644883417386921,-1.2212859874283364
7.047925710678101,-0.7370884415529554,0.5644883417386921,-1.2212859874283364
7.0973169803619385,-0.7327216857049456,0.54399773264692,-1.2381437844535723
7.147209644317627,-0.7327216857049456,0.54399773264692,-1.2381437844535723
7.198365211486816,-0.728769277408035,0.5260714469975698,-1.2634556592635595
7.248857498168945,-0.728769277408035,0.5260714469975698,-1.2634556592635595
7.29971170425415,-0.7290552251436826,0.5185381794515352,-1.2995881281140078
7.347257852554321,-0.7290552251436826,0.5185381794515352,-1.2995881281140078
7.398691415786743,-0.7288193692882257,0.5077573334565937,-1.341647935723705
7.4482200145721436,-0.7288193692882257,0.5077573334565937,-1.341647935723705
7.498539447784424,-0.7335005823713673,0.500268469125,-1.3869538716836625
7.548690557479858,-0.7335005823713673,0.500268469125,-1.3869538716836625
7.598538160324097,-0.7316061107281133,0.4988876482304517,-1.4385939995713062
7.649642705917358,-0.7316061107281133,0.4988876482304517,-1.4385939995713062
7.698078870773315,-0.7363043564584588,0.4957043030502501,-1.499194323308089
7.7484517097473145,-0.7363043564584588,0.4957043030502501,-1.499194323308089
7.798673868179321,-0.7378668080283545,0.4895368081804468,-1.5708871107425615
7.847383737564087,-0.7378668080283545,0.4895368081804468,-1.5708871107425615
7.896835803985596,-0.742078259038242,0.4850416726875492,-1.6562246645639442
7.94842267036438,-0.742078259038242,0.4850416726875492,-1.6562246645639442
7.997686386108398,-0.7480602138053338,0.4815507779937917,-1.750879979934585
8.048444509506226,-0.7480602138053338,0.4815507779937917,-1.750879979934585
8.097280502319336,-0.7568299918405205,0.4776209858689597,-1.8510681338101158
8.147672414779663,-0.7568299918405205,0.4776209858689597,-1.8510681338101158
8.197713375091553,-0.7673838216699509,0.47668318466002607,-1.9586529253691245
8.248677253723145,-0.7673838216699509,0.47668318466002607,-1.9586529253691245
8.29770302772522,-0.7758044165689068,0.4786188452883304,-2.066569005081049
8.347893238067627,-0.7758044165689068,0.4786188452883304,-2.066569005081049
8.397491455078125,-0.7835387584507219,0.4780634755818182,-2.1750365632404454
8.449429273605347,-0.7835387584507219,0.4780634755818182,-2.1750365632404454
8.498589754104614,-0.7916049321083385,0.4812966073376072,-2.2816532897890007
8.54756760597229,-0.7916049321083385,0.4812966073376072,-2.2816532897890007
8.599114656448364,-0.8003349023098199,0.4800422610903929,-2.38758171612915
8.647779941558838,-0.8003349023098199,0.4800422610903929,-2.38758171612915
8.697484016418457,-0.8044758240841852,0.48582775818722596,-2.497315687630137
8.749921560287476,-0.8044758240841852,0.48582775818722596,-2.497315687630137
8.799068689346313,-0.8119341954086234,0.49128685635022035,-2.6044772089858226
8.850343227386475,-0.8119341954086234,0.49128685635022035,-2.6044772089858226
8.897649049758911,-0.8199280681866792,0.4954334248132604,-2.7070919654142522
8.948196649551392,-0.8199280681866792,0.4954334248132604,-2.7070919654142522
8.997815608978271,-0.8241652371520041,0.5009212843748754,-2.8142491266161698
9.052545547485352,-0.8241652371520041,0.5009212843748754,-2.8142491266161698
9.097944736480713,-0.8228463385069857,0.5071723870407345,-2.9145851015202866
9.147868633270264,-0.8228463385069857,0.5071723870407345,-2.9145851015202866
9.19796347618103,-0.8271433208978995,0.5146596369221766,-2.998215236200887
9.248836994171143,-0.8271433208978995,0.5146596369221766,-2.998215236200887
9.299379348754883,-0.8307170880426186,0.515127775852428,-3.0723538256501706
9.348989963531494,-0.8307170880426186,0.515127775852428,-3.0723538256501706
9.39781641960144,-0.8365179668530758,0.522424275898125,-3.139153226886562
9.448803186416626,-0.8365179668530758,0.522424275898125,-3.139153226886562
9.497249126434326,-0.8374169427685689,0.5254285752142183,3.076912961129826
9.549145698547363,-0.8374169427685689,0.5254285752142183,3.076912961129826
9.59750485420227,-0.8368742774956717,0.5308159352764326,3.0055053735239325
9.649406671524048,-0.8368742774956717,0.5308159352764326,3.0055053735239325
9.69803524017334,-0.8386545042775865,0.5377749541889869,2.925037098895305
9.74882960319519,-0.8386545042775865,0.5377749541889869,2.925037098895305
9.799511671066284,-0.8423766003085011,0.5471384966672058,2.8367883761810715
9.847240686416626,-0.8423766003085011,0.5471384966672058,2.8367883761810715
9.897454261779785,-0.8445363864270626,0.5571216359588497,2.738327908072841
9.948949337005615,-0.8445363864270626,0.5571216359588497,2.738327908072841
9.996840476989746,-0.8544783004125378,0.562873268557731,2.6334312583147854
10.049014806747437,-0.8544783004125378,0.562873268557731,2.6334312583147854
10.097172260284424,-0.8599170597220167,0.5700715759156091,2.5198219621316715
10.148102045059204,-0.8599170597220167,0.5700715759156091,2.5198219621316715
10.1968355178833,-0.8563525643663993,0.5765037094100477,2.4087460826138005
10.248218297958374,-0.8563525643663993,0.5765037094100477,2.4087460826138005
10.297133207321167,-0.8550751211096985,0.5870098307237374,2.3045919208550774
10.34708547592163,-0.8550751211096985,0.5870098307237374,2.3045919208550774
10.398301124572754,-0.8525174761096701,0.5954490267025523,2.210843866439467
10.449388265609741,-0.8525174761096701,0.5954490267025523,2.210843866439467
10.500816345214844,-0.8477288920950856,0.6017129108559615,2.1381641247851824
10.547234773635864,-0.8477288920950856,0.6017129108559615,2.1381641247851824
10.597793102264404,-0.8473160142131033,0.6043295430968623,2.0900649397389994
10.64698338508606,-0.8473160142131033,0.6043295430968623,2.0900649397389994
10.696741819381714,-0.8471202370455208,0.6079161381306318,2.0615905667159917
10.747371912002563,-0.8471202370455208,0.6079161381306318,2.0615905667159917
10.797536134719849,-0.8406369086391319,0.610878829114032,2.045268999478254
10.849058389663696,-0.8406369086391319,0.610878829114032,2.045268999478254
10.896950244903564,-0.8402078741996815,0.6097268124511636,2.038305697174956
10.948030948638916,-0.8402078741996815,0.6097268124511636,2.038305697174956
10.99720549583435,-0.8348765125111031,0.6135336862111298,2.020525022173626
11.04740571975708,-0.8348765125111031,0.6135336862111298,2.020525022173626
11.097066402435303,-0.8374868655688257,0.6144540905817162,1.9939451344913612
11.147306680679321,-0.8374868655688257,0.6144540905817162,1.9939451344913612
11.19755506515503,-0.8332944009620351,0.6171618411885477,1.9540395382053697
11.246620416641235,-0.8332944009620351,0.6171618411885477,1.9540395382053697
11.29682970046997,-0.8325360914151798,0.6176768929050519,1.9025693271895974
11.346960544586182,-0.8325360914151798,0.6176768929050519,1.9025693271895974
11.396911382675171,-0.8288501265091262,0.6185560349316814,1.8385079566947515
11.4467134475708,-0.8288501265091262,0.6185560349316814,1.8385079566947515
11.496816158294678,-0.8290656085474312,0.6204167310315304,1.7682583074850555
11.547368049621582,-0.8290656085474312,0.6204167310315304,1.7682583074850555
11.596673250198364,-0.8260164511178518,0.6260155417719855,1.6883956394428756
11.648528575897217,-0.8260164511178518,0.6260155417719855,1.6883956394428756
11.69717812538147,-0.8181992050648008,0.6271124358616611,1.597464763975038
11.748099565505981,-0.8181992050648008,0.6271124358616611,1.597464763975038
11.797237873077393,-0.8126063308415686,0.6289322172398059,1.5066086189364993
11.849255800247192,-0.8126063308415686,0.6289322172398059,1.5066086189364993
11.900511503219604,-0.7989126414264096,0.633412633288622,1.402195818329759
11.948761940002441,-0.7989126414264096,0.633412633288622,1.402195818329759
11.997231483459473,-0.7887276084623094,0.632495762958193,1.2964459222286155
12.04804015159607,-0.7887276084623094,0.632495762958193,1.2964459222286155
12.097496271133423,-0.7843236361529443,0.6347160757809814,1.1866646973557202
12.149119138717651,-0.7843236361529443,0.6347160757809814,1.1866646973557202
12.198030471801758,-0.774180099056656,0.6386393427500624,1.0748369500796227
12.247433185577393,-0.774180099056656,0.6386393427500624,1.0748369500796227
12.2978835105896,-0.7685835577529383,0.6390523679894096,0.9640112910149842
12.348100900650024,-0.7685835577529383,0.6390523679894096,0.9640112910149842
12.397325277328491,-0.7666940949364053,0.637181152528134,0.8556070790796094
12.44791293144226,-0.7666940949364053,0.637181152528134,0.8556070790796094
12.497004508972168,-0.7623954216291602,0.6355576120053009,0.7500329971914917
12.547924518585205,-0.7623954216291602,0.6355576120053009,0.7500329971914917
12.597868204116821,-0.7542905169528602,0.6306870784560955,0.6423293167726112
12.647446393966675,-0.7542905169528602,0.6306870784560955,0.6423293167726112
12.6980562210083,-0.7479785543245598,0.6235485848079277,0.546399010977837
12.747644424438477,-0.7479785543245598,0.6235485848079277,0.546399010977837
12.797139167785645,-0.740949129618458,0.6178205108488773,0.4485813635573792
12.847912073135376,-0.740949129618458,0.6178205108488773,0.4485813635573792
12.896995067596436,-0.7293729366960273,0.5998568237371111,0.35132412220284176
12.94743800163269,-0.7293729366960273,0.5998568237371111,0.35132412220284176
12.997540950775146,-0.7190137623028492,0.5921482913260193,0.2521058935592964
13.048340082168579,-0.7190137623028492,0.5921482913260193,0.2521058935592964
13.09916353225708,-0.71073264627732,0.5945021433075905,0.15110786320674752
13.153123378753662,-0.71073264627732,0.5945021433075905,0.15110786320674752
13.198559284210205,-0.7069827595376923,0.5963816563141996,0.05090041572938265
13.249057292938232,-0.7069827595376923,0.5963816563141996,0.05090041572938265
13.297843933105469,-0.7047800302996642,0.5932349593055333,-0.05238847148691954
13.348257541656494,-0.7047800302996642,0.5932349593055333,-0.05238847148691954
13.397793054580688,-0.7017210899221631,0.587411705774654,-0.15169255865887502
13.448838949203491,-0.7017210899221631,0.587411705774654,-0.15169255865887502
13.497235536575317,-0.7025215913256592,0.5848456257018063,-0.2495486739745089
13.551982164382935,-0.7025215913256592,0.5848456257018063,-0.2495486739745089
13.597864389419556,-0.6974451062981666,0.5734941841520468,-0.3425845751732136
13.652607440948486,-0.6974451062981666,0.5734941841520468,-0.3425845751732136
13.70029067993164,-0.6848065185762082,0.5602675536913152,-0.43008889083525087
13.747694492340088,-0.6848065185762082,0.5602675536913152,-0.43008889083525087
13.79811692237854,-0.6702009129349245,0.5454378629560876,-0.511074262894782
13.848050117492676,-0.6702009129349245,0.5454378629560876,-0.511074262894782
13.898271322250366,-0.6549880632919419,0.5325291223917871,-0.5859830445723275
13.94725227355957,-0.6549880632919419,0.5325291223917871,-0.5859830445723275
13.998100996017456,-0.6419419975251006,0.5195387484007771,-0.6558590391602322
14.048916101455688,-0.6419419975251006,0.5195387484007771,-0.6558590391602322
14.09743595123291,-0.6314338433032598,0.5057274143240326,-0.7203227330962045
14.148459196090698,-0.6314338433032598,0.5057274143240326,-0.7203227330962045
14.199777126312256,-0.6148008630039334,0.4907608898657769,-0.7770481906593736
14.249716520309448,-0.6148008630039334,0.4907608898657769,-0.7770481906593736
14.30003547668457,-0.5995113992809047,0.47327355901550616,-0.8330074057031721
14.34985065460205,-0.5995113992809047,0.47327355901550616,-0.8330074057031721
14.397187232971191,-0.5810924824827688,0.4540549298716756,-0.8893060053696096
14.447644472122192,-0.5810924824827688,0.4540549298716756,-0.8893060053696096
14.498637676239014,-0.5663915374300852,0.43268815284045226,-0.9522461929085689
14.553026914596558,-0.5663915374300852,0.43268815284045226,-0.9522461929085689
14.5987868309021,-0.5530232594931102,0.40865472542983766,-1.0144466771984095
14.64795970916748,-0.5530232594931102,0.40865472542983766,-1.0144466771984095
14.69805383682251,-0.5530232594931102,0.40865472542983766,-1.0144466771984095
14.747544527053833,-0.5530232594931102,0.40865472542983766,-1.0144466771984095
14.800103902816772,-0.5315379182799952,0.3525725575583751,-1.1477057015887688
14.848528146743774,-0.5315379182799952,0.3525725575583751,-1.1477057015887688
14.89827275276184,-0.5258774300778235,0.3204225221573656,-1.2101859996131301
14.951474905014038,-0.5258774300778235,0.3204225221573656,-1.2101859996131301
14.99806022644043,-0.512235426002376,0.2917081385586271,-1.2692452443282451
15.048012256622314,-0.512235426002376,0.2917081385586271,-1.2692452443282451
15.09900450706482,-0.5012730284452503,0.2594674192424157,-1.3165487146624468
15.148178339004517,-0.5012730284452503,0.2594674192424157,-1.3165487146624468
15.197672367095947,-0.4949383675842003,0.22768141386841478,-1.358904065556943
15.248865365982056,-0.4949383675842003,0.22768141386841478,-1.358904065556943
15.300002336502075,-0.4869918774096578,0.19552158727122604,-1.3998499243289282
15.347886323928833,-0.4869918774096578,0.19552158727122604,-1.3998499243289282
15.398932456970215,-0.4850440783417082,0.16223575510306482,-1.4441694116113937
15.448201894760132,-0.4850440783417082,0.16223575510306482,-1.4441694116113937
15.497941017150879,-0.4785613790384225,0.12309170598046876,-1.4894615736588415
15.548756122589111,-0.4785613790384225,0.12309170598046876,-1.4894615736588415
15.596770286560059,-0.4783299586936467,0.08803024645586843,-1.5348059395553713
15.65002155303955,-0.4783299586936467,0.08803024645586843,-1.5348059395553713
15.698184967041016,-0.4815020646123896,0.04791844233438624,-1.5797387134093885
15.746794939041138,-0.4815020646123896,0.04791844233438624,-1.5797387134093885
15.796831846237183,-0.48163236869616033,0.01109877732220093,-1.6212842455145178
15.846982955932617,-0.48163236869616033,0.01109877732220093,-1.6212842455145178
15.8975248336792,-0.48421575142850365,-0.020479659212807706,-1.6529802403750622
15.94729471206665,-0.48421575142850365,-0.020479659212807706,-1.6529802403750622
15.996650457382202,-0.48648545344620675,-0.043552867806484825,-1.6790410185089935
16.0468807220459,-0.48648545344620675,-0.043552867806484825,-1.6790410185089935
16.097246646881104,-0.4878078853041104,-0.05987758381922887,-1.7048920650092938
16.14768934249878,-0.4878078853041104,-0.05987758381922887,-1.7048920650092938
16.198015213012695,-0.48986021779442435,-0.07684209449152812,-1.729125820599942
16.24828338623047,-0.48986021779442435,-0.07684209449152812,-1.729125820599942
16.296979188919067,-0.493143596209233,-0.08706374499732533,-1.759576815973704
16.346925020217896,-0.493143596209233,-0.08706374499732533,-1.759576815973704
16.397545337677002,-0.4985032936572458,-0.0949030322114946,-1.796469925686265
16.44791340827942,-0.4985032936572458,-0.0949030322114946,-1.796469925686265
16.49855327606201,-0.5020655386884639,-0.10281924777655266,-1.8362289822286235
16.54807734489441,-0.5020655386884639,-0.10281924777655266,-1.8362289822286235
16.596755981445312,-0.5093619366567896,-0.10698016929886217,-1.8832307770155339
16.647319555282593,-0.5093619366567896,-0.10698016929886217,-1.8832307770155339
16.69816017150879,-0.5134531100824129,-0.11171435968648152,-1.9407681826681444
16.747210025787354,-0.5134531100824129,-0.11171435968648152,-1.9407681826681444
16.79714274406433,-0.5247053909909002,-0.11596236044409425,-2.0061764666828363
16.8467435836792,-0.5247053909909002,-0.11596236044409425,-2.0061764666828363
16.896812200546265,-0.5277797635456161,-0.10906839488248221,-2.091778017975274
16.94742488861084,-0.5277797635456161,-0.10906839488248221,-2.091778017975274
16.99772000312805,-0.5345560748506306,-0.10876388681282723,-2.1845236213554196
17.0658540725708,-0.5345560748506306,-0.10876388681282723,-2.1845236213554196
17.107247829437256,-0.5345560748506306,-0.10876388681282723,-2.1845236213554196
17.147939920425415,-0.5394375295300409,-0.10246572805553444,-2.2852433378881662
17.196778774261475,-0.5476954277940671,-0.10621336654119307,-2.3910651004398464
17.247256994247437,-0.5476954277940671,-0.10621336654119307,-2.3910651004398464
17.298582553863525,-0.5570954718077654,-0.10431340321151067,-2.5007905961294035
17.348322868347168,-0.5570954718077654,-0.10431340321151067,-2.5007905961294035
17.39861011505127,-0.5566392715413755,-0.10005202380320116,-2.6095612690442436
17.44940710067749,-0.5566392715413755,-0.10005202380320116,-2.6095612690442436
17.499581575393677,-0.5701784338794698,-0.09861630379251235,-2.7164751589154643
17.54909348487854,-0.5701784338794698,-0.09861630379251235,-2.7164751589154643
17.597906589508057,-0.5752893240750911,-0.09209893373659858,-2.824785599477291
17.65118098258972,-0.5752893240750911,-0.09209893373659858,-2.824785599477291
17.69760227203369,-0.579807380598657,-0.08542023998554286,-2.9315911698611936
17.748191118240356,-0.579807380598657,-0.08542023998554286,-2.9315911698611936
17.799598455429077,-0.5808716871695735,-0.07715608155457201,-3.0353960387184387
17.848074436187744,-0.5808716871695735,-0.07715608155457201,-3.0353960387184387
17.89770483970642,-0.5789296396914383,-0.06740642535823743,-3.137150919134857
17.947208404541016,-0.5789296396914383,-0.06740642535823743,-3.137150919134857
17.998769760131836,-0.5773524119446668,-0.055666777720293395,3.04190299569576
18.048003673553467,-0.5773524119446668,-0.055666777720293395,3.04190299569576
18.097038745880127,-0.5828272335611686,-0.04582751937897534,2.9465419449744714
18.148189067840576,-0.5828272335611686,-0.04582751937897534,2.9465419449744714
18.199543237686157,-0.5892033945188212,-0.03732536136131843,2.866563994973511
18.25034499168396,-0.5892033945188212,-0.03732536136131843,2.866563994973511
18.29803490638733,-0.596664004846504,-0.030229629579108915,2.7941004847146087
18.34717869758606,-0.596664004846504,-0.030229629579108915,2.7941004847146087
18.403384685516357,-0.6068797487513597,-0.02247465371276556,2.7245942482040175
18.448121070861816,-0.6068797487513597,-0.02247465371276556,2.7245942482040175
18.500474214553833,-0.6171859337144725,-0.01974967897749528,2.65811399527674
18.550337314605713,-0.6171859337144725,-0.01974967897749528,2.65811399527674
18.59764790534973,-0.6231103768760682,-0.014648669397318355,2.5839041073502673
18.648243188858032,-0.6231103768760682,-0.014648669397318355,2.5839041073502673
18.698566436767578,-0.6328516192668074,-0.0071723566426099075,2.5104344729268204
18.74757432937622,-0.6328516192668074,-0.0071723566426099075,2.5104344729268204
18.79775333404541,-0.6414226723753826,0.0005973066208055863,2.434924156028746
18.852247953414917,-0.6414226723753826,0.0005973066208055863,2.434924156028746
18.898342609405518,-0.6553639392535198,0.017692569142510044,2.355085979270831
18.94905400276184,-0.6553639392535198,0.017692569142510044,2.355085979270831
18.997735738754272,-0.6653736057108637,0.042873571459505815,2.273175704749117
19.04753589630127,-0.6653736057108637,0.042873571459505815,2.273175704749117
19.097403049468994,-0.674919312115523,0.06376862456967303,2.199731728629087
19.14908528327942,-0.674919312115523,0.06376862456967303,2.199731728629087
19.197225093841553,-0.6817544565536718,0.08130235662064383,2.1243299222955376
19.249603986740112,-0.6817544565536718,0.08130235662064383,2.1243299222955376
19.298279762268066,-0.6888106209597002,0.09758486366771668,2.055235661655803
19.349898099899292,-0.6888106209597002,0.09758486366771668,2.055235661655803
19.397545337677002,-0.6945129277982313,0.11707198878586217,1.9946211123219153
19.44740343093872,-0.6945129277982313,0.11707198878586217,1.9946211123219153
19.498142957687378,-0.7028292626212669,0.14154149778052677,1.9423323314778103
19.548895597457886,-0.7028292626212669,0.14154149778052677,1.9423323314778103
19.597798824310303,-0.7104030603575175,0.16136209067684681,1.891088431818966
19.647734880447388,-0.7104030603575175,0.16136209067684681,1.891088431818966
19.699607610702515,-0.7213571815564768,0.18863656166765536,1.839371154125432
19.74869990348816,-0.7213571815564768,0.18863656166765536,1.839371154125432
19.797683477401733,-0.7334808113154412,0.21373801157986957,1.79423996382777
19.852277278900146,-0.7334808113154412,0.21373801157986957,1.79423996382777
19.897355318069458,-0.7425419044012936,0.24820668295551235,1.7523271553370552
19.948246002197266,-0.7425419044012936,0.24820668295551235,1.7523271553370552
19.996809005737305,-0.7445305217686511,0.28581947672461233,1.7125468235426022
20.047003746032715,-0.7445305217686511,0.28581947672461233,1.7125468235426022
20.096635818481445,-0.742476962112758,0.3260376260262485,1.6706805550955732
20.148365259170532,-0.742476962112758,0.3260376260262485,1.6706805550955732
20.19724416732788,-0.7462501942475056,0.36124554979749046,1.6277026342158278
20.247236013412476,-0.7462501942475056,0.36124554979749046,1.6277026342158278
20.297966480255127,-0.743688326007383,0.39526943954610644,1.586268754664363
20.346763134002686,-0.743688326007383,0.39526943954610644,1.586268754664363
20.397594928741455,-0.7457226447889783,0.4299025766510873,1.5475023995825261
20.447577953338623,-0.7457226447889783,0.4299025766510873,1.5475023995825261
20.497289180755615,-0.7477597482586154,0.4688551653623612,1.5133212059096737
20.54752254486084,-0.7477597482586154,0.4688551653623612,1.5133212059096737
20.59929895401001,-0.7472718480759075,0.5082091730141006,1.4850187831788964
20.650832176208496,-0.7472718480759075,0.5082091730141006,1.4850187831788964
20.69769263267517,-0.7445485946356418,0.5451272180306789,1.4650479861511854
20.748920917510986,-0.7445485946356418,0.5451272180306789,1.4650479861511854
20.797333478927612,-0.7423221731106688,0.585839764421926,1.44932272587645
20.85283589363098,-0.7423221731106688,0.585839764421926,1.44932272587645
20.897626399993896,-0.7418121356871544,0.6174847187690461,1.4419308588505073
20.947274684906006,-0.7418121356871544,0.6174847187690461,1.4419308588505073
20.997650623321533,-0.7424184432068309,0.6481882909205389,1.445869688273784
21.047508001327515,-0.7424184432068309,0.6481882909205389,1.445869688273784
21.097857236862183,-0.7382459703188696,0.6751006926345505,1.4553459560147841
21.14917540550232,-0.7382459703188696,0.6751006926345505,1.4553459560147841
21.199888229370117,-0.7392590985276934,0.7073154062101419,1.469632299739405
21.24709677696228,-0.7392590985276934,0.7073154062101419,1.469632299739405
21.297868728637695,-0.7352866353939206,0.7405055053513901,1.4831349485785565
21.352731704711914,-0.7352866353939206,0.7405055053513901,1.4831349485785565
21.3977210521698,-0.7312047078122985,0.7732830146784512,1.4940757781332843
21.448883056640625,-0.7312047078122985,0.7732830146784512,1.4940757781332843
21.498122215270996,-0.7288396131238774,0.8087791875064093,1.506846745669309
21.550681352615356,-0.7288396131238774,0.8087791875064093,1.506846745669309
21.598411560058594,-0.730526797376065,0.8395804972533653,1.5182633521351545
21.651769399642944,-0.730526797376065,0.8395804972533653,1.5182633521351545
21.697737216949463,-0.7305544523535588,0.8771582442015614,1.5251249315058306
21.74975275993347,-0.7305544523535588,0.8771582442015614,1.5251249315058306
21.79711675643921,-0.7339717844328209,0.9117264237283172,1.52807326101169
21.849449157714844,-0.7339717844328209,0.9117264237283172,1.52807326101169
21.898808002471924,-0.7385637224411009,0.9481137178636313,1.5227057922901437
21.949279069900513,-0.7385637224411009,0.9481137178636313,1.5227057922901437
21.9976327419281,-0.7364817509746884,0.9849831192763453,1.516442345848942
22.050101041793823,-0.7364817509746884,0.9849831192763453,1.516442345848942
22.098928928375244,-0.7334361835243708,1.0245603005413497,1.5060669507856193
22.148356914520264,-0.7334361835243708,1.0245603005413497,1.5060669507856193
22.198911428451538,-0.730866972820403,1.0591318002526156,1.4900751788335362
22.24880599975586,-0.730866972820403,1.0591318002526156,1.4900751788335362
22.29784345626831,-0.7271338141153152,1.0932808241144536,1.468516138569845
22.347296714782715,-0.7271338141153152,1.0932808241144536,1.468516138569845
22.397076845169067,-0.7226106062988976,1.132053510582441,1.438504144986323
22.44796061515808,-0.7226106062988976,1.132053510582441,1.438504144986323
22.497143983840942,-0.7181958475817727,1.1662660230810367,1.4068671114165037
22.548503637313843,-0.7181958475817727,1.1662660230810367,1.4068671114165037
22.597090482711792,-0.7124341074531219,1.2010853535379469,1.3780635232479788
22.647016286849976,-0.7124341074531219,1.2010853535379469,1.3780635232479788
22.696959018707275,-0.7053113372413885,1.2334729796378583,1.3500942686520505
22.746976137161255,-0.7053113372413885,1.2334729796378583,1.3500942686520505
22.796873807907104,-0.7005935462136215,1.2701748444556267,1.3224101915667987
22.846819639205933,-0.7005935462136215,1.2701748444556267,1.3224101915667987
22.897154569625854,-0.696443234854317,1.3034155227061661,1.2941384793613906
22.950186014175415,-0.696443234854317,1.3034155227061661,1.2941384793613906
22.996607065200806,-0.690522311421025,1.3346722341108896,1.2701144467315921
23.049113988876343,-0.690522311421025,1.3346722341108896,1.2701144467315921
23.09698748588562,-0.6840333313200122,1.3699059990084705,1.247485370296146
23.146785736083984,-0.6840333313200122,1.3699059990084705,1.247485370296146
23.19957447052002,-0.6728584507287052,1.40603335446617,1.2304939594731643
23.246990442276,-0.6728584507287052,1.40603335446617,1.2304939594731643
23.298292875289917,-0.6607512648974352,1.4376807355678065,1.212264262156806
23.34710144996643,-0.6607512648974352,1.4376807355678065,1.212264262156806
23.396465301513672,-0.647614405478514,1.4713510261484015,1.1954654794281225
23.45283603668213,-0.647614405478514,1.4713510261484015,1.1954654794281225
23.510635375976562,-0.6336539536357124,1.5008147845030315,1.1799915935281933
23.55121660232544,-0.6336539536357124,1.5008147845030315,1.1799915935281933
23.59747004508972,-0.6195958934500663,1.5295095861623793,1.1618019155419022
23.649884700775146,-0.6195958934500663,1.5295095861623793,1.1618019155419022
23.69674801826477,-0.6053749205914166,1.5591445021387942,1.1451015303095151
23.747601747512817,-0.6053749205914166,1.5591445021387942,1.1451015303095151
23.79735255241394,-0.5924408828089377,1.5856085721475692,1.1255633232646556
23.84699058532715,-0.5924408828089377,1.5856085721475692,1.1255633232646556
23.896764039993286,-0.5800702307100271,1.6237145413930656,1.111685925983631
23.94681739807129,-0.5800702307100271,1.6237145413930656,1.111685925983631
23.997209548950195,-0.5696955829853436,1.650543572866575,1.0960032552403525
24.04700231552124,-0.5696955829853436,1.650543572866575,1.0960032552403525
24.098875045776367,-0.5574526054357195,1.678110458347238,1.0829814604564325
24.1498544216156,-0.5574526054357195,1.678110458347238,1.0829814604564325
24.19678783416748,-0.5415684351281189,1.705022171990598,1.0734260782135572
24.246928691864014,-0.5415684351281189,1.705022171990598,1.0734260782135572
24.29711651802063,-0.5329236533081738,1.7324709613050202,1.0715508479125564
24.34744143486023,-0.5329236533081738,1.7324709613050202,1.0715508479125564
24.397655725479126,-0.5176544816392198,1.758036203486796,1.066084108041761
24.447660207748413,-0.5176544816392198,1.758036203486796,1.066084108041761
24.497373819351196,-0.49799242909967467,1.7893058811574858,1.06020137846528
24.550783157348633,-0.49799242909967467,1.7893058811574858,1.06020137846528
24.59782338142395,-0.47977154994446586,1.816378714271138,1.0514189217568881
24.64695954322815,-0.47977154994446586,1.816378714271138,1.0514189217568881
24.69809055328369,-0.46410027071621285,1.845337042368061,1.0390225822581987
24.748523473739624,-0.46410027071621285,1.845337042368061,1.0390225822581987
24.797374486923218,-0.44990684428682776,1.8790037607075933,1.0194662277062496
24.847590923309326,-0.44990684428682776,1.8790037607075933,1.0194662277062496
24.898311138153076,-0.42858674573750954,1.8985928660179823,0.9847958668928696
24.949007034301758,-0.42858674573750954,1.8985928660179823,0.9847958668928696
24.996613264083862,-0.41580892732534747,1.91494121939367,0.936331483877799
25.046852350234985,-0.41580892732534747,1.91494121939367,0.936331483877799
25.096737146377563,-0.4142365640619814,1.9243501508278162,0.8794325646188261
25.14832305908203,-0.4142365640619814,1.9243501508278162,0.8794325646188261
25.196881771087646,-0.40802605728703445,1.9265057462997541,0.8242984077906327
25.24740195274353,-0.40802605728703445,1.9265057462997541,0.8242984077906327
25.296952724456787,-0.4037587148981348,1.9371224469552368,0.7632461596243318
25.349540948867798,-0.4037587148981348,1.9371224469552368,0.7632461596243318
25.397260189056396,-0.39590001309036665,1.935669188610054,0.6956481214966617
25.447286367416382,-0.39590001309036665,1.935669188610054,0.6956481214966617
25.49716305732727,-0.38696256900909093,1.93430646619024,0.627697512003844
25.548636198043823,-0.38696256900909093,1.93430646619024,0.627697512003844
25.59703779220581,-0.3800721317962922,1.9271212744496609,0.5534904500584638
25.64873743057251,-0.3800721317962922,1.9271212744496609,0.5534904500584638
25.696998596191406,-0.3692609128649179,1.9226222923024574,0.47275986999347136
25.74910306930542,-0.3692609128649179,1.9226222923024574,0.47275986999347136
25.79729676246643,-0.3692609128649179,1.9226222923024574,0.47275986999347136
25.8470675945282,-0.3692717159476724,1.9194316860806944,0.3872964258038501
25.8982515335083,-0.36185878496602597,1.9124581737596076,0.28749912240729075
25.947000741958618,-0.36185878496602597,1.9124581737596076,0.28749912240729075
25.99683427810669,-0.3577993956644052,1.9082276526263646,0.18377633623672518
26.04810881614685,-0.3577993956644052,1.9082276526263646,0.18377633623672518
26.098970413208008,-0.3524025900965693,1.9008559439199804,0.07463943420673036
26.14928913116455,-0.3524025900965693,1.9008559439199804,0.07463943420673036
26.1979238986969,-0.3501486425520128,1.895358463317729,-0.03705659759846004
26.250869750976562,-0.3501486425520128,1.895358463317729,-0.03705659759846004
26.297634601593018,-0.3514481717226462,1.8901026651976414,-0.14279822496295688
26.347837448120117,-0.3514481717226462,1.8901026651976414,-0.14279822496295688
26.397027730941772,-0.3520216855171296,1.8841304515293402,-0.2492872665470438
26.449155569076538,-0.3520216855171296,1.8841304515293402,-0.2492872665470438
26.500986576080322,-0.3508124155876815,1.876046556724683,-0.3575398450571358
26.550156831741333,-0.3508124155876815,1.876046556724683,-0.3575398450571358
26.599329471588135,-0.34906172809190156,1.8639126990131945,-0.45484128674456886
26.649616479873657,-0.34906172809190156,1.8639126990131945,-0.45484128674456886
26.69716215133667,-0.34802708692904394,1.8579529902690957,-0.5412348869774547
26.747639894485474,-0.34802708692904394,1.8579529902690957,-0.5412348869774547
26.79788899421692,-0.3448474748059612,1.845576912066089,-0.6224325761555874
26.848989486694336,-0.3448474748059612,1.845576912066089,-0.6224325761555874
26.897404670715332,-0.34918859862310875,1.84105951790035,-0.7026003872564063
26.948257207870483,-0.34918859862310875,1.84105951790035,-0.7026003872564063
26.998153686523438,-0.3483801955074495,1.833790191611506,-0.7875912915770505
27.04937195777893,-0.3483801955074495,1.833790191611506,-0.7875912915770505
27.10013198852539,-0.34804844423872305,1.833148747174498,-0.8663457105568126
27.14731740951538,-0.34804844423872305,1.833148747174498,-0.8663457105568126
27.199578523635864,-0.34957195834685556,1.8281889388967736,-0.9393810706055112
27.24922490119934,-0.34957195834685556,1.8281889388967736,-0.9393810706055112
27.29833745956421,-0.34721747710346945,1.821778547995633,-0.9991661661057205
27.35010528564453,-0.34721747710346945,1.821778547995633,-0.9991661661057205
27.39809489250183,-0.3470079974116878,1.8081531396457637,-1.0426803618695104
27.448373079299927,-0.3470079974116878,1.8081531396457637,-1.0426803618695104
27.498791933059692,-0.3466254273568675,1.7973349497154187,-1.069366888363217
27.548426628112793,-0.3466254273568675,1.7973349497154187,-1.069366888363217
27.596970796585083,-0.3405545040669463,1.7838213988133211,-1.089785585646455
27.650060653686523,-0.3405545040669463,1.7838213988133211,-1.089785585646455
27.697542905807495,-0.33739828366014935,1.775926412263868,-1.0966467773140032
27.752601623535156,-0.33739828366014935,1.775926412263868,-1.0966467773140032
27.797998905181885,-0.33906976753283413,1.7678306625943685,-1.0991193226599014
27.848315238952637,-0.33906976753283413,1.7678306625943685,-1.0991193226599014
27.89742350578308,-0.3349049423089374,1.7697638771729625,-1.083286022227659
27.94886326789856,-0.3349049423089374,1.7697638771729625,-1.083286022227659
27.99862003326416,-0.3315201341020594,1.7707864969593423,-1.0671056876240694
28.048263788223267,-0.3315201341020594,1.7707864969593423,-1.0671056876240694
28.099866151809692,-0.33050862078380716,1.7711732851525075,-1.0436228605435038
28.151914596557617,-0.33050862078380716,1.7711732851525075,-1.0436228605435038
28.204365253448486,-0.3220761589681728,1.770331835451711,-1.012671236039654
28.25104069709778,-0.3220761589681728,1.770331835451711,-1.012671236039654
28.29881262779236,-0.3156551237475852,1.7721316420451394,-0.9712043936733233
28.348310708999634,-0.3156551237475852,1.7721316420451394,-0.9712043936733233
28.39802074432373,-0.3120852223962014,1.7777146103470935,-0.9232132577712611
28.45045757293701,-0.3120852223962014,1.7777146103470935,-0.9232132577712611
28.498692274093628,-0.3072830783051865,1.7788573196113826,-0.8791324017355623
28.55183243751526,-0.3072830783051865,1.7788573196113826,-0.8791324017355623
28.599013566970825,-0.3010761183006717,1.777506240868905,-0.8383075380463475
28.651724338531494,-0.3010761183006717,1.777506240868905,-0.8383075380463475
28.69742512702942,-0.29576056485397006,1.7716631143738004,-0.7928861802720927
28.747419834136963,-0.29576056485397006,1.7716631143738004,-0.7928861802720927
28.797649383544922,-0.28615559139368657,1.7649142820882657,-0.7438341823914432
28.84795331954956,-0.28615559139368657,1.7649142820882657,-0.7438341823914432
28.897836923599243,-0.27584518985569517,1.7593053427718766,-0.677860824750051
28.94791340827942,-0.27584518985569517,1.7593053427718766,-0.677860824750051
28.999693155288696,-0.2675923134069288,1.7519283410643334,-0.6074354453417011
29.049367427825928,-0.2675923134069288,1.7519283410643334,-0.6074354453417011
29.10086989402771,-0.25947106487808913,1.7511053766695115,-0.5336782293749658
29.150392055511475,-0.25947106487808913,1.7511053766695115,-0.5336782293749658
29.19752049446106,-0.24848039952994838,1.7492999768402016,-0.45163480750006835
29.24949073791504,-0.24848039952994838,1.7492999768402016,-0.45163480750006835
29.299417734146118,-0.23708077240289954,1.7535760933297855,-0.3642354806989898
29.35002827644348,-0.23708077240289954,1.7535760933297855,-0.3642354806989898
29.397284984588623,-0.22623327818899341,1.763156416547617,-0.27751415466051377
29.44947361946106,-0.22623327818899341,1.763156416547617,-0.27751415466051377
29.497186183929443,-0.21299668269453453,1.7719645317716386,-0.19704635392857142
29.547893285751343,-0.21299668269453453,1.7719645317716386,-0.19704635392857142
29.598329782485962,-0.1981142084207792,1.7782235987353692,-0.12332737706944638
29.64792823791504,-0.1981142084207792,1.7782235987353692,-0.12332737706944638
29.69715428352356,-0.1981142084207792,1.7782235987353692,-0.12332737706944638
29.748332262039185,-0.1981142084207792,1.7782235987353692,-0.12332737706944638
29.798226594924927,-0.18171538814009747,1.7851447129852547,-0.06466937942577675
29.84926152229309,-0.16131851503425088,1.783342078792272,-0.016974821457132017
29.897313594818115,-0.13915151896160227,1.793517644991927,0.03954400452441739
29.94949245452881,-0.13915151896160227,1.793517644991927,0.03954400452441739
29.998053073883057,-0.12096660573354728,1.7926662557107942,0.09934894380404169
30.047401666641235,-0.12096660573354728,1.7926662557107942,0.09934894380404169
30.099205255508423,-0.09700975512579796,1.7954205617569876,0.15658799272913457
30.148985385894775,-0.09700975512579796,1.7954205617569876,0.15658799272913457
30.19753885269165,-0.06991984609508844,1.795404369575868,0.20727912611584662
30.247488975524902,-0.06991984609508844,1.795404369575868,0.20727912611584662
30.29927659034729,-0.038282918701455115,1.8048046221825476,0.24732529396814965
30.348336696624756,-0.038282918701455115,1.8048046221825476,0.24732529396814965
30.398515939712524,-0.0016887870701098873,1.8160521807994052,0.2733074381962821
30.447452783584595,-0.0016887870701098873,1.8160521807994052,0.2733074381962821
30.498329639434814,0.03509346019042081,1.8336921722426789,0.293415352373395
30.54840850830078,0.03509346019042081,1.8336921722426789,0.293415352373395
30.5993492603302,0.07259611107421904,1.8523032052302453,0.30266286805955267
30.64796257019043,0.07259611107421904,1.8523032052302453,0.30266286805955267
30.697702407836914,0.10983017033603204,1.8678733142895891,0.3100303140659195
30.75048518180847,0.10983017033603204,1.8678733142895891,0.3100303140659195
30.798253536224365,0.14555006672658166,1.8837237976961632,0.3147155392206041
30.84898614883423,0.14555006672658166,1.8837237976961632,0.3147155392206041
30.89760947227478,0.18529395137378235,1.8961487517591264,0.31742535726028964
30.94820737838745,0.18529395137378235,1.8961487517591264,0.31742535726028964
31.000611782073975,0.22065295541489105,1.9145843129009337,0.32101229540243564
31.154590606689453,0.22065295541489105,1.9145843129009337,0.32101229540243564
31.250183820724487,0.22065295541489105,1.9145843129009337,0.32101229540243564
31.342800855636597,0.2535739050354233,1.928165059264833,0.32325916902360163
31.437689542770386,0.286123208557847,1.9406616442227187,0.32299428208508185
31.53351140022278,0.32004294233465047,1.952118103026486,0.32461697235131665
31.630045413970947,0.35522321588646155,1.967467024337162,0.3255522702999817
31.721112728118896,0.38690773820395985,1.9796905775024203,0.3265002292261015
31.82129216194153,0.420576227009259,1.9892899224056628,0.3289275272224543
31.922876119613647,0.4478123962610986,2.0027686881812845,0.3309202268736694
31.94356679916382,0.47541310855530805,2.0177084007660087,0.33362372970261645
32.03756618499756,0.5029425533811505,2.028112418497501,0.3367640142075335
32.123943567276,0.5029425533811505,2.028112418497501,0.3367640142075335
32.14792084693909,0.5282475416682579,2.0423812749201034,0.33927170828927844
32.16847014427185,0.5526667939357455,2.054069392529142,0.3436559356238384
32.202507972717285,0.582593425557743,2.0679130651225135,0.34497394353105054
32.25968074798584,0.582593425557743,2.0679130651225135,0.34497394353105054
32.30265545845032,0.6148100854530458,2.080669551559058,0.34924558322981303
32.34926152229309,0.6148100854530458,2.080669551559058,0.34924558322981303
32.397650480270386,0.6459369658497265,2.09075981411167,0.3507219775971049
32.448254346847534,0.6459369658497265,2.09075981411167,0.3507219775971049
32.499099254608154,0.6740754201646084,2.1013718355866637,0.3537317249499802
32.54867625236511,0.6740754201646084,2.1013718355866637,0.3537317249499802
32.598408937454224,0.7067171615180807,2.111149863403139,0.3533207338593762
32.64923691749573,0.7067171615180807,2.111149863403139,0.3533207338593762
32.6985821723938,0.7351128080202263,2.1263429910561236,0.3514109623994836
32.750189781188965,0.7351128080202263,2.1263429910561236,0.3514109623994836
32.79762268066406,0.7351128080202263,2.1263429910561236,0.3514109623994836
32.85230851173401,0.7620254937301234,2.137927188642484,0.3393917345347189
32.897822856903076,0.7804651472073367,2.1447371139470333,0.3136779936435686
32.948893785476685,0.7804651472073367,2.1447371139470333,0.3136779936435686
32.9978461265564,0.794878080821023,2.1485062291659065,0.2771327709473669
33.047659397125244,0.794878080821023,2.1485062291659065,0.2771327709473669
33.09927296638489,0.8081266030113701,2.1457999653848314,0.22259277469483346
33.150559186935425,0.8081266030113701,2.1457999653848314,0.22259277469483346
33.197603940963745,0.8185509033304923,2.1437528036337943,0.17333264841745583
33.24834656715393,0.8185509033304923,2.1437528036337943,0.17333264841745583
33.29774212837219,0.8310899501986073,2.135269700583442,0.11848308415460662
33.34826302528381,0.8310899501986073,2.135269700583442,0.11848308415460662
33.39729833602905,0.8378082796743376,2.135342347914892,0.058340954057579934
33.44856023788452,0.8378082796743376,2.135342347914892,0.058340954057579934
33.49851942062378,0.8413404091793877,2.132686309217279,-0.013043167333590473
33.578468561172485,0.8413404091793877,2.132686309217279,-0.013043167333590473
33.61524796485901,0.8413404091793877,2.132686309217279,-0.013043167333590473
33.6496479511261,0.8452778211763434,2.130484296753309,-0.09698330741403614
33.698814153671265,0.8452856493201033,2.1207038432014693,-0.18830448905450636
33.74802613258362,0.8452856493201033,2.1207038432014693,-0.18830448905450636
33.798667907714844,0.8457250529379052,2.1184477927886918,-0.28703131971745455
33.848039865493774,0.8457250529379052,2.1184477927886918,-0.28703131971745455
33.897523403167725,0.8429863871746539,2.1065375924312035,-0.38995172821176294
33.94882273674011,0.8429863871746539,2.1065375924312035,-0.38995172821176294
33.997437953948975,0.8468551891512242,2.0924458773008925,-0.49811297508228464
34.07237720489502,0.8468551891512242,2.0924458773008925,-0.49811297508228464
34.107118368148804,0.8468551891512242,2.0924458773008925,-0.49811297508228464
34.149539947509766,0.8461764818971746,2.082537484896194,-0.6039773419792518
34.19776678085327,0.8531942760105304,2.0754221875997074,-0.709874738358597
34.24827027320862,0.8531942760105304,2.0754221875997074,-0.709874738358597
34.29782676696777,0.8567195251780677,2.071511223783404,-0.8154559047700488
34.34858250617981,0.8567195251780677,2.071511223783404,-0.8154559047700488
34.39911365509033,0.8560562328385948,2.064949111671768,-0.9168767818749103
34.447739601135254,0.8560562328385948,2.064949111671768,-0.9168767818749103
34.49990129470825,0.8510693139276453,2.0615801519898147,-1.0257866098232884
34.54906463623047,0.8510693139276453,2.0615801519898147,-1.0257866098232884
34.599167823791504,0.843993314809854,2.0603401801647783,-1.1329797820031706
34.65164279937744,0.843993314809854,2.0603401801647783,-1.1329797820031706
34.698347091674805,0.8337081640867561,2.0537876256439254,-1.2389165084949272
34.74826097488403,0.8337081640867561,2.0537876256439254,-1.2389165084949272
34.798211097717285,0.8259872075955481,2.047937155376327,-1.342630297968945
34.84825563430786,0.8259872075955481,2.047937155376327,-1.342630297968945
34.89903259277344,0.8148002327326724,2.0402124083213957,-1.4404706175041406
34.948718309402466,0.8148002327326724,2.0402124083213957,-1.4404706175041406
34.998109340667725,0.8089468365680768,2.0262374148248887,-1.5210950797389136
35.04892897605896,0.8089468365680768,2.0262374148248887,-1.5210950797389136
35.098716497421265,0.8043418078463074,2.021740161690637,-1.5776518580486159
35.147698163986206,0.8043418078463074,2.021740161690637,-1.5776518580486159
35.19752478599548,0.8075971969818845,2.0167476956654253,-1.616870183455221
35.25030493736267,0.8075971969818845,2.0167476956654253,-1.616870183455221
35.2991087436676,0.8101238647154045,2.0193774109687164,-1.6351068016419683
35.350239992141724,0.8101238647154045,2.0193774109687164,-1.6351068016419683
35.39900016784668,0.8090600196695619,2.017278153333599,-1.6370219567207478
35.45207357406616,0.8090600196695619,2.017278153333599,-1.6370219567207478
35.49782752990723,0.8142934911420292,2.016866362871666,-1.6313224784936065
35.54945683479309,0.8142934911420292,2.016866362871666,-1.6313224784936065
35.59844207763672,0.8158203279667098,2.017585303447221,-1.6217402846680116
35.64804720878601,0.8158203279667098,2.017585303447221,-1.6217402846680116
35.69826316833496,0.818030660525966,2.0252566739931446,-1.604992548888847
35.774147510528564,0.818030660525966,2.0252566739931446,-1.604992548888847
35.828134536743164,0.818030660525966,2.0252566739931446,-1.604992548888847
35.85060453414917,0.818030660525966,2.0252566739931446,-1.604992548888847
35.89948272705078,0.8224334135701961,2.0290043467808005,-1.5467634354423434
35.94847893714905,0.8224334135701961,2.0290043467808005,-1.5467634354423434
35.99784469604492,0.8213257087090442,2.0328239710944676,-1.4986016082716
36.051799058914185,0.8213257087090442,2.0328239710944676,-1.4986016082716
36.09804701805115,0.8190953527086298,2.0314834707723897,-1.4427098990167857
36.14904308319092,0.8190953527086298,2.0314834707723897,-1.4427098990167857
36.19812083244324,0.8248634773956247,2.033122887918922,-1.382298953783156
36.24771451950073,0.8248634773956247,2.033122887918922,-1.382298953783156
36.29813265800476,0.8258049768233227,2.033481611677332,-1.3120539629974886
36.350257873535156,0.8258049768233227,2.033481611677332,-1.3120539629974886
36.39832329750061,0.8314169773366114,2.042064020806659,-1.2339899695586851
36.453428506851196,0.8314169773366114,2.042064020806659,-1.2339899695586851
36.49911332130432,0.8349440548156772,2.0450312380565,-1.1548981792366724
36.54880976676941,0.8349440548156772,2.0450312380565,-1.1548981792366724
36.59727382659912,0.8425297792210242,2.0434054969952435,-1.068720835914698
36.64788818359375,0.8425297792210242,2.0434054969952435,-1.068720835914698
36.69798994064331,0.8527834388768356,2.047116166699425,-0.975264672152954
36.748899698257446,0.8527834388768356,2.047116166699425,-0.975264672152954
36.79732346534729,0.8618451268289224,2.0470164810124327,-0.8813357161169749
36.85040259361267,0.8618451268289224,2.0470164810124327,-0.8813357161169749
36.898030519485474,0.8732955891974175,2.0463024548207316,-0.7897057408720877
36.9490282535553,0.8732955891974175,2.0463024548207316,-0.7897057408720877
36.99757742881775,0.8821141823465382,2.0506836301934386,-0.6858099480106521
37.051029205322266,0.8821141823465382,2.0506836301934386,-0.6858099480106521
37.09777641296387,0.8875245917990917,2.0507623657395344,-0.5857259384308092
37.14808893203735,0.8875245917990917,2.0507623657395344,-0.5857259384308092
37.19743752479553,0.8893896445754892,2.056524867662698,-0.47652241280415053
37.24784445762634,0.8893896445754892,2.056524867662698,-0.47652241280415053
37.298136949539185,0.8924304890747476,2.0629018769788177,-0.3674159995696077
37.34873032569885,0.8924304890747476,2.0629018769788177,-0.3674159995696077
37.39748668670654,0.8943429227904145,2.067681640549687,-0.25633840690330434
37.4472861289978,0.8943429227904145,2.067681640549687,-0.25633840690330434
37.49777626991272,0.8989299356117182,2.0786880068196605,-0.14784842805469103
37.55298638343811,0.8989299356117182,2.0786880068196605,-0.14784842805469103
37.59912157058716,0.898765307445619,2.0861624073333767,-0.04226929058452712
37.649669885635376,0.898765307445619,2.0861624073333767,-0.04226929058452712
37.69730854034424,0.9046745458880256,2.0964253697225637,0.06441940433590088
37.747782945632935,0.9046745458880256,2.0964253697225637,0.06441940433590088
37.79776430130005,0.903950264852857,2.1040665199608886,0.16934108715245266
37.84920692443848,0.903950264852857,2.1040665199608886,0.16934108715245266
37.897828817367554,0.906240022523727,2.113999010870111,0.26967129419583397
37.948888301849365,0.906240022523727,2.113999010870111,0.26967129419583397
37.99912118911743,0.909229636949697,2.1187939557637074,0.3677903411803501
38.048293590545654,0.909229636949697,2.1187939557637074,0.3677903411803501
38.09889340400696,0.915577249902348,2.1280402863940497,0.4598176867779784
38.148555755615234,0.915577249902348,2.1280402863940497,0.4598176867779784
38.21589732170105,0.9132117443856009,2.1367121336739814,0.5468187870293705
38.25180506706238,0.9132117443856009,2.1367121336739814,0.5468187870293705
38.298096895217896,0.9136472037349399,2.1392684629280816,0.6298490661180555
38.349852085113525,0.9136472037349399,2.1392684629280816,0.6298490661180555
38.39776968955994,0.9134677101854047,2.1427821711587556,0.7001829123066596
38.44794702529907,0.9134677101854047,2.1427821711587556,0.7001829123066596
38.496761083602905,0.9143219800266122,2.1458901581718353,0.7619339095824704
38.54858446121216,0.9143219800266122,2.1458901581718353,0.7619339095824704
38.59717059135437,0.9172911455899231,2.150691935687328,0.810392917185653
38.64839053153992,0.9172911455899231,2.150691935687328,0.810392917185653
38.69720101356506,0.9132400698732923,2.156677139266407,0.8562465941797
38.74932837486267,0.9132400698732923,2.156677139266407,0.8562465941797
38.797996044158936,0.9132400698732923,2.156677139266407,0.8562465941797
38.8474760055542,0.9129764028130545,2.1674465211412546,0.8877538515080698
38.897276878356934,0.9148484240441241,2.182379686555504,0.9099267355226894
38.95097303390503,0.9148484240441241,2.182379686555504,0.9099267355226894
38.996999979019165,0.9196023585767861,2.1940819319156595,0.9226263832387629
39.048359870910645,0.9196023585767861,2.1940819319156595,0.9226263832387629
39.096354246139526,0.9246438860151083,2.1991546203548227,0.9261237026262635
39.14699149131775,0.9246438860151083,2.1991546203548227,0.9261237026262635
39.19721293449402,0.9298442364454018,2.2129897392738562,0.9186150606386633
39.247464656829834,0.9298442364454018,2.2129897392738562,0.9186150606386633
39.29665923118591,0.9418837194412353,2.2276345116822953,0.9063749186756905
39.34835362434387,0.9418837194412353,2.2276345116822953,0.9063749186756905
39.39798974990845,0.9596650871232257,2.2441856668979434,0.883808358369069
39.44952392578125,0.9596650871232257,2.2441856668979434,0.883808358369069
39.49671387672424,0.9817414997466354,2.2653052643531457,0.8491067385696374
39.54719114303589,0.9817414997466354,2.2653052643531457,0.8491067385696374
39.597105264663696,1.0042739733205226,2.2906514491723295,0.8083718950612961
39.646724462509155,1.0042739733205226,2.2906514491723295,0.8083718950612961
39.697065353393555,1.0253445943690906,2.316722016467726,0.7674202803487753
39.74692630767822,1.0253445943690906,2.316722016467726,0.7674202803487753
39.796727418899536,1.0505511239723415,2.342727064924146,0.7201120653551517
39.847410440444946,1.0505511239723415,2.342727064924146,0.7201120653551517
39.89694309234619,1.0767026437369493,2.3657843132443532,0.6731916677890648
39.947412729263306,1.0767026437369493,2.3657843132443532,0.6731916677890648
39.999563455581665,1.1113757499616397,2.3825034582497624,0.6256979008003475
40.04794192314148,1.1113757499616397,2.3825034582497624,0.6256979008003475
40.09805488586426,1.1452572643353052,2.3935426483994453,0.5835495792028043
40.14796805381775,1.1452572643353052,2.3935426483994453,0.5835495792028043
40.19704055786133,1.1782866106596706,2.4068723786070425,0.546977528000147
40.24723172187805,1.1782866106596706,2.4068723786070425,0.546977528000147
40.29904127120972,1.2079572128590448,2.4262863542282718,0.5130823962886848
40.3475182056427,1.2079572128590448,2.4262863542282718,0.5130823962886848
40.39703989028931,1.2370262508015826,2.4472614869892415,0.4817792030855322
40.4483106136322,1.2370262508015826,2.4472614869892415,0.4817792030855322
40.49733376502991,1.2699700797500906,2.4661970810416154,0.45061698395345107
40.54775071144104,1.2699700797500906,2.4661970810416154,0.45061698395345107
40.5973424911499,1.299690583328176,2.4795141365769484,0.4194531120780282
40.64693307876587,1.299690583328176,2.4795141365769484,0.4194531120780282
40.69771146774292,1.3364229640530452,2.4955101839081526,0.38808576477830553
40.74772572517395,1.3364229640530452,2.4955101839081526,0.38808576477830553
40.79724717140198,1.3729732412354814,2.5105999548586877,0.3591393536008604
40.84702110290527,1.3729732412354814,2.5105999548586877,0.3591393536008604
40.89696192741394,1.4012461973378565,2.522932900046915,0.3277874418049181
40.94780731201172,1.4012461973378565,2.522932900046915,0.3277874418049181
40.99795174598694,1.427666877965508,2.539463583572409,0.2955551454441695
41.04708933830261,1.427666877965508,2.539463583572409,0.2955551454441695
41.09710121154785,1.4587382306212442,2.5495213555766805,0.26335979279264754
41.14698767662048,1.4587382306212442,2.5495213555766805,0.26335979279264754
41.19707989692688,1.4838704911567493,2.553812161081481,0.2280607546437409
41.247150897979736,1.4838704911567493,2.553812161081481,0.2280607546437409
41.296974897384644,1.5094310721703155,2.554412424667527,0.1862564192805375
41.34735369682312,1.5094310721703155,2.554412424667527,0.1862564192805375
41.397181272506714,1.5334013503257202,2.5535941081583173,0.13946186522618872
41.447389125823975,1.5334013503257202,2.5535941081583173,0.13946186522618872
41.496960401535034,1.5620694353729216,2.5553801943415237,0.09319231000121109
41.54699182510376,1.5620694353729216,2.5553801943415237,0.09319231000121109
41.59809613227844,1.588450665816312,2.5520937404759625,0.04654142837221778
41.64740037918091,1.588450665816312,2.5520937404759625,0.04654142837221778
41.697046756744385,1.6095996993456054,2.5508213435128337,-0.004368182797755315
41.74747610092163,1.6095996993456054,2.5508213435128337,-0.004368182797755315
41.79721283912659,1.6245627445414625,2.5494346541946458,-0.06032169022661132
41.84715700149536,1.6245627445414625,2.5494346541946458,-0.06032169022661132
41.89711332321167,1.6379530610135624,2.5444670445912516,-0.12013009187625796
41.947834730148315,1.6379530610135624,2.5444670445912516,-0.12013009187625796
41.99726390838623,1.649340049893717,2.5427596341991423,-0.18266395787192152
42.047351121902466,1.649340049893717,2.5427596341991423,-0.18266395787192152
42.09792995452881,1.660662948681351,2.5382929155882725,-0.23821358102584955
42.14839744567871,1.660662948681351,2.5382929155882725,-0.23821358102584955
42.19881343841553,1.6741427841369176,2.5336551004196526,-0.283776146842207
42.249963998794556,1.6741427841369176,2.5336551004196526,-0.283776146842207
42.29952335357666,1.6841793656076607,2.528713052575625,-0.3276437687755661
42.3496732711792,1.6841793656076607,2.528713052575625,-0.3276437687755661
42.39838671684265,1.6970487700199521,2.520264796443534,-0.37012018190116447
42.44825983047485,1.6970487700199521,2.520264796443534,-0.37012018190116447
42.5002179145813,1.7058321409949768,2.513216171960893,-0.41604688444856724
42.54814434051514,1.7058321409949768,2.513216171960893,-0.41604688444856724
42.5972101688385,1.717771415109557,2.505419402399347,-0.4679351896026459
42.649025440216064,1.717771415109557,2.505419402399347,-0.4679351896026459
42.6979877948761,1.731148874188728,2.4964171246354914,-0.523244855319799
42.74909853935242,1.731148874188728,2.4964171246354914,-0.523244855319799
42.797311544418335,1.7460515344214518,2.4855076905359006,-0.5765329626207621
42.847949266433716,1.7460515344214518,2.4855076905359006,-0.5765329626207621
42.89960169792175,1.7674483830726573,2.4716017989612022,-0.6353532636865333
42.94993042945862,1.7674483830726573,2.4716017989612022,-0.6353532636865333
42.99884271621704,1.7849671262284292,2.450380737810688,-0.7041484167593051
43.04802751541138,1.7849671262284292,2.450380737810688,-0.7041484167593051
43.10005187988281,1.8043369796831132,2.426733359474855,-0.7776049033445697
43.14729642868042,1.8043369796831132,2.426733359474855,-0.7776049033445697
43.19778919219971,1.8224142400837826,2.401863684545796,-0.8523899302431466
43.25293207168579,1.8224142400837826,2.401863684545796,-0.8523899302431466
43.29822278022766,1.8385466452949097,2.378394161869307,-0.9180379895859598
43.35002422332764,1.8385466452949097,2.378394161869307,-0.9180379895859598
43.39751195907593,1.8554422972327285,2.3526348101728187,-0.980317419624734
43.44969201087952,1.8554422972327285,2.3526348101728187,-0.980317419624734
43.499062299728394,1.8711033187430852,2.3313472978195566,-1.038339310197076
43.550660371780396,1.8711033187430852,2.3313472978195566,-1.038339310197076
43.59772610664368,1.8892297408574807,2.304246683302117,-1.0864894954407598
43.65037798881531,1.8892297408574807,2.304246683302117,-1.0864894954407598
43.69752907752991,1.8892297408574807,2.304246683302117,-1.0864894954407598
43.74908638000488,1.8892297408574807,2.304246683302117,-1.0864894954407598
43.79971647262573,1.8892297408574807,2.304246683302117,-1.0864894954407598
43.848570346832275,1.9168463002981875,2.253767537156958,-1.1685121305228485
43.90029287338257,1.9166577296145249,2.217512823573688,-1.2133329036248635
43.95003366470337,1.9166577296145249,2.217512823573688,-1.2133329036248635
43.99827313423157,1.9275927842220588,2.179994325660839,-1.258096953735779
44.049551010131836,1.9275927842220588,2.179994325660839,-1.258096953735779
44.09770369529724,1.9330389965823584,2.148184824156101,-1.2983225670965102
44.153077125549316,1.9330389965823584,2.148184824156101,-1.2983225670965102
44.19759702682495,1.93658700521626,2.117306208438661,-1.3383426173866084
44.25903916358948,1.93658700521626,2.117306208438661,-1.3383426173866084
44.297709465026855,1.9413479792381427,2.0874697389660573,-1.3787697892175588
44.35022807121277,1.9413479792381427,2.0874697389660573,-1.3787697892175588
44.39932441711426,1.946154376750964,2.0576452984395375,-1.4154396631810129
44.449262857437134,1.946154376750964,2.0576452984395375,-1.4154396631810129
44.49742817878723,1.9544214989898212,2.0230210398697266,-1.4523293514930402
44.548521995544434,1.9544214989898212,2.0230210398697266,-1.4523293514930402
44.59831786155701,1.9631984702773562,1.9902571522417247,-1.47973071241834
44.65708112716675,1.9631984702773562,1.9902571522417247,-1.47973071241834
44.69938898086548,1.9725820160745269,1.9565427482743751,-1.5043698965107473
44.75563359260559,1.9725820160745269,1.9565427482743751,-1.5043698965107473
44.801267862319946,1.9725820160745269,1.9565427482743751,-1.5043698965107473
44.84901237487793,1.9768741180578708,1.9218820853382494,-1.5228679944737684
44.89759278297424,1.9807675520239874,1.8846836421357518,-1.5401994288985457
44.94988131523132,1.9807675520239874,1.8846836421357518,-1.5401994288985457
44.99833869934082,1.981211453161403,1.8489079805422874,-1.55466048374441
45.04856324195862,1.981211453161403,1.8489079805422874,-1.55466048374441
45.09840226173401,1.982067754083211,1.8186280495607374,-1.5686543171477285
45.150795698165894,1.982067754083211,1.8186280495607374,-1.5686543171477285
45.19745445251465,1.9813557001440676,1.7875570023040601,-1.5852346839877063
45.25158905982971,1.9813557001440676,1.7875570023040601,-1.5852346839877063
45.29851698875427,1.9812469357655835,1.7509331079962038,-1.6017274018200238
45.349886417388916,1.9812469357655835,1.7509331079962038,-1.6017274018200238
45.39926886558533,1.983330712858881,1.7151657115933092,-1.6160393691801784
45.4540536403656,1.983330712858881,1.7151657115933092,-1.6160393691801784
45.49940800666809,1.979956286440174,1.6853893944200324,-1.6319917081550197
45.55019474029541,1.979956286440174,1.6853893944200324,-1.6319917081550197
45.59799265861511,1.977089974303884,1.654737753943293,-1.6450629240870551
45.64905905723572,1.977089974303884,1.654737753943293,-1.6450629240870551
45.69737887382507,1.9780672169053573,1.628490375536631,-1.6512467270148798
45.7483184337616,1.9780672169053573,1.628490375536631,-1.6512467270148798
45.79690504074097,1.9820088788477135,1.6072203184568583,-1.6459559987386936
45.84914422035217,1.9820088788477135,1.6072203184568583,-1.6459559987386936
45.899595975875854,1.9767162756461498,1.5975180149520463,-1.6296207028462844
45.95203614234924,1.9767162756461498,1.5975180149520463,-1.6296207028462844
45.998024702072144,1.9752170166717808,1.59667384309204,-1.5958817925873126
46.04875922203064,1.9752170166717808,1.59667384309204,-1.5958817925873126
46.097495794296265,1.9725723798248478,1.5936085119508632,-1.5673376251246416
46.14958119392395,1.9725723798248478,1.5936085119508632,-1.5673376251246416
46.200279712677,1.973806767122661,1.587291067973747,-1.528047607680277
46.25011968612671,1.973806767122661,1.587291067973747,-1.528047607680277
46.2976598739624,1.9829858324640572,1.5799362005705073,-1.4858530892613961
46.35158967971802,1.9829858324640572,1.5799362005705073,-1.4858530892613961
46.39746356010437,1.9904471265573858,1.5794123526895822,-1.4318584521201043
46.44937443733215,1.9904471265573858,1.5794123526895822,-1.4318584521201043
46.497694969177246,2.000746072873034,1.5791080192141465,-1.3696904957343292
46.54935693740845,2.000746072873034,1.5791080192141465,-1.3696904957343292
46.59972882270813,2.0067833233959824,1.575566119462184,-1.2977320553903204
46.649088859558105,2.0067833233959824,1.575566119462184,-1.2977320553903204
46.698726415634155,2.0155869810618166,1.5785099269748024,-1.2194262782868128
46.748971700668335,2.0155869810618166,1.5785099269748024,-1.2194262782868128
46.80181288719177,2.0155869810618166,1.5785099269748024,-1.2194262782868128
46.847381353378296,2.0208974142894753,1.575731492364092,-1.1333425610817134
46.89871096611023,2.0252488985025767,1.5741681969026013,-1.0413110034542536
46.950196743011475,2.0252488985025767,1.5741681969026013,-1.0413110034542536
47.00014686584473,2.035461483686663,1.5712854975746722,-0.9492955528694368
47.047383308410645,2.035461483686663,1.5712854975746722,-0.9492955528694368
47.097705602645874,2.046036862363744,1.5651305979921324,-0.8574909286625915
47.1492874622345,2.046036862363744,1.5651305979921324,-0.8574909286625915
47.20186233520508,2.0498140918798606,1.566385615216981,-0.7608112965258501
47.24907469749451,2.0498140918798606,1.566385615216981,-0.7608112965258501
47.30046319961548,2.0556751846273773,1.5707084247003358,-0.6681542652968526
47.35577702522278,2.0556751846273773,1.5707084247003358,-0.6681542652968526
47.399109840393066,2.0599927770627904,1.5788167751750946,-0.5681299546443668
47.4480996131897,2.0599927770627904,1.5788167751750946,-0.5681299546443668
47.498544216156006,2.0591589962839354,1.5874947592206587,-0.4752276992132261
47.547974586486816,2.0591589962839354,1.5874947592206587,-0.4752276992132261
47.598562240600586,2.059168368657346,1.598422527465842,-0.3934920097311569
47.65189981460571,2.059168368657346,1.598422527465842,-0.3934920097311569
47.70013666152954,2.063664195000398,1.6046896582617938,-0.3394488915003446
47.74821352958679,2.063664195000398,1.6046896582617938,-0.3394488915003446
47.799312353134155,2.069580323355569,1.6112960935888494,-0.29493412827878007
47.852824211120605,2.069580323355569,1.6112960935888494,-0.29493412827878007
47.899245262145996,2.081213061016479,1.6078101671907106,-0.27103637534796854
47.94865703582764,2.081213061016479,1.6078101671907106,-0.27103637534796854
47.99781012535095,2.099000743411046,1.6043463313082769,-0.24266782703757517
48.051151752471924,2.099000743411046,1.6043463313082769,-0.24266782703757517
48.09903430938721,2.11671261715109,1.6010189052989412,-0.20668630421026857
48.14811062812805,2.11671261715109,1.6010189052989412,-0.20668630421026857
48.19829440116882,2.135948159286067,1.5966601481073408,-0.16385995895475639
48.248666524887085,2.135948159286067,1.5966601481073408,-0.16385995895475639
48.29807806015015,2.158961865397349,1.591267255292859,-0.11532121305056577
48.3490309715271,2.158961865397349,1.591267255292859,-0.11532121305056577
48.39824414253235,2.1808926480009223,1.5889360411018456,-0.06730726684710715
48.450725078582764,2.1808926480009223,1.5889360411018456,-0.06730726684710715
48.49747014045715,2.2088009719033463,1.584315204808535,-0.020350284284818002
48.55040693283081,2.2088009719033463,1.584315204808535,-0.020350284284818002
48.597532510757446,2.2397636806684345,1.5840548839716326,0.01278011104556154
48.64871597290039,2.2397636806684345,1.5840548839716326,0.01278011104556154
48.69859576225281,2.272004411935578,1.5911032733975847,0.040279645344396736
48.74811410903931,2.272004411935578,1.5911032733975847,0.040279645344396736
48.799721479415894,2.3066212878409385,1.5956122260794081,0.055332982559861965
48.85644006729126,2.3066212878409385,1.5956122260794081,0.055332982559861965
48.8970251083374,2.3423421396852095,1.606058517416203,0.06964579023779793
48.9485445022583,2.3423421396852095,1.606058517416203,0.06964579023779793
48.997538805007935,2.3877906836958367,1.6137730808485276,0.08177774792438497
49.04816484451294,2.3877906836958367,1.6137730808485276,0.08177774792438497
49.098564863204956,2.4327429950434647,1.618580921378653,0.09749016162262085
49.148186922073364,2.4327429950434647,1.618580921378653,0.09749016162262085
49.1985137462616,2.4648411125421186,1.6252911661971994,0.11255837204844467
49.24851894378662,2.4648411125421186,1.6252911661971994,0.11255837204844467
49.2981321811676,2.503594858258018,1.632035026271216,0.1271559367581272
49.347670793533325,2.503594858258018,1.632035026271216,0.1271559367581272
49.39922308921814,2.535065217584342,1.6420970991043635,0.14286861097547296
49.447689056396484,2.535065217584342,1.6420970991043635,0.14286861097547296
49.49749970436096,2.567768883109938,1.6504941039328558,0.15854996533458773
49.54864859580994,2.567768883109938,1.6504941039328558,0.15854996533458773
49.59925842285156,2.6005966287456284,1.661719178316183,0.17434468579321155
49.64904236793518,2.6005966287456284,1.661719178316183,0.17434468579321155
49.697592973709106,2.633256835360643,1.6689634703616238,0.18660590582274153
49.747071266174316,2.633256835360643,1.6689634703616238,0.18660590582274153
49.79735827445984,2.6687983814856135,1.6748559796602993,0.2027402419851289
49.84739351272583,2.6687983814856135,1.6748559796602993,0.2027402419851289
49.897932291030884,2.698576862886216,1.6834905492243553,0.21482015526873843
49.94803786277771,2.698576862886216,1.6834905492243553,0.21482015526873843
49.99773359298706,2.7281995410642566,1.6920378801902025,0.2280602466605718
50.04790139198303,2.7281995410642566,1.6920378801902025,0.2280602466605718
50.09788966178894,2.761320384135886,1.69980876765857,0.23980503414964596
50.15206861495972,2.761320384135886,1.69980876765857,0.23980503414964596
50.19667315483093,2.796905293525855,1.7075687086256424,0.2531013438445309
50.24691033363342,2.796905293525855,1.7075687086256424,0.2531013438445309
50.297046422958374,2.831015849038959,1.7226518236583006,0.26270731760780713
50.35016918182373,2.831015849038959,1.7226518236583006,0.26270731760780713
50.3986234664917,2.8622719584983027,1.7367981135299977,0.2717762010876997
50.44720792770386,2.8622719584983027,1.7367981135299977,0.2717762010876997
50.497901916503906,2.897896142069926,1.7497771592130271,0.28063036120178164
50.547001123428345,2.897896142069926,1.7497771592130271,0.28063036120178164
50.59678936004639,2.9336289679341423,1.7623773066339359,0.28795676921312285
50.64827036857605,2.9336289679341423,1.7623773066339359,0.28795676921312285
50.697551250457764,2.9706982041783005,1.7727933617281435,0.2962597119798973
50.74768590927124,2.9706982041783005,1.7727933617281435,0.2962597119798973
50.79716968536377,2.996725560073112,1.7847274423678994,0.3011642238357435
50.847880363464355,2.996725560073112,1.7847274423678994,0.3011642238357435
50.8977587223053,3.0267218635146422,1.7950331581236678,0.2991243004416309
50.94750380516052,3.0267218635146422,1.7950331581236678,0.2991243004416309
50.998169898986816,3.0592431048277495,1.8065134827006233,0.2863804730480818
51.04701542854309,3.0592431048277495,1.8065134827006233,0.2863804730480818
51.098012924194336,3.087302291419558,1.814576133075405,0.2661626754168807
51.147862911224365,3.087302291419558,1.814576133075405,0.2661626754168807
51.19789719581604,3.1200445590965327,1.8219276872237253,0.23284900161699268
51.26882839202881,3.1200445590965327,1.8219276872237253,0.23284900161699268
51.331605195999146,3.1561939941725443,1.8310012391071087,0.19794020989832903
51.34744691848755,3.1561939941725443,1.8310012391071087,0.19794020989832903
51.39719605445862,3.1907509058440215,1.8389291502626546,0.16761799617977086
51.44790577888489,3.1907509058440215,1.8389291502626546,0.16761799617977086
51.49721312522888,3.2299871414416073,1.8429816436446416,0.1345827540297176
51.55009984970093,3.2299871414416073,1.8429816436446416,0.1345827540297176
51.59710431098938,3.2654119033743276,1.8450503179983053,0.10459219295959446
51.64704251289368,3.2654119033743276,1.8450503179983053,0.10459219295959446
51.69766879081726,3.2990371066989157,1.8477726838674569,0.07402745442262067
51.74814248085022,3.2990371066989157,1.8477726838674569,0.07402745442262067
51.79741430282593,3.334482626395678,1.8520534019684372,0.04953312276844162
51.84756422042847,3.334482626395678,1.8520534019684372,0.04953312276844162
51.89707660675049,3.36343473974528,1.8501310641337403,0.0267894923187536
51.947330951690674,3.36343473974528,1.8501310641337403,0.0267894923187536
51.99703669548035,3.403197340775698,1.853597523900747,0.01326995668274345
52.04707884788513,3.403197340775698,1.853597523900747,0.01326995668274345
52.09734106063843,3.440297372206911,1.8575303629392674,0.0066716120652061586
52.147173166275024,3.440297372206911,1.8575303629392674,0.0066716120652061586
52.196669816970825,3.4765845263865653,1.8587736467265483,0.0008606095757101477
52.24692249298096,3.4765845263865653,1.8587736467265483,0.0008606095757101477
52.29715919494629,3.511067786402722,1.8593229976621197,-0.004612934782713905
52.34654140472412,3.511067786402722,1.8593229976621197,-0.004612934782713905
52.39683222770691,3.5440942115176544,1.861712753607239,-0.00783561195511043
52.44700312614441,3.5440942115176544,1.861712753607239,-0.00783561195511043
52.497469902038574,3.5850077971048337,1.8656116935498293,-0.012836874295800629
52.5475127696991,3.5850077971048337,1.8656116935498293,-0.012836874295800629
52.59909272193909,3.6224068349691443,1.8668638264339887,-0.016811161969383058
52.64778923988342,3.6224068349691443,1.8668638264339887,-0.016811161969383058
52.69731402397156,3.6224068349691443,1.8668638264339887,-0.016811161969383058
52.747265338897705,3.6224068349691443,1.8668638264339887,-0.016811161969383058
52.796881914138794,3.698782686784994,1.8675459668635366,-0.02640879215127971
52.84711670875549,3.698782686784994,1.8675459668635366,-0.02640879215127971
52.89782094955444,3.7356857737150007,1.8706236344450369,-0.029282871332013523
52.94770574569702,3.7356857737150007,1.8706236344450369,-0.029282871332013523
52.99768781661987,3.7724945148688986,1.8709616000231,-0.03394802939345126
53.04704976081848,3.7724945148688986,1.8709616000231,-0.03394802939345126
53.0972855091095,3.8099291999474314,1.8686844138175147,-0.03859425513061901
53.14982318878174,3.8099291999474314,1.8686844138175147,-0.03859425513061901
53.19713521003723,3.8442690524360783,1.8696443648644965,-0.0394522306997002
53.24661040306091,3.8442690524360783,1.8696443648644965,-0.0394522306997002
53.297118186950684,3.8740204052856697,1.8668758627014077,-0.03870389324167013
53.347228050231934,3.8740204052856697,1.8668758627014077,-0.03870389324167013
53.39665961265564,3.9089923233464177,1.8666461177844476,-0.041622484382385354
53.447121143341064,3.9089923233464177,1.8666461177844476,-0.041622484382385354
53.498889207839966,3.9416977300426392,1.8668678943597818,-0.04242267111942157
53.54707455635071,3.9416977300426392,1.8668678943597818,-0.04242267111942157
53.5966682434082,3.9810602469271945,1.8693888795687643,-0.0465740580363847
53.64842677116394,3.9810602469271945,1.8693888795687643,-0.0465740580363847
53.69687080383301,4.0174355824877,1.8669348462556774,-0.04933791227581373
53.747225284576416,4.0174355824877,1.8669348462556774,-0.04933791227581373
53.79802346229553,4.058646956663247,1.8707323098977304,-0.0542355829153866
53.84770441055298,4.058646956663247,1.8707323098977304,-0.0542355829153866
53.8967981338501,4.096840345156738,1.8610099192103942,-0.07021257777648013
53.95030927658081,4.096840345156738,1.8610099192103942,-0.07021257777648013
53.99705767631531,4.127856106653356,1.8578839034242978,-0.09456768551112722
54.04804253578186,4.127856106653356,1.8578839034242978,-0.09456768551112722
54.096782207489014,4.1447011387201025,1.8561817774873344,-0.13247610306418547
54.14779186248779,4.1447011387201025,1.8561817774873344,-0.13247610306418547
54.19758868217468,4.157145867103199,1.8489300813585425,-0.18666960556376505
54.24742031097412,4.157145867103199,1.8489300813585425,-0.18666960556376505
54.29714798927307,4.164787931924455,1.8475174502551326,-0.24022047923816953
54.347121238708496,4.164787931924455,1.8475174502551326,-0.24022047923816953
54.39763426780701,4.1734425319359065,1.841417514525492,-0.2964423357328487
54.44771194458008,4.1734425319359065,1.841417514525492,-0.2964423357328487
54.497185707092285,4.1794452129300055,1.8405431115719297,-0.3587101801540965
54.54736828804016,4.1794452129300055,1.8405431115719297,-0.3587101801540965
54.597776889801025,4.181106435784389,1.8343380583676512,-0.4259421099635793
54.6473605632782,4.181106435784389,1.8343380583676512,-0.4259421099635793
54.69770359992981,4.182114116902643,1.8308901092728702,-0.49105506430654755
54.74728488922119,4.182114116902643,1.8308901092728702,-0.49105506430654755
54.796876430511475,4.182114116902643,1.8308901092728702,-0.49105506430654755
54.84774446487427,4.185666021656748,1.8269026491367726,-0.5561845859676281
54.89724636077881,4.185613822672457,1.818059930495624,-0.630255526258996
54.94839859008789,4.185613822672457,1.818059930495624,-0.630255526258996
54.99716806411743,4.188593445818719,1.8033143575899269,-0.7101061393269921
55.04767823219299,4.188593445818719,1.8033143575899269,-0.7101061393269921
55.09731602668762,4.185302337180735,1.794099777166975,-0.795029693251627
55.147181034088135,4.185302337180735,1.794099777166975,-0.795029693251627
55.19706654548645,4.186262155074863,1.7909759436955401,-0.8809673146801181
55.24689793586731,4.186262155074863,1.7909759436955401,-0.8809673146801181
55.29681205749512,4.184766149912032,1.7841447265734003,-0.9618818393456581
55.34985542297363,4.184766149912032,1.7841447265734003,-0.9618818393456581
55.3971221446991,4.18170195000928,1.778225774519245,-1.0408530698312628
55.449289083480835,4.18170195000928,1.778225774519245,-1.0408530698312628
55.49780344963074,4.181088456138994,1.7725016636052409,-1.1142125446854594
55.549328565597534,4.181088456138994,1.7725016636052409,-1.1142125446854594
55.59723138809204,4.179321819110304,1.7614703382160992,-1.1759230871511654
55.64888000488281,4.179321819110304,1.7614703382160992,-1.1759230871511654
55.69673943519592,4.1806634117086485,1.7452638051863478,-1.221320005482699
55.74747323989868,4.1806634117086485,1.7452638051863478,-1.221320005482699
55.79746103286743,4.182688338493974,1.7314356221835903,-1.25961523985452
55.846755027770996,4.182688338493974,1.7314356221835903,-1.25961523985452
55.89777088165283,4.1845282930657755,1.7191784328919297,-1.3092384944480095
55.947160720825195,4.1845282930657755,1.7191784328919297,-1.3092384944480095
55.99668097496033,4.186118980412104,1.7109825034833726,-1.363782135074099
56.050071239471436,4.186118980412104,1.7109825034833726,-1.363782135074099
56.09676480293274,4.184645638858296,1.6891014137114233,-1.4284326700464296
56.14853286743164,4.184645638858296,1.6891014137114233,-1.4284326700464296
56.1974778175354,4.18400240432551,1.6683438431418867,-1.5014663688794223
56.250948905944824,4.18400240432551,1.6683438431418867,-1.5014663688794223
56.297338008880615,4.184280377898225,1.6420592119452775,-1.5694436659613573
56.34805107116699,4.184280377898225,1.6420592119452775,-1.5694436659613573
56.398030519485474,4.182767672817438,1.6147344955022342,-1.6374324063614498
56.4481258392334,4.182767672817438,1.6147344955022342,-1.6374324063614498
56.497833013534546,4.1808128139305945,1.5932885550350526,-1.6968174866278163
56.54872727394104,4.1808128139305945,1.5932885550350526,-1.6968174866278163
56.59757971763611,4.174975784472357,1.5641245863837967,-1.746946353067822
56.6478168964386,4.174975784472357,1.5641245863837967,-1.746946353067822
56.6980721950531,4.169483954522842,1.5375120130493134,-1.7870699329017021
56.74890971183777,4.169483954522842,1.5375120130493134,-1.7870699329017021
56.7975070476532,4.16482522182423,1.5139084395904019,-1.8050161523631105
56.848461627960205,4.16482522182423,1.5139084395904019,-1.8050161523631105
56.89722728729248,4.161266916029596,1.496928851621552,-1.8069758736059138
56.94854164123535,4.161266916029596,1.496928851621552,-1.8069758736059138
56.99796175956726,4.158884664517399,1.4822254498960787,-1.7918180545969464
57.049073934555054,4.158884664517399,1.4822254498960787,-1.7918180545969464
57.0979163646698,4.158309468515142,1.4710360331501517,-1.7619086481324813
57.1484591960907,4.158309468515142,1.4710360331501517,-1.7619086481324813
57.19733142852783,4.157520214038624,1.4744814108961313,-1.7324279708432369
57.25154638290405,4.157520214038624,1.4744814108961313,-1.7324279708432369
57.2977409362793,4.1566146724898045,1.4684119715452315,-1.7076377937019034
57.34731912612915,4.1566146724898045,1.4684119715452315,-1.7076377937019034
57.39815616607666,4.160523015111162,1.460509754608965,-1.6927638910744753
57.44744086265564,4.160523015111162,1.460509754608965,-1.6927638910744753
57.50188326835632,4.160002593150791,1.4590483517267705,-1.6874144693039705
57.55295491218567,4.160002593150791,1.4590483517267705,-1.6874144693039705
57.59951877593994,4.1604121199562805,1.458890328543228,-1.6866248816422869
57.651721715927124,4.1604121199562805,1.458890328543228,-1.6866248816422869
57.70064735412598,4.158865566135342,1.4609029062172105,-1.6852915755941054
57.74834704399109,4.158865566135342,1.4609029062172105,-1.6852915755941054
57.798059701919556,4.1613940979318365,1.4631919293200095,-1.6879150643707048
57.84958362579346,4.1613940979318365,1.4631919293200095,-1.6879150643707048
57.89805889129639,4.157266859922542,1.4627328291609571,-1.6943303973218569
57.95039939880371,4.157266859922542,1.4627328291609571,-1.6943303973218569
57.99915790557861,4.155924156354502,1.4625882436871636,-1.7054448923853283
58.048864126205444,4.155924156354502,1.4625882436871636,-1.7054448923853283
58.09716176986694,4.158339416525626,1.4620724635766555,-1.7233460789817723
58.147743701934814,4.158339416525626,1.4620724635766555,-1.7233460789817723
58.20083928108215,4.158738199546428,1.4596299122409238,-1.7464237086767298
58.247581243515015,4.158738199546428,1.4596299122409238,-1.7464237086767298
58.297624349594116,4.156643636719573,1.4601730605308827,-1.7721543821517391
58.34950113296509,4.156643636719573,1.4601730605308827,-1.7721543821517391
58.3974084854126,4.152727547196108,1.4595925418635498,-1.8071096742769472
58.44877052307129,4.152727547196108,1.4595925418635498,-1.8071096742769472
58.49933886528015,4.15228486853974,1.4617145992317853,-1.8512363045172786
58.547996044158936,4.15228486853974,1.4617145992317853,-1.8512363045172786
58.59937500953674,4.1479029453634535,1.4619344688986258,-1.9040932374356
58.648948431015015,4.1479029453634535,1.4619344688986258,-1.9040932374356
58.719255208969116,4.140309604830789,1.4545529743418752,-1.9622027480802073
58.77731418609619,4.140309604830789,1.4545529743418752,-1.9622027480802073
58.79903197288513,4.140309604830789,1.4545529743418752,-1.9622027480802073
58.849496603012085,4.140309604830789,1.4545529743418752,-1.9622027480802073
58.89854550361633,4.13301420089472,1.4484013114342493,-2.0169866882968086
58.94829726219177,4.13301420089472,1.4484013114342493,-2.0169866882968086
58.99728298187256,4.119636303851879,1.4451287551492737,-2.118510040897332
59.052032470703125,4.119636303851879,1.4451287551492737,-2.118510040897332
59.09730911254883,4.11083470159215,1.4371466706058271,-2.1596001597137144
59.148587703704834,4.11083470159215,1.4371466706058271,-2.1596001597137144
59.19829440116882,4.103861606756413,1.4336634110816986,-2.1917958795669272
59.249433517456055,4.103861606756413,1.4336634110816986,-2.1917958795669272
59.297170877456665,4.098691706039824,1.42840118113061,-2.2170853667021886
59.34776043891907,4.098691706039824,1.42840118113061,-2.2170853667021886
59.397080421447754,4.094219842114015,1.4272825049289355,-2.2444080636895647
59.45015358924866,4.094219842114015,1.4272825049289355,-2.2444080636895647
59.50053644180298,4.096069044591629,1.4265266765028068,-2.270798155547784
59.54953980445862,4.096069044591629,1.4265266765028068,-2.270798155547784
59.597697257995605,4.092752835580547,1.4277787264633761,-2.2946543859744737
59.65095019340515,4.092752835580547,1.4277787264633761,-2.2946543859744737
59.69849348068237,4.092128260634874,1.4283766878721718,-2.30776845611143
59.748236656188965,4.092128260634874,1.4283766878721718,-2.30776845611143
59.79754137992859,4.093543295281084,1.4324322813968131,-2.320678767218049
59.84874868392944,4.093543295281084,1.4324322813968131,-2.320678767218049
59.89826774597168,4.091625325538279,1.4297545743494267,-2.3379646726516556
59.949875831604004,4.091625325538279,1.4297545743494267,-2.3379646726516556
59.997841119766235,4.086430219273429,1.4256086629642362,-2.364313807516254
60.048184871673584,4.086430219273429,1.4256086629642362,-2.364313807516254
60.097764015197754,4.0822807164159265,1.419250007240024,-2.394850308704189
60.148001194000244,4.0822807164159265,1.419250007240024,-2.394850308704189
60.199233293533325,4.075585707729499,1.4115327741111918,-2.4236544016812185
60.24893379211426,4.075585707729499,1.4115327741111918,-2.4236544016812185
60.29852509498596,4.066023045401157,1.4008066828952255,-2.4440345198005247
60.34892511367798,4.066023045401157,1.4008066828952255,-2.4440345198005247
60.39713740348816,4.053932562797363,1.391182260438479,-2.4543091770199164
60.44960975646973,4.053932562797363,1.391182260438479,-2.4543091770199164
60.49827980995178,4.038791478929193,1.379236930044733,-2.4541465097567436
60.548585176467896,4.038791478929193,1.379236930044733,-2.4541465097567436
60.59960126876831,4.02197776501536,1.3661517086760055,-2.4460593303353835
60.647392988204956,4.02197776501536,1.3661517086760055,-2.4460593303353835
60.698116064071655,4.000744555713846,1.3446626442304503,-2.428730097751099
60.7481369972229,4.000744555713846,1.3446626442304503,-2.428730097751099
60.797905683517456,3.9773009545553135,1.327110222375503,-2.4096737768886194
60.8507981300354,3.9773009545553135,1.327110222375503,-2.4096737768886194
60.89825940132141,3.9579648634132543,1.299717982913882,-2.379337605361794
60.94966769218445,3.9579648634132543,1.299717982913882,-2.379337605361794
60.997910261154175,3.936311668993585,1.2725944272459406,-2.3368484670099288
61.04856324195862,3.936311668993585,1.2725944272459406,-2.3368484670099288
61.0976996421814,3.9144218096685606,1.2486415113345966,-2.2844639370272795
61.147462368011475,3.9144218096685606,1.2486415113345966,-2.2844639370272795
61.19726300239563,3.8951975491016686,1.2264671371779026,-2.2178577476218297
61.247469902038574,3.8951975491016686,1.2264671371779026,-2.2178577476218297
61.30140972137451,3.8828182942835614,1.2023811989991136,-2.147666439855822
61.3500542640686,3.8828182942835614,1.2023811989991136,-2.147666439855822
61.39854836463928,3.8768367020281476,1.1754206281551531,-2.0821973682182913
61.448424100875854,3.8768367020281476,1.1754206281551531,-2.0821973682182913
61.49777007102966,3.8686043497265477,1.1498042007534697,-2.028473255287098
61.549646854400635,3.8686043497265477,1.1498042007534697,-2.028473255287098
61.60067343711853,3.861804145939767,1.1240411084831476,-1.9784437291499075
61.648152589797974,3.861804145939767,1.1240411084831476,-1.9784437291499075
61.698981285095215,3.858403058948558,1.102562653848909,-1.9373672541936269
61.7485785484314,3.858403058948558,1.102562653848909,-1.9373672541936269
61.800902366638184,3.858403058948558,1.102562653848909,-1.9373672541936269
61.85065221786499,3.8547068789584724,1.0784605314790534,-1.9010107600336734
61.89739203453064,3.850210513603032,1.0446627463289595,-1.874461965096452
61.949326038360596,3.850210513603032,1.0446627463289595,-1.874461965096452
61.99783229827881,3.837379544675093,1.012322134618576,-1.85793638893589
62.054365396499634,3.837379544675093,1.012322134618576,-1.85793638893589
62.097697734832764,3.826927845685786,0.9778229867718492,-1.8576710281066429
62.149078130722046,3.826927845685786,0.9778229867718492,-1.8576710281066429
62.19935584068298,3.826927845685786,0.9778229867718492,-1.8576710281066429
62.24899435043335,3.826927845685786,0.9778229867718492,-1.8576710281066429
62.2972207069397,3.8054566094090028,0.9141283006593678,-1.8713577019143197
62.34943079948425,3.8054566094090028,0.9141283006593678,-1.8713577019143197
62.398837089538574,3.7986363936919956,0.8783367286656888,-1.8802449312610452
62.449012994766235,3.7986363936919956,0.8783367286656888,-1.8802449312610452
62.49813389778137,3.794702410499636,0.8401622542899411,-1.8897745161728186
62.54832863807678,3.794702410499636,0.8401622542899411,-1.8897745161728186
62.59836196899414,3.7829995507871113,0.802108177828924,-1.8999569244242138
62.64975309371948,3.7829995507871113,0.802108177828924,-1.8999569244242138
62.698203563690186,3.775640680399003,0.7675808276872024,-1.908226133022385
62.75086784362793,3.775640680399003,0.7675808276872024,-1.908226133022385
62.79838562011719,3.775640680399003,0.7675808276872024,-1.908226133022385
62.84764122962952,3.767832395297688,0.7289923453827476,-1.91837233130397
62.90117335319519,3.7480396835992478,0.6942432351975317,-1.9233347000303547
62.94770646095276,3.7480396835992478,0.6942432351975317,-1.9233347000303547
62.998384952545166,3.7337406189355082,0.6576112949105258,-1.9298158268591548
63.04738211631775,3.7337406189355082,0.6576112949105258,-1.9298158268591548
63.09955286979675,3.723139280143311,0.6243654261909338,-1.9371019436577466
63.14883518218994,3.723139280143311,0.6243654261909338,-1.9371019436577466
63.19801211357117,3.7143889730392656,0.5979462531830734,-1.944053705192179
63.248684883117676,3.7143889730392656,0.5979462531830734,-1.944053705192179
63.298829317092896,3.7061867580013104,0.5655891112904564,-1.9485461880825512
63.35082793235779,3.7061867580013104,0.5655891112904564,-1.9485461880825512
63.40286731719971,3.6970075056446143,0.5278881550284779,-1.9451789146122347
63.44955062866211,3.6970075056446143,0.5278881550284779,-1.9451789146122347
63.49812078475952,3.685167678051414,0.4942705208339852,-1.935748175301438
63.548412561416626,3.685167678051414,0.4942705208339852,-1.935748175301438
63.59781098365784,3.675453712690569,0.46453547988289196,-1.9206923896773582
63.64840078353882,3.675453712690569,0.46453547988289196,-1.9206923896773582
63.701613664627075,3.6673981551479393,0.4324038389024101,-1.9034664585248628
63.75027084350586,3.6673981551479393,0.4324038389024101,-1.9034664585248628
63.7980101108551,3.6622672325501178,0.408984005141675,-1.8914846812392714
63.84913468360901,3.6622672325501178,0.408984005141675,-1.8914846812392714
63.898863315582275,3.655641977121741,0.3719335465615206,-1.8750933391321118
63.94754147529602,3.655641977121741,0.3719335465615206,-1.8750933391321118
63.99938130378723,3.651295026040314,0.33962771169763223,-1.8605566906173423
64.04718542098999,3.651295026040314,0.33962771169763223,-1.8605566906173423
64.09865474700928,3.639102310004194,0.30856881746002174,-1.8449867124423942
64.14796209335327,3.639102310004194,0.30856881746002174,-1.8449867124423942
64.19806933403015,3.6358404239561093,0.2800601746148839,-1.8291297766411294
64.24820637702942,3.6358404239561093,0.2800601746148839,-1.8291297766411294
64.29908418655396,3.624701044075887,0.24805152974186795,-1.8141445887703473
64.34753155708313,3.624701044075887,0.24805152974186795,-1.8141445887703473
64.40357184410095,3.621500480069992,0.22282473902937844,-1.7982413111494404
64.44766545295715,3.621500480069992,0.22282473902937844,-1.7982413111494404
64.49749302864075,3.610575936939237,0.19370475797214687,-1.7837157468166644
64.54863500595093,3.610575936939237,0.19370475797214687,-1.7837157468166644
64.5974543094635,3.606930304125899,0.1665053313066019,-1.770117856242839
64.64738082885742,3.606930304125899,0.1665053313066019,-1.770117856242839
64.69800734519958,3.602349200630452,0.13780392524514318,-1.756149490590564
64.75124382972717,3.602349200630452,0.13780392524514318,-1.756149490590564
64.79779720306396,3.602058509700268,0.10324524814045732,-1.7418230942713473
64.84823727607727,3.602058509700268,0.10324524814045732,-1.7418230942713473
64.90023756027222,3.604399811528478,0.06790442334988728,-1.7271704605917702
64.9482364654541,3.604399811528478,0.06790442334988728,-1.7271704605917702
64.9972836971283,3.6043157946951467,0.035828206575923054,-1.7112547350699678
65.04740881919861,3.6043157946951467,0.035828206575923054,-1.7112547350699678
65.09844827651978,3.604239341492038,0.002739211580953964,-1.6966841455338864
65.1491048336029,3.604239341492038,0.002739211580953964,-1.6966841455338864
65.2002637386322,3.6040159228119517,-0.034322429064475975,-1.6833463787319711
65.2491102218628,3.6040159228119517,-0.034322429064475975,-1.6833463787319711
65.29797005653381,3.600922028996198,-0.06475011848938411,-1.6709592459684148
65.34892630577087,3.600922028996198,-0.06475011848938411,-1.6709592459684148
65.39752054214478,3.59525387140419,-0.09755965636089059,-1.6616705540590213
65.44780969619751,3.59525387140419,-0.09755965636089059,-1.6616705540590213
65.49799084663391,3.590921827401651,-0.13330796337569006,-1.6568755779752524
65.54772162437439,3.590921827401651,-0.13330796337569006,-1.6568755779752524
65.59841132164001,3.5886323859781593,-0.16166280235949732,-1.660240196269852
65.65028595924377,3.5886323859781593,-0.16166280235949732,-1.660240196269852
65.69890451431274,3.587354793447841,-0.18707745089726557,-1.6740229818222394
65.78527736663818,3.587354793447841,-0.18707745089726557,-1.6740229818222394
65.83359122276306,3.587354793447841,-0.18707745089726557,-1.6740229818222394
65.84882855415344,3.587354793447841,-0.18707745089726557,-1.6740229818222394
65.90292954444885,3.5832180851064797,-0.21079035801259227,-1.6936784262795133
65.95112013816833,3.582703160586515,-0.21097201481214417,-1.6937078114353306
65.99713039398193,3.5779907349925635,-0.2400512895182091,-1.79370541640917
66.04912662506104,3.5779907349925635,-0.2400512895182091,-1.79370541640917
66.09803318977356,3.5793850704567696,-0.24772924203745128,-1.8421129831592173
66.1479263305664,3.5793850704567696,-0.24772924203745128,-1.8421129831592173
66.19777321815491,3.5734667805490634,-0.2581822593337087,-1.8979224830492256
66.24743843078613,3.5734667805490634,-0.2581822593337087,-1.8979224830492256
66.3018491268158,3.566311747627984,-0.2655246088067842,-1.9651886937545069
66.34757852554321,3.566311747627984,-0.2655246088067842,-1.9651886937545069
66.39923739433289,3.5533738612051726,-0.2708049320192691,-2.036817556833464
66.4500629901886,3.5533738612051726,-0.2708049320192691,-2.036817556833464
66.49869132041931,3.5436419461078073,-0.2745509092176987,-2.1184016839908004
66.54729509353638,3.5436419461078073,-0.2745509092176987,-2.1184016839908004
66.59826827049255,3.5346626168078803,-0.27006898481992253,-2.2112548203141933
66.64850187301636,3.5346626168078803,-0.27006898481992253,-2.2112548203141933
66.69924402236938,3.5253019448054967,-0.2728249567723654,-2.3034084158766235
66.74775052070618,3.5253019448054967,-0.2728249567723654,-2.3034084158766235
66.79733657836914,3.5253019448054967,-0.2728249567723654,-2.3034084158766235
66.85012292861938,3.514797879473229,-0.2733642004573048,-2.3953030797318426
66.9008469581604,3.495481429799937,-0.27585155043984183,-2.4779518458611443
66.94698429107666,3.495481429799937,-0.27585155043984183,-2.4779518458611443
66.99776530265808,3.482707458621129,-0.27616754360020535,-2.559806470388144
67.04866218566895,3.482707458621129,-0.27616754360020535,-2.559806470388144
67.09805297851562,3.4817187055119065,-0.2720878234266755,-2.6437138974753482
67.14856123924255,3.4817187055119065,-0.2720878234266755,-2.6437138974753482
67.19755029678345,3.470949605775017,-0.27021784577541974,-2.7205343845638117
67.26279854774475,3.470949605775017,-0.27021784577541974,-2.7205343845638117
67.33413982391357,3.470949605775017,-0.27021784577541974,-2.7205343845638117
67.34839940071106,3.470949605775017,-0.27021784577541974,-2.7205343845638117
67.40013885498047,3.45532454085113,-0.2704007627768198,-2.845122027665511
67.44778251647949,3.45532454085113,-0.2704007627768198,-2.845122027665511
67.49959230422974,3.440938485900558,-0.2674437747259701,-2.9051939418585717
67.54723453521729,3.440938485900558,-0.2674437747259701,-2.9051939418585717
67.59781980514526,3.421617897637482,-0.267099510178463,-2.9626443795237085
67.6490068435669,3.421617897637482,-0.267099510178463,-2.9626443795237085
67.6975531578064,3.407537794901465,-0.26746781984705525,-3.0242928173869714
67.74770712852478,3.407537794901465,-0.26746781984705525,-3.0242928173869714
67.7979109287262,3.3864077203331417,-0.26726253616535084,-3.085454598615405
67.84848761558533,3.3864077203331417,-0.26726253616535084,-3.085454598615405
67.89952349662781,3.363270203724529,-0.2692776975160698,3.1407597400727956
67.94982957839966,3.363270203724529,-0.2692776975160698,3.1407597400727956
67.9985122680664,3.334433055266376,-0.2734508441847728,3.0952510837337024
68.04720044136047,3.334433055266376,-0.2734508441847728,3.0952510837337024
68.09810328483582,3.3028169524985564,-0.27788231512490935,3.058264034749039
68.14890575408936,3.3028169524985564,-0.27788231512490935,3.058264034749039
68.19827651977539,3.2720669715176003,-0.27020813608493305,3.0242135735204507
68.24930453300476,3.2720669715176003,-0.27020813608493305,3.0242135735204507
68.2987368106842,3.232767773952757,-0.26249721058444814,2.9860048037917792
68.34887480735779,3.232767773952757,-0.26249721058444814,2.9860048037917792
68.39836835861206,3.2043472376944777,-0.25199582343350724,2.9503368316724115
68.44853734970093,3.2043472376944777,-0.25199582343350724,2.9503368316724115
68.49796414375305,3.1711144758319634,-0.24426623405893724,2.919724546664174
68.54896450042725,3.1711144758319634,-0.24426623405893724,2.919724546664174
68.59932446479797,3.135358945475092,-0.23499060602763067,2.891393781417595
68.64769649505615,3.135358945475092,-0.23499060602763067,2.891393781417595
68.70047616958618,3.097672592558385,-0.23097745755145221,2.8733952550897346
68.74803900718689,3.097672592558385,-0.23097745755145221,2.8733952550897346
68.80143928527832,3.097672592558385,-0.23097745755145221,2.8733952550897346
68.84819793701172,3.060900915566383,-0.2241235342877096,2.8576208863985433
68.89826703071594,3.023345771548735,-0.21445063182282584,2.8472396588477933
68.94799041748047,3.023345771548735,-0.21445063182282584,2.8472396588477933
69.08981132507324,2.9898472077182774,-0.20457308726986034,2.8402092297306654
69.18387627601624,2.9898472077182774,-0.20457308726986034,2.8402092297306654
69.18650841712952,2.9499561686059472,-0.19796169288411075,2.8339387592958496
69.29593467712402,2.9153020699915224,-0.18590546345725442,2.8261160566236
69.31568431854248,2.9153020699915224,-0.18590546345725442,2.8261160566236
69.35020685195923,2.8805952371222725,-0.1767569352003927,2.817653703090139
69.39886474609375,2.8522477380898428,-0.16763605815571175,2.8112613506858057
69.44890666007996,2.8522477380898428,-0.16763605815571175,2.8112613506858057
69.49727940559387,2.821381081753972,-0.15818460922332725,2.809040671482311
69.5506067276001,2.821381081753972,-0.15818460922332725,2.809040671482311
69.59860372543335,2.78972758222935,-0.15020935100161462,2.814376327090702
69.65421462059021,2.78972758222935,-0.15020935100161462,2.814376327090702
69.69873595237732,2.758649676497819,-0.14468067723321598,2.8268526685017505
69.75179719924927,2.758649676497819,-0.14468067723321598,2.8268526685017505
69.80219745635986,2.735049765413497,-0.13786891548233948,2.8525798831695126
69.84810709953308,2.735049765413497,-0.13786891548233948,2.8525798831695126
69.8994677066803,2.721165478092761,-0.13769570028455988,2.9018071311407287
69.94758224487305,2.721165478092761,-0.13769570028455988,2.9018071311407287
69.9978539943695,2.718544118327774,-0.138086621820272,2.958678420140423
70.04824805259705,2.718544118327774,-0.138086621820272,2.958678420140423
70.09869527816772,2.7194112965904216,-0.1414236050910904,3.0097734679707773
70.14711141586304,2.7194112965904216,-0.1414236050910904,3.0097734679707773
70.20551681518555,2.712977850308552,-0.14806463647622628,3.0654527550014175
70.24850606918335,2.712977850308552,-0.14806463647622628,3.0654527550014175
70.32189512252808,2.705756246410404,-0.15615332101345547,3.1302154336879835
70.38191390037537,2.705756246410404,-0.15615332101345547,3.1302154336879835
70.39817237854004,2.7038525459851863,-0.1653080715457605,-3.07952164921311
70.45794010162354,2.7038525459851863,-0.1653080715457605,-3.07952164921311
70.57494497299194,2.699006186202265,-0.16851717164513014,-3.0028109388539717
70.59110569953918,2.699006186202265,-0.16851717164513014,-3.0028109388539717
70.70075917243958,2.692702074570879,-0.17194657191235901,-2.9235714449391628
70.70295119285583,2.692702074570879,-0.17194657191235901,-2.9235714449391628
70.74800705909729,2.6832469386223172,-0.17384869202732506,-2.849629333271525
70.79893589019775,2.678939258139141,-0.1761209327000051,-2.7848187459009264
70.8513720035553,2.678939258139141,-0.1761209327000051,-2.7848187459009264
70.89889478683472,2.6598041247668442,-0.17834595901991787,-2.7462207121101794
70.94854736328125,2.6598041247668442,-0.17834595901991787,-2.7462207121101794
70.99770069122314,2.6447544705280306,-0.19070807245614352,-2.710142039824562
71.04885601997375,2.6447544705280306,-0.19070807245614352,-2.710142039824562
71.09831762313843,2.640089733818204,-0.19520635676946735,-2.677315507444717
71.14754891395569,2.640089733818204,-0.19520635676946735,-2.677315507444717
71.19787073135376,2.6370058375011,-0.19910357502019452,-2.6386577066731096
71.24856686592102,2.6370058375011,-0.19910357502019452,-2.6386577066731096
71.30102157592773,2.6339308744115977,-0.20376839087397391,-2.6034175526392436
71.35120296478271,2.6339308744115977,-0.20376839087397391,-2.6034175526392436
71.39962601661682,2.6336674160082323,-0.2135899470164489,-2.5761972606955035
71.44711828231812,2.6336674160082323,-0.2135899470164489,-2.5761972606955035
71.50105023384094,2.630384496945058,-0.22251355318308386,-2.555530996288757
71.54729413986206,2.630384496945058,-0.22251355318308386,-2.555530996288757
71.598792552948,2.6248286196995627,-0.2248705885885373,-2.545749819456249
71.64827942848206,2.6248286196995627,-0.2248705885885373,-2.545749819456249
71.6983757019043,2.620736791214619,-0.22805745114315723,-2.549195928600625
71.74868083000183,2.620736791214619,-0.22805745114315723,-2.549195928600625
71.80141186714172,2.609321752919479,-0.23312900511823487,-2.5646825359656606
71.84963512420654,2.609321752919479,-0.23312900511823487,-2.5646825359656606
71.89881992340088,2.595525527831061,-0.2361292722612076,-2.5967206852571945
71.94764566421509,2.595525527831061,-0.2361292722612076,-2.5967206852571945
71.99782419204712,2.5765558763600147,-0.24175651866011313,-2.6381717426616733
72.04945063591003,2.5765558763600147,-0.24175651866011313,-2.6381717426616733
72.09777784347534,2.5579710345346465,-0.2512534830776909,-2.6830192131499158
72.14806914329529,2.5579710345346465,-0.2512534830776909,-2.6830192131499158
72.19725012779236,2.5408812449460996,-0.2580737241814542,-2.7345522820845676
72.2486879825592,2.5408812449460996,-0.2580737241814542,-2.7345522820845676
72.29862594604492,2.5139079641246376,-0.26723600620311405,-2.7832007579807723
72.34878301620483,2.5139079641246376,-0.26723600620311405,-2.7832007579807723
72.39932250976562,2.490037140105515,-0.27487632679815815,-2.8350995063773934
72.44848680496216,2.490037140105515,-0.27487632679815815,-2.8350995063773934
72.49768829345703,2.4708480396302246,-0.279256032205987,-2.890028986424167
72.54892182350159,2.4708480396302246,-0.279256032205987,-2.890028986424167
72.59850430488586,2.4547490025441574,-0.2840883633385063,-2.9478332739384085
72.64948964118958,2.4547490025441574,-0.2840883633385063,-2.9478332739384085
72.69922471046448,2.4385285288560636,-0.2854069803476118,-3.009928111203297
72.74990057945251,2.4385285288560636,-0.2854069803476118,-3.009928111203297
72.79851984977722,2.4254807180803324,-0.28383726589129976,-3.0774971756918608
72.84824109077454,2.4254807180803324,-0.28383726589129976,-3.0774971756918608
72.89834356307983,2.4125040242037326,-0.28003887909157404,3.1400508744408757
72.95294308662415,2.4125040242037326,-0.28003887909157404,3.1400508744408757
72.99857020378113,2.398597773974524,-0.2759383986112777,3.067387435923676
73.04899001121521,2.398597773974524,-0.2759383986112777,3.067387435923676
73.0976972579956,2.395672516555627,-0.27045306991104995,2.9909281238310426
73.1525776386261,2.395672516555627,-0.27045306991104995,2.9909281238310426
73.19844889640808,2.3989390726095783,-0.26309738905628194,2.9011793256201504
73.24892520904541,2.3989390726095783,-0.26309738905628194,2.9011793256201504
73.29858565330505,2.3948912954497183,-0.25507534446309094,2.804224264607275
73.34885859489441,2.3948912954497183,-0.25507534446309094,2.804224264607275
73.39841032028198,2.3910230355598303,-0.2464213377055369,2.698276168349931
73.44915127754211,2.3910230355598303,-0.2464213377055369,2.698276168349931
73.49762845039368,2.3828140052637634,-0.2365043741840825,2.5898406595305348
73.5484209060669,2.3828140052637634,-0.2365043741840825,2.5898406595305348
73.59777522087097,2.3839524145125734,-0.2292800800385532,2.478399289773007
73.64929509162903,2.3839524145125734,-0.2292800800385532,2.478399289773007
73.71236658096313,2.3848188679645244,-0.22237548052875866,2.3694273793247476
73.75651097297668,2.3848188679645244,-0.22237548052875866,2.3694273793247476
73.7991988658905,2.3885610185771844,-0.21363550940056308,2.2603223543112763
73.84885096549988,2.3885610185771844,-0.21363550940056308,2.2603223543112763
73.99935626983643,2.385921522257769,-0.2081505471493741,2.1554329740047415
74.10704326629639,2.385921522257769,-0.2081505471493741,2.1554329740047415
74.11281204223633,2.3925141983889633,-0.20037189981632464,2.0490967021103588
74.16062927246094,2.3989917525975377,-0.1981247476353597,1.9532803864292525
74.19786620140076,2.4052614797775753,-0.19279083504814248,1.872769057582967
74.24907493591309,2.4052614797775753,-0.19279083504814248,1.872769057582967
74.33968567848206,2.410054064698044,-0.19132334640797466,1.8098432111220002
74.35068988800049,2.410054064698044,-0.19132334640797466,1.8098432111220002
74.39843702316284,2.4116344448215683,-0.19135266720843724,1.7686790782480655
74.44856238365173,2.4116344448215683,-0.19135266720843724,1.7686790782480655
74.49894738197327,2.41175782520959,-0.18849136402871008,1.750700486355606
74.55015468597412,2.41175782520959,-0.18849136402871008,1.750700486355606
74.59944033622742,2.412537370434607,-0.18696891257194592,1.7474595097585295
74.65165209770203,2.412537370434607,-0.18696891257194592,1.7474595097585295
74.7012882232666,2.4127014008286167,-0.18694191135988342,1.7541327729102558
74.75513672828674,2.4127014008286167,-0.18694191135988342,1.7541327729102558
74.79968285560608,2.4107041747161837,-0.1892523241830233,1.760743456836999
74.86291861534119,2.4107041747161837,-0.1892523241830233,1.760743456836999
75.0139787197113,2.4076460797794015,-0.18699475672973098,1.7618999558819872
75.10728120803833,2.4076460797794015,-0.18699475672973098,1.7618999558819872
75.21404504776001,2.406787664898662,-0.18317006398829477,1.7597775171174763
75.31746125221252,2.4081005145206573,-0.18514139851547706,1.7610783690546994
75.32772946357727,2.4116222485334324,-0.186497577555792,1.7596123809814168
75.35245656967163,2.413311375920867,-0.18400786621258358,1.7587019315228616
75.40426659584045,2.410987549864563,-0.18488109103575423,1.7504930185745682
75.463045835495,2.410987549864563,-0.18488109103575423,1.7504930185745682
75.50959634780884,2.411416096842789,-0.18227307893579608,1.7327255899475733
75.55116271972656,2.411416096842789,-0.18227307893579608,1.7327255899475733
75.59971737861633,2.4143206878625794,-0.18047708976470633,1.7027393675514755
75.65602207183838,2.4143206878625794,-0.18047708976470633,1.7027393675514755
75.69975161552429,2.417503827961191,-0.17773490974274103,1.6590832199516932
75.86353349685669,2.417503827961191,-0.17773490974274103,1.6590832199516932
75.97659492492676,2.417503827961191,-0.17773490974274103,1.6590832199516932
75.98576593399048,2.4238296678164053,-0.1801297005300439,1.602173706171413
75.99706053733826,2.4337033995935107,-0.18325528569438265,1.4518581866147746
76.04970049858093,2.4337033995935107,-0.18325528569438265,1.4518581866147746
76.19259691238403,2.434657137544586,-0.1805355564493185,1.3638727737235927
76.28641080856323,2.434657137544586,-0.1805355564493185,1.3638727737235927
76.28907752037048,2.4377485068916647,-0.17796137114497912,1.2690817982310796
76.29804682731628,2.4414634252007037,-0.17364606375590547,1.167445946782991
76.34820437431335,2.4414634252007037,-0.17364606375590547,1.167445946782991
76.40087914466858,2.4522866641611323,-0.17236209639973638,1.0606375763537081
76.4519395828247,2.4522866641611323,-0.17236209639973638,1.0606375763537081
76.49917244911194,2.4633406863880234,-0.17203343721289388,0.9515166273315536
76.55013871192932,2.4633406863880234,-0.17203343721289388,0.9515166273315536
76.59777426719666,2.4755591035350895,-0.17041874921219285,0.8419537278465005
76.64866995811462,2.4755591035350895,-0.17041874921219285,0.8419537278465005
76.69992303848267,2.485781163654182,-0.17302462789991607,0.731883107639269
76.7501232624054,2.485781163654182,-0.17302462789991607,0.731883107639269
76.79854249954224,2.4955844676150534,-0.17778903852847933,0.6212651157011057
76.84770083427429,2.4955844676150534,-0.17778903852847933,0.6212651157011057
76.89964413642883,2.5033929515999924,-0.18003391011357645,0.5202857453203861
76.9518837928772,2.5033929515999924,-0.18003391011357645,0.5202857453203861
77.00328016281128,2.5060719342517954,-0.18229993085739224,0.4272962867127042
77.04870200157166,2.5060719342517954,-0.18229993085739224,0.4272962867127042
77.1017336845398,2.514325184682332,-0.18650703057941714,0.35814154710739865
77.14828085899353,2.514325184682332,-0.18650703057941714,0.35814154710739865
77.19808173179626,2.5177309791005698,-0.19264540743678998,0.3046107163846609
77.24908804893494,2.5177309791005698,-0.19264540743678998,0.3046107163846609
77.29844403266907,2.5147010687186127,-0.19430750283387654,0.27819644863488213
77.34766268730164,2.5147010687186127,-0.19430750283387654,0.27819644863488213
77.3984637260437,2.516495951747931,-0.19329988742895948,0.2703883544900442
77.44905591011047,2.516495951747931,-0.19329988742895948,0.2703883544900442
77.50162935256958,2.5142853971418235,-0.19217285364763326,0.27525378269931416
77.55087447166443,2.5142853971418235,-0.19217285364763326,0.27525378269931416
77.60270380973816,2.5195874237265086,-0.19086816532272996,0.2829685038427305
77.64922547340393,2.5195874237265086,-0.19086816532272996,0.2829685038427305
77.69790148735046,2.518810422933144,-0.1875983253916125,0.2961107188455484
77.74954032897949,2.518810422933144,-0.1875983253916125,0.2961107188455484
77.80168986320496,2.5217049834335405,-0.18660185037420013,0.31266948274469675
77.84965944290161,2.5217049834335405,-0.18660185037420013,0.31266948274469675
77.89806413650513,2.5094864801985652,-0.18366087643431106,0.34616351307111026
77.94695734977722,2.5094864801985652,-0.18366087643431106,0.34616351307111026
77.9997169971466,2.5053583303291562,-0.17959995470104256,0.3839506293883333
78.04893708229065,2.5053583303291562,-0.17959995470104256,0.3839506293883333
78.09777688980103,2.5026586341768873,-0.18172822672679673,0.43026831192657666
78.15046000480652,2.5026586341768873,-0.18172822672679673,0.43026831192657666
78.19712924957275,2.502556486422315,-0.18170841227750795,0.48732927456332836
78.25008368492126,2.502556486422315,-0.18170841227750795,0.48732927456332836
78.30010652542114,2.497918051129555,-0.17991023635456171,0.5569612351183567
78.35092377662659,2.497918051129555,-0.17991023635456171,0.5569612351183567
78.3981864452362,2.4964740326251462,-0.1774954675386975,0.6272505662962992
78.44860792160034,2.4964740326251462,-0.1774954675386975,0.6272505662962992
78.49716138839722,2.493570620473565,-0.17463600836661658,0.7052627000836755
78.548344373703,2.493570620473565,-0.17463600836661658,0.7052627000836755
78.60181760787964,2.489451813423469,-0.1704626642307543,0.7882282252364908
78.64830660820007,2.489451813423469,-0.1704626642307543,0.7882282252364908
78.6982421875,2.483478463860255,-0.16635143556869775,0.8778179614657909
78.7491500377655,2.483478463860255,-0.16635143556869775,0.8778179614657909
78.79975914955139,2.483478463860255,-0.16635143556869775,0.8778179614657909
78.84794163703918,2.475171281137788,-0.16439517766552686,0.9761134155895453
78.8973560333252,2.4693367782308915,-0.15884694042788294,1.0819099038481674
78.9473648071289,2.4693367782308915,-0.15884694042788294,1.0819099038481674
78.9980993270874,2.470114114268106,-0.1496220775121067,1.1863673659907137
79.05095386505127,2.470114114268106,-0.1496220775121067,1.1863673659907137
79.09734964370728,2.4702442053695197,-0.144169357194248,1.2974386108166063
79.1481785774231,2.4702442053695197,-0.144169357194248,1.2974386108166063
79.19765973091125,2.462152154029484,-0.14092442108501035,1.4023546287352417
79.2515001296997,2.462152154029484,-0.14092442108501035,1.4023546287352417
79.29793643951416,2.4507953671068297,-0.13762477361959896,1.5017106153684965
79.34750890731812,2.4507953671068297,-0.13762477361959896,1.5017106153684965
79.40010643005371,2.4447501852277567,-0.13159257271191777,1.594493829769446
79.44768166542053,2.4447501852277567,-0.13159257271191777,1.594493829769446
79.4980399608612,2.438723092084783,-0.12937377317480359,1.67387253085112
79.54803919792175,2.438723092084783,-0.12937377317480359,1.67387253085112
79.60232734680176,2.4299758474469018,-0.13065096316428715,1.7531390490391092
79.65156126022339,2.4299758474469018,-0.13065096316428715,1.7531390490391092
79.7003583908081,2.419342405940367,-0.12626787025021602,1.8268978932293123
79.74875020980835,2.419342405940367,-0.12626787025021602,1.8268978932293123
79.79797410964966,2.4139746704451097,-0.12528048970908912,1.897651243214068
79.85255742073059,2.4139746704451097,-0.12528048970908912,1.897651243214068
79.89680194854736,2.403892682013854,-0.1167738215734399,1.9657482536179227
79.94717621803284,2.403892682013854,-0.1167738215734399,1.9657482536179227
80.00185012817383,2.3957574528727728,-0.1088843008671147,2.0325009380313905
80.0510630607605,2.3957574528727728,-0.1088843008671147,2.0325009380313905
80.09818172454834,2.388852723815053,-0.10282631561735017,2.0949873093183613
80.15075492858887,2.388852723815053,-0.10282631561735017,2.0949873093183613
80.19886660575867,2.3795863863109545,-0.09125538194554633,2.1463066799237813
80.24862241744995,2.3795863863109545,-0.09125538194554633,2.1463066799237813
80.29781985282898,2.3690980777008868,-0.08174722490463782,2.1932499684127453
80.34780693054199,2.3690980777008868,-0.08174722490463782,2.1932499684127453
80.39940428733826,2.361623913176037,-0.07000849549438642,2.2422045719996366
80.44879627227783,2.361623913176037,-0.07000849549438642,2.2422045719996366
80.49718594551086,2.3469400592134253,-0.058745001877981824,2.291073512078352
80.54951810836792,2.3469400592134253,-0.058745001877981824,2.291073512078352
80.59748601913452,2.330283296169629,-0.04850141915669693,2.344725524922606
80.64842677116394,2.330283296169629,-0.04850141915669693,2.344725524922606
80.69792699813843,2.310376168698564,-0.03651852009318363,2.393831217428497
80.74749112129211,2.310376168698564,-0.03651852009318363,2.393831217428497
80.79787087440491,2.310376168698564,-0.03651852009318363,2.393831217428497
80.84819960594177,2.2881236367422275,-0.025748588160782744,2.445168504919195
80.90056991577148,2.263204759201188,-0.016962905214829467,2.4990889485714938
80.94887948036194,2.263204759201188,-0.016962905214829467,2.4990889485714938
81.00216913223267,2.2402655998483665,-0.0026167208961228663,2.549471325496525
81.04737830162048,2.2402655998483665,-0.0026167208961228663,2.549471325496525
81.09847831726074,2.215215582140771,0.0135822304850012,2.5977555975642765
81.14770841598511,2.215215582140771,0.0135822304850012,2.5977555975642765
81.19952917098999,2.1896317273869634,0.026277253446126435,2.643360161023046
81.24959683418274,2.1896317273869634,0.026277253446126435,2.643360161023046
81.29834270477295,2.164696565378309,0.03585696848776925,2.6878569279675006
81.3494975566864,2.164696565378309,0.03585696848776925,2.6878569279675006
81.3992805480957,2.1454278221588288,0.043876287128534745,2.7232263454901937
81.45090770721436,2.1454278221588288,0.043876287128534745,2.7232263454901937
81.49864482879639,2.1253384737825805,0.04867791062609423,2.754118329454087
81.54764366149902,2.1253384737825805,0.04867791062609423,2.754118329454087
81.60121321678162,2.1055732876988547,0.05391098013731204,2.7799845134455494
81.64811539649963,2.1055732876988547,0.05391098013731204,2.7799845134455494
81.69824123382568,2.0846113647516527,0.05802892783253317,2.814071107902401
81.74792265892029,2.0846113647516527,0.05802892783253317,2.814071107902401
81.7988646030426,2.0635917941271584,0.06303590347970342,2.846180274479174
81.85255002975464,2.0635917941271584,0.06303590347970342,2.846180274479174
81.89799427986145,2.0464442955908178,0.06524200844230688,2.883427557192461
81.95286226272583,2.0464442955908178,0.06524200844230688,2.883427557192461
81.9997889995575,2.0265840487610767,0.06548174283163508,2.9324518501873573
82.0477888584137,2.0265840487610767,0.06548174283163508,2.9324518501873573
82.09951758384705,2.0135726487916337,0.06618353297115195,2.9915411413157926
82.14843893051147,2.0135726487916337,0.06618353297115195,2.9915411413157926
82.19809794425964,1.9973642705882757,0.06207488865331138,3.0516927551919713
82.24902153015137,1.9973642705882757,0.06207488865331138,3.0516927551919713
82.29872846603394,1.980528640580544,0.060215298842756663,3.1171985951668324
82.34915781021118,1.980528640580544,0.060215298842756663,3.1171985951668324
82.40239095687866,1.97320177075502,0.05560648963634545,-3.0907247622346854
82.44956707954407,1.97320177075502,0.05560648963634545,-3.0907247622346854
82.497731924057,1.9731546110031133,0.04786503054109812,-3.005749463461828
82.54929399490356,1.9731546110031133,0.04786503054109812,-3.005749463461828
82.59738087654114,1.9720475811943279,0.04231570919923817,-2.910955540917782
82.64825129508972,1.9720475811943279,0.04231570919923817,-2.910955540917782
82.69770073890686,1.968320870253086,0.03500211966372146,-2.808253545492464
82.74737572669983,1.968320870253086,0.03500211966372146,-2.808253545492464
82.80325317382812,1.96578360690615,0.025062174605117137,-2.700693306552359
82.84825801849365,1.96578360690615,0.025062174605117137,-2.700693306552359
82.89734864234924,1.9620510555267987,0.015557999333682508,-2.5982079706293546
82.94761919975281,1.9620510555267987,0.015557999333682508,-2.5982079706293546
82.9975802898407,1.9544896127386229,0.005300026756650304,-2.492985236029547
83.04877591133118,1.9544896127386229,0.005300026756650304,-2.492985236029547
83.09864473342896,1.9597688422789161,-0.0014752691204735838,-2.3902127882815707
83.1480712890625,1.9597688422789161,-0.0014752691204735838,-2.3902127882815707
83.19834160804749,1.962631109841875,-0.010509864853450908,-2.2882224910195323
83.24845266342163,1.962631109841875,-0.010509864853450908,-2.2882224910195323
83.29777216911316,1.9672987095621257,-0.015833472936378996,-2.1851455903570796
83.34808850288391,1.9672987095621257,-0.015833472936378996,-2.1851455903570796
83.39769268035889,1.9787503564833149,-0.021089709782949613,-2.0928433043141537
83.54992318153381,1.9787503564833149,-0.021089709782949613,-2.0928433043141537
83.55328607559204,1.9787503564833149,-0.021089709782949613,-2.0928433043141537
83.5978946685791,1.9937318954162346,-0.03790621482986251,-1.9397781115227213
83.64946818351746,1.9937318954162346,-0.03790621482986251,-1.9397781115227213
83.69779229164124,1.9937787896216983,-0.046584431354942064,-1.886227852648519
83.74987888336182,1.9937787896216983,-0.046584431354942064,-1.886227852648519
83.7988555431366,1.993091358733247,-0.05958615069356949,-1.8491690804705276
83.84831523895264,1.993091358733247,-0.05958615069356949,-1.8491690804705276
83.8975396156311,1.9933196582759216,-0.07168157765574873,-1.8235570215122208
83.94831204414368,1.9933196582759216,-0.07168157765574873,-1.8235570215122208
83.99759125709534,1.9972339450752121,-0.08142544649999817,-1.8055761444922958
84.04828190803528,1.9972339450752121,-0.08142544649999817,-1.8055761444922958
84.09820890426636,1.99460954428019,-0.08422184161553409,-1.8008745434212463
84.14924621582031,1.99460954428019,-0.08422184161553409,-1.8008745434212463
84.19808864593506,1.992766405931781,-0.08723797571691744,-1.8069945798961464
84.24962329864502,1.992766405931781,-0.08723797571691744,-1.8069945798961464
84.29824614524841,1.9885376876014018,-0.08090536124427639,-1.819072689183102
84.34818291664124,1.9885376876014018,-0.08090536124427639,-1.819072689183102
84.39917922019958,1.9850283626525929,-0.07919576180527049,-1.8388620477333704
84.45094347000122,1.9850283626525929,-0.07919576180527049,-1.8388620477333704
84.49961304664612,1.9832304175544222,-0.07795677427107373,-1.8546591531736514
84.54958915710449,1.9832304175544222,-0.07795677427107373,-1.8546591531736514
84.59807538986206,1.9842722936361723,-0.07787487164920942,-1.8621358146637175
84.65281462669373,1.9842722936361723,-0.07787487164920942,-1.8621358146637175
84.6982958316803,1.985428716860185,-0.07396986873350897,-1.8596713541930345
84.74764394760132,1.985428716860185,-0.07396986873350897,-1.8596713541930345
84.79948616027832,1.9845753934088493,-0.07371008142616697,-1.857939795983919
84.84906315803528,1.9845753934088493,-0.07371008142616697,-1.857939795983919
84.89871001243591,1.9858328435552364,-0.07308691461866884,-1.8576346676108644
84.94809174537659,1.9858328435552364,-0.07308691461866884,-1.8576346676108644
84.99845719337463,1.9867584701885874,-0.0776617392200386,-1.8607974210874487
85.04924750328064,1.9867584701885874,-0.0776617392200386,-1.8607974210874487
85.09742760658264,1.9875199066423554,-0.08100067205822192,-1.8665310808864635
85.14935970306396,1.9875199066423554,-0.08100067205822192,-1.8665310808864635
85.19946789741516,1.9888768882468664,-0.08186962260191749,-1.8733952588623233
85.24805164337158,1.9888768882468664,-0.08186962260191749,-1.8733952588623233
85.29812002182007,1.9853070688405696,-0.08463418805156858,-1.873817873869986
85.35064387321472,1.9853070688405696,-0.08463418805156858,-1.873817873869986
85.39882493019104,1.9872881519078602,-0.08219778858414295,-1.8748286412226796
85.44899082183838,1.9872881519078602,-0.08219778858414295,-1.8748286412226796
85.49814701080322,1.99078164109807,-0.0828404656772761,-1.8723716560869903
85.54857873916626,1.99078164109807,-0.0828404656772761,-1.8723716560869903
85.59892106056213,1.987720173316793,-0.0826545116399679,-1.8695941107529783
85.64723563194275,1.987720173316793,-0.0826545116399679,-1.8695941107529783
85.69789052009583,1.9873499422098002,-0.08192951535194443,-1.8613085510609406
85.75156950950623,1.9873499422098002,-0.08192951535194443,-1.8613085510609406
85.79909706115723,1.9890607075120414,-0.08365422330958633,-1.842021427106255
85.8494644165039,1.9890607075120414,-0.08365422330958633,-1.842021427106255
85.89747881889343,1.9913729833520326,-0.0793475646453613,-1.8079309282272258
85.94894981384277,1.9913729833520326,-0.0793475646453613,-1.8079309282272258
85.99835443496704,1.993545122281705,-0.07940251634886336,-1.7625144697998083
86.04989981651306,1.993545122281705,-0.07940251634886336,-1.7625144697998083
86.09793138504028,1.9974832564042864,-0.07758216334567014,-1.7065189030860013
86.14798974990845,1.9974832564042864,-0.07758216334567014,-1.7065189030860013
86.20015072822571,1.9987225800822233,-0.07856616460430066,-1.6347446037251272
86.24941730499268,1.9987225800822233,-0.07856616460430066,-1.6347446037251272
86.29818177223206,2.0053893745091305,-0.07825495476784183,-1.552802484303027
86.34711408615112,2.0053893745091305,-0.07825495476784183,-1.552802484303027
86.39828848838806,2.0111128179511573,-0.07652272310350294,-1.4581567133094955
86.45090651512146,2.0111128179511573,-0.07652272310350294,-1.4581567133094955
86.49763011932373,2.019424298466478,-0.07248043887665301,-1.3623861448465986
86.54714226722717,2.019424298466478,-0.07248043887665301,-1.3623861448465986
86.59950280189514,2.033791134086261,-0.06792815065416447,-1.2606955341333113
86.64757776260376,2.033791134086261,-0.06792815065416447,-1.2606955341333113
86.69767141342163,2.0411331817610536,-0.06715572333795089,-1.158125035834342
86.74858665466309,2.0411331817610536,-0.06715572333795089,-1.158125035834342
86.7980728149414,2.0411331817610536,-0.06715572333795089,-1.158125035834342
86.84831809997559,2.0427772849581833,-0.06399627415308734,-1.0500780018186104
86.90117287635803,2.051746125196968,-0.06851665932555107,-0.9422474603506485
86.94783401489258,2.051746125196968,-0.06851665932555107,-0.9422474603506485
86.9972665309906,2.0621748574930416,-0.07260528918768216,-0.8348675836894348
87.049161195755,2.0621748574930416,-0.07260528918768216,-0.8348675836894348
87.09913396835327,2.0730834542177616,-0.06775141725106243,-0.7291432944457138
87.15119075775146,2.0730834542177616,-0.06775141725106243,-0.7291432944457138
87.1984384059906,2.07831542069255,-0.06397254510425016,-0.6242063521996125
87.25002121925354,2.07831542069255,-0.06397254510425016,-0.6242063521996125
87.29819774627686,2.0812102513087067,-0.05755742546437218,-0.5160801144519834
87.34869861602783,2.0812102513087067,-0.05755742546437218,-0.5160801144519834
87.39809513092041,2.0838686938067426,-0.04906342447584936,-0.4121781250178227
87.44841241836548,2.0838686938067426,-0.04906342447584936,-0.4121781250178227
87.49923729896545,2.0873412060501533,-0.04414712326998705,-0.3167139807588717
87.54814743995667,2.0873412060501533,-0.04414712326998705,-0.3167139807588717
87.59718728065491,2.087490648938161,-0.039013178975180605,-0.23420923426455204
87.64827346801758,2.087490648938161,-0.039013178975180605,-0.23420923426455204
87.70222473144531,2.0889772498231576,-0.037628035079096074,-0.1763559629283112
87.75038146972656,2.0889772498231576,-0.037628035079096074,-0.1763559629283112
87.79949188232422,2.089235568416898,-0.035459854624707354,-0.13238078250017304
87.84870553016663,2.089235568416898,-0.035459854624707354,-0.13238078250017304
87.89972829818726,2.0985403860286445,-0.036388247669992636,-0.11717215949908756
87.94751453399658,2.0985403860286445,-0.036388247669992636,-0.11717215949908756
87.99759435653687,2.116357882251296,-0.033013582296259884,-0.10603193076510845
88.04752206802368,2.116357882251296,-0.033013582296259884,-0.10603193076510845
88.09910941123962,2.1326531840463074,-0.02948887865013812,-0.10379827549063915
88.14801526069641,2.1326531840463074,-0.02948887865013812,-0.10379827549063915
88.19831895828247,2.1465370712800365,-0.03068122717127244,-0.11119197642074592
88.25340628623962,2.1465370712800365,-0.03068122717127244,-0.11119197642074592
88.29840731620789,2.1615109853561094,-0.03472317829539306,-0.12990647244569384
88.34806632995605,2.1615109853561094,-0.03472317829539306,-0.12990647244569384
88.39829087257385,2.1816532705014318,-0.0380437177503806,-0.15391924115740138
88.44779109954834,2.1816532705014318,-0.0380437177503806,-0.15391924115740138
88.49925327301025,2.2053109577959527,-0.04457903147181081,-0.1828347381353062
88.5487470626831,2.2053109577959527,-0.04457903147181081,-0.1828347381353062
88.5998203754425,2.2216876782611283,-0.050102419021287085,-0.22099881491907658
88.64796543121338,2.2216876782611283,-0.050102419021287085,-0.22099881491907658
88.69832062721252,2.2443965112335276,-0.05541021495160003,-0.25872167934163803
88.74791502952576,2.2443965112335276,-0.05541021495160003,-0.25872167934163803
88.79855227470398,2.2673310827592594,-0.05818358720288442,-0.29521924216897383
88.84810662269592,2.2673310827592594,-0.05818358720288442,-0.29521924216897383
88.89778804779053,2.2879041845820325,-0.06378892565313146,-0.33591189555284034
88.94874978065491,2.2879041845820325,-0.06378892565313146,-0.33591189555284034
88.99971747398376,2.308255249141605,-0.0747131642519637,-0.37530753464752953
89.04803323745728,2.308255249141605,-0.0747131642519637,-0.37530753464752953
89.09814810752869,2.3266119027279144,-0.09170771850701415,-0.4190266209573591
89.1521725654602,2.3266119027279144,-0.09170771850701415,-0.4190266209573591
89.19848227500916,2.33875738066346,-0.10347425197068044,-0.46847587726667866
89.24766111373901,2.33875738066346,-0.10347425197068044,-0.46847587726667866
89.29800033569336,2.3463023989708285,-0.11327241585977174,-0.5266776670507853
89.35108017921448,2.3463023989708285,-0.11327241585977174,-0.5266776670507853
89.39823889732361,2.3533319172929783,-0.12520011227283281,-0.5868434891883114
89.4502489566803,2.3533319172929783,-0.12520011227283281,-0.5868434891883114
89.49944257736206,2.361015978568365,-0.13511868874644056,-0.6504723249513905
89.54874634742737,2.361015978568365,-0.13511868874644056,-0.6504723249513905
89.59803032875061,2.3662339295432133,-0.142195805107822,-0.7236689015010275
89.64989614486694,2.3662339295432133,-0.142195805107822,-0.7236689015010275
89.6983163356781,2.363658733618802,-0.15012609388492545,-0.8048085826129403
89.75022959709167,2.363658733618802,-0.15012609388492545,-0.8048085826129403
89.79896998405457,2.360972063545307,-0.16012410276926675,-0.8939639630347452
89.8484377861023,2.360972063545307,-0.16012410276926675,-0.8939639630347452
89.89745759963989,2.361975598973923,-0.1641739431607186,-0.9942830611716466
89.94802641868591,2.361975598973923,-0.1641739431607186,-0.9942830611716466
89.99740266799927,2.3605644035239726,-0.1742268212812922,-1.098290766201252
90.04970455169678,2.3605644035239726,-0.1742268212812922,-1.098290766201252
90.09753942489624,2.353742538476139,-0.17419160089954877,-1.2054646528554291
90.14852237701416,2.353742538476139,-0.17419160089954877,-1.2054646528554291
90.19767832756042,2.348562255035157,-0.18170931419712272,-1.3138981926861109
90.24845218658447,2.348562255035157,-0.18170931419712272,-1.3138981926861109
90.29744958877563,2.346210891589603,-0.18571679162775967,-1.4196118992364708
90.34895157814026,2.346210891589603,-0.18571679162775967,-1.4196118992364708
90.39748883247375,2.3400817382721018,-0.19457592074838076,-1.526564193687187
90.44941687583923,2.3400817382721018,-0.19457592074838076,-1.526564193687187
90.49799299240112,2.33066149018674,-0.2080828829372982,-1.626977542031076
90.5472161769867,2.33066149018674,-0.2080828829372982,-1.626977542031076
90.59733819961548,2.3202752372171336,-0.22412344807370843,-1.7195887538332013
90.64888644218445,2.3202752372171336,-0.22412344807370843,-1.7195887538332013
90.69857907295227,2.3094165702017158,-0.2451009191284495,-1.796174832912853
90.74784207344055,2.3094165702017158,-0.2451009191284495,-1.796174832912853
90.79975175857544,2.3035619310789057,-0.26874898544450443,-1.8687612040435384
90.84892964363098,2.3035619310789057,-0.26874898544450443,-1.8687612040435384
90.89728093147278,2.2940935356137278,-0.2968893746889045,-1.939408323147456
90.94825410842896,2.2940935356137278,-0.2968893746889045,-1.939408323147456
91.00100564956665,2.286389364535639,-0.3138914198588561,-2.0049317177832577
91.04943585395813,2.286389364535639,-0.3138914198588561,-2.0049317177832577
91.09729146957397,2.272493502910023,-0.3338856954806069,-2.0656201716320135
91.14727330207825,2.272493502910023,-0.3338856954806069,-2.0656201716320135
91.19921135902405,2.257912834152301,-0.35223710067354513,-2.116284299067636
91.24841833114624,2.257912834152301,-0.35223710067354513,-2.116284299067636
91.29878497123718,2.24731566126556,-0.3741196402162085,-2.155790587088286
91.35330533981323,2.24731566126556,-0.3741196402162085,-2.155790587088286
91.40066933631897,2.2322647449384263,-0.3887161584330589,-2.1785709653711667
91.4515597820282,2.2322647449384263,-0.3887161584330589,-2.1785709653711667
91.49964547157288,2.2214664056064777,-0.4036445924784863,-2.191614388552732
91.5479838848114,2.2214664056064777,-0.4036445924784863,-2.191614388552732
91.59829139709473,2.207138587520004,-0.421792061056559,-2.194065574362854
91.65085911750793,2.207138587520004,-0.421792061056559,-2.194065574362854
91.69812965393066,2.191711525103176,-0.44248887196023473,-2.1907450610370636
91.74947166442871,2.191711525103176,-0.44248887196023473,-2.1907450610370636
91.79929780960083,2.191711525103176,-0.44248887196023473,-2.1907450610370636
91.84875798225403,2.1765222292845454,-0.4619255716727902,-2.182060693173655
91.89895534515381,2.166186201319918,-0.49064493050501445,-2.1555193441588205
91.94828987121582,2.166186201319918,-0.49064493050501445,-2.1555193441588205
92.00038146972656,2.157861002560285,-0.5191235255435287,-2.1188773517620194
92.04854464530945,2.157861002560285,-0.5191235255435287,-2.1188773517620194
92.09742975234985,2.149613803048405,-0.5451816956984928,-2.0780340823568313
92.14735007286072,2.149613803048405,-0.5451816956984928,-2.0780340823568313
92.19779467582703,2.1381840136302763,-0.5708230039433722,-2.03744997039735
92.24851965904236,2.1381840136302763,-0.5708230039433722,-2.03744997039735
92.29902863502502,2.1268319404209395,-0.5997042164939141,-1.9974396455335426
92.34874153137207,2.1268319404209395,-0.5997042164939141,-1.9974396455335426
92.400630235672,2.118890235635674,-0.6306387044875074,-1.9585722291886547
92.44782567024231,2.118890235635674,-0.6306387044875074,-1.9585722291886547
92.49865221977234,2.111554638088501,-0.6591558955251984,-1.9241719024355846
92.54933977127075,2.111554638088501,-0.6591558955251984,-1.9241719024355846
92.59792947769165,2.100926870480807,-0.6874110763106684,-1.8931799530528384
92.64810514450073,2.100926870480807,-0.6874110763106684,-1.8931799530528384
92.70023131370544,2.0955065295235578,-0.7168593428840703,-1.867586217485193
92.74799299240112,2.0955065295235578,-0.7168593428840703,-1.867586217485193
92.7978401184082,2.0955065295235578,-0.7168593428840703,-1.867586217485193
92.84792017936707,2.08507374285771,-0.7488425606159609,-1.8464016608293412
92.8985869884491,2.081299449914142,-0.7831193704549192,-1.8298533190433497
92.94945406913757,2.081299449914142,-0.7831193704549192,-1.8298533190433497
92.99792432785034,2.0764571676512302,-0.8162076852653318,-1.8203019926530242
93.04815363883972,2.0764571676512302,-0.8162076852653318,-1.8203019926530242
93.09832453727722,2.0730514413902945,-0.8524964831292022,-1.8126358139558763
93.14943218231201,2.0730514413902945,-0.8524964831292022,-1.8126358139558763
93.19880223274231,2.0639277539602388,-0.8852344004563338,-1.8044508072102954
93.24803471565247,2.0639277539602388,-0.8852344004563338,-1.8044508072102954
93.3017795085907,2.0583359781010735,-0.9179648847623524,-1.7932466383175385
93.34772610664368,2.0583359781010735,-0.9179648847623524,-1.7932466383175385
93.40015912055969,2.0528857568912953,-0.9534488850768316,-1.7833985734452131
93.44833397865295,2.0528857568912953,-0.9534488850768316,-1.7833985734452131
93.49954867362976,2.047192198188416,-0.9901912228284905,-1.7754185984874977
93.54890370368958,2.047192198188416,-0.9901912228284905,-1.7754185984874977
93.59784245491028,2.0412030881117005,-1.021417100951876,-1.7672276559145341
93.64787292480469,2.0412030881117005,-1.021417100951876,-1.7672276559145341
93.69885301589966,2.035672777305969,-1.0545238061240798,-1.7610346864628674
93.7483983039856,2.035672777305969,-1.0545238061240798,-1.7610346864628674
93.79744458198547,2.0332556368814654,-1.091605272955897,-1.7564770965341903
93.84806323051453,2.0332556368814654,-1.091605272955897,-1.7564770965341903
93.89803051948547,2.028602563237204,-1.1242320386523417,-1.753738461174271
93.94890475273132,2.028602563237204,-1.1242320386523417,-1.753738461174271
93.99952173233032,2.022656083534791,-1.1599935603335012,-1.7522069348889762
94.04815435409546,2.022656083534791,-1.1599935603335012,-1.7522069348889762
94.09786081314087,2.0171568524936703,-1.1930059550377239,-1.7495383662353177
94.15081906318665,2.0171568524936703,-1.1930059550377239,-1.7495383662353177
94.19891929626465,2.0174460193498236,-1.2241461364561683,-1.746399142558047
94.25093984603882,2.0174460193498236,-1.2241461364561683,-1.746399142558047
94.2985451221466,2.0107490059665736,-1.2585886465809724,-1.7422429578954721
94.34904360771179,2.0107490059665736,-1.2585886465809724,-1.7422429578954721
94.39850306510925,2.0061775484775906,-1.2922833946555647,-1.7381785444154274
94.55028796195984,2.0061775484775906,-1.2922833946555647,-1.7381785444154274
94.64957237243652,2.0061775484775906,-1.2922833946555647,-1.7381785444154274
94.74421668052673,2.0033848766339393,-1.3241370162351274,-1.7369080349896904
94.7477068901062,2.0015665567109835,-1.3582137583207543,-1.7339404067367847
94.7504141330719,1.9976087408703698,-1.394124138493986,-1.7308988231050124
94.798086643219,1.9976087408703698,-1.394124138493986,-1.7308988231050124
94.84743237495422,1.9929757295132358,-1.4295705707917352,-1.7250265353604295
94.89811491966248,1.98954627522993,-1.4647671731080318,-1.7171576500265484
94.94902324676514,1.98954627522993,-1.4647671731080318,-1.7171576500265484
95.00160312652588,1.9874835546602536,-1.4983331001857696,-1.7044371814339934
95.04789614677429,1.9874835546602536,-1.4983331001857696,-1.7044371814339934
95.09778714179993,1.987730529943432,-1.5272477564201075,-1.6926840472124516
95.1488847732544,1.987730529943432,-1.5272477564201075,-1.6926840472124516
95.19811630249023,1.9849261025371898,-1.5486822721671047,-1.6839995361573432
95.24776577949524,1.9849261025371898,-1.5486822721671047,-1.6839995361573432
95.29812836647034,1.9861201387244327,-1.5707705715508187,-1.680567472243692
95.35281229019165,1.9861201387244327,-1.5707705715508187,-1.680567472243692
95.39752650260925,1.9869110154850078,-1.5856970004407835,-1.6831978176301887
95.44812631607056,1.9869110154850078,-1.5856970004407835,-1.6831978176301887
95.49785733222961,1.9878480205379907,-1.5954388877413395,-1.6949081339173153
95.54746603965759,1.9878480205379907,-1.5954388877413395,-1.6949081339173153
95.59747123718262,1.981747599052617,-1.5983638766493993,-1.7201978138800447
95.64924240112305,1.981747599052617,-1.5983638766493993,-1.7201978138800447
95.70191693305969,1.9777905249346517,-1.6028075696950845,-1.7462310013205908
95.74925351142883,1.9777905249346517,-1.6028075696950845,-1.7462310013205908
95.7973985671997,1.9727433004456272,-1.6037385821842296,-1.7813226363386263
95.84919619560242,1.9727433004456272,-1.6037385821842296,-1.7813226363386263
95.90038847923279,1.9629144447561353,-1.6018620637366228,-1.8273111128744022
95.94967746734619,1.9629144447561353,-1.6018620637366228,-1.8273111128744022
95.9986662864685,1.9564273511805312,-1.602095989579038,-1.8847652823303356
96.04790425300598,1.9564273511805312,-1.602095989579038,-1.8847652823303356
96.09954237937927,1.9507916823004405,-1.6101030368159015,-1.953691427564288
96.14775514602661,1.9507916823004405,-1.6101030368159015,-1.953691427564288
96.19804668426514,1.94304154071838,-1.6222464218340855,-2.031047871317204
96.25003242492676,1.94304154071838,-1.6222464218340855,-2.031047871317204
96.29740333557129,1.9399800286843598,-1.6294653375874724,-2.1198261913625154
96.35108876228333,1.9399800286843598,-1.6294653375874724,-2.1198261913625154
96.40087294578552,1.9312107771458817,-1.6310847991550699,-2.2157060051777333
96.45192456245422,1.9312107771458817,-1.6310847991550699,-2.2157060051777333
96.49751567840576,1.927829789000841,-1.6304388558785041,-2.316475209494572
96.54725360870361,1.927829789000841,-1.6304388558785041,-2.316475209494572
96.59859561920166,1.9190256393271008,-1.622250955343457,-2.4251351176537974
96.64756631851196,1.9190256393271008,-1.622250955343457,-2.4251351176537974
96.69814682006836,1.9103144190189612,-1.615804068445921,-2.5242930169915474
96.74762654304504,1.9103144190189612,-1.615804068445921,-2.5242930169915474
96.79965019226074,1.9003869990537232,-1.607501852882677,-2.6108066494927975
96.85010147094727,1.9003869990537232,-1.607501852882677,-2.6108066494927975
96.89761853218079,1.8862374379795235,-1.6111431022505234,-2.6736396677762344
96.94955897331238,1.8862374379795235,-1.6111431022505234,-2.6736396677762344
96.99846935272217,1.8796911877593374,-1.6138385753747848,-2.718336628701391
97.048752784729,1.8796911877593374,-1.6138385753747848,-2.718336628701391
97.10016417503357,1.8685418479013245,-1.615272090356858,-2.740872019648701
97.14988970756531,1.8685418479013245,-1.615272090356858,-2.740872019648701
97.19723582267761,1.8640046634854779,-1.6182708554452767,-2.7554800226177467
97.24770522117615,1.8640046634854779,-1.6182708554452767,-2.7554800226177467
97.2970769405365,1.853850210546115,-1.621555413799926,-2.7601804883585888
97.34829211235046,1.853850210546115,-1.621555413799926,-2.7601804883585888
97.3978590965271,1.8496456971461608,-1.6269772451909703,-2.7571259065650144
97.44789171218872,1.8496456971461608,-1.6269772451909703,-2.7571259065650144
97.49907279014587,1.837285297550516,-1.6294707690344272,-2.7482221408877052
97.54945254325867,1.837285297550516,-1.6294707690344272,-2.7482221408877052
97.59710812568665,1.8323398889373361,-1.6354524676976463,-2.7335926323614412
97.64934539794922,1.8323398889373361,-1.6354524676976463,-2.7335926323614412
97.69845223426819,1.8246983185177708,-1.6416566423025158,-2.7116828705950513
97.74749755859375,1.8246983185177708,-1.6416566423025158,-2.7116828705950513
97.79696130752563,1.8115537756761497,-1.6508715462055554,-2.6838501390893206
97.84713768959045,1.8115537756761497,-1.6508715462055554,-2.6838501390893206
97.89752984046936,1.8064607201886773,-1.6574119409619752,-2.6451000896754944
97.94812560081482,1.8064607201886773,-1.6574119409619752,-2.6451000896754944
97.99757981300354,1.7970151358659814,-1.6641421077597534,-2.599338453380831
98.04829478263855,1.7970151358659814,-1.6641421077597534,-2.599338453380831
98.09691667556763,1.7875745926340183,-1.6727750518715745,-2.5555402388659925
98.14759969711304,1.7875745926340183,-1.6727750518715745,-2.5555402388659925
98.19694018363953,1.7839861341996686,-1.6823629291074844,-2.5129092237009467
98.25034070014954,1.7839861341996686,-1.6823629291074844,-2.5129092237009467
98.29779577255249,1.782289566859461,-1.6911164608550135,-2.4693661462805454
98.34728622436523,1.782289566859461,-1.6911164608550135,-2.4693661462805454
98.39748883247375,1.7717835790512668,-1.7032165014260303,-2.4217032229151405
98.45022702217102,1.7717835790512668,-1.7032165014260303,-2.4217032229151405
98.497971534729,1.7645759381563229,-1.7162345901782055,-2.3697951447760714
98.54804873466492,1.7645759381563229,-1.7162345901782055,-2.3697951447760714
98.59722685813904,1.757745742999268,-1.7332549673067594,-2.314649751593328
98.64753007888794,1.757745742999268,-1.7332549673067594,-2.314649751593328
98.7126932144165,1.7490791280151663,-1.754075775268477,-2.2562316115038463
98.75984859466553,1.7490791280151663,-1.754075775268477,-2.2562316115038463
98.79910731315613,1.7490791280151663,-1.754075775268477,-2.2562316115038463
98.8476767539978,1.7490791280151663,-1.754075775268477,-2.2562316115038463
98.89938855171204,1.7388854880484235,-1.7696986045558052,-2.194016925774318
98.95147919654846,1.7388854880484235,-1.7696986045558052,-2.194016925774318
98.99716591835022,1.7262302456459364,-1.8064491830874587,-2.079286930830493
99.04702830314636,1.7262302456459364,-1.8064491830874587,-2.079286930830493
99.09751915931702,1.7265839354960544,-1.8206990211457352,-2.027450049085564
99.14702844619751,1.7265839354960544,-1.8206990211457352,-2.027450049085564
99.19944143295288,1.721624657838474,-1.8338906603736986,-1.9768416324026037
99.24775719642639,1.721624657838474,-1.8338906603736986,-1.9768416324026037
99.29704713821411,1.7219626124713157,-1.845753204200446,-1.930895230176016
99.35034227371216,1.7219626124713157,-1.845753204200446,-1.930895230176016
99.39793229103088,1.7209519609746093,-1.8633399712730285,-1.885146382030598
99.44710183143616,1.7209519609746093,-1.8633399712730285,-1.885146382030598
99.49706935882568,1.7169957318752973,-1.8836479963694108,-1.8350222178309203
99.54722189903259,1.7169957318752973,-1.8836479963694108,-1.8350222178309203
99.59715580940247,1.7143745353397672,-1.9079555222504512,-1.7801697902219418
99.64738011360168,1.7143745353397672,-1.9079555222504512,-1.7801697902219418
99.69709014892578,1.7127090903123074,-1.9354660057021755,-1.7232817705903898
99.74745321273804,1.7127090903123074,-1.9354660057021755,-1.7232817705903898
99.79745650291443,1.7105372704886077,-1.9618233532255211,-1.6746744389733788
99.84835529327393,1.7105372704886077,-1.9618233532255211,-1.6746744389733788
99.89723944664001,1.7105433078992982,-1.9962997122894839,-1.6357202527331574
99.94706988334656,1.7105433078992982,-1.9962997122894839,-1.6357202527331574
99.99801659584045,1.711132650254646,-2.0365988569940767,-1.6119811891679923
100.0473940372467,1.711132650254646,-2.0365988569940767,-1.6119811891679923
100.09810066223145,1.717465637175063,-2.0750892463121438,-1.5966841504446827
100.1484968662262,1.717465637175063,-2.0750892463121438,-1.5966841504446827
100.19795036315918,1.720919057235861,-2.1137180396193886,-1.5848921400848102
100.24887204170227,1.720919057235861,-2.1137180396193886,-1.5848921400848102
100.29775094985962,1.7232354256001525,-2.153733217311652,-1.5734795084368562
100.34884643554688,1.7232354256001525,-2.153733217311652,-1.5734795084368562
100.39657998085022,1.7289953353422811,-2.1883397768962873,-1.5593671726487073
100.4500687122345,1.7289953353422811,-2.1883397768962873,-1.5593671726487073
100.49721217155457,1.7339884521422502,-2.224902389349213,-1.5423496201235478
100.54807043075562,1.7339884521422502,-2.224902389349213,-1.5423496201235478
100.59735560417175,1.7354346019020521,-2.252957923547131,-1.5234262505581035
100.64729380607605,1.7354346019020521,-2.252957923547131,-1.5234262505581035
100.69728875160217,1.7349612790376783,-2.285619488756258,-1.5041974119319623
100.74703741073608,1.7349612790376783,-2.285619488756258,-1.5041974119319623
100.79835677146912,1.7397677895886636,-2.3142700819236683,-1.4851393881382973
100.84875345230103,1.7397677895886636,-2.3142700819236683,-1.4851393881382973
100.89729762077332,1.7393832446918738,-2.3497367136198495,-1.4700798635985464
100.94850420951843,1.7393832446918738,-2.3497367136198495,-1.4700798635985464
100.99699568748474,1.7425249363207784,-2.375884932189769,-1.4552876457613142
101.04763197898865,1.7425249363207784,-2.375884932189769,-1.4552876457613142
101.09739708900452,1.7494251540981758,-2.409163409071533,-1.4433836789999368
101.14782238006592,1.7494251540981758,-2.409163409071533,-1.4433836789999368
101.19748592376709,1.758574933166156,-2.4424672368392177,-1.4360452544946725
101.2475574016571,1.758574933166156,-2.4424672368392177,-1.4360452544946725
101.29737448692322,1.767117442832206,-2.473875804439171,-1.4247836441805577
101.3478946685791,1.767117442832206,-2.473875804439171,-1.4247836441805577
101.3971757888794,1.7740169956814065,-2.504734477437239,-1.4144891930224812
101.44731903076172,1.7740169956814065,-2.504734477437239,-1.4144891930224812
101.496737241745,1.7812168696172577,-2.5385655893249326,-1.4029299658809133
101.5482850074768,1.7812168696172577,-2.5385655893249326,-1.4029299658809133
101.59794735908508,1.7905698813325095,-2.5670426748514763,-1.382690467250287
101.6470901966095,1.7905698813325095,-2.5670426748514763,-1.382690467250287
101.69790434837341,1.802134342775189,-2.596637690287898,-1.35935200795699
101.74915266036987,1.802134342775189,-2.596637690287898,-1.35935200795699
101.79898977279663,1.813442445720679,-2.618996205159502,-1.3293480151240722
101.84744882583618,1.813442445720679,-2.618996205159502,-1.3293480151240722
101.89768052101135,1.8233745472060578,-2.647163926966961,-1.2901988612407485
101.94797968864441,1.8233745472060578,-2.647163926966961,-1.2901988612407485
101.99747228622437,1.8348541063065171,-2.6669950255872528,-1.2404091675702238
102.04702162742615,1.8348541063065171,-2.6669950255872528,-1.2404091675702238
102.09693551063538,1.8410240629211587,-2.6896363648374915,-1.1831241787047861
102.14886212348938,1.8410240629211587,-2.6896363648374915,-1.1831241787047861
102.19777035713196,1.8521759706524097,-2.7097660477978716,-1.111534389160693
102.2470440864563,1.8521759706524097,-2.7097660477978716,-1.111534389160693
102.29762172698975,1.8607089000079446,-2.7230834534219666,-1.041394063397728
102.34693694114685,1.8607089000079446,-2.7230834534219666,-1.041394063397728
102.39799189567566,1.8734263101045026,-2.739924277707511,-0.9687296587978123
102.44772100448608,1.8734263101045026,-2.739924277707511,-0.9687296587978123
102.49768733978271,1.893320946327872,-2.7496394562864124,-0.8980933949769171
102.5483775138855,1.893320946327872,-2.7496394562864124,-0.8980933949769171
102.59850883483887,1.9087256532775931,-2.759960563501868,-0.8353847322148799
102.65064287185669,1.9087256532775931,-2.759960563501868,-0.8353847322148799
102.69775462150574,1.9087256532775931,-2.759960563501868,-0.8353847322148799
102.74904870986938,1.9087256532775931,-2.759960563501868,-0.8353847322148799
102.79895520210266,1.9087256532775931,-2.759960563501868,-0.8353847322148799
102.84845304489136,1.9343513945844653,-2.773821407760959,-0.7397634911782149
102.90047359466553,1.942535261297553,-2.7833531664160334,-0.723416810473616
102.94788575172424,1.942535261297553,-2.7833531664160334,-0.723416810473616
102.9978973865509,1.94418241842113,-2.7836047683527387,-0.7162528645239286
103.04898524284363,1.94418241842113,-2.7836047683527387,-0.7162528645239286
103.09832382202148,1.9444843020492504,-2.7803135778649124,-0.7200287607637206
103.14938402175903,1.9444843020492504,-2.7803135778649124,-0.7200287607637206
103.19814991950989,1.9425347684517373,-2.7759412926402893,-0.7255525449680295
103.24800562858582,1.9425347684517373,-2.7759412926402893,-0.7255525449680295
103.29800367355347,1.9393358288982954,-2.7737415689551037,-0.7346912777732854
103.34742665290833,1.9393358288982954,-2.7737415689551037,-0.7346912777732854
103.39786410331726,1.9367848237495144,-2.7746775120886915,-0.7495017491470266
103.4476330280304,1.9367848237495144,-2.7746775120886915,-0.7495017491470266
103.49766731262207,1.932602953798045,-2.7764557174716376,-0.7740595058807134
103.54833507537842,1.932602953798045,-2.7764557174716376,-0.7740595058807134
103.6000623703003,1.9320094501281482,-2.7767372290796013,-0.807319338456666
103.6482744216919,1.9320094501281482,-2.7767372290796013,-0.807319338456666
103.69715809822083,1.9272505773118922,-2.7809723498104475,-0.8506784212055493
103.74810814857483,1.9272505773118922,-2.7809723498104475,-0.8506784212055493
103.8008804321289,1.924508456109132,-2.788700474487519,-0.9077761972875943
103.84993982315063,1.924508456109132,-2.788700474487519,-0.9077761972875943
103.89722204208374,1.924338259957887,-2.793763272811178,-0.9725358126928665
103.9492552280426,1.924338259957887,-2.793763272811178,-0.9725358126928665
104.00012993812561,1.9265724930914716,-2.7963835751675026,-1.0439730804125646
104.04829859733582,1.9265724930914716,-2.7963835751675026,-1.0439730804125646
104.09814429283142,1.9221371485671381,-2.7996218734714886,-1.1268447529411745
104.14876103401184,1.9221371485671381,-2.7996218734714886,-1.1268447529411745
104.1983802318573,1.9178106145562899,-2.8056412413262097,-1.2228368949333388
104.24823546409607,1.9178106145562899,-2.8056412413262097,-1.2228368949333388
104.29888343811035,1.9138133289409691,-2.8070001692514834,-1.3218226037945309
104.34808492660522,1.9138133289409691,-2.8070001692514834,-1.3218226037945309
104.39699792861938,1.9081245237473647,-2.812452578439338,-1.425529742393128
104.44790482521057,1.9081245237473647,-2.812452578439338,-1.425529742393128
104.5000057220459,1.8998472039659753,-2.8196970060306223,-1.5331722863723165
104.5471739768982,1.8998472039659753,-2.8196970060306223,-1.5331722863723165
104.59794878959656,1.8889446456962837,-2.8198958735154993,-1.6397208834051837
104.64731097221375,1.8889446456962837,-2.8198958735154993,-1.6397208834051837
104.6980311870575,1.8808033305581418,-2.8217336123615424,-1.7442838656639041
104.74841403961182,1.8808033305581418,-2.8217336123615424,-1.7442838656639041
104.79746150970459,1.873237856748753,-2.826044391661291,-1.8479548160733237
104.84770178794861,1.873237856748753,-2.826044391661291,-1.8479548160733237
104.89931774139404,1.8567521483843816,-2.8308214229387345,-1.954590290245598
104.94827628135681,1.8567521483843816,-2.8308214229387345,-1.954590290245598
104.99801754951477,1.8512464137515574,-2.8334519889705674,-2.061115306711513
105.04695773124695,1.8512464137515574,-2.8334519889705674,-2.061115306711513
105.09795331954956,1.8411924765818968,-2.8349621960834814,-2.171431522223981
105.15014505386353,1.8411924765818968,-2.8349621960834814,-2.171431522223981
105.1968150138855,1.8352773928973145,-2.8383234969606104,-2.2782291165536073
105.24795627593994,1.8352773928973145,-2.8383234969606104,-2.2782291165536073
105.2991406917572,1.8268870956610652,-2.8342188867703637,-2.3875481182444966
105.34730005264282,1.8268870956610652,-2.8342188867703637,-2.3875481182444966
105.39706254005432,1.8195890118013403,-2.832222293757581,-2.4901924379061904
105.44931244850159,1.8195890118013403,-2.832222293757581,-2.4901924379061904
105.49781465530396,1.8093409477239482,-2.8316567833030346,-2.5822685826360527
105.54747319221497,1.8093409477239482,-2.8316567833030346,-2.5822685826360527
105.59708380699158,1.7993570227601505,-2.830409086223023,-2.6557244762579684
105.65159678459167,1.7993570227601505,-2.830409086223023,-2.6557244762579684
105.70151019096375,1.7883411584278763,-2.8269936062656953,-2.711058556910052
105.7483696937561,1.7883411584278763,-2.8269936062656953,-2.711058556910052
105.797860622406,1.7738746160100172,-2.826779862577647,-2.7623679137648676
105.84776425361633,1.7738746160100172,-2.826779862577647,-2.7623679137648676
105.89657998085022,1.7613589461090366,-2.825824311551824,-2.814780848028148
105.94839143753052,1.7613589461090366,-2.825824311551824,-2.814780848028148
105.99789357185364,1.7468245023821145,-2.8221594203427927,-2.8724639488960526
106.05021452903748,1.7468245023821145,-2.8221594203427927,-2.8724639488960526
106.0976014137268,1.7238650376409013,-2.8262118786692896,-2.9320922239984553
106.14735984802246,1.7238650376409013,-2.8262118786692896,-2.9320922239984553
106.19688820838928,1.70475272110262,-2.827498195343759,-2.995812361000129
106.24857711791992,1.70475272110262,-2.827498195343759,-2.995812361000129
106.29794907569885,1.6856040300250579,-2.8290222397321694,-3.059896445447407
106.34714651107788,1.6856040300250579,-2.8290222397321694,-3.059896445447407
106.39777278900146,1.6641465049122595,-2.8261579771824095,-3.115408900315305
106.44817638397217,1.6641465049122595,-2.8261579771824095,-3.115408900315305
106.49674344062805,1.6408869593663293,-2.8214997324036126,3.113351508844927
106.54806184768677,1.6408869593663293,-2.8214997324036126,3.113351508844927
106.59752225875854,1.6214568112774896,-2.8190860982363595,3.064323919627792
106.66976404190063,1.6214568112774896,-2.8190860982363595,3.064323919627792
106.71360039710999,1.6214568112774896,-2.8190860982363595,3.064323919627792
106.74757957458496,1.6214568112774896,-2.8190860982363595,3.064323919627792
106.79773902893066,1.6214568112774896,-2.8190860982363595,3.064323919627792
106.84656739234924,1.6214568112774896,-2.8190860982363595,3.064323919627792
106.89718890190125,1.5491547627948978,-2.8002146058212682,2.9348996685218975
106.9641010761261,1.5491547627948978,-2.8002146058212682,2.9348996685218975
107.00605583190918,1.5491547627948978,-2.8002146058212682,2.9348996685218975
107.04788303375244,1.5222237357347022,-2.791868621333339,2.904225980041621
107.09831762313843,1.4887265443225637,-2.7838815259458465,2.8774124895084947
107.146812915802,1.4887265443225637,-2.7838815259458465,2.8774124895084947
107.19703078269958,1.4510943507946739,-2.7768519030419,2.8497480862858637
107.25056982040405,1.4510943507946739,-2.7768519030419,2.8497480862858637
107.29834008216858,1.420764952470363,-2.7694528320919223,2.8285605520693986
107.3472273349762,1.420764952470363,-2.7694528320919223,2.8285605520693986
107.3971836566925,1.3894574450493609,-2.7625538637191784,2.809693264109882
107.4466073513031,1.3894574450493609,-2.7625538637191784,2.809693264109882
107.49713206291199,1.3571117313974,-2.755324028317871,2.8011654397147545
107.5473461151123,1.3571117313974,-2.755324028317871,2.8011654397147545
107.59811782836914,1.3200254180768247,-2.744277367802403,2.7945012531804214
107.65054655075073,1.3200254180768247,-2.744277367802403,2.7945012531804214
107.69831371307373,1.2851627756187411,-2.732738112366569,2.7951864466501557
107.74793314933777,1.2851627756187411,-2.732738112366569,2.7951864466501557
107.79870581626892,1.2851627756187411,-2.732738112366569,2.7951864466501557
107.84786200523376,1.2524952308908226,-2.720424650311756,2.7940590957421154
107.89817070960999,1.223657165434674,-2.715114647102237,2.7952947183476717
107.94768261909485,1.223657165434674,-2.715114647102237,2.7952947183476717
107.99766683578491,1.1813912272599134,-2.7072641338203445,2.7967694703608426
108.04926824569702,1.1813912272599134,-2.7072641338203445,2.7967694703608426
108.09736227989197,1.1467201064479549,-2.6912832793320023,2.7988122292458564
108.14719009399414,1.1467201064479549,-2.6912832793320023,2.7988122292458564
108.1987977027893,1.107191681774363,-2.6804999892653254,2.7970792422194766
108.24801588058472,1.107191681774363,-2.6804999892653254,2.7970792422194766
108.298743724823,1.0734554554824245,-2.6682978964141464,2.7981712452372665
108.35212922096252,1.0734554554824245,-2.6682978964141464,2.7981712452372665
108.39749598503113,1.0392975071444275,-2.657652094244568,2.80345466589079
108.44797086715698,1.0392975071444275,-2.657652094244568,2.80345466589079
108.49924159049988,1.009522979913718,-2.642379628934376,2.8136471860791663
108.54960322380066,1.009522979913718,-2.642379628934376,2.8136471860791663
108.59818625450134,0.9800756000987771,-2.633946589982774,2.824968130013962
108.64994716644287,0.9800756000987771,-2.633946589982774,2.824968130013962
108.69734692573547,0.953564650727881,-2.6245259587160055,2.8325280107897997
108.7480354309082,0.953564650727881,-2.6245259587160055,2.8325280107897997
108.79790544509888,0.9191806452236706,-2.6205484060672686,2.841777288694165
108.84726881980896,0.9191806452236706,-2.6205484060672686,2.841777288694165
108.89839601516724,0.8906709117052187,-2.6182994879246393,2.848789483529713
108.94862174987793,0.8906709117052187,-2.6182994879246393,2.848789483529713
108.99816751480103,0.8612425913623463,-2.61667415335978,2.8574094705403
109.050133228302,0.8612425913623463,-2.61667415335978,2.8574094705403
109.10145425796509,0.8259888413986469,-2.610232327658337,2.8655439459706744
109.14731192588806,0.8259888413986469,-2.610232327658337,2.8655439459706744
109.19750785827637,0.7855524480950242,-2.6012512783217594,2.87071406370027
109.24758076667786,0.7855524480950242,-2.6012512783217594,2.87071406370027
109.2977147102356,0.7478806611341997,-2.595488048355663,2.8755467815966997
109.34784579277039,0.7478806611341997,-2.595488048355663,2.8755467815966997
109.39865517616272,0.7111781802679096,-2.5884357209112117,2.880305543024444
109.44851684570312,0.7111781802679096,-2.5884357209112117,2.880305543024444
109.50033950805664,0.6775404553622928,-2.586057644658739,2.8819697756726215
109.54969906806946,0.6775404553622928,-2.586057644658739,2.8819697756726215
109.59791541099548,0.6446466490153606,-2.578267176768792,2.8832269770173644
109.65019178390503,0.6446466490153606,-2.578267176768792,2.8832269770173644
109.69764685630798,0.6162994442052399,-2.5679349436040577,2.8777761000163333
109.74790453910828,0.6162994442052399,-2.5679349436040577,2.8777761000163333
109.7985987663269,0.5830579871688248,-2.554855617204693,2.869628268605675
109.84882640838623,0.5830579871688248,-2.554855617204693,2.869628268605675
109.90026211738586,0.5487488595034007,-2.5433216087189465,2.8540786071178403
109.94775676727295,0.5487488595034007,-2.5433216087189465,2.8540786071178403
109.9970235824585,0.5164435912542735,-2.533505111561608,2.835447965841485
110.04783368110657,0.5164435912542735,-2.533505111561608,2.835447965841485
110.09794211387634,0.48240516540777323,-2.5251281556531824,2.8110273056452715
110.14836168289185,0.48240516540777323,-2.5251281556531824,2.8110273056452715
110.19774913787842,0.4463946780677339,-2.516002674154203,2.7863103223171386
110.24839806556702,0.4463946780677339,-2.516002674154203,2.7863103223171386
110.29922366142273,0.4211413305445737,-2.5081458033315136,2.7643575520631702
110.34783244132996,0.4211413305445737,-2.5081458033315136,2.7643575520631702
110.39893889427185,0.39187265709229147,-2.494556822473218,2.744635566845376
110.44949102401733,0.39187265709229147,-2.494556822473218,2.744635566845376
110.49773502349854,0.3554818656934223,-2.4826576362738058,2.730771535063186
110.54764771461487,0.3554818656934223,-2.4826576362738058,2.730771535063186
110.59964728355408,0.32388732774361584,-2.468735582919224,2.720193706519794
110.64772415161133,0.32388732774361584,-2.468735582919224,2.720193706519794
110.69877338409424,0.2934254155497049,-2.4560017063285,2.705242186736934
110.75191593170166,0.2934254155497049,-2.4560017063285,2.705242186736934
110.79721117019653,0.25690250458744845,-2.4466103163809567,2.6978672513397655
110.84768843650818,0.25690250458744845,-2.4466103163809567,2.6978672513397655
110.89841675758362,0.2250482209026068,-2.4371104213093937,2.6962547263157592
110.94886946678162,0.2250482209026068,-2.4371104213093937,2.6962547263157592
110.99851179122925,0.18791820547884686,-2.4244316213983517,2.6940131061244883
111.05047726631165,0.18791820547884686,-2.4244316213983517,2.6940131061244883
111.09722352027893,0.15315285535480072,-2.4103869546340357,2.696206486957751
111.15106463432312,0.15315285535480072,-2.4103869546340357,2.696206486957751
111.19806385040283,0.11904938805449894,-2.3948713553589145,2.7003386458975434
111.24883604049683,0.11904938805449894,-2.3948713553589145,2.7003386458975434
111.30044031143188,0.08764640414153013,-2.379054943958722,2.7028036450375805
111.34809470176697,0.08764640414153013,-2.379054943958722,2.7028036450375805
111.39800024032593,0.05391878055845534,-2.362224085013439,2.706046857366787
111.44899678230286,0.05391878055845534,-2.362224085013439,2.706046857366787
111.49716377258301,0.02516596616168021,-2.348919076118089,2.707233467799713
111.55022978782654,0.02516596616168021,-2.348919076118089,2.707233467799713
111.59816765785217,-0.010486692868787506,-2.337066363944913,2.703514588032915
111.64920330047607,-0.010486692868787506,-2.337066363944913,2.703514588032915
111.69787096977234,-0.0420404580612162,-2.3253210692945596,2.698137904744735
111.74915599822998,-0.0420404580612162,-2.3253210692945596,2.698137904744735
111.79772877693176,-0.07518300695789498,-2.31737964987951,2.693681275458139
111.84894967079163,-0.07518300695789498,-2.31737964987951,2.693681275458139
111.89846801757812,-0.10366956625655244,-2.3045935466882255,2.691149414539694
111.95018672943115,-0.10366956625655244,-2.3045935466882255,2.691149414539694
111.99891924858093,-0.13425730273857006,-2.291380572794737,2.6903078861442578
112.0478847026825,-0.13425730273857006,-2.291380572794737,2.6903078861442578
112.09862875938416,-0.166376968508546,-2.2819959468239723,2.6891674811969963
112.14917087554932,-0.166376968508546,-2.2819959468239723,2.6891674811969963
112.1976523399353,-0.1979232949255359,-2.2673873697233575,2.691542661350613
112.24756217002869,-0.1979232949255359,-2.2673873697233575,2.691542661350613
112.29729986190796,-0.2297483658797822,-2.2522234854622414,2.6948733797327526
112.34814071655273,-0.2297483658797822,-2.2522234854622414,2.6948733797327526
112.39836430549622,-0.263328922148363,-2.238315902410113,2.7014816301363327
112.44793462753296,-0.263328922148363,-2.238315902410113,2.7014816301363327
112.49876642227173,-0.29611817010205893,-2.2204024457478613,2.7063090630356608
112.55015182495117,-0.29611817010205893,-2.2204024457478613,2.7063090630356608
112.59898018836975,-0.32741336903732077,-2.206026420467158,2.7072876872672613
112.64891862869263,-0.32741336903732077,-2.206026420467158,2.7072876872672613
112.69760060310364,-0.3601360934752923,-2.1929361659855786,2.709625839614056
112.74779343605042,-0.3601360934752923,-2.1929361659855786,2.709625839614056
112.80164408683777,-0.3601360934752923,-2.1929361659855786,2.709625839614056
112.84859442710876,-0.3967365175345984,-2.177802762792676,2.7070239590238616
112.89806365966797,-0.4281357267467325,-2.168343502785405,2.7075590521979827
112.94813656806946,-0.4281357267467325,-2.168343502785405,2.7075590521979827
112.99785566329956,-0.46195553491091085,-2.1584888962679805,2.707880208997542
113.0488760471344,-0.46195553491091085,-2.1584888962679805,2.707880208997542
113.10131573677063,-0.488191341325175,-2.1488844465296095,2.7103572907702422
113.14792990684509,-0.488191341325175,-2.1488844465296095,2.7103572907702422
113.19959592819214,-0.517611783654147,-2.135320470904351,2.7148654293217453
113.25073099136353,-0.517611783654147,-2.135320470904351,2.7148654293217453
113.29913353919983,-0.5468103585939137,-2.118135001641042,2.7153911504908446
113.34935116767883,-0.5468103585939137,-2.118135001641042,2.7153911504908446
113.3985538482666,-0.5790862500854337,-2.104691694945876,2.72004841304791
113.44721746444702,-0.5790862500854337,-2.104691694945876,2.72004841304791
113.49971652030945,-0.6211627228870273,-2.096584094173104,2.732356744372818
113.55258965492249,-0.6211627228870273,-2.096584094173104,2.732356744372818
113.597083568573,-0.6554204643516448,-2.0876810275874096,2.747705611652035
113.64895415306091,-0.6554204643516448,-2.0876810275874096,2.747705611652035
113.69785809516907,-0.6851703077939476,-2.0799663451187445,2.7731032440633534
113.74971318244934,-0.6851703077939476,-2.0799663451187445,2.7731032440633534
113.79782891273499,-0.7174505426478708,-2.0695214474260286,2.7968844687989756
113.84845566749573,-0.7174505426478708,-2.0695214474260286,2.7968844687989756
113.89949750900269,-0.7405202863453573,-2.0620131772812234,2.8242488136431336
113.94863533973694,-0.7405202863453573,-2.0620131772812234,2.8242488136431336
113.99811124801636,-0.7707408442566548,-2.0555028764649945,2.8578629956191164
114.04844546318054,-0.7707408442566548,-2.0555028764649945,2.8578629956191164
114.09866237640381,-0.80070463638638,-2.0526912492331344,2.898251428864319
114.14835619926453,-0.80070463638638,-2.0526912492331344,2.898251428864319
114.19792556762695,-0.8315920317527845,-2.0460469491130104,2.938509675939546
114.24693846702576,-0.8315920317527845,-2.0460469491130104,2.938509675939546
114.29695439338684,-0.8647582817109958,-2.0442269247359612,2.97206997617289
114.34703922271729,-0.8647582817109958,-2.0442269247359612,2.97206997617289
114.3969476222992,-0.8993436010589182,-2.041942394043187,3.0039689878610054
114.4472291469574,-0.8993436010589182,-2.041942394043187,3.0039689878610054
114.49692440032959,-0.9258308724296296,-2.044600876852326,3.027417178235759
114.54816675186157,-0.9258308724296296,-2.044600876852326,3.027417178235759
114.5981342792511,-0.9546522761764447,-2.041377892646369,3.045030892011856
114.6475567817688,-0.9546522761764447,-2.041377892646369,3.045030892011856
114.69799137115479,-0.9896616060109751,-2.0412298468660697,3.050313189668724
114.74753880500793,-0.9896616060109751,-2.0412298468660697,3.050313189668724
114.79686760902405,-1.0287019401346376,-2.0423695902417065,3.051652656314726
114.84747242927551,-1.0287019401346376,-2.0423695902417065,3.051652656314726
114.89694690704346,-1.0696508316046602,-2.048259555075794,3.0442754641479435
114.94879651069641,-1.0696508316046602,-2.048259555075794,3.0442754641479435
114.99831295013428,-1.1040411287657061,-2.0428392350028264,3.0378265705707967
115.04855990409851,-1.1040411287657061,-2.0428392350028264,3.0378265705707967
115.097820520401,-1.143257593576851,-2.0401048597254205,3.030250454622195
115.14685368537903,-1.143257593576851,-2.0401048597254205,3.030250454622195
115.19691300392151,-1.1805829885375292,-2.035533976667348,3.0198597572883106
115.2475037574768,-1.1805829885375292,-2.035533976667348,3.0198597572883106
115.2976622581482,-1.213467090834854,-2.0342722719202837,3.0030736504252493
115.34700870513916,-1.213467090834854,-2.0342722719202837,3.0030736504252493
115.39720511436462,-1.2462852070013055,-2.0313708280023803,2.983300246804651
115.44701337814331,-1.2462852070013055,-2.0313708280023803,2.983300246804651
115.49751091003418,-1.2792476885813615,-2.025818577777072,2.9638870074802446
115.54708290100098,-1.2792476885813615,-2.025818577777072,2.9638870074802446
115.59737777709961,-1.3113646779303199,-2.0215365968869263,2.9481396993091646
115.64744424819946,-1.3113646779303199,-2.0215365968869263,2.9481396993091646
115.69735717773438,-1.3404267654539836,-2.014773280076887,2.927898443090036
115.75200080871582,-1.3404267654539836,-2.014773280076887,2.927898443090036
115.7995183467865,-1.3792769932878812,-2.0092799512828186,2.9111546425191563
115.84687757492065,-1.3792769932878812,-2.0092799512828186,2.9111546425191563
