t,chair_x,chair_y,chair_yaw
0.0,-2.0527008648981324,1.9994221538661203,0.01574413744470924
0.050037384033203125,-2.0527008648981324,1.9994221538661203,0.01574413744470924
0.1003713607788086,-2.0528507347728224,2.000514700178708,0.014949536709300939
0.1500542163848877,-2.0528507347728224,2.000514700178708,0.014949536709300939
0.20003080368041992,-2.053241579800504,1.9986997484331952,0.01426321807314248
0.2500941753387451,-2.053241579800504,1.9986997484331952,0.01426321807314248
0.2999250888824463,-2.051595548652449,1.9976477575312614,0.014346470023005615
0.3500230312347412,-2.051595548652449,1.9976477575312614,0.014346470023005615
0.4001774787902832,-2.051520945767699,1.9985603311993176,0.013977324212494816
0.45029640197753906,-2.051520945767699,1.9985603311993176,0.013977324212494816
0.5009253025054932,-2.054386644881231,1.9954724934564227,0.009227251581463248
0.5502123832702637,-2.054386644881231,1.9954724934564227,0.009227251581463248
0.6000707149505615,-2.051047306654043,1.9941420996074455,-0.0009495435161248634
0.65004563331604,-2.051047306654043,1.9941420996074455,-0.0009495435161248634
0.7001960277557373,-2.048168124586377,2.0004196281196847,-0.01418385113639617
0.7500274181365967,-2.048168124586377,2.0004196281196847,-0.01418385113639617
0.8000838756561279,-2.040804283709556,2.0005767453023933,-0.0354807932405178
0.8500444889068604,-2.040804283709556,2.0005767453023933,-0.0354807932405178
0.9000415802001953,-2.028196855468475,1.9969624024933839,-0.06792011249415911
0.9499969482421875,-2.028196855468475,1.9969624024933839,-0.06792011249415911
1.0002970695495605,-2.0161348206954703,1.9895066869980589,-0.11133813859292353
1.0499722957611084,-2.0161348206954703,1.9895066869980589,-0.11133813859292353
1.1000301837921143,-2.000273644579348,1.983727029586912,-0.16665116524515247
1.1501448154449463,-2.000273644579348,1.983727029586912,-0.16665116524515247
1.2001588344573975,-1.9872181342674236,1.9754113681735468,-0.23091009265224557
1.2498857975006104,-1.9872181342674236,1.9754113681735468,-0.23091009265224557
1.299940824508667,-1.9697711733011658,1.959908138570355,-0.30594074127608245
1.3501174449920654,-1.9697711733011658,1.959908138570355,-0.30594074127608245
1.4000256061553955,-1.9500027842202592,1.9471702466936538,-0.38270530083445714
1.4504318237304688,-1.9500027842202592,1.9471702466936538,-0.38270530083445714
1.5002844333648682,-1.926826068128385,1.9385003291834417,-0.45630301018294656
1.5501646995544434,-1.926826068128385,1.9385003291834417,-0.45630301018294656
1.5998711585998535,-1.9046378112941336,1.925844549713171,-0.5244100688048922
1.649937629699707,-1.9046378112941336,1.925844549713171,-0.5244100688048922
1.7001724243164062,-1.8879435476308581,1.9151350001138696,-0.5852215807616163
1.7499315738677979,-1.8879435476308581,1.9151350001138696,-0.5852215807616163
1.8002471923828125,-1.8633772135940911,1.9012353828529998,-0.6326098644407925
1.8508470058441162,-1.8633772135940911,1.9012353828529998,-0.6326098644407925
1.9000098705291748,-1.8414224691930572,1.8894189325007533,-0.6705863213565343
1.9500291347503662,-1.8414224691930572,1.8894189325007533,-0.6705863213565343
1.9999606609344482,-1.8250488425387252,1.870098908876691,-0.6991321584495632
2.0500526428222656,-1.8250488425387252,1.870098908876691,-0.6991321584495632
2.0999557971954346,-1.8036031445583853,1.852399542719534,-0.7201513991913736
2.150538682937622,-1.8036031445583853,1.852399542719534,-0.7201513991913736
2.200273275375366,-1.7816928183880196,1.8300964037379297,-0.7382015936093662
2.2499959468841553,-1.7816928183880196,1.8300964037379297,-0.7382015936093662
2.2998766899108887,-1.7550585594405121,1.8099820785487433,-0.754343165481488
2.350031614303589,-1.7550585594405121,1.8099820785487433,-0.754343165481488
2.400047779083252,-1.7307252728957043,1.785069389078667,-0.7739544747205676
2.4499878883361816,-1.7307252728957043,1.785069389078667,-0.7739544747205676
2.5000123977661133,-1.7136317829179155,1.7700131504502967,-0.7907034378197594
2.550356864929199,-1.7136317829179155,1.7700131504502967,-0.7907034378197594
2.5999464988708496,-1.690122595262,1.7472574309680247,-0.8114998580927486
2.6500487327575684,-1.690122595262,1.7472574309680247,-0.8114998580927486
2.700005054473877,-1.667271098513871,1.7241974687789645,-0.831153785287557
2.7500948905944824,-1.667271098513871,1.7241974687789645,-0.831153785287557
2.8000121116638184,-1.6451176852998965,1.7031464504077465,-0.8504661490411881
2.8501334190368652,-1.6451176852998965,1.7031464504077465,-0.8504661490411881
2.8999106884002686,-1.6250654122794161,1.6813135984216618,-0.8695703936460732
2.9499804973602295,-1.6250654122794161,1.6813135984216618,-0.8695703936460732
2.9998936653137207,-1.6028427504621154,1.65814393251121,-0.8899658238588204
3.050011396408081,-1.6028427504621154,1.65814393251121,-0.8899658238588204
3.1000185012817383,-1.5820352602896526,1.6352805061984055,-0.9061595407391396
3.1500396728515625,-1.5820352602896526,1.6352805061984055,-0.9061595407391396
3.2000057697296143,-1.5651939455393598,1.6115815996466778,-0.9212127990223201
3.2500641345977783,-1.5651939455393598,1.6115815996466778,-0.9212127990223201
3.3001976013183594,-1.5477723285661,1.5907929137210042,-0.9342591969574008
3.3500406742095947,-1.5477723285661,1.5907929137210042,-0.9342591969574008
3.3999226093292236,-1.5316806852534672,1.566133581163517,-0.9476675735551664
3.4500319957733154,-1.5316806852534672,1.566133581163517,-0.9476675735551664
3.5002808570861816,-1.5153542488326945,1.5434152948238586,-0.959844509013673
3.5523033142089844,-1.5153542488326945,1.5434152948238586,-0.959844509013673
3.6001393795013428,-1.49558614689252,1.516758408222983,-0.9744956539117405
3.6501829624176025,-1.49558614689252,1.516758408222983,-0.9744956539117405
3.7000255584716797,-1.4772319614047713,1.4912649326008667,-0.9847112844534364
3.750591278076172,-1.4772319614047713,1.4912649326008667,-0.9847112844534364
3.79998779296875,-1.4613377582477647,1.464924403813951,-0.9962674857339543
3.851240873336792,-1.4613377582477647,1.464924403813951,-0.9962674857339543
3.900200128555298,-1.4413706135197581,1.4442048771485716,-1.0064243309115861
3.950387716293335,-1.4413706135197581,1.4442048771485716,-1.0064243309115861
4.000125885009766,-1.426597067410144,1.4176834966166905,-1.0164332829913572
4.050704717636108,-1.426597067410144,1.4176834966166905,-1.0164332829913572
4.099967956542969,-1.4100084787525742,1.3976207713666096,-1.0261726507319655
4.150440454483032,-1.4100084787525742,1.3976207713666096,-1.0261726507319655
4.200430631637573,-1.3935378718181843,1.3734954133695356,-1.0365184996136323
4.250006914138794,-1.3935378718181843,1.3734954133695356,-1.0365184996136323
4.300112962722778,-1.37519764378353,1.3480166138823746,-1.0437254256366228
4.3502984046936035,-1.37519764378353,1.3480166138823746,-1.0437254256366228
4.4001665115356445,-1.3587773004242567,1.3194840011931424,-1.0496307583819984
4.450232982635498,-1.3587773004242567,1.3194840011931424,-1.0496307583819984
4.5000317096710205,-1.3418334580618159,1.293524866469938,-1.052377110725871
4.550071716308594,-1.3418334580618159,1.293524866469938,-1.052377110725871
4.602370262145996,-1.3252719394881676,1.2668299292261629,-1.052072730565777
4.6506898403167725,-1.3252719394881676,1.2668299292261629,-1.052072730565777
4.70013427734375,-1.3085490605432226,1.2439371006124356,-1.0527214699805232
4.750650644302368,-1.3085490605432226,1.2439371006124356,-1.0527214699805232
4.8001415729522705,-1.2900792433752293,1.2172126805870616,-1.0514366020864785
4.850241184234619,-1.2900792433752293,1.2172126805870616,-1.0514366020864785
4.9010021686553955,-1.2765316543999996,1.1894371162765138,-1.0497280851190802
4.950366258621216,-1.2765316543999996,1.1894371162765138,-1.0497280851190802
5.0001115798950195,-1.255407570515456,1.1619292195087436,-1.0482980881960848
5.050166606903076,-1.255407570515456,1.1619292195087436,-1.0482980881960848
5.1006762981414795,-1.2391558304966714,1.1394326284260199,-1.0467519984962368
5.15026068687439,-1.2391558304966714,1.1394326284260199,-1.0467519984962368
5.2002129554748535,-1.2177715782653056,1.1181209783337729,-1.045775849902795
5.250136852264404,-1.2177715782653056,1.1181209783337729,-1.045775849902795
5.299997091293335,-1.2038931695993578,1.093291679860938,-1.046683154581961
5.350056886672974,-1.2038931695993578,1.093291679860938,-1.046683154581961
5.40001368522644,-1.185983338296838,1.0686272439627083,-1.0438470953075554
5.450667381286621,-1.185983338296838,1.0686272439627083,-1.0438470953075554
5.500491619110107,-1.1710551052906188,1.039985576987055,-1.0449322959541996
5.550069093704224,-1.1710551052906188,1.039985576987055,-1.0449322959541996
5.600087881088257,-1.1581686796715558,1.0104865677863684,-1.0450344491876051
5.6500139236450195,-1.1581686796715558,1.0104865677863684,-1.0450344491876051
5.699872970581055,-1.1394219238661984,0.9813716894450654,-1.0441921671886891
5.749909400939941,-1.1394219238661984,0.9813716894450654,-1.0441921671886891
5.80033802986145,-1.123241701929378,0.9559168470074779,-1.044261717834472
5.85036826133728,-1.123241701929378,0.9559168470074779,-1.044261717834472
5.900488615036011,-1.1054426439299414,0.9276247565576395,-1.0450478478661933
5.950225830078125,-1.1054426439299414,0.9276247565576395,-1.0450478478661933
6.000145196914673,-1.090298451065278,0.9033917302275055,-1.0434892367024278
6.049922227859497,-1.090298451065278,0.9033917302275055,-1.0434892367024278
6.1001434326171875,-1.0768830659227406,0.8769756707497894,-1.0442717822164096
6.1502954959869385,-1.0768830659227406,0.8769756707497894,-1.0442717822164096
6.200211524963379,-1.0622265518765877,0.8512853934186286,-1.044611709093936
6.250793695449829,-1.0622265518765877,0.8512853934186286,-1.044611709093936
6.300090789794922,-1.0455873570696983,0.8257390846097176,-1.0435556536197168
6.351000547409058,-1.0455873570696983,0.8257390846097176,-1.0435556536197168
6.400056600570679,-1.0232184158847404,0.7962648670399782,-1.0420349710986867
6.449916839599609,-1.0232184158847404,0.7962648670399782,-1.0420349710986867
6.500069856643677,-1.005765734701135,0.7741805604922299,-1.0415531073830364
6.550205230712891,-1.005765734701135,0.7741805604922299,-1.0415531073830364
6.600064516067505,-0.9848748730064618,0.7522821378019823,-1.041038401922005
6.650240421295166,-0.9848748730064618,0.7522821378019823,-1.041038401922005
6.700091600418091,-0.9695179622405905,0.7269816812634203,-1.042086941191034
6.750084161758423,-0.9695179622405905,0.7269816812634203,-1.042086941191034
6.7998809814453125,-0.9542735084646269,0.7011569681083084,-1.042163367064836
6.850237846374512,-0.9542735084646269,0.7011569681083084,-1.042163367064836
6.900405168533325,-0.9383759616901581,0.6783758111942239,-1.0415864829177892
6.95009708404541,-0.9383759616901581,0.6783758111942239,-1.0415864829177892
7.000648021697998,-0.9207597374582868,0.6555236416121102,-1.0409843091140407
7.0528929233551025,-0.9207597374582868,0.6555236416121102,-1.0409843091140407
7.099931478500366,-0.9059074451051528,0.6326815569400013,-1.0411097842268984
7.149912118911743,-0.9059074451051528,0.6326815569400013,-1.0411097842268984
7.199880599975586,-0.8915755555133389,0.604246967844352,-1.042545470736496
7.250365257263184,-0.8915755555133389,0.604246967844352,-1.042545470736496
7.300361156463623,-0.8737899584254291,0.5755794999204427,-1.0453083088923372
7.350090980529785,-0.8737899584254291,0.5755794999204427,-1.0453083088923372
7.400452136993408,-0.854273424610137,0.55055023399464,-1.047828764909996
7.45009708404541,-0.854273424610137,0.55055023399464,-1.047828764909996
7.49995756149292,-0.8400175989575762,0.522776297171203,-1.0478248779644173
7.550079345703125,-0.8400175989575762,0.522776297171203,-1.0478248779644173
7.600142478942871,-0.8247423999681047,0.49156333498847143,-1.048965327782826
7.649986505508423,-0.8247423999681047,0.49156333498847143,-1.048965327782826
7.70014500617981,-0.8082839777445988,0.46752238425682074,-1.0491738378044406
7.750267744064331,-0.8082839777445988,0.46752238425682074,-1.0491738378044406
7.8002283573150635,-0.7954148780572514,0.4426088563343109,-1.047883218527231
7.850134372711182,-0.7954148780572514,0.4426088563343109,-1.047883218527231
7.900522708892822,-0.7775440627798673,0.41873803088040945,-1.0481169373713883
7.950107097625732,-0.7775440627798673,0.41873803088040945,-1.0481169373713883
8.00035548210144,-0.7614075321495957,0.39185894038940244,-1.0485532129954667
8.050313234329224,-0.7614075321495957,0.39185894038940244,-1.0485532129954667
8.101086854934692,-0.740364314150928,0.36672341279421106,-1.0465924796711965
8.149961948394775,-0.740364314150928,0.36672341279421106,-1.0465924796711965
8.20016884803772,-0.7215397542585706,0.3412983629709746,-1.0459194859358625
8.250128507614136,-0.7215397542585706,0.3412983629709746,-1.0459194859358625
8.30006718635559,-0.7059473760996499,0.3172944978992386,-1.0447085208407725
8.350226879119873,-0.7059473760996499,0.3172944978992386,-1.0447085208407725
8.401246309280396,-0.687284646810003,0.2908684295977515,-1.0461263825208897
8.450305938720703,-0.687284646810003,0.2908684295977515,-1.0461263825208897
8.500120639801025,-0.6716334760630251,0.2652484279708566,-1.0448789051249443
8.550071477890015,-0.6716334760630251,0.2652484279708566,-1.0448789051249443
8.60000491142273,-0.6579004897287895,0.2371218646882814,-1.0462926018724066
8.650076627731323,-0.6579004897287895,0.2371218646882814,-1.0462926018724066
8.700076818466187,-0.64262317225845,0.20869253725963027,-1.0454267542812494
8.750146627426147,-0.64262317225845,0.20869253725963027,-1.0454267542812494
8.800142526626587,-0.6274448774944565,0.18448101958014934,-1.0453263788990503
8.850154876708984,-0.6274448774944565,0.18448101958014934,-1.0453263788990503
8.900007724761963,-0.6108467828095461,0.15807348515294461,-1.044491025432743
8.950113534927368,-0.6108467828095461,0.15807348515294461,-1.044491025432743
9.000393390655518,-0.5961337555417641,0.13681225212807252,-1.043930681042231
9.049973249435425,-0.5961337555417641,0.13681225212807252,-1.043930681042231
9.100142240524292,-0.5771390129183132,0.1094044484544236,-1.0447625803011853
9.150588512420654,-0.5771390129183132,0.1094044484544236,-1.0447625803011853
9.200052738189697,-0.5589161964147771,0.08392143892054449,-1.0424174675516331
9.249991178512573,-0.5589161964147771,0.08392143892054449,-1.0424174675516331
9.300536632537842,-0.5406777348863765,0.055912540739972254,-1.0413525798712366
9.350337982177734,-0.5406777348863765,0.055912540739972254,-1.0413525798712366
9.40014910697937,-0.5219384071088948,0.02846291503232195,-1.0351555014186888
9.450099229812622,-0.5219384071088948,0.02846291503232195,-1.0351555014186888
9.500533103942871,-0.5021185705939052,0.00466833059746951,-1.0197087560961071
9.550169467926025,-0.5021185705939052,0.00466833059746951,-1.0197087560961071
9.599949359893799,-0.4888862699009411,-0.012248998357482895,-0.9921870718435953
9.64989948272705,-0.4888862699009411,-0.012248998357482895,-0.9921870718435953
9.70028018951416,-0.4780068388370391,-0.02358364876830594,-0.9491044295541707
9.750129461288452,-0.4780068388370391,-0.02358364876830594,-0.9491044295541707
9.800232410430908,-0.47333116795803604,-0.02683895647910229,-0.900983995746107
9.85012435913086,-0.47333116795803604,-0.02683895647910229,-0.900983995746107
9.899989128112793,-0.4664556726833399,-0.02955940802182578,-0.8509684266328392
9.950036525726318,-0.4664556726833399,-0.02955940802182578,-0.8509684266328392
9.999995470046997,-0.4589568888986461,-0.029070880277654705,-0.7895785826820871
10.05009913444519,-0.4589568888986461,-0.029070880277654705,-0.7895785826820871
10.100117206573486,-0.45155510425859446,-0.029226140242392624,-0.7223770560407083
10.15018081665039,-0.45155510425859446,-0.029226140242392624,-0.7223770560407083
10.199998378753662,-0.4442765143129021,-0.027797406002203102,-0.6478297080652166
10.250287294387817,-0.4442765143129021,-0.027797406002203102,-0.6478297080652166
10.300206899642944,-0.439116436382521,-0.028121572937703794,-0.5624491197955072
10.351197481155396,-0.439116436382521,-0.028121572937703794,-0.5624491197955072
10.400308847427368,-0.43775820134549,-0.027908987782870993,-0.46998365264780456
10.450286388397217,-0.43775820134549,-0.027908987782870993,-0.46998365264780456
10.49981164932251,-0.4384975367586215,-0.022742723817994366,-0.36511180869914917
10.550073623657227,-0.4384975367586215,-0.022742723817994366,-0.36511180869914917
10.600108861923218,-0.43644283850202903,-0.014766152998303923,-0.26218827127635586
10.650151252746582,-0.43644283850202903,-0.014766152998303923,-0.26218827127635586
10.700059175491333,-0.43276073300916473,-0.003204774758779734,-0.1550681542194389
10.750003099441528,-0.43276073300916473,-0.003204774758779734,-0.1550681542194389
10.8002610206604,-0.43022386468580986,0.008197521778707036,-0.047157502888912455
10.849935054779053,-0.43022386468580986,0.008197521778707036,-0.047157502888912455
10.900166749954224,-0.43028805097308953,0.02168109751129095,0.05769031220119014
10.95030164718628,-0.43028805097308953,0.02168109751129095,0.05769031220119014
11.000225067138672,-0.4281229060385843,0.03049082160300632,0.1554645285400356
11.049983263015747,-0.4281229060385843,0.03049082160300632,0.1554645285400356
11.100131034851074,-0.42624360206728784,0.038820751965235205,0.24232566165137542
11.150070190429688,-0.42624360206728784,0.038820751965235205,0.24232566165137542
11.20008373260498,-0.424651871771525,0.04086627485584863,0.32787799461906497
11.250096559524536,-0.424651871771525,0.04086627485584863,0.32787799461906497
11.300067901611328,-0.4167023523757497,0.049410557504892864,0.4161387995626584
11.350042343139648,-0.4167023523757497,0.049410557504892864,0.4161387995626584
11.40040373802185,-0.41487125616398046,0.053599776929197505,0.5079222099771001
11.450098514556885,-0.41487125616398046,0.053599776929197505,0.5079222099771001
11.499871015548706,-0.40996177935817807,0.06385533400933135,0.5995420294128627
11.550017356872559,-0.40996177935817807,0.06385533400933135,0.5995420294128627
11.600130081176758,-0.40262218597866317,0.06908486983520912,0.6873297851882959
11.65010952949524,-0.40262218597866317,0.06908486983520912,0.6873297851882959
11.700069189071655,-0.3991652875487879,0.0867041341486256,0.7747721542938387
11.750105857849121,-0.3991652875487879,0.0867041341486256,0.7747721542938387
11.800157070159912,-0.39312508021583453,0.10854424366840013,0.8590999988332549
11.850251197814941,-0.39312508021583453,0.10854424366840013,0.8590999988332549
11.900027513504028,-0.3860471732156584,0.13115403756035396,0.9347840988959291
11.950125217437744,-0.3860471732156584,0.13115403756035396,0.9347840988959291
12.001056432723999,-0.3774285921162301,0.15529111640664295,0.9999835812909165
12.05009913444519,-0.3774285921162301,0.15529111640664295,0.9999835812909165
12.100106716156006,-0.3689062653188715,0.17353102315933366,1.0583361551372608
12.150032758712769,-0.3689062653188715,0.17353102315933366,1.0583361551372608
12.20010781288147,-0.3654459336089493,0.19556908954110605,1.1072135097572575
12.2500479221344,-0.3654459336089493,0.19556908954110605,1.1072135097572575
12.299966812133789,-0.3549571468784386,0.21930941564876733,1.1439550290913947
12.350108861923218,-0.3549571468784386,0.21930941564876733,1.1439550290913947
12.40016222000122,-0.35065996390386045,0.24103715387169616,1.1773581638083326
12.450665950775146,-0.35065996390386045,0.24103715387169616,1.1773581638083326
12.500070571899414,-0.3424157770206916,0.26773123794498005,1.2032204965195206
12.550274848937988,-0.3424157770206916,0.26773123794498005,1.2032204965195206
12.600229501724243,-0.3343571445009871,0.29287701090662954,1.2247333218790666
12.650097370147705,-0.3343571445009871,0.29287701090662954,1.2247333218790666
12.700281858444214,-0.3257668425317025,0.3201454761973113,1.2426715173060958
12.75039005279541,-0.3257668425317025,0.3201454761973113,1.2426715173060958
12.799938440322876,-0.3188562304294601,0.3474211243785834,1.25977406777099
12.850023031234741,-0.3188562304294601,0.3474211243785834,1.25977406777099
12.900042533874512,-0.3148767761240233,0.37475958301228857,1.2776536128518239
12.950034379959106,-0.3148767761240233,0.37475958301228857,1.2776536128518239
13.000128507614136,-0.3048030121899797,0.4039940564905066,1.2921435237165502
13.0504891872406,-0.3048030121899797,0.4039940564905066,1.2921435237165502
13.100040197372437,-0.29995394141963705,0.43298590483501653,1.3089808771724352
13.150615930557251,-0.29995394141963705,0.43298590483501653,1.3089808771724352
13.200213432312012,-0.29323513817130925,0.46392976474186803,1.3244173618795776
13.250244140625,-0.29323513817130925,0.46392976474186803,1.3244173618795776
13.300042152404785,-0.28790594281315574,0.49339522176709255,1.3395005855512458
13.350135803222656,-0.28790594281315574,0.49339522176709255,1.3395005855512458
13.400021314620972,-0.28133321634642977,0.526133005517555,1.352612655188409
13.450036764144897,-0.28133321634642977,0.526133005517555,1.352612655188409
13.500123977661133,-0.2797393279061214,0.5568866927525105,1.3664029196425602
13.550527811050415,-0.2797393279061214,0.5568866927525105,1.3664029196425602
13.600060224533081,-0.27547465946212163,0.5850584932957419,1.3785881067367751
13.65020227432251,-0.27547465946212163,0.5850584932957419,1.3785881067367751
13.700047492980957,-0.2750078559790353,0.6114397177481633,1.3924888760686305
13.750138759613037,-0.2750078559790353,0.6114397177481633,1.3924888760686305
13.800002813339233,-0.27125411082030937,0.6431768582748922,1.4043355217169384
13.850091695785522,-0.27125411082030937,0.6431768582748922,1.4043355217169384
13.901580572128296,-0.2694105522250499,0.6721294107270507,1.416441714722459
13.95022201538086,-0.2694105522250499,0.6721294107270507,1.416441714722459
14.000149250030518,-0.27008754342177776,0.7004562480225979,1.428383047031289
14.050014019012451,-0.27008754342177776,0.7004562480225979,1.428383047031289
14.100057601928711,-0.2695192433296267,0.7314049728076344,1.4407115306895728
14.150240182876587,-0.2695192433296267,0.7314049728076344,1.4407115306895728
14.200087547302246,-0.26812204505232656,0.7653182060717968,1.4517338150182995
14.250417470932007,-0.26812204505232656,0.7653182060717968,1.4517338150182995
14.299988031387329,-0.2707354371750187,0.7974581610683041,1.4615120421009222
14.350112199783325,-0.2707354371750187,0.7974581610683041,1.4615120421009222
14.400051355361938,-0.26537723947434066,0.8262263272406526,1.4689988057748427
14.450113296508789,-0.26537723947434066,0.8262263272406526,1.4689988057748427
14.499979496002197,-0.26529403943526725,0.8590376368699698,1.4775727291937337
14.550473690032959,-0.26529403943526725,0.8590376368699698,1.4775727291937337
14.600223064422607,-0.2630545006726349,0.8889109989749221,1.4836991285288974
14.650777816772461,-0.2630545006726349,0.8889109989749221,1.4836991285288974
14.70044493675232,-0.25976345621109376,0.9249359566656131,1.4880949375617019
14.750169277191162,-0.25976345621109376,0.9249359566656131,1.4880949375617019
14.799932718276978,-0.25875041242599967,0.9561473603169784,1.492797946523867
14.850133895874023,-0.25875041242599967,0.9561473603169784,1.492797946523867
14.900233030319214,-0.25719832432260975,0.9900983947812089,1.4963316956103927
14.950222730636597,-0.25719832432260975,0.9900983947812089,1.4963316956103927
15.000235319137573,-0.25701613654694794,1.0172155701633805,1.5014918453351185
15.050473690032959,-0.25701613654694794,1.0172155701633805,1.5014918453351185
15.100111961364746,-0.25886438238875925,1.0505820306709723,1.506389037634375
15.150054216384888,-0.25886438238875925,1.0505820306709723,1.506389037634375
15.199826002120972,-0.26119931847794725,1.07787299649297,1.5120012094240285
15.249999523162842,-0.26119931847794725,1.07787299649297,1.5120012094240285
15.300028562545776,-0.26276934729821766,1.1072122798155082,1.5167666215046745
15.35019302368164,-0.26276934729821766,1.1072122798155082,1.5167666215046745
15.400102376937866,-0.26402529089708904,1.138950084400888,1.520413295749036
15.450074911117554,-0.26402529089708904,1.138950084400888,1.520413295749036
15.500144958496094,-0.26431306822379635,1.1705624889750443,1.5239666227670325
15.550090312957764,-0.26431306822379635,1.1705624889750443,1.5239666227670325
15.599904775619507,-0.26494859683420624,1.200578941547624,1.5243670610348103
15.650007247924805,-0.26494859683420624,1.200578941547624,1.5243670610348103
15.70017957687378,-0.2635974066837391,1.2300140704080513,1.5237131305769385
15.75016188621521,-0.2635974066837391,1.2300140704080513,1.5237131305769385
15.800349235534668,-0.26125994083591386,1.261098388565402,1.5237059288247752
15.850104093551636,-0.26125994083591386,1.261098388565402,1.5237059288247752
15.90023159980774,-0.25681282565700364,1.2973646677282422,1.5233035167718196
15.950188875198364,-0.25681282565700364,1.2973646677282422,1.5233035167718196
16.000187397003174,-0.2565826002447323,1.3279457010981597,1.5226758987815543
16.049999237060547,-0.2565826002447323,1.3279457010981597,1.5226758987815543
16.10569930076599,-0.25671758586405763,1.35900910536824,1.52395621419339
16.15826439857483,-0.25671758586405763,1.35900910536824,1.52395621419339
16.200465440750122,-0.25671758586405763,1.35900910536824,1.52395621419339
16.249995946884155,-0.25716852282820857,1.3877826742099226,1.525898119079465
16.29990267753601,-0.25773700366095714,1.422086984188057,1.5270727616127076
16.349974632263184,-0.25773700366095714,1.422086984188057,1.5270727616127076
16.400208950042725,-0.26059235381014434,1.4527013407771345,1.5282036406469581
16.453103065490723,-0.26059235381014434,1.4527013407771345,1.5282036406469581
16.500162363052368,-0.26111438367784,1.4868848861452668,1.5301047773143666
16.550527572631836,-0.26111438367784,1.4868848861452668,1.5301047773143666
16.599968433380127,-0.261703787814535,1.5171191117276555,1.5315402657846193
16.64995527267456,-0.261703787814535,1.5171191117276555,1.5315402657846193
16.700111150741577,-0.2617084084001011,1.544588504045851,1.53448408843496
16.75004816055298,-0.2617084084001011,1.544588504045851,1.53448408843496
16.80014705657959,-0.2637557222992765,1.5710368444080403,1.5361994055763932
16.850225687026978,-0.2637557222992765,1.5710368444080403,1.5361994055763932
16.900111436843872,-0.2649893188336921,1.6013095038348104,1.542290402422702
16.950294971466064,-0.2649893188336921,1.6013095038348104,1.542290402422702
17.000173091888428,-0.2673265848400348,1.6324439737610406,1.5481734194369812
17.049922466278076,-0.2673265848400348,1.6324439737610406,1.5481734194369812
17.10014319419861,-0.263142343710573,1.6653709197710527,1.5541100719987686
17.150259494781494,-0.263142343710573,1.6653709197710527,1.5541100719987686
17.20000982284546,-0.26571915400224566,1.6925337777384777,1.5596483547911468
17.2503445148468,-0.26571915400224566,1.6925337777384777,1.5596483547911468
17.30052399635315,-0.2650527418473597,1.718702623088023,1.5593635544494857
17.35015559196472,-0.2650527418473597,1.718702623088023,1.5593635544494857
17.39998698234558,-0.2673041019216802,1.7443122662986554,1.554694962897198
17.449920654296875,-0.2673041019216802,1.7443122662986554,1.554694962897198
17.50069522857666,-0.2708388958784883,1.7657138834651527,1.541491223127158
17.549986362457275,-0.2708388958784883,1.7657138834651527,1.541491223127158
17.600122451782227,-0.27478106205324615,1.785371729990075,1.5165524205290404
17.650251865386963,-0.27478106205324615,1.785371729990075,1.5165524205290404
17.700472354888916,-0.27058517276305427,1.804029985041694,1.4775115064257802
17.750116109848022,-0.27058517276305427,1.804029985041694,1.4775115064257802
17.79989981651306,-0.2705483249970399,1.8190033409580044,1.424176361195124
17.85013175010681,-0.2705483249970399,1.8190033409580044,1.424176361195124
17.900079011917114,-0.2651228856580099,1.8302275199825773,1.36424292977713
17.9500834941864,-0.2651228856580099,1.8302275199825773,1.36424292977713
18.000110149383545,-0.2543573951812075,1.8468673059692589,1.298164144325415
18.05000376701355,-0.2543573951812075,1.8468673059692589,1.298164144325415
18.10005474090576,-0.2407946448923518,1.862117421194641,1.224149219233632
18.15024709701538,-0.2407946448923518,1.862117421194641,1.224149219233632
18.200109243392944,-0.22593324672433113,1.8839024592050122,1.1421652287983046
18.250173091888428,-0.22593324672433113,1.8839024592050122,1.1421652287983046
18.300111532211304,-0.21328889656518074,1.9059272004881638,1.0585976577664784
18.350258588790894,-0.21328889656518074,1.9059272004881638,1.0585976577664784
18.399997234344482,-0.2009007690659954,1.9247844533889582,0.9708500043961135
18.450239896774292,-0.2009007690659954,1.9247844533889582,0.9708500043961135
18.50014066696167,-0.1844545202185615,1.9420064623164486,0.8843680392631621
18.55013680458069,-0.1844545202185615,1.9420064623164486,0.8843680392631621
18.599883794784546,-0.1668847958771037,1.9555002557521246,0.7996800546301922
18.649991512298584,-0.1668847958771037,1.9555002557521246,0.7996800546301922
18.70001196861267,-0.1480863247645181,1.9737524551062335,0.7259033116512807
18.750048637390137,-0.1480863247645181,1.9737524551062335,0.7259033116512807
18.800240516662598,-0.13046220883720927,1.9826699517162538,0.6683978637596139
18.851890563964844,-0.13046220883720927,1.9826699517162538,0.6683978637596139
18.90019965171814,-0.11139870626058901,1.9935613653123734,0.6223119680504473
18.95016050338745,-0.11139870626058901,1.9935613653123734,0.6223119680504473
19.000175952911377,-0.08985516322328241,2.002668909353687,0.5879928072868295
19.0499484539032,-0.08985516322328241,2.002668909353687,0.5879928072868295
19.0999813079834,-0.06903525822141765,2.0140710796436916,0.560915786972116
19.15009069442749,-0.06903525822141765,2.0140710796436916,0.560915786972116
19.200055360794067,-0.04450625193439883,2.027678680355697,0.5382129159785771
19.25013303756714,-0.04450625193439883,2.027678680355697,0.5382129159785771
19.2999267578125,-0.021653362050350455,2.0432585389259033,0.5191954741589672
19.35002040863037,-0.021653362050350455,2.0432585389259033,0.5191954741589672
19.400461673736572,0.002093352043989638,2.058741220810132,0.5016308985406212
19.453438758850098,0.002093352043989638,2.058741220810132,0.5016308985406212
19.500117778778076,0.030132633630598038,2.0722854691479324,0.48519169268725737
19.550110578536987,0.030132633630598038,2.0722854691479324,0.48519169268725737
19.59988784790039,0.05728510800263731,2.0881536928868543,0.46861833062924385
19.650068521499634,0.05728510800263731,2.0881536928868543,0.46861833062924385
19.700682163238525,0.0855069231678911,2.1042971755605033,0.44982575636645605
19.750197172164917,0.0855069231678911,2.1042971755605033,0.44982575636645605
19.799983024597168,0.11489754747838954,2.118779253628372,0.4326554401503874
19.850187063217163,0.11489754747838954,2.118779253628372,0.4326554401503874
19.90023398399353,0.14234341050320065,2.1342783076603373,0.4152059235304134
19.950440168380737,0.14234341050320065,2.1342783076603373,0.4152059235304134
20.000169038772583,0.16896250709057747,2.147871100217534,0.39806858278035856
20.0504367351532,0.16896250709057747,2.147871100217534,0.39806858278035856
20.100131273269653,0.19153994755508041,2.163398904898953,0.3808961302220474
20.150029182434082,0.19153994755508041,2.163398904898953,0.3808961302220474
20.200039386749268,0.21839125283123828,2.1767600107933482,0.3665450409973897
20.250150442123413,0.21839125283123828,2.1767600107933482,0.3665450409973897
20.29999351501465,0.24686508164458087,2.1891074744628773,0.3537982577491111
20.350332975387573,0.24686508164458087,2.1891074744628773,0.3537982577491111
20.40012502670288,0.27614690323138946,2.2033225972577304,0.3426634081111631
20.452077865600586,0.27614690323138946,2.2033225972577304,0.3426634081111631
20.500356435775757,0.3106998042129836,2.21534388795348,0.33100303802431363
20.550122261047363,0.3106998042129836,2.21534388795348,0.33100303802431363
20.60010313987732,0.3444636008442964,2.2235780592303223,0.3228751406849549
20.649820804595947,0.3444636008442964,2.2235780592303223,0.3228751406849549
20.699960708618164,0.3732127651166701,2.2365945368884916,0.3139125743596691
20.75041913986206,0.3732127651166701,2.2365945368884916,0.3139125743596691
20.80003046989441,0.40423901965710596,2.248692625039182,0.30350802116976855
20.850087642669678,0.40423901965710596,2.248692625039182,0.30350802116976855
20.900289297103882,0.43226046117871997,2.261718553729899,0.29411710377082717
20.95039653778076,0.43226046117871997,2.261718553729899,0.29411710377082717
21.001111268997192,0.4632775303081902,2.2707423042684725,0.2865203086993046
21.04999017715454,0.4632775303081902,2.2707423042684725,0.2865203086993046
21.1001079082489,0.493043821555617,2.2772224854378087,0.2779346402123209
21.150184869766235,0.493043821555617,2.2772224854378087,0.2779346402123209
21.200020790100098,0.5194837594190289,2.2831904510790935,0.26898314798881945
21.250258207321167,0.5194837594190289,2.2831904510790935,0.26898314798881945
21.30029845237732,0.5468837845785053,2.2902266849444812,0.25984715853676144
21.350152015686035,0.5468837845785053,2.2902266849444812,0.25984715853676144
21.400034189224243,0.5740091222545762,2.2956932507813166,0.2505773751421085
21.450093984603882,0.5740091222545762,2.2956932507813166,0.2505773751421085
21.500051021575928,0.6044891651551996,2.3012124471867703,0.2429158160185127
21.55012583732605,0.6044891651551996,2.3012124471867703,0.2429158160185127
21.600231647491455,0.6332464640059192,2.3065457876228703,0.23301197958794442
21.65013098716736,0.6332464640059192,2.3065457876228703,0.23301197958794442
21.70014715194702,0.6629971713047662,2.3140882914410588,0.22357263204758596
21.749956607818604,0.6629971713047662,2.3140882914410588,0.22357263204758596
21.800148963928223,0.6927657612397542,2.3230403084790034,0.21450936142954835
21.850120306015015,0.6927657612397542,2.3230403084790034,0.21450936142954835
21.900124073028564,0.723192448493237,2.3335930031552157,0.20933414957141083
21.9501371383667,0.723192448493237,2.3335930031552157,0.20933414957141083
22.000014781951904,0.75327980929797,2.3433434155857857,0.2061375753955418
22.049970149993896,0.75327980929797,2.3433434155857857,0.2061375753955418
22.10004949569702,0.7866788361856423,2.351693038423639,0.20157502399239602
22.150224924087524,0.7866788361856423,2.351693038423639,0.20157502399239602
22.20067858695984,0.8179780403730847,2.3622029660443493,0.2014379540356204
22.25000238418579,0.8179780403730847,2.3622029660443493,0.2014379540356204
22.30009365081787,0.8497856050058943,2.3727846459592463,0.20090077766937242
22.35027766227722,0.8497856050058943,2.3727846459592463,0.20090077766937242
22.40008568763733,0.8791910233622799,2.3782369870087616,0.20166748590598746
22.450154542922974,0.8791910233622799,2.3782369870087616,0.20166748590598746
22.499985933303833,0.911881778203848,2.387849604639899,0.20099963901422857
22.550273656845093,0.911881778203848,2.387849604639899,0.20099963901422857
22.600351095199585,0.9420682349859102,2.3920838547761005,0.1982421112239666
22.65045952796936,0.9420682349859102,2.3920838547761005,0.1982421112239666
22.70011258125305,0.9707177045279098,2.4003098262265143,0.19689465361724579
22.750149965286255,0.9707177045279098,2.4003098262265143,0.19689465361724579
22.80018949508667,1.0020017492126172,2.406540962521147,0.19296417499182453
22.85012435913086,1.0020017492126172,2.406540962521147,0.19296417499182453
22.90017080307007,1.0299912342906892,2.4162790515480292,0.19231599732712712
22.950085163116455,1.0299912342906892,2.4162790515480292,0.19231599732712712
22.999956846237183,1.059116538585553,2.4198342112091624,0.18913706237217942
23.050266981124878,1.059116538585553,2.4198342112091624,0.18913706237217942
23.10046148300171,1.0919299526237414,2.428841967381466,0.18633777452075578
23.15019655227661,1.0919299526237414,2.428841967381466,0.18633777452075578
23.200000286102295,1.1219550016915143,2.435135436271908,0.18418997573088383
23.24991750717163,1.1219550016915143,2.435135436271908,0.18418997573088383
23.300376892089844,1.154588926756368,2.442517423151311,0.18130844257866938
23.34991192817688,1.154588926756368,2.442517423151311,0.18130844257866938
23.399922847747803,1.1833502888852239,2.450904901790615,0.17955796507345032
23.450098037719727,1.1833502888852239,2.450904901790615,0.17955796507345032
23.500348329544067,1.211909305069285,2.4573859224902552,0.17657870523491534
23.550079107284546,1.211909305069285,2.4573859224902552,0.17657870523491534
23.600332260131836,1.2418328249857113,2.4652970418243596,0.17431955983233088
23.649914026260376,1.2418328249857113,2.4652970418243596,0.17431955983233088
23.699991703033447,1.2698401652941924,2.4744440293646877,0.17161835862166944
23.750350952148438,1.2698401652941924,2.4744440293646877,0.17161835862166944
23.800204753875732,1.300936833582775,2.4815968896338876,0.1700272408836435
23.85060977935791,1.300936833582775,2.4815968896338876,0.1700272408836435
23.900826454162598,1.3323353206937851,2.4881764950850602,0.16676697468210191
23.95021677017212,1.3323353206937851,2.4881764950850602,0.16676697468210191
24.00028085708618,1.3619496381897338,2.4967875619499686,0.16371550019311304
24.05032205581665,1.3619496381897338,2.4967875619499686,0.16371550019311304
24.10039472579956,1.3950359320990602,2.498719007631502,0.1615671521952771
24.15074062347412,1.3950359320990602,2.498719007631502,0.1615671521952771
24.200067281723022,1.4252808060405477,2.504413463912799,0.15768191582595711
24.25009274482727,1.4252808060405477,2.504413463912799,0.15768191582595711
24.300500869750977,1.450945482303182,2.5093747392581784,0.1537536114418289
24.35057020187378,1.450945482303182,2.5093747392581784,0.1537536114418289
24.399967908859253,1.4799752044756707,2.5144771049932553,0.14498112120454182
24.450031757354736,1.4799752044756707,2.5144771049932553,0.14498112120454182
24.500348329544067,1.5054130999668878,2.5165161675062264,0.12678368712421265
24.550857543945312,1.5054130999668878,2.5165161675062264,0.12678368712421265
24.60002374649048,1.5309770427556397,2.5221205845695653,0.09870985652229283
24.653571367263794,1.5309770427556397,2.5221205845695653,0.09870985652229283
24.709183931350708,1.5309770427556397,2.5221205845695653,0.09870985652229283
24.75074338912964,1.555867234108885,2.5234611441538037,0.05892313938405481
24.800217151641846,1.5755252034809473,2.522151603129874,0.0074266411529807464
24.85081195831299,1.5755252034809473,2.522151603129874,0.0074266411529807464
24.900033235549927,1.5979086349901988,2.51895040986505,-0.057775302929065846
24.95021367073059,1.5979086349901988,2.51895040986505,-0.057775302929065846
25.000030279159546,1.6154619986382939,2.511195302517635,-0.12727195413059395
25.050118923187256,1.6154619986382939,2.511195302517635,-0.12727195413059395
25.100274801254272,1.6293609020617061,2.507947051200771,-0.19476620261928948
25.150033712387085,1.6293609020617061,2.507947051200771,-0.19476620261928948
25.19999408721924,1.6429308754398708,2.505176369232126,-0.2579507807034525
25.250195264816284,1.6429308754398708,2.505176369232126,-0.2579507807034525
25.300132513046265,1.6569400593261145,2.4959821958527475,-0.32330978632152224
25.350210189819336,1.6569400593261145,2.4959821958527475,-0.32330978632152224
25.40005087852478,1.673683775054749,2.4856840046560165,-0.3915599272183477
25.44998335838318,1.673683775054749,2.4856840046560165,-0.3915599272183477
25.500255346298218,1.693575183817546,2.477939981865458,-0.4676720436324527
25.550193548202515,1.693575183817546,2.477939981865458,-0.4676720436324527
25.60016417503357,1.7073271544849147,2.4651750509144787,-0.5457296194832731
25.64992666244507,1.7073271544849147,2.4651750509144787,-0.5457296194832731
25.70010471343994,1.725401970095816,2.4486908966189316,-0.6263367814130067
25.750295639038086,1.725401970095816,2.4486908966189316,-0.6263367814130067
25.80001664161682,1.7447080748616577,2.4317333693926195,-0.7103535714454019
25.850117206573486,1.7447080748616577,2.4317333693926195,-0.7103535714454019
25.900562286376953,1.761325775797834,2.413096922571456,-0.7905084229722353
25.950270652770996,1.761325775797834,2.413096922571456,-0.7905084229722353
26.000319004058838,1.7793931973410062,2.3914727957915702,-0.8664282097261631
26.050100326538086,1.7793931973410062,2.3914727957915702,-0.8664282097261631
26.100010871887207,1.7909326677434916,2.3709539273222444,-0.9305934267922862
26.1501202583313,1.7909326677434916,2.3709539273222444,-0.9305934267922862
26.200214862823486,1.802642463791894,2.3495184354533096,-0.9842792640089667
26.25011420249939,1.802642463791894,2.3495184354533096,-0.9842792640089667
26.300058364868164,1.814266763578867,2.3265102469005643,-1.0271094664294271
26.350021839141846,1.814266763578867,2.3265102469005643,-1.0271094664294271
26.399906396865845,1.8240267173422977,2.304173765429008,-1.0615473524112522
26.45007634162903,1.8240267173422977,2.304173765429008,-1.0615473524112522
26.50008726119995,1.837889909526979,2.2808971122899617,-1.0876789525700707
26.550172090530396,1.837889909526979,2.2808971122899617,-1.0876789525700707
26.600200653076172,1.8519587635017791,2.2581179813339567,-1.1099903837038838
26.651829957962036,1.8519587635017791,2.2581179813339567,-1.1099903837038838
26.699852466583252,1.8659081162487239,2.236540897284701,-1.1310494967126765
26.750794410705566,1.8659081162487239,2.236540897284701,-1.1310494967126765
26.80015254020691,1.8784788990381018,2.214799332726138,-1.152944135122161
26.850184202194214,1.8784788990381018,2.214799332726138,-1.152944135122161
26.900307655334473,1.8872386702200774,2.188756331699554,-1.1754052055755109
26.950470209121704,1.8872386702200774,2.188756331699554,-1.1754052055755109
27.000263452529907,1.8948158860796143,2.164557816832651,-1.198825421061462
27.05025291442871,1.8948158860796143,2.164557816832651,-1.198825421061462
27.100792407989502,1.9070963494738853,2.1316160135837454,-1.2230338162148169
27.150254487991333,1.9070963494738853,2.1316160135837454,-1.2230338162148169
27.200010061264038,1.9160094457153785,2.103338459981473,-1.2466231325815764
27.249892950057983,1.9160094457153785,2.103338459981473,-1.2466231325815764
27.299972534179688,1.9260040666859293,2.0716695867397834,-1.2695746830389016
27.349923849105835,1.9260040666859293,2.0716695867397834,-1.2695746830389016
27.400007009506226,1.9319142965410563,2.040792128338514,-1.2919846980885474
27.450132608413696,1.9319142965410563,2.040792128338514,-1.2919846980885474
27.50088119506836,1.9389481059933196,2.0116925223965283,-1.315261907308465
27.550143003463745,1.9389481059933196,2.0116925223965283,-1.315261907308465
27.60014510154724,1.947239374262568,1.978871266859683,-1.3377018687009077
27.650432348251343,1.947239374262568,1.978871266859683,-1.3377018687009077
27.70015811920166,1.9515323731166954,1.9491598038314737,-1.3592297641886901
27.75021266937256,1.9515323731166954,1.9491598038314737,-1.3592297641886901
27.800318479537964,1.9587438148406113,1.9189771595126444,-1.382248058018384
27.84995722770691,1.9587438148406113,1.9189771595126444,-1.382248058018384
27.90015411376953,1.9638176385564396,1.89289587834946,-1.4041787505463303
27.950121879577637,1.9638176385564396,1.89289587834946,-1.4041787505463303
28.00052809715271,1.970803892969473,1.8651573312934122,-1.4259665122277656
28.05031418800354,1.970803892969473,1.8651573312934122,-1.4259665122277656
28.09993553161621,1.9776655815916173,1.8350541076844868,-1.4487945863374267
28.149911642074585,1.9776655815916173,1.8350541076844868,-1.4487945863374267
28.200360536575317,1.9810896951991934,1.8002049687008053,-1.4722906128362634
28.250315189361572,1.9810896951991934,1.8002049687008053,-1.4722906128362634
28.30002784729004,1.9861754427688625,1.7683086737446023,-1.4980425920281155
28.350037336349487,1.9861754427688625,1.7683086737446023,-1.4980425920281155
28.399935245513916,1.9861785919828974,1.7380665597235867,-1.5238840399591922
28.450068712234497,1.9861785919828974,1.7380665597235867,-1.5238840399591922
28.500186920166016,1.982953253157951,1.7057491044167161,-1.5496667895412597
28.55019235610962,1.982953253157951,1.7057491044167161,-1.5496667895412597
28.600094318389893,1.9767321720315356,1.6772469664529923,-1.5737359451214055
28.64996647834778,1.9767321720315356,1.6772469664529923,-1.5737359451214055
28.69996690750122,1.980320122895533,1.6478379260200775,-1.5951830907232145
28.75001096725464,1.980320122895533,1.6478379260200775,-1.5951830907232145
28.80014944076538,1.981830804746383,1.6266068533937004,-1.6059540317157697
28.850243091583252,1.981830804746383,1.6266068533937004,-1.6059540317157697
28.90006709098816,1.9841324612764446,1.6149214302895984,-1.603221676327102
28.950175523757935,1.9841324612764446,1.6149214302895984,-1.603221676327102
28.999980449676514,1.9848219481733038,1.6085221539055166,-1.5901037605461315
29.05015516281128,1.9848219481733038,1.6085221539055166,-1.5901037605461315
29.10027527809143,1.9887091777390162,1.6057999479464302,-1.5710717672488057
29.150126695632935,1.9887091777390162,1.6057999479464302,-1.5710717672488057
29.200029850006104,1.9950058174521847,1.602341174613624,-1.5469596750909869
29.2503342628479,1.9950058174521847,1.602341174613624,-1.5469596750909869
29.300097703933716,1.999856946575074,1.601689731007639,-1.5148922778814948
29.35028386116028,1.999856946575074,1.601689731007639,-1.5148922778814948
29.400035619735718,2.001470358238281,1.6013724974624686,-1.4713094930630948
29.450358152389526,2.001470358238281,1.6013724974624686,-1.4713094930630948
29.500718116760254,2.0030295101180817,1.6041545242219166,-1.421064564651674
29.550325393676758,2.0030295101180817,1.6041545242219166,-1.421064564651674
29.600313186645508,2.0050502554659957,1.603463304445387,-1.3586088050197307
29.650080919265747,2.0050502554659957,1.603463304445387,-1.3586088050197307
29.700095891952515,2.010064738860401,1.6056269631866922,-1.2855645064701484
29.75016975402832,2.010064738860401,1.6056269631866922,-1.2855645064701484
29.80011820793152,2.024564675299085,1.6058638803612904,-1.199014385691572
29.850137948989868,2.024564675299085,1.6058638803612904,-1.199014385691572
29.900298595428467,2.03107719262763,1.60364856738763,-1.103687587407071
29.950156927108765,2.03107719262763,1.60364856738763,-1.103687587407071
30.000180959701538,2.0397665043296174,1.600510923882388,-1.0010406449388176
30.05002760887146,2.0397665043296174,1.600510923882388,-1.0010406449388176
30.100913524627686,2.0524968680274123,1.5950016262891944,-0.8935764763780178
30.150282382965088,2.0524968680274123,1.5950016262891944,-0.8935764763780178
30.200133323669434,2.0627854639048238,1.5926958865388354,-0.7891730442984094
30.251209497451782,2.0627854639048238,1.5926958865388354,-0.7891730442984094
30.300071477890015,2.0777408038452903,1.58887523079549,-0.6872571595394421
30.349916696548462,2.0777408038452903,1.58887523079549,-0.6872571595394421
30.400486946105957,2.092365897655199,1.5881428986488912,-0.5902483113441072
30.450356245040894,2.092365897655199,1.5881428986488912,-0.5902483113441072
30.500245332717896,2.1098279200952312,1.5862416052205284,-0.5018899343671455
30.55004596710205,2.1098279200952312,1.5862416052205284,-0.5018899343671455
30.600337266921997,2.130226897264805,1.582068090087609,-0.43023419655230805
30.650023460388184,2.130226897264805,1.582068090087609,-0.43023419655230805
30.700223684310913,2.145898457634577,1.5807981152427435,-0.3716278350273056
30.749974012374878,2.145898457634577,1.5807981152427435,-0.3716278350273056
30.799991607666016,2.1615814407173035,1.5812207964273,-0.31945895478338354
30.85008978843689,2.1615814407173035,1.5812207964273,-0.31945895478338354
30.900187015533447,2.1792875744692726,1.5778355357021066,-0.2784551977526826
30.950057983398438,2.1792875744692726,1.5778355357021066,-0.2784551977526826
31.000261783599854,2.2031612592049203,1.5741838441085307,-0.24742688317858413
31.050015926361084,2.2031612592049203,1.5741838441085307,-0.24742688317858413
31.101025342941284,2.2287931087331003,1.57551280495968,-0.2170360912995616
31.1503586769104,2.2287931087331003,1.57551280495968,-0.2170360912995616
31.200318813323975,2.2541467622426277,1.575529842706472,-0.19268106244791727
31.25026035308838,2.2541467622426277,1.575529842706472,-0.19268106244791727
31.300312757492065,2.279413254481068,1.5692751113109287,-0.16957355477246003
31.350404262542725,2.279413254481068,1.5692751113109287,-0.16957355477246003
31.40010666847229,2.304926756704031,1.5652623591725516,-0.14543706932036865
31.450023651123047,2.304926756704031,1.5652623591725516,-0.14543706932036865
31.499982357025146,2.331660872132371,1.5603438679888861,-0.12236288543692661
31.550111770629883,2.331660872132371,1.5603438679888861,-0.12236288543692661
31.600214958190918,2.3628218899698563,1.5608725899180222,-0.0987065069805837
31.650221347808838,2.3628218899698563,1.5608725899180222,-0.0987065069805837
31.70021414756775,2.3980936231016345,1.5596529590970103,-0.0789815489872224
31.75027561187744,2.3980936231016345,1.5596529590970103,-0.0789815489872224
31.800392866134644,2.426981939100207,1.5613082478864868,-0.0603506973303898
31.85003161430359,2.426981939100207,1.5613082478864868,-0.0603506973303898
31.90013551712036,2.452425375970532,1.558699487925015,-0.04439392556816925
31.95002579689026,2.452425375970532,1.558699487925015,-0.04439392556816925
32.000113010406494,2.4821267511626397,1.56387821556705,-0.02847180748081677
32.04992723464966,2.4821267511626397,1.56387821556705,-0.02847180748081677
32.10033917427063,2.513591454295094,1.566265173617447,-0.014563338473261751
32.15072154998779,2.513591454295094,1.566265173617447,-0.014563338473261751
32.20022416114807,2.542831797649863,1.5682213905675668,-0.0009212758032479406
32.24995517730713,2.542831797649863,1.5682213905675668,-0.0009212758032479406
32.300082206726074,2.5753747185256017,1.5715234422980102,0.012234039889542424
32.35011625289917,2.5753747185256017,1.5715234422980102,0.012234039889542424
32.40044069290161,2.6089973331696568,1.5737064251598298,0.024609076500818262
32.450124740600586,2.6089973331696568,1.5737064251598298,0.024609076500818262
32.500205755233765,2.641952403332424,1.5744769424915608,0.03561330307754754
32.55018210411072,2.641952403332424,1.5744769424915608,0.03561330307754754
32.60082292556763,2.6752130375930623,1.5782380707513535,0.046773338493444026
32.65045928955078,2.6752130375930623,1.5782380707513535,0.046773338493444026
32.70015072822571,2.7047223567977685,1.5829249126082217,0.05806254903185565
32.75043320655823,2.7047223567977685,1.5829249126082217,0.05806254903185565
32.80004405975342,2.7299360223890803,1.5868216016398458,0.07037264848042554
32.85016989707947,2.7299360223890803,1.5868216016398458,0.07037264848042554
32.90033268928528,2.7581825288736015,1.5899037067525483,0.08077875494015384
32.95008873939514,2.7581825288736015,1.5899037067525483,0.08077875494015384
33.00067663192749,2.789618099399304,1.5921713766152383,0.0879847408497753
33.05030560493469,2.789618099399304,1.5921713766152383,0.0879847408497753
33.099945306777954,2.8235394870128134,1.597369720334338,0.09491939754023473
33.15086340904236,2.8235394870128134,1.597369720334338,0.09491939754023473
33.200531005859375,2.8540482015920574,1.599882967534702,0.09564973470941204
33.250256061553955,2.8540482015920574,1.599882967534702,0.09564973470941204
33.30032134056091,2.8852841408355134,1.6027404125354492,0.09628279774239934
33.35193586349487,2.8852841408355134,1.6027404125354492,0.09628279774239934
33.40366554260254,2.9142955431210167,1.6057892702914849,0.09534179182711244
33.45487141609192,2.9142955431210167,1.6057892702914849,0.09534179182711244
33.50067901611328,2.9142955431210167,1.6057892702914849,0.09534179182711244
33.549935817718506,2.9390998168039095,1.6128894808274978,0.09507433969234849
33.60005259513855,2.9688520607888034,1.616706976428874,0.09421094865189335
33.651029109954834,2.9688520607888034,1.616706976428874,0.09421094865189335
33.700562715530396,2.9997266493658277,1.6258925847369228,0.09602090896547658
33.75005578994751,2.9997266493658277,1.6258925847369228,0.09602090896547658
33.80081486701965,3.0316435003988014,1.6292482587168233,0.09446081740246902
33.850399017333984,3.0316435003988014,1.6292482587168233,0.09446081740246902
33.90010595321655,3.063455442727924,1.6345529853382046,0.09554460500177017
33.95011234283447,3.063455442727924,1.6345529853382046,0.09554460500177017
34.00010943412781,3.09212419738905,1.6384587836120723,0.09664439626733437
34.050092458724976,3.09212419738905,1.6384587836120723,0.09664439626733437
34.10014057159424,3.116956253607123,1.6402307207211484,0.09667183402851372
34.15004897117615,3.116956253607123,1.6402307207211484,0.09667183402851372
34.20019483566284,3.149952240277452,1.642129030912234,0.09530897070154516
34.251670598983765,3.149952240277452,1.642129030912234,0.09530897070154516
34.30002808570862,3.1804503393887398,1.646515917964113,0.09702003857526126
34.34996747970581,3.1804503393887398,1.646515917964113,0.09702003857526126
34.400089263916016,3.2078504305839513,1.653612656116793,0.09696209041042629
34.45006060600281,3.2078504305839513,1.653612656116793,0.09696209041042629
34.50007200241089,3.2401749975331287,1.6596809650711768,0.09819215308872561
34.550148725509644,3.2401749975331287,1.6596809650711768,0.09819215308872561
34.60025382041931,3.274466880694825,1.669064910740007,0.10006334045791586
34.65007042884827,3.274466880694825,1.669064910740007,0.10006334045791586
34.700008153915405,3.3058564823153347,1.6727127601139629,0.10046630057518877
34.750534772872925,3.3058564823153347,1.6727127601139629,0.10046630057518877
34.80015206336975,3.3384317533863097,1.6774517915784823,0.10001028140073416
34.85048270225525,3.3384317533863097,1.6774517915784823,0.10001028140073416
34.90018343925476,3.3709239338260266,1.6856021539313588,0.10249590844105022
34.949907541275024,3.3709239338260266,1.6856021539313588,0.10249590844105022
35.00004959106445,3.3982556405337405,1.6890694294267954,0.10403008297764639
35.050185441970825,3.3982556405337405,1.6890694294267954,0.10403008297764639
35.1003942489624,3.4272271794670477,1.688633709705265,0.10515908217362002
35.1501829624176,3.4272271794670477,1.688633709705265,0.10515908217362002
35.20028305053711,3.457371852456676,1.693978246466632,0.10882212731157681
35.25082325935364,3.457371852456676,1.693978246466632,0.10882212731157681
35.30166053771973,3.487848943586485,1.6963091907977672,0.10812656604575975
35.35009455680847,3.487848943586485,1.6963091907977672,0.10812656604575975
35.40001630783081,3.515840362044239,1.6994084138028338,0.11038410396230186
35.45052480697632,3.515840362044239,1.6994084138028338,0.11038410396230186
35.500096559524536,3.5493094503680753,1.7014010834851219,0.11120411108031063
35.54994583129883,3.5493094503680753,1.7014010834851219,0.11120411108031063
35.60002684593201,3.5783768224314327,1.706139286511285,0.1150553979892239
35.650166273117065,3.5783768224314327,1.706139286511285,0.1150553979892239
35.70021200180054,3.6107082743001317,1.71335423277124,0.1164456874838536
35.75017261505127,3.6107082743001317,1.71335423277124,0.1164456874838536
35.80065155029297,3.6420755043897364,1.7214905360119603,0.11674887653765988
35.8499915599823,3.6420755043897364,1.7214905360119603,0.11674887653765988
35.90050482749939,3.674335603014633,1.7287176370320876,0.11805282223457922
35.950050830841064,3.674335603014633,1.7287176370320876,0.11805282223457922
36.00016760826111,3.7047289508563663,1.7373075607113655,0.11997998871731831
36.05070447921753,3.7047289508563663,1.7373075607113655,0.11997998871731831
36.099833965301514,3.7274627795602333,1.7445428896388635,0.12170491315799867
36.15004301071167,3.7274627795602333,1.7445428896388635,0.12170491315799867
36.20017600059509,3.7595520831645617,1.7508489485042051,0.12423140890105988
36.25013780593872,3.7595520831645617,1.7508489485042051,0.12423140890105988
36.30026149749756,3.7868682160768286,1.7539210078682759,0.12755511629349928
36.35013961791992,3.7868682160768286,1.7539210078682759,0.12755511629349928
36.40003991127014,3.816451683563483,1.757447970491747,0.1283575133932721
36.450162172317505,3.816451683563483,1.757447970491747,0.1283575133932721
36.50098276138306,3.8471273708512017,1.764198310225653,0.13000336986952224
36.55025053024292,3.8471273708512017,1.764198310225653,0.13000336986952224
36.60041689872742,3.8804395913870904,1.7695278019081047,0.13233647117075895
36.650569915771484,3.8804395913870904,1.7695278019081047,0.13233647117075895
36.70008087158203,3.9095901130739312,1.7747725998758561,0.1350927647883102
36.75015830993652,3.9095901130739312,1.7747725998758561,0.1350927647883102
36.800222873687744,3.9392629327183615,1.7825984375260002,0.1426613064027925
36.850375175476074,3.9392629327183615,1.7825984375260002,0.1426613064027925
36.90092730522156,3.969159971092725,1.7880567171579131,0.15209110500116502
36.95001482963562,3.969159971092725,1.7880567171579131,0.15209110500116502
37.0009069442749,4.000418516913325,1.7965545375361,0.1681756390873847
37.050127029418945,4.000418516913325,1.7965545375361,0.1681756390873847
37.10005283355713,4.027289758255952,1.8044081087221147,0.18206738374099427
37.150240898132324,4.027289758255952,1.8044081087221147,0.18206738374099427
37.20047330856323,4.055241403823761,1.8097808324887443,0.19104419253276453
37.249939918518066,4.055241403823761,1.8097808324887443,0.19104419253276453
37.30001449584961,4.075693748161992,1.813763629437305,0.19673746444686727
37.35024380683899,4.075693748161992,1.813763629437305,0.19673746444686727
37.400341510772705,4.095732372352179,1.8194082344666818,0.19646357922778768
37.450031042099,4.095732372352179,1.8194082344666818,0.19646357922778768
37.50038290023804,4.108484060681304,1.8211611991114613,0.1874533898528259
37.55033826828003,4.108484060681304,1.8211611991114613,0.1874533898528259
37.6004581451416,4.116461478691961,1.8217733065496684,0.1672033037359249
37.65003061294556,4.116461478691961,1.8217733065496684,0.1672033037359249
37.70036005973816,4.115078659446374,1.8186555992101665,0.14224415308959937
37.75019073486328,4.115078659446374,1.8186555992101665,0.14224415308959937
37.80003333091736,4.11206600421075,1.8165967183378449,0.11076179125983422
37.850261211395264,4.11206600421075,1.8165967183378449,0.11076179125983422
37.900060415267944,4.11381147445286,1.810127274760662,0.06825382047243286
37.95017647743225,4.11381147445286,1.810127274760662,0.06825382047243286
38.000035524368286,4.115510557133206,1.8071389077480744,0.020058062662903855
38.05007481575012,4.115510557133206,1.8071389077480744,0.020058062662903855
38.100250244140625,4.121437469832965,1.8018727923785445,-0.04341958786919362
38.15027689933777,4.121437469832965,1.8018727923785445,-0.04341958786919362
38.200279235839844,4.1285612169049335,1.7945283622030195,-0.11571555739642196
38.25029230117798,4.1285612169049335,1.7945283622030195,-0.11571555739642196
38.30024790763855,4.129967501436773,1.7896449833037174,-0.20107926228582224
38.350029945373535,4.129967501436773,1.7896449833037174,-0.20107926228582224
38.39999771118164,4.1321153153172965,1.7824106939339277,-0.29616919185655244
38.45019483566284,4.1321153153172965,1.7824106939339277,-0.29616919185655244
38.50010704994202,4.137170143629816,1.7748973776830506,-0.40032395168343105
38.55010938644409,4.137170143629816,1.7748973776830506,-0.40032395168343105
38.60007119178772,4.136418194774826,1.767529520606594,-0.5090278033230466
38.6501579284668,4.136418194774826,1.767529520606594,-0.5090278033230466
38.700918436050415,4.134296325167472,1.758810504127307,-0.6187560357077356
38.74998092651367,4.134296325167472,1.758810504127307,-0.6187560357077356
38.80007719993591,4.138195153005547,1.744363925963556,-0.7305798873059791
38.85015392303467,4.138195153005547,1.744363925963556,-0.7305798873059791
38.900293827056885,4.138959712103227,1.7334847991227695,-0.8366926034351911
38.95037603378296,4.138959712103227,1.7334847991227695,-0.8366926034351911
39.00059270858765,4.13843312137907,1.7201690798594251,-0.9402677579867835
39.05010628700256,4.13843312137907,1.7201690798594251,-0.9402677579867835
39.099976539611816,4.139898932339493,1.7017121606687344,-1.0378570862314105
39.149988889694214,4.139898932339493,1.7017121606687344,-1.0378570862314105
39.20017743110657,4.141140278696173,1.685780329651882,-1.1295029548191753
39.25029945373535,4.141140278696173,1.685780329651882,-1.1295029548191753
39.300273418426514,4.141589609074953,1.6747941439099572,-1.2091461868541822
39.35025906562805,4.141589609074953,1.6747941439099572,-1.2091461868541822
39.40022110939026,4.141168758135679,1.6565923683938237,-1.2774229067738962
39.44990015029907,4.141168758135679,1.6565923683938237,-1.2774229067738962
39.50002956390381,4.144579581398712,1.6393558888687085,-1.3415771040977562
39.55006408691406,4.144579581398712,1.6393558888687085,-1.3415771040977562
39.600568532943726,4.144390841979965,1.6245888038091576,-1.3989814258902762
39.65018153190613,4.144390841979965,1.6245888038091576,-1.3989814258902762
39.70063495635986,4.144624662526236,1.6019755691921365,-1.4476821534410051
39.75032591819763,4.144624662526236,1.6019755691921365,-1.4476821534410051
39.80032014846802,4.141653155565435,1.5850041044218894,-1.4904244598119585
39.85005044937134,4.141653155565435,1.5850041044218894,-1.4904244598119585
39.901933431625366,4.140332116363658,1.5636891462109554,-1.53254299351822
39.95032262802124,4.140332116363658,1.5636891462109554,-1.53254299351822
39.999961376190186,4.139664221958607,1.5391402569361536,-1.570922144672204
40.04989147186279,4.139664221958607,1.5391402569361536,-1.570922144672204
40.1001615524292,4.139277666442196,1.5129457278097707,-1.60617949396571
40.15031695365906,4.139277666442196,1.5129457278097707,-1.60617949396571
40.20028352737427,4.137783634642505,1.4849912370149028,-1.636389396852933
40.250038623809814,4.137783634642505,1.4849912370149028,-1.636389396852933
40.300437688827515,4.13589183224013,1.4555704132354297,-1.664905865485865
40.350043535232544,4.13589183224013,1.4555704132354297,-1.664905865485865
40.40036368370056,4.136236484013555,1.4231066675231747,-1.6893472415471893
40.45010805130005,4.136236484013555,1.4231066675231747,-1.6893472415471893
40.50012803077698,4.13638868037147,1.393617625144726,-1.7098826177025568
40.55003023147583,4.13638868037147,1.393617625144726,-1.7098826177025568
40.60051465034485,4.12880476882041,1.360732107831273,-1.727997882764964
40.65123462677002,4.12880476882041,1.360732107831273,-1.727997882764964
40.70012354850769,4.1242509851694,1.3299647783710036,-1.7418730130312954
40.7505259513855,4.1242509851694,1.3299647783710036,-1.7418730130312954
40.803208351135254,4.1206685508044245,1.299162672188686,-1.7549455934016815
40.850162744522095,4.1206685508044245,1.299162672188686,-1.7549455934016815
40.90024733543396,4.113597539364674,1.2700276824932404,-1.767840497354911
40.950005531311035,4.113597539364674,1.2700276824932404,-1.767840497354911
41.00008416175842,4.106952758051355,1.2390740156581923,-1.7805447939796588
41.05037569999695,4.106952758051355,1.2390740156581923,-1.7805447939796588
41.10012650489807,4.102314943861195,1.2093009059631792,-1.7878911066557048
41.15004777908325,4.102314943861195,1.2093009059631792,-1.7878911066557048
41.200390338897705,4.095153078021588,1.1813652851575647,-1.800282634100889
41.25002455711365,4.095153078021588,1.1813652851575647,-1.800282634100889
41.30018973350525,4.090737071230127,1.1529053117181371,-1.8086275093428907
41.34993386268616,4.090737071230127,1.1529053117181371,-1.8086275093428907
41.400524854660034,4.089565564994312,1.1220939217149932,-1.8191773275767407
41.450326681137085,4.089565564994312,1.1220939217149932,-1.8191773275767407
41.50118637084961,4.08003941785395,1.0907428282187135,-1.8289729572781623
41.5500693321228,4.08003941785395,1.0907428282187135,-1.8289729572781623
41.6000714302063,4.072132525273346,1.0607039360001975,-1.8381191990714496
41.65007781982422,4.072132525273346,1.0607039360001975,-1.8381191990714496
41.70048809051514,4.069423024168205,1.0280336206400291,-1.8476793342181985
41.75009775161743,4.069423024168205,1.0280336206400291,-1.8476793342181985
41.80031609535217,4.064278552674121,0.9956442343727822,-1.8579454473786283
41.84991145133972,4.064278552674121,0.9956442343727822,-1.8579454473786283
41.90040183067322,4.0572450109344675,0.9659463505489733,-1.8672002567780772
41.95032024383545,4.0572450109344675,0.9659463505489733,-1.8672002567780772
42.00004482269287,4.041353659200788,0.938827156540106,-1.8775347406398923
42.04985737800598,4.041353659200788,0.938827156540106,-1.8775347406398923
42.100048303604126,4.030939538963705,0.908078438155861,-1.8871596474797114
42.15009164810181,4.030939538963705,0.908078438155861,-1.8871596474797114
42.2004930973053,4.024492820487312,0.8795353975042145,-1.897150913709211
42.253921031951904,4.024492820487312,0.8795353975042145,-1.897150913709211
42.30389332771301,4.024492820487312,0.8795353975042145,-1.897150913709211
42.35044193267822,4.016570691860387,0.8486008526297028,-1.9064511939439426
42.40004920959473,4.007082941629293,0.8174825813514028,-1.912729654237333
42.450721740722656,4.007082941629293,0.8174825813514028,-1.912729654237333
42.500324964523315,3.99838443659894,0.7870427620027073,-1.9201766178359463
42.550084829330444,3.99838443659894,0.7870427620027073,-1.9201766178359463
42.60087442398071,3.988854020252389,0.7573784345850255,-1.9247643070837348
42.65021085739136,3.988854020252389,0.7573784345850255,-1.9247643070837348
42.70019268989563,3.9808246018294273,0.7311003112808806,-1.9270645114026586
42.750003814697266,3.9808246018294273,0.7311003112808806,-1.9270645114026586
42.8001389503479,3.966552140665934,0.703279611784641,-1.9274803842839212
42.85020852088928,3.966552140665934,0.703279611784641,-1.9274803842839212
42.900399923324585,3.9594824253206484,0.6734182434556396,-1.9274797816279794
42.949925899505615,3.9594824253206484,0.6734182434556396,-1.9274797816279794
43.00009250640869,3.949944160555722,0.641548798465197,-1.9290909491884585
43.050734758377075,3.949944160555722,0.641548798465197,-1.9290909491884585
43.10082745552063,3.93999836817484,0.6110187566817457,-1.9268033419795874
43.15013289451599,3.93999836817484,0.6110187566817457,-1.9268033419795874
43.200287103652954,3.9296335579105097,0.5825259290112227,-1.927319727193855
43.2505578994751,3.9296335579105097,0.5825259290112227,-1.927319727193855
43.30019950866699,3.917376569175147,0.553493007728313,-1.9285354222307411
43.35051345825195,3.917376569175147,0.553493007728313,-1.9285354222307411
43.40129590034485,3.9081719604313268,0.5203759608692767,-1.9291567667365348
43.45004391670227,3.9081719604313268,0.5203759608692767,-1.9291567667365348
43.500110149383545,3.900253282870003,0.4913431337003861,-1.9278724682270911
43.550482988357544,3.900253282870003,0.4913431337003861,-1.9278724682270911
43.60009789466858,3.890113185959172,0.46156056214600616,-1.9295473064998663
43.6500084400177,3.890113185959172,0.46156056214600616,-1.9295473064998663
43.7001256942749,3.8821847657541033,0.43403967336565646,-1.9287178143117196
43.75022220611572,3.8821847657541033,0.43403967336565646,-1.9287178143117196
43.79998731613159,3.8710331363349786,0.40776011218893016,-1.929909462786362
43.85004544258118,3.8710331363349786,0.40776011218893016,-1.929909462786362
43.90035104751587,3.8615042597621336,0.3787291044698731,-1.9303782215335903
43.9501793384552,3.8615042597621336,0.3787291044698731,-1.9303782215335903
44.00021243095398,3.853505762946819,0.3542246167584745,-1.9321662803172375
44.05020546913147,3.853505762946819,0.3542246167584745,-1.9321662803172375
44.100186824798584,3.842964696199582,0.3235751748981524,-1.932754185102103
44.1502411365509,3.842964696199582,0.3235751748981524,-1.932754185102103
44.20007872581482,3.832933808400199,0.29379392970921014,-1.9338430115731242
44.25011372566223,3.832933808400199,0.29379392970921014,-1.9338430115731242
44.3001971244812,3.823151285953922,0.26057904634056145,-1.9338435924467512
44.35007190704346,3.823151285953922,0.26057904634056145,-1.9338435924467512
44.40009832382202,3.8136674798332466,0.23330712703114104,-1.9351130144737019
44.45118975639343,3.8136674798332466,0.23330712703114104,-1.9351130144737019
44.50021028518677,3.8031522298595526,0.20192480091007348,-1.9370253408849265
44.55000042915344,3.8031522298595526,0.20192480091007348,-1.9370253408849265
44.60022735595703,3.793047442165582,0.17117528840739038,-1.9380405055798076
44.65025854110718,3.793047442165582,0.17117528840739038,-1.9380405055798076
44.700249910354614,3.781113020778456,0.13993836550094158,-1.9401552390559074
44.75001549720764,3.781113020778456,0.13993836550094158,-1.9401552390559074
44.800002336502075,3.7742747088363986,0.10673070641617638,-1.9422918578091426
44.85047912597656,3.7742747088363986,0.10673070641617638,-1.9422918578091426
44.900099754333496,3.765458221091218,0.074738366584374,-1.9422271189770939
44.95069479942322,3.765458221091218,0.074738366584374,-1.9422271189770939
45.00018501281738,3.7524903687375213,0.04772547156716333,-1.9428328492770264
45.051077127456665,3.7524903687375213,0.04772547156716333,-1.9428328492770264
45.10031223297119,3.745781828696475,0.02156766870044962,-1.9456668960812629
45.1511754989624,3.745781828696475,0.02156766870044962,-1.9456668960812629
45.20020365715027,3.7391342758248376,-0.011472979558116277,-1.9476555657567323
45.25036072731018,3.7391342758248376,-0.011472979558116277,-1.9476555657567323
45.30019450187683,3.728601875830475,-0.039688118619169606,-1.9488508900061128
45.35015654563904,3.728601875830475,-0.039688118619169606,-1.9488508900061128
45.40074396133423,3.716731536873592,-0.06790426883240097,-1.9521365507386435
45.450042724609375,3.716731536873592,-0.06790426883240097,-1.9521365507386435
45.500253438949585,3.7056388314344773,-0.09425906155304259,-1.9560827205134572
45.5501914024353,3.7056388314344773,-0.09425906155304259,-1.9560827205134572
45.60015821456909,3.6951886428272083,-0.12083925801043882,-1.9668122664557146
45.65016174316406,3.6951886428272083,-0.12083925801043882,-1.9668122664557146
45.70013785362244,3.6853193378035902,-0.14306372963177327,-1.986832124234768
45.75028872489929,3.6853193378035902,-0.14306372963177327,-1.986832124234768
45.8008918762207,3.6764343739488323,-0.16266540476695102,-2.0171216172050297
45.84996151924133,3.6764343739488323,-0.16266540476695102,-2.0171216172050297
45.90018081665039,3.667283662137563,-0.1827207043223531,-2.0588383284887537
45.95077919960022,3.667283662137563,-0.1827207043223531,-2.0588383284887537
46.000150203704834,3.6535671312863176,-0.20545587369572735,-2.1112263942663496
46.05005192756653,3.6535671312863176,-0.20545587369572735,-2.1112263942663496
46.09997773170471,3.6341805117152406,-0.22234764395506013,-2.1768419134841817
46.15009045600891,3.6341805117152406,-0.22234764395506013,-2.1768419134841817
46.20038652420044,3.617882288185146,-0.23742571267666218,-2.253179659103774
46.2501654624939,3.617882288185146,-0.23742571267666218,-2.253179659103774
46.300031900405884,3.5995066505066333,-0.2520136192295268,-2.3348046583637507
46.35023641586304,3.5995066505066333,-0.2520136192295268,-2.3348046583637507
46.4001088142395,3.5765738565724865,-0.2619185578138885,-2.4164005157924437
46.450124979019165,3.5765738565724865,-0.2619185578138885,-2.4164005157924437
46.503793716430664,3.556052936369965,-0.2734396526027296,-2.4973258550908812
46.55033302307129,3.556052936369965,-0.2734396526027296,-2.4973258550908812
46.59998869895935,3.534677309471821,-0.27947577390428213,-2.5769850389102213
46.6503791809082,3.534677309471821,-0.27947577390428213,-2.5769850389102213
46.700230836868286,3.5128793400644778,-0.2877772535576014,-2.656582374294037
46.75013303756714,3.5128793400644778,-0.2877772535576014,-2.656582374294037
46.80015754699707,3.491497869558506,-0.2948337815382946,-2.7342475087070843
46.850128173828125,3.491497869558506,-0.2948337815382946,-2.7342475087070843
46.90019869804382,3.478340042370135,-0.2975817011836207,-2.8089476161120333
46.950912952423096,3.478340042370135,-0.2975817011836207,-2.8089476161120333
47.001439809799194,3.4617815094346946,-0.3004657457946652,-2.8753772255810603
47.050347089767456,3.4617815094346946,-0.3004657457946652,-2.8753772255810603
47.100202322006226,3.4418128321519266,-0.29986834365484916,-2.9345191958949086
47.15020442008972,3.4418128321519266,-0.29986834365484916,-2.9345191958949086
47.20002770423889,3.4193435427250165,-0.30313059466341835,-2.983392246893761
47.25044226646423,3.4193435427250165,-0.30313059466341835,-2.983392246893761
47.30021524429321,3.3975961538412287,-0.30432639202386375,-3.0245195150387794
47.35009980201721,3.3975961538412287,-0.30432639202386375,-3.0245195150387794
47.40020751953125,3.3705896610303094,-0.30691529044243154,-3.057844754597608
47.45039963722229,3.3705896610303094,-0.30691529044243154,-3.057844754597608
47.50005626678467,3.3464354076966867,-0.3086790118917977,-3.0859233416425083
47.550167083740234,3.3464354076966867,-0.3086790118917977,-3.0859233416425083
47.60012078285217,3.3229132166991997,-0.309017208702803,-3.1072998639149905
47.650312662124634,3.3229132166991997,-0.309017208702803,-3.1072998639149905
47.700074672698975,3.296149664821411,-0.3102310997197816,-3.1279387259650155
47.75021529197693,3.296149664821411,-0.3102310997197816,-3.1279387259650155
47.80009841918945,3.2681878051372886,-0.3125061613947763,3.133926054262622
47.85001730918884,3.2681878051372886,-0.3125061613947763,3.133926054262622
47.900214195251465,3.240258941254625,-0.3158448726958478,3.113842330309786
47.95065498352051,3.240258941254625,-0.3158448726958478,3.113842330309786
48.00032067298889,3.208673322063458,-0.31521625174964424,3.0914049004987016
48.050196170806885,3.208673322063458,-0.31521625174964424,3.0914049004987016
48.10036301612854,3.1788585177586235,-0.3133571139207244,3.06986939418994
48.150299310684204,3.1788585177586235,-0.3133571139207244,3.06986939418994
48.200047969818115,3.1468577532311803,-0.3099244671034257,3.0473379610802565
48.25016927719116,3.1468577532311803,-0.3099244671034257,3.0473379610802565
48.299909353256226,3.1170185305003786,-0.3070221267091822,3.0280747612482855
48.350438594818115,3.1170185305003786,-0.3070221267091822,3.0280747612482855
48.400092124938965,3.089403437805239,-0.30011359239598917,3.006086749617203
48.450196266174316,3.089403437805239,-0.30011359239598917,3.006086749617203
48.50082349777222,3.056472992321221,-0.2948274685671856,2.9884459048467
48.55022859573364,3.056472992321221,-0.2948274685671856,2.9884459048467
48.600127935409546,3.0275962754674763,-0.29233713761883,2.9740683811079545
48.650185108184814,3.0275962754674763,-0.29233713761883,2.9740683811079545
48.70024824142456,2.9993897494327992,-0.2852907157500639,2.960508316648046
48.750256299972534,2.9993897494327992,-0.2852907157500639,2.960508316648046
48.80023169517517,2.9683216398328733,-0.2821763393402852,2.949485823665797
48.85040354728699,2.9683216398328733,-0.2821763393402852,2.949485823665797
48.90014100074768,2.936443028978812,-0.27849393354775914,2.93875370214621
48.95038986206055,2.936443028978812,-0.27849393354775914,2.93875370214621
49.000102519989014,2.905357870179289,-0.27465715848827676,2.927207860790972
49.0503191947937,2.905357870179289,-0.27465715848827676,2.927207860790972
49.10028910636902,2.874139621808273,-0.2701888231930279,2.9174536573239993
49.15019488334656,2.874139621808273,-0.2701888231930279,2.9174536573239993
49.199949502944946,2.8477757478623227,-0.2662631211493263,2.9090753839063592
49.24984383583069,2.8477757478623227,-0.2662631211493263,2.9090753839063592
49.30010676383972,2.823477604110275,-0.25798612119113007,2.8977754554991204
49.350663900375366,2.823477604110275,-0.25798612119113007,2.8977754554991204
49.400272607803345,2.795659825336169,-0.2499344645192931,2.887607945536354
49.45044732093811,2.795659825336169,-0.2499344645192931,2.887607945536354
49.500133991241455,2.7636898060753445,-0.2439314797277647,2.8788058320662238
49.550180196762085,2.7636898060753445,-0.2439314797277647,2.8788058320662238
49.59997749328613,2.729973165862483,-0.23848272520654937,2.8691585291345474
49.6502149105072,2.729973165862483,-0.23848272520654937,2.8691585291345474
49.700035095214844,2.6978452865727647,-0.2324751866840821,2.858833100259311
49.75006413459778,2.6978452865727647,-0.2324751866840821,2.858833100259311
49.80015826225281,2.6699654850766485,-0.22358312402694477,2.8494427188830485
49.85022521018982,2.6699654850766485,-0.22358312402694477,2.8494427188830485
49.90023469924927,2.643102082779956,-0.2147727152612459,2.838827926811945
49.95026683807373,2.643102082779956,-0.2147727152612459,2.838827926811945
50.000346660614014,2.6152833930448436,-0.2077534477130609,2.830178431770863
50.05028533935547,2.6152833930448436,-0.2077534477130609,2.830178431770863
50.100337266922,2.5848428934238035,-0.20178381134297244,2.822015430911192
50.15084791183472,2.5848428934238035,-0.20178381134297244,2.822015430911192
50.20035910606384,2.5576735448829746,-0.19378409165163812,2.8146578512410714
50.25002360343933,2.5576735448829746,-0.19378409165163812,2.8146578512410714
50.299864292144775,2.5244809551349023,-0.1829657436206943,2.8084635480829
50.35013771057129,2.5244809551349023,-0.1829657436206943,2.8084635480829
50.40014624595642,2.4957577709341523,-0.17405568731910517,2.8055945512826934
50.45016050338745,2.4957577709341523,-0.17405568731910517,2.8055945512826934
50.50004243850708,2.4631671652732603,-0.16312615696262173,2.8047580378032326
50.55011773109436,2.4631671652732603,-0.16312615696262173,2.8047580378032326
50.600141525268555,2.4357340387479818,-0.1551458017843386,2.80332188323198
50.65085792541504,2.4357340387479818,-0.1551458017843386,2.80332188323198
50.70027780532837,2.4077304406144657,-0.14275820699512293,2.804415089609544
50.750149965286255,2.4077304406144657,-0.14275820699512293,2.804415089609544
50.79993295669556,2.379860228775521,-0.1347800062929755,2.807482531997592
50.850367307662964,2.379860228775521,-0.1347800062929755,2.807482531997592
50.90005588531494,2.353141682265991,-0.1281645313005348,2.8102622255335055
50.95107841491699,2.353141682265991,-0.1281645313005348,2.8102622255335055
51.000142097473145,2.324366024471578,-0.11883470953944889,2.8107808024042082
51.05030846595764,2.324366024471578,-0.11883470953944889,2.8107808024042082
51.10041904449463,2.299795771965335,-0.11006165451246536,2.811011773686126
51.15056300163269,2.299795771965335,-0.11006165451246536,2.811011773686126
51.20012187957764,2.269380076393549,-0.10384676664186754,2.8134767224950474
51.25042271614075,2.269380076393549,-0.10384676664186754,2.8134767224950474
51.301788568496704,2.239116911111264,-0.09652597498929222,2.812596153784451
51.35010385513306,2.239116911111264,-0.09652597498929222,2.812596153784451
51.40039539337158,2.2083597447129435,-0.08809283870969889,2.8130023409609755
51.45030879974365,2.2083597447129435,-0.08809283870969889,2.8130023409609755
51.50021243095398,2.178674374324891,-0.08038184083183286,2.812160443186133
51.550248861312866,2.178674374324891,-0.08038184083183286,2.812160443186133
51.600250005722046,2.1496659895037373,-0.0714947488082587,2.8134362242602604
51.65019369125366,2.1496659895037373,-0.0714947488082587,2.8134362242602604
51.69994759559631,2.1234698789648565,-0.0611002319207025,2.8121854268441235
51.750192642211914,2.1234698789648565,-0.0611002319207025,2.8121854268441235
51.79995012283325,2.0929143505570167,-0.05460762515152757,2.8110605287204518
51.85134935379028,2.0929143505570167,-0.05460762515152757,2.8110605287204518
51.89998269081116,2.064204121070123,-0.04561937834469027,2.810202572034611
51.95020771026611,2.064204121070123,-0.04561937834469027,2.810202572034611
51.99996733665466,2.0350682164495977,-0.03639733701924603,2.810682476472901
52.050413370132446,2.0350682164495977,-0.03639733701924603,2.810682476472901
52.1002402305603,2.0122465285927653,-0.028624022601425665,2.8153172452962623
52.15058779716492,2.0122465285927653,-0.028624022601425665,2.8153172452962623
52.200154304504395,1.986552748030941,-0.02524976095616597,2.8273148315982497
52.251221895217896,1.986552748030941,-0.02524976095616597,2.8273148315982497
52.300060510635376,1.9730123611970052,-0.02375423318672449,2.8488948976064687
52.35038661956787,1.9730123611970052,-0.02375423318672449,2.8488948976064687
52.400333642959595,1.965394595808405,-0.019552686912511226,2.862287273005273
52.450493812561035,1.965394595808405,-0.019552686912511226,2.862287273005273
52.500208616256714,1.9638129352601525,-0.017841734319337783,2.86864556200792
52.550079584121704,1.9638129352601525,-0.017841734319337783,2.86864556200792
52.6005003452301,1.9575913591216405,-0.017777457951607963,2.8731239899682057
52.65028715133667,1.9575913591216405,-0.017777457951607963,2.8731239899682057
52.70051169395447,1.9598137844702113,-0.022570277130357926,2.876228804356525
52.75031518936157,1.9598137844702113,-0.022570277130357926,2.876228804356525
52.800246238708496,1.9608605722312873,-0.021522271527556792,2.8779213226746005
52.850324392318726,1.9608605722312873,-0.021522271527556792,2.8779213226746005
52.90014147758484,1.9623149167533327,-0.021169165960009707,2.8788628273371826
52.951019287109375,1.9623149167533327,-0.021169165960009707,2.8788628273371826
53.000306367874146,1.961723432331736,-0.019421734921051127,2.8840291677418057
53.0503306388855,1.961723432331736,-0.019421734921051127,2.8840291677418057
53.10009527206421,1.9608537213315358,-0.020253653501000286,2.8985411935934273
53.15052390098572,1.9608537213315358,-0.020253653501000286,2.8985411935934273
53.19998812675476,1.9606833820815444,-0.024260228668080815,2.917452440409885
53.25004315376282,1.9606833820815444,-0.024260228668080815,2.917452440409885
53.30053639411926,1.9586831750755247,-0.030575400368408896,2.9453325012681293
53.35008931159973,1.9586831750755247,-0.030575400368408896,2.9453325012681293
53.39991092681885,1.960909134651996,-0.03529990195960709,2.9797530373918866
53.44985365867615,1.960909134651996,-0.03529990195960709,2.9797530373918866
53.49994993209839,1.9612278382252686,-0.03975621169840573,3.0210227135404053
53.55088472366333,1.9612278382252686,-0.03975621169840573,3.0210227135404053
53.600077629089355,1.9605937580911112,-0.03919080065351653,3.0705635029395983
53.65025568008423,1.9605937580911112,-0.03919080065351653,3.0705635029395983
53.700302600860596,1.9553462698800248,-0.04253454540006196,3.1270572337044715
53.75045728683472,1.9553462698800248,-0.04253454540006196,3.1270572337044715
53.800188302993774,1.9583495340622006,-0.0448153875024578,-3.091400256857941
53.85014724731445,1.9583495340622006,-0.0448153875024578,-3.091400256857941
53.90074634552002,1.958470598337675,-0.0532771793913272,-3.0190829974165982
53.950151205062866,1.958470598337675,-0.0532771793913272,-3.0190829974165982
53.999889612197876,1.9551793169028733,-0.06180738363692472,-2.9383342637195264
54.05018377304077,1.9551793169028733,-0.06180738363692472,-2.9383342637195264
54.10028100013733,1.9544904496143307,-0.06400148712317585,-2.857925057174839
54.15009641647339,1.9544904496143307,-0.06400148712317585,-2.857925057174839
54.20087122917175,1.9532815053798467,-0.07296427971385311,-2.7716153080254644
54.25005006790161,1.9532815053798467,-0.07296427971385311,-2.7716153080254644
54.300029277801514,1.9512887909676502,-0.08258161011412124,-2.677653809779185
54.349852561950684,1.9512887909676502,-0.08258161011412124,-2.677653809779185
54.40086007118225,1.9448300475014813,-0.0941104420184053,-2.5799211182536332
54.45046281814575,1.9448300475014813,-0.0941104420184053,-2.5799211182536332
54.500126361846924,1.9362255886175312,-0.10675267249802273,-2.482770113911726
54.55006790161133,1.9362255886175312,-0.10675267249802273,-2.482770113911726
54.600234508514404,1.9280687905689076,-0.12176012396980879,-2.3821128894466463
54.650044441223145,1.9280687905689076,-0.12176012396980879,-2.3821128894466463
54.70124268531799,1.928985248301531,-0.138219398413019,-2.283631130958856
54.750195026397705,1.928985248301531,-0.138219398413019,-2.283631130958856
54.800424098968506,1.9231896571677678,-0.1580575225669073,-2.1981344524404793
54.85003709793091,1.9231896571677678,-0.1580575225669073,-2.1981344524404793
54.900227069854736,1.9216130760729835,-0.17661125642963693,-2.1220843226095245
54.950278520584106,1.9216130760729835,-0.17661125642963693,-2.1220843226095245
55.00067472457886,1.9210317500485712,-0.1957044373914854,-2.058557355346632
55.05053639411926,1.9210317500485712,-0.1957044373914854,-2.058557355346632
55.10005068778992,1.9209018838064187,-0.21591362156950777,-2.003231839474011
55.15016794204712,1.9209018838064187,-0.21591362156950777,-2.003231839474011
55.20009517669678,1.918545975395374,-0.23692689373839207,-1.9590478798275597
55.25011420249939,1.918545975395374,-0.23692689373839207,-1.9590478798275597
55.3002142906189,1.9179043473408723,-0.2546104167210058,-1.9226277818126358
55.35008907318115,1.9179043473408723,-0.2546104167210058,-1.9226277818126358
55.4000301361084,1.912886361170001,-0.2766113932784991,-1.8940077653095504
55.45022940635681,1.912886361170001,-0.2766113932784991,-1.8940077653095504
55.50008797645569,1.9078707465610292,-0.2983402823341299,-1.8674792681457069
55.55001950263977,1.9078707465610292,-0.2983402823341299,-1.8674792681457069
55.59991526603699,1.9013509178544317,-0.3210114137682411,-1.844267264320837
55.649956464767456,1.9013509178544317,-0.3210114137682411,-1.844267264320837
55.70046424865723,1.8945552646072465,-0.3496676252682228,-1.8247560309877509
55.750332832336426,1.8945552646072465,-0.3496676252682228,-1.8247560309877509
55.80056858062744,1.889660714976863,-0.3774812832518744,-1.8033367429054135
55.85051703453064,1.889660714976863,-0.3774812832518744,-1.8033367429054135
55.90011167526245,1.886021072171881,-0.4042986258042262,-1.7840063362507113
55.95005512237549,1.886021072171881,-0.4042986258042262,-1.7840063362507113
56.00021409988403,1.8810395757727643,-0.4325371998978147,-1.76653882959335
56.050050258636475,1.8810395757727643,-0.4325371998978147,-1.76653882959335
56.10023307800293,1.8770930806437438,-0.4608779459753008,-1.7506823453899854
56.150370597839355,1.8770930806437438,-0.4608779459753008,-1.7506823453899854
56.19993591308594,1.8758147539721286,-0.4906164057900368,-1.7346244456137676
56.25076460838318,1.8758147539721286,-0.4906164057900368,-1.7346244456137676
56.30013990402222,1.8721068119742028,-0.5200233010320294,-1.7198482289128336
56.352431297302246,1.8721068119742028,-0.5200233010320294,-1.7198482289128336
56.4000358581543,1.869701305643466,-0.5517223498288637,-1.7071472908805294
56.450119733810425,1.869701305643466,-0.5517223498288637,-1.7071472908805294
56.500104665756226,1.8671852419157424,-0.5821940233607544,-1.694148150387217
56.55035138130188,1.8671852419157424,-0.5821940233607544,-1.694148150387217
56.59997749328613,1.8617450719046669,-0.6120662243212031,-1.6800243569736975
56.65028429031372,1.8617450719046669,-0.6120662243212031,-1.6800243569736975
56.7000629901886,1.8625887916043193,-0.6401564349710936,-1.6664010418822115
56.75016379356384,1.8625887916043193,-0.6401564349710936,-1.6664010418822115
56.800357818603516,1.864061038272211,-0.6718598392626068,-1.6542806925653675
56.85056161880493,1.864061038272211,-0.6718598392626068,-1.6542806925653675
56.90040707588196,1.8666468619877585,-0.7025456121191586,-1.6424004468686109
56.95025014877319,1.8666468619877585,-0.7025456121191586,-1.6424004468686109
57.00018262863159,1.8690183317242568,-0.7373316069113142,-1.6335363858029859
57.05041837692261,1.8690183317242568,-0.7373316069113142,-1.6335363858029859
57.10023736953735,1.8695573446269191,-0.7683913998044051,-1.623771531852397
57.15482425689697,1.8695573446269191,-0.7683913998044051,-1.623771531852397
57.20811176300049,1.8695573446269191,-0.7683913998044051,-1.623771531852397
57.25030827522278,1.8725698100889796,-0.7991039717672258,-1.6147142402579138
57.299853563308716,1.8720821342606067,-0.8274994332085078,-1.6104954350102956
57.351144552230835,1.8720821342606067,-0.8274994332085078,-1.6104954350102956
57.40036630630493,1.8692888835907586,-0.8590348802027398,-1.6047784043356244
57.45016622543335,1.8692888835907586,-0.8590348802027398,-1.6047784043356244
57.500061988830566,1.868038436240809,-0.8897923864644325,-1.600378402043475
57.55058145523071,1.868038436240809,-0.8897923864644325,-1.600378402043475
57.599953174591064,1.8688373676235723,-0.9219745507947111,-1.5982283019836385
57.65008187294006,1.8688373676235723,-0.9219745507947111,-1.5982283019836385
57.700310945510864,1.871760311582815,-0.9538585577979508,-1.596983944628897
57.75034856796265,1.871760311582815,-0.9538585577979508,-1.596983944628897
57.800103425979614,1.8706311275345662,-0.9854233101262099,-1.5965437423120215
57.85013294219971,1.8706311275345662,-0.9854233101262099,-1.5965437423120215
57.9000403881073,1.8701474725437561,-1.0181045729644913,-1.5965226215029724
57.95016622543335,1.8701474725437561,-1.0181045729644913,-1.5965226215029724
57.999996185302734,1.8750558279323204,-1.051800072235377,-1.5947033748395434
58.050665855407715,1.8750558279323204,-1.051800072235377,-1.5947033748395434
58.100194454193115,1.8767090297012372,-1.0824336022993155,-1.5921999377569187
58.15280747413635,1.8767090297012372,-1.0824336022993155,-1.5921999377569187
58.200071811676025,1.8784407600788782,-1.112483066972893,-1.590415699104448
58.250401973724365,1.8784407600788782,-1.112483066972893,-1.590415699104448
58.300076484680176,1.8786144395115365,-1.1439622527093904,-1.5867035958838953
58.35019040107727,1.8786144395115365,-1.1439622527093904,-1.5867035958838953
58.40017008781433,1.8779435242691258,-1.1719888689068814,-1.585402146658131
58.45024800300598,1.8779435242691258,-1.1719888689068814,-1.585402146658131
58.50001811981201,1.8777333136185266,-1.2027091125008234,-1.582682375123226
58.55018210411072,1.8777333136185266,-1.2027091125008234,-1.582682375123226
58.60018467903137,1.8780988028199481,-1.233210030846298,-1.580931308123281
58.65040469169617,1.8780988028199481,-1.233210030846298,-1.580931308123281
58.700175523757935,1.8800875495876623,-1.2618863644278184,-1.578497633880286
58.75012421607971,1.8800875495876623,-1.2618863644278184,-1.578497633880286
58.79998421669006,1.8844208224205043,-1.287548689424935,-1.5782162504565518
58.850640535354614,1.8844208224205043,-1.287548689424935,-1.5782162504565518
58.900238037109375,1.8865185567779263,-1.318344914115398,-1.5770212108209367
58.95016813278198,1.8865185567779263,-1.318344914115398,-1.5770212108209367
59.00012183189392,1.888279510235095,-1.3529924641819102,-1.5750973549694869
59.050225257873535,1.888279510235095,-1.3529924641819102,-1.5750973549694869
59.10016965866089,1.891550299552464,-1.3874063024635659,-1.5738497950122783
59.15010166168213,1.891550299552464,-1.3874063024635659,-1.5738497950122783
59.200005292892456,1.8952326336479384,-1.419216428028174,-1.573606860318698
59.25032424926758,1.8952326336479384,-1.419216428028174,-1.573606860318698
59.3003888130188,1.8986670357067574,-1.4525793617271237,-1.5736643218168755
59.35010600090027,1.8986670357067574,-1.4525793617271237,-1.5736643218168755
59.40013384819031,1.9005487289740925,-1.481563736410561,-1.5730292073801542
59.45011925697327,1.9005487289740925,-1.481563736410561,-1.5730292073801542
59.4999680519104,1.900977553436771,-1.5104063157274132,-1.5747814624570928
59.55017805099487,1.900977553436771,-1.5104063157274132,-1.5747814624570928
59.60037684440613,1.9003615651690902,-1.5365759534515182,-1.575999970775352
59.65082025527954,1.9003615651690902,-1.5365759534515182,-1.575999970775352
59.70002627372742,1.8958458798317543,-1.5652520592239938,-1.581061196957506
59.74998760223389,1.8958458798317543,-1.5652520592239938,-1.581061196957506
59.80021858215332,1.8965198851309688,-1.5960917669018102,-1.5838741994285759
59.85035181045532,1.8965198851309688,-1.5960917669018102,-1.5838741994285759
59.90010404586792,1.8963658381892607,-1.6258835336930493,-1.5859242161518825
59.950764894485474,1.8963658381892607,-1.6258835336930493,-1.5859242161518825
59.9999635219574,1.8985602148503398,-1.657996021069568,-1.588086902659557
60.05041527748108,1.8985602148503398,-1.657996021069568,-1.588086902659557
60.100128412246704,1.8981499483841147,-1.6871840155651234,-1.5895987121367474
60.15006995201111,1.8981499483841147,-1.6871840155651234,-1.5895987121367474
60.200324058532715,1.8957180150535449,-1.717993639820293,-1.5875838735024423
60.25012946128845,1.8957180150535449,-1.717993639820293,-1.5875838735024423
60.30014896392822,1.8949696837455041,-1.744692730259438,-1.5896704228215068
60.35011029243469,1.8949696837455041,-1.744692730259438,-1.5896704228215068
60.39995050430298,1.897520973101914,-1.7746810528362622,-1.5879276339408788
60.450215101242065,1.897520973101914,-1.7746810528362622,-1.5879276339408788
60.500017166137695,1.9019476033765785,-1.8037209948714925,-1.5880750185880057
60.55000281333923,1.9019476033765785,-1.8037209948714925,-1.5880750185880057
60.60016655921936,1.904377999263626,-1.8356075358470223,-1.5887384754065408
60.65012764930725,1.904377999263626,-1.8356075358470223,-1.5887384754065408
60.70011520385742,1.9064325054263722,-1.8667026631626982,-1.5864339428649552
60.750277042388916,1.9064325054263722,-1.8667026631626982,-1.5864339428649552
60.80000829696655,1.9067159927441504,-1.8980754301900917,-1.5850647992948164
60.85043954849243,1.9067159927441504,-1.8980754301900917,-1.5850647992948164
60.90036082267761,1.9074718496329048,-1.9296013834808423,-1.5840025075372055
60.95058012008667,1.9074718496329048,-1.9296013834808423,-1.5840025075372055
61.000160217285156,1.9093028047711489,-1.9595198105760572,-1.5823181421275858
61.05005860328674,1.9093028047711489,-1.9595198105760572,-1.5823181421275858
61.09999394416809,1.9129593602793487,-1.9896656693296493,-1.579027352935995
61.15009093284607,1.9129593602793487,-1.9896656693296493,-1.579027352935995
61.19995641708374,1.9124586876008716,-2.016576218330526,-1.5776024534702644
61.25085997581482,1.9124586876008716,-2.016576218330526,-1.5776024534702644
61.30117344856262,1.9137430345293385,-2.0510921536783804,-1.577096308810945
61.35018825531006,1.9137430345293385,-2.0510921536783804,-1.577096308810945
61.40000581741333,1.914824631425305,-2.0782280816532817,-1.573447800996507
61.4500412940979,1.914824631425305,-2.0782280816532817,-1.573447800996507
61.50006914138794,1.9156382991866103,-2.1091338835345113,-1.5732319094667966
61.55007553100586,1.9156382991866103,-2.1091338835345113,-1.5732319094667966
61.60020112991333,1.917944961665594,-2.1371130590987026,-1.5710749457165898
61.65118145942688,1.917944961665594,-2.1371130590987026,-1.5710749457165898
61.700013160705566,1.9204283543314176,-2.168252970519694,-1.5689167569461864
61.750179290771484,1.9204283543314176,-2.168252970519694,-1.5689167569461864
61.79999232292175,1.9200394079507357,-2.1992072451105606,-1.5677156954985745
61.85013389587402,1.9200394079507357,-2.1992072451105606,-1.5677156954985745
61.900012254714966,1.9215173288191936,-2.2290739869103047,-1.5654509639470937
61.95011353492737,1.9215173288191936,-2.2290739869103047,-1.5654509639470937
62.00017547607422,1.9245357870413156,-2.2600999517512586,-1.562444063716087
62.05012106895447,1.9245357870413156,-2.2600999517512586,-1.562444063716087
62.10037112236023,1.9261833650081595,-2.2929511786454175,-1.5612780110347888
62.15014839172363,1.9261833650081595,-2.2929511786454175,-1.5612780110347888
62.20017671585083,1.925343589170854,-2.322314311328103,-1.5585958147252463
62.25050330162048,1.925343589170854,-2.322314311328103,-1.5585958147252463
62.30013585090637,1.9292635821698025,-2.355311920073768,-1.5559459954293584
62.35008215904236,1.9292635821698025,-2.355311920073768,-1.5559459954293584
62.40040969848633,1.933813521298857,-2.3840915878143414,-1.5542241254762248
62.45090699195862,1.933813521298857,-2.3840915878143414,-1.5542241254762248
62.50004768371582,1.936919362380505,-2.4135608506293784,-1.5525127180619152
62.55023550987244,1.936919362380505,-2.4135608506293784,-1.5525127180619152
62.59995460510254,1.9383380958901795,-2.445487526368362,-1.5506786231921796
62.65029811859131,1.9383380958901795,-2.445487526368362,-1.5506786231921796
62.700206995010376,1.9360773576174848,-2.477377679346543,-1.5471227081260985
62.75024938583374,1.9360773576174848,-2.477377679346543,-1.5471227081260985
62.80016565322876,1.9386990142219702,-2.5058907000579613,-1.5455579564165938
62.850229024887085,1.9386990142219702,-2.5058907000579613,-1.5455579564165938
62.899900674819946,1.9444058736410754,-2.5331862274936716,-1.5426747279318043
62.95051622390747,1.9444058736410754,-2.5331862274936716,-1.5426747279318043
63.00043439865112,1.9464296992721632,-2.5628691109084514,-1.5364248782512122
63.050243616104126,1.9464296992721632,-2.5628691109084514,-1.5364248782512122
63.10021424293518,1.9511473214300017,-2.595621861938918,-1.5301991706520959
63.15013837814331,1.9511473214300017,-2.595621861938918,-1.5301991706520959
63.20017218589783,1.9501028853087263,-2.6291769800194573,-1.524780562876856
63.24998641014099,1.9501028853087263,-2.6291769800194573,-1.524780562876856
63.300195932388306,1.9517699311590773,-2.657480924392085,-1.5208997050094706
63.350077867507935,1.9517699311590773,-2.657480924392085,-1.5208997050094706
63.40024495124817,1.9560676640123076,-2.6837387829939883,-1.5173551063878277
63.450135469436646,1.9560676640123076,-2.6837387829939883,-1.5173551063878277
63.50001263618469,1.9574624643528262,-2.70571331735354,-1.5205896671707648
63.54994463920593,1.9574624643528262,-2.70571331735354,-1.5205896671707648
63.60013508796692,1.9610994033676088,-2.7227559725464907,-1.5318819006706366
63.65011215209961,1.9610994033676088,-2.7227559725464907,-1.5318819006706366
63.70018792152405,1.9606940257020729,-2.7334839724758124,-1.5512071350446568
63.75062346458435,1.9606940257020729,-2.7334839724758124,-1.5512071350446568
63.80006265640259,1.9590636466047469,-2.7394449259429754,-1.5822774936803916
63.85016083717346,1.9590636466047469,-2.7394449259429754,-1.5822774936803916
63.90021586418152,1.9559850510073031,-2.7452820033252756,-1.6140125351996821
63.95226526260376,1.9559850510073031,-2.7452820033252756,-1.6140125351996821
64.00007724761963,1.953583001150643,-2.7487277672427637,-1.652800333891331
64.05020999908447,1.953583001150643,-2.7487277672427637,-1.652800333891331
64.1002688407898,1.9494470655992442,-2.7519545621058157,-1.7030317114213431
64.15013766288757,1.9494470655992442,-2.7519545621058157,-1.7030317114213431
64.20090246200562,1.944872410069365,-2.7538181798717924,-1.7634299479668283
64.25020289421082,1.944872410069365,-2.7538181798717924,-1.7634299479668283
64.30026030540466,1.9358202856465587,-2.752798947071652,-1.833479916307197
64.34997534751892,1.9358202856465587,-2.752798947071652,-1.833479916307197
64.40035152435303,1.9303680638225333,-2.7524926735121333,-1.9167060881483602
64.45005393028259,1.9303680638225333,-2.7524926735121333,-1.9167060881483602
64.50012707710266,1.9223543635489235,-2.7569005529217585,-2.0112553708929353
64.55042099952698,1.9223543635489235,-2.7569005529217585,-2.0112553708929353
64.60055446624756,1.911662769885197,-2.761339083404042,-2.1147006903297756
64.65008330345154,1.911662769885197,-2.761339083404042,-2.1147006903297756
64.69996166229248,1.8978290700314508,-2.764653196927584,-2.226315924700015
64.75005340576172,1.8978290700314508,-2.764653196927584,-2.226315924700015
64.80005764961243,1.8836785665698705,-2.7672293676185244,-2.338941223657687
64.85020399093628,1.8836785665698705,-2.7672293676185244,-2.338941223657687
64.9000871181488,1.8705154253327343,-2.7684552335968977,-2.4497976355715574
64.95071911811829,1.8705154253327343,-2.7684552335968977,-2.4497976355715574
65.0000011920929,1.855822951952952,-2.7706961979783933,-2.5544730003603946
65.05014228820801,1.855822951952952,-2.7706961979783933,-2.5544730003603946
65.10018920898438,1.8404063940385262,-2.7707255279118352,-2.653586486055985
65.15021991729736,1.8404063940385262,-2.7707255279118352,-2.653586486055985
65.19987463951111,1.8199507912327697,-2.76853789892663,-2.7410863949118105
65.25097894668579,1.8199507912327697,-2.76853789892663,-2.7410863949118105
65.29991364479065,1.8005809963589663,-2.7679043921931785,-2.811056436863325
65.35020208358765,1.8005809963589663,-2.7679043921931785,-2.811056436863325
65.40015935897827,1.7794014192711736,-2.7706665789605442,-2.867541876506072
65.45013427734375,1.7794014192711736,-2.7706665789605442,-2.867541876506072
65.50016212463379,1.7597248318952834,-2.771726757980634,-2.9185833769659046
65.55037832260132,1.7597248318952834,-2.771726757980634,-2.9185833769659046
65.60006761550903,1.7403411461294602,-2.7726582596051625,-2.9650724734436644
65.65008544921875,1.7403411461294602,-2.7726582596051625,-2.9650724734436644
65.7002387046814,1.7199894174535675,-2.772636266562285,-3.004575947560519
65.7503113746643,1.7199894174535675,-2.772636266562285,-3.004575947560519
65.80005073547363,1.7022415146118293,-2.7746107072047304,-3.0427644226465045
65.85003685951233,1.7022415146118293,-2.7746107072047304,-3.0427644226465045
65.900062084198,1.6814450469699727,-2.777079918214143,-3.0734474366009943
65.95028972625732,1.6814450469699727,-2.777079918214143,-3.0734474366009943
66.0008282661438,1.6565353887553373,-2.7787521824512886,-3.1041418269935974
66.05079984664917,1.6565353887553373,-2.7787521824512886,-3.1041418269935974
66.10010313987732,1.6318421594514703,-2.7769367480971443,-3.1321395957985723
66.15031385421753,1.6318421594514703,-2.7769367480971443,-3.1321395957985723
66.20047616958618,1.6025546734917524,-2.7782510273419763,3.123683944538534
66.25011110305786,1.6025546734917524,-2.7782510273419763,3.123683944538534
66.30066895484924,1.574123026330781,-2.7805113701943815,3.0985523064992835
66.35013842582703,1.574123026330781,-2.7805113701943815,3.0985523064992835
66.39999628067017,1.542742596660241,-2.780813623694026,3.0750522783047836
66.45021486282349,1.542742596660241,-2.780813623694026,3.0750522783047836
66.50001001358032,1.516971654415299,-2.7777170198159244,3.0553753652621296
66.5504059791565,1.516971654415299,-2.7777170198159244,3.0553753652621296
66.60123014450073,1.486094820898688,-2.775705021792508,3.0374791427990746
66.65054297447205,1.486094820898688,-2.775705021792508,3.0374791427990746
66.69994306564331,1.4558970558234527,-2.7706922853247136,3.0209362652229577
66.75001382827759,1.4558970558234527,-2.7706922853247136,3.0209362652229577
66.8003261089325,1.4288911903079373,-2.766130921765002,3.010188756603329
66.85070562362671,1.4288911903079373,-2.766130921765002,3.010188756603329
66.90013527870178,1.4006556218836064,-2.761116761125183,2.9970916667994585
66.9502341747284,1.4006556218836064,-2.761116761125183,2.9970916667994585
67.00087547302246,1.370444579341421,-2.7602927042694225,2.9869956238624615
67.05035734176636,1.370444579341421,-2.7602927042694225,2.9869956238624615
67.100022315979,1.3405561754447812,-2.7579783217512848,2.9760671226068887
67.14997291564941,1.3405561754447812,-2.7579783217512848,2.9760671226068887
67.19988107681274,1.3150946620120483,-2.754278231223936,2.965448283587533
67.24999785423279,1.3150946620120483,-2.754278231223936,2.965448283587533
67.30013370513916,1.2836501790180528,-2.7514308216015286,2.95422205478185
67.35027551651001,1.2836501790180528,-2.7514308216015286,2.95422205478185
67.40054726600647,1.2563476606262118,-2.748468363037014,2.9436612967560642
67.45029473304749,1.2563476606262118,-2.748468363037014,2.9436612967560642
67.5000147819519,1.2265784860743831,-2.7414398593396903,2.9329043341712016
67.5501708984375,1.2265784860743831,-2.7414398593396903,2.9329043341712016
67.60023975372314,1.1953971732995181,-2.7352045793342055,2.9238105230491414
67.65038800239563,1.1953971732995181,-2.7352045793342055,2.9238105230491414
67.70023965835571,1.1650576772183276,-2.728881941388431,2.9124292461977657
67.75012946128845,1.1650576772183276,-2.728881941388431,2.9124292461977657
67.80010151863098,1.1359605291586468,-2.7224093497829034,2.9012685165330523
67.85055685043335,1.1359605291586468,-2.7224093497829034,2.9012685165330523
67.9002161026001,1.1024695746062594,-2.7163785079798624,2.89020713683775
67.95027494430542,1.1024695746062594,-2.7163785079798624,2.89020713683775
68.00018119812012,1.0691049200395069,-2.7137148144143146,2.880664280904377
68.05020093917847,1.0691049200395069,-2.7137148144143146,2.880664280904377
68.10028529167175,1.041535811134617,-2.7031426935727896,2.8699025754218144
68.15043258666992,1.041535811134617,-2.7031426935727896,2.8699025754218144
68.20012712478638,1.0150036244856855,-2.6953270379425893,2.859593854223494
68.24993658065796,1.0150036244856855,-2.6953270379425893,2.859593854223494
68.29990839958191,0.9851513858330863,-2.6871223548806125,2.8513466020391762
68.35053491592407,0.9851513858330863,-2.6871223548806125,2.8513466020391762
68.39994812011719,0.9567613305672966,-2.6753515609870586,2.845704487865701
68.45023131370544,0.9567613305672966,-2.6753515609870586,2.845704487865701
68.4999885559082,0.9300094491806716,-2.662685896362434,2.843001733506719
68.5501618385315,0.9300094491806716,-2.662685896362434,2.843001733506719
68.60008883476257,0.9048440083907405,-2.657410730283264,2.8452346821265895
68.65010023117065,0.9048440083907405,-2.657410730283264,2.8452346821265895
68.70009016990662,0.8823824537662754,-2.6532002470089253,2.844593593901229
68.75010752677917,0.8823824537662754,-2.6532002470089253,2.844593593901229
68.8001298904419,0.8468356890645088,-2.6488050604625455,2.8427239342247663
68.85019421577454,0.8468356890645088,-2.6488050604625455,2.8427239342247663
68.90014290809631,0.8127475389455503,-2.6433124246229656,2.8444308214260596
68.95117735862732,0.8127475389455503,-2.6433124246229656,2.8444308214260596
69.00014042854309,0.7805541229185924,-2.637159833088231,2.845529480171425
69.0500283241272,0.7805541229185924,-2.637159833088231,2.845529480171425
69.09993124008179,0.7490407897931572,-2.6328121985743502,2.845555443555725
69.1500141620636,0.7490407897931572,-2.6328121985743502,2.845555443555725
69.20050740242004,0.7209080684375693,-2.6264178966489875,2.8440553104623167
69.25030994415283,0.7209080684375693,-2.6264178966489875,2.8440553104623167
69.30009508132935,0.6902116286836708,-2.62611233007258,2.844512200891334
69.350266456604,0.6902116286836708,-2.62611233007258,2.844512200891334
69.4003221988678,0.6602658145278981,-2.6188461018606226,2.8456417734813377
69.45004725456238,0.6602658145278981,-2.6188461018606226,2.8456417734813377
69.50100135803223,0.6320084048221073,-2.606010415128244,2.850401162491816
69.55022501945496,0.6320084048221073,-2.606010415128244,2.850401162491816
69.6001386642456,0.5999561385780303,-2.5932518509711517,2.8528899590055055
69.65089011192322,0.5999561385780303,-2.5932518509711517,2.8528899590055055
69.69997954368591,0.574566200029782,-2.5860166521219305,2.8526906036868773
69.75034427642822,0.574566200029782,-2.5860166521219305,2.8526906036868773
69.80016303062439,0.5477486083924832,-2.575998510315282,2.8526333346414785
69.84989404678345,0.5477486083924832,-2.575998510315282,2.8526333346414785
69.900315284729,0.5204009901591597,-2.5720709788727354,2.852548136236295
69.95177960395813,0.5204009901591597,-2.5720709788727354,2.852548136236295
70.00023746490479,0.49203411985332424,-2.563003553038314,2.851886795013144
70.04992651939392,0.49203411985332424,-2.563003553038314,2.851886795013144
70.1002082824707,0.4624953655803321,-2.5568724914169105,2.851512147684759
70.15018320083618,0.4624953655803321,-2.5568724914169105,2.851512147684759
70.20006132125854,0.431168519869914,-2.5526487181777497,2.852797050237848
70.25001907348633,0.431168519869914,-2.5526487181777497,2.852797050237848
70.30003929138184,0.4030732782102069,-2.5471319728491424,2.853820104697726
70.3500623703003,0.4030732782102069,-2.5471319728491424,2.853820104697726
70.40000891685486,0.379011182921804,-2.542506982957664,2.8534653530748657
70.44986343383789,0.379011182921804,-2.542506982957664,2.8534653530748657
70.50001001358032,0.34611270910151726,-2.5348648246552803,2.8570467356647233
70.55052137374878,0.34611270910151726,-2.5348648246552803,2.8570467356647233
70.60023784637451,0.31343427133216306,-2.525057069042801,2.8546404244023513
70.65006756782532,0.31343427133216306,-2.525057069042801,2.8546404244023513
70.70009446144104,0.2784575886729508,-2.5173352442819565,2.8567396023290965
70.75017404556274,0.2784575886729508,-2.5173352442819565,2.8567396023290965
70.8001914024353,0.24696758782313455,-2.5079986436796284,2.8573244886401286
70.85099649429321,0.24696758782313455,-2.5079986436796284,2.8573244886401286
70.90009903907776,0.2176289780086409,-2.501306008197117,2.8570532991039186
70.95005297660828,0.2176289780086409,-2.501306008197117,2.8570532991039186
71.00014925003052,0.19158235809589508,-2.4921362223581047,2.8557007181750005
71.05041646957397,0.19158235809589508,-2.4921362223581047,2.8557007181750005
71.09999465942383,0.1639867827416639,-2.486247078307378,2.8569256129444236
71.15010190010071,0.1639867827416639,-2.486247078307378,2.8569256129444236
71.20004391670227,0.13245448312087937,-2.4814498998163037,2.856178281614041
71.25015711784363,0.13245448312087937,-2.4814498998163037,2.856178281614041
71.30018377304077,0.10208419702829252,-2.478799502614563,2.857971291647757
71.35019159317017,0.10208419702829252,-2.478799502614563,2.857971291647757
71.39991521835327,0.06952516941744702,-2.473497239431095,2.8575602690323505
71.44993829727173,0.06952516941744702,-2.473497239431095,2.8575602690323505
71.5002760887146,0.03583530077491326,-2.4637636293406495,2.857999540617025
71.55035853385925,0.03583530077491326,-2.4637636293406495,2.857999540617025
71.60030674934387,0.0037496062857254042,-2.456452572913599,2.857823941497191
71.65012192726135,0.0037496062857254042,-2.456452572913599,2.857823941497191
71.69988012313843,-0.02395525408834348,-2.4515700781285372,2.8577290934821167
71.75004577636719,-0.02395525408834348,-2.4515700781285372,2.8577290934821167
71.80040001869202,-0.0515019058400093,-2.4424324996773477,2.8566742523076383
71.85011649131775,-0.0515019058400093,-2.4424324996773477,2.8566742523076383
71.90037322044373,-0.07456611402577257,-2.435839738468701,2.8562792294987784
71.95057988166809,-0.07456611402577257,-2.435839738468701,2.8562792294987784
71.99986577033997,-0.10262644645879426,-2.426529005534589,2.856385821525349
72.05029654502869,-0.10262644645879426,-2.426529005534589,2.856385821525349
72.10007548332214,-0.13328630019623966,-2.42027989950731,2.854592264290315
72.15024399757385,-0.13328630019623966,-2.42027989950731,2.854592264290315
72.20012521743774,-0.16512087189145658,-2.412372899270034,2.8555271676290395
72.25054574012756,-0.16512087189145658,-2.412372899270034,2.8555271676290395
72.29996943473816,-0.195810904985101,-2.404353376071902,2.8564907840707074
72.35031628608704,-0.195810904985101,-2.404353376071902,2.8564907840707074
72.39994144439697,-0.22839457758052806,-2.4019201748752272,2.858069471224851
72.45019578933716,-0.22839457758052806,-2.4019201748752272,2.858069471224851
72.49995183944702,-0.2594446836532855,-2.391562415711195,2.857919113425668
72.5500922203064,-0.2594446836532855,-2.391562415711195,2.857919113425668
72.60026502609253,-0.288228379986386,-2.383929838019735,2.857461238746694
72.65020608901978,-0.288228379986386,-2.383929838019735,2.857461238746694
72.70019435882568,-0.31971962214744004,-2.377337380893075,2.8565783130647455
72.7500855922699,-0.31971962214744004,-2.377337380893075,2.8565783130647455
72.79980540275574,-0.35035156195467837,-2.36884409189052,2.8565285778851783
72.85009264945984,-0.35035156195467837,-2.36884409189052,2.8565285778851783
72.90004539489746,-0.38244624666635574,-2.364541715561937,2.856650627727131
72.94992423057556,-0.38244624666635574,-2.364541715561937,2.856650627727131
73.0001630783081,-0.4061975186006923,-2.3551953077250896,2.857431208034688
73.04991245269775,-0.4061975186006923,-2.3551953077250896,2.857431208034688
73.09990739822388,-0.43569072139002585,-2.3526459780146767,2.858481623272147
73.15002131462097,-0.43569072139002585,-2.3526459780146767,2.858481623272147
73.20015549659729,-0.4621778603357853,-2.3463878898046655,2.857514823107933
73.25004935264587,-0.4621778603357853,-2.3463878898046655,2.857514823107933
73.30077791213989,-0.4943817356350118,-2.337751865870664,2.8571561663169813
73.3504626750946,-0.4943817356350118,-2.337751865870664,2.8571561663169813
73.40228915214539,-0.521225375302796,-2.3327546916896797,2.8575356711557287
73.45018696784973,-0.521225375302796,-2.3327546916896797,2.8575356711557287
73.50101590156555,-0.5523000919294274,-2.3278219584811137,2.859077912338
73.55024933815002,-0.5523000919294274,-2.3278219584811137,2.859077912338
73.60005593299866,-0.5800913215006535,-2.3218315286906472,2.8580906021178674
73.64985918998718,-0.5800913215006535,-2.3218315286906472,2.8580906021178674
73.70003652572632,-0.6081801621725662,-2.3118593005471926,2.859655856984819
73.75015783309937,-0.6081801621725662,-2.3118593005471926,2.859655856984819
73.79997897148132,-0.640570492212955,-2.3024690638000944,2.8604502721051253
73.85006070137024,-0.640570492212955,-2.3024690638000944,2.8604502721051253
73.89993405342102,-0.6707331474462921,-2.2965545398382807,2.8620695907979115
73.94998836517334,-0.6707331474462921,-2.2965545398382807,2.8620695907979115
74.00085687637329,-0.7010152533568672,-2.292690020034065,2.863482612428094
74.05006241798401,-0.7010152533568672,-2.292690020034065,2.863482612428094
74.10019779205322,-0.7295643138580331,-2.2866176847585784,2.8652904122594975
74.14996099472046,-0.7295643138580331,-2.2866176847585784,2.8652904122594975
74.19981050491333,-0.7598735544555493,-2.284496519291979,2.865100478767706
74.25006151199341,-0.7598735544555493,-2.284496519291979,2.865100478767706
74.29999470710754,-0.7910960585545221,-2.279574666605756,2.8641551989392884
74.3531243801117,-0.7910960585545221,-2.279574666605756,2.8641551989392884
74.40013766288757,-0.8188000009715002,-2.272980116825945,2.864184668621535
74.44997549057007,-0.8188000009715002,-2.272980116825945,2.864184668621535
74.49996185302734,-0.846254360725494,-2.2685309000731433,2.862475840478344
74.55031514167786,-0.846254360725494,-2.2685309000731433,2.862475840478344
74.60063457489014,-0.876458401517868,-2.2602270938150504,2.86275280085072
74.65031862258911,-0.876458401517868,-2.2602270938150504,2.86275280085072
74.70013236999512,-0.904707357034427,-2.2510978305762395,2.8618023420581364
74.75003814697266,-0.904707357034427,-2.2510978305762395,2.8618023420581364
74.80003118515015,-0.9365814684568418,-2.243041713673936,2.8600850486523592
74.8502459526062,-0.9365814684568418,-2.243041713673936,2.8600850486523592
74.9002935886383,-0.9693278447009888,-2.2337856037267403,2.860341006080745
74.95011281967163,-0.9693278447009888,-2.2337856037267403,2.860341006080745
75.0000729560852,-0.9954147456342397,-2.2289197423600373,2.861371765060683
75.04994130134583,-0.9954147456342397,-2.2289197423600373,2.861371765060683
75.09989500045776,-1.0276310350139748,-2.222261119094181,2.8615667061835532
75.15020227432251,-1.0276310350139748,-2.222261119094181,2.8615667061835532
75.20013546943665,-1.0577745392960738,-2.214714066663765,2.8624013360383733
75.25135946273804,-1.0577745392960738,-2.214714066663765,2.8624013360383733
75.30003523826599,-1.084208865783411,-2.2072857918550524,2.8622782153579704
75.35008358955383,-1.084208865783411,-2.2072857918550524,2.8622782153579704
75.3998486995697,-1.11690078680836,-2.2023961291573197,2.8610020876993056
75.45011568069458,-1.11690078680836,-2.2023961291573197,2.8610020876993056
75.49999737739563,-1.1414106031908346,-2.195336435677527,2.8618200735886083
75.55014896392822,-1.1414106031908346,-2.195336435677527,2.8618200735886083
75.60020661354065,-1.1675334444564096,-2.188330183176536,2.8602604760708723
75.65009474754333,-1.1675334444564096,-2.188330183176536,2.8602604760708723
75.69992780685425,-1.195639269693763,-2.17955508773779,2.8603517232666333
75.75058889389038,-1.195639269693763,-2.17955508773779,2.8603517232666333
75.8000180721283,-1.2272572770149939,-2.1724358120023433,2.861645844411483
75.850168466568,-1.2272572770149939,-2.1724358120023433,2.861645844411483
75.89992642402649,-1.258672247685872,-2.1663965234939813,2.861360839687387
75.9502260684967,-1.258672247685872,-2.1663965234939813,2.861360839687387
75.99998164176941,-1.2875785894035858,-2.1603822726747093,2.8609125911947553
76.05015063285828,-1.2875785894035858,-2.1603822726747093,2.8609125911947553
76.10008502006531,-1.318147481996876,-2.1548124422937383,2.863032873125873
76.15086483955383,-1.318147481996876,-2.1548124422937383,2.863032873125873
76.20001697540283,-1.3451872734025065,-2.147548725146192,2.8618928582560232
76.24992752075195,-1.3451872734025065,-2.147548725146192,2.8618928582560232
76.29995560646057,-1.3733690463599983,-2.1420778676232395,2.8629657425584765
76.35001182556152,-1.3733690463599983,-2.1420778676232395,2.8629657425584765
76.4000997543335,-1.4018253840515649,-2.1403555711737914,2.8637654705728512
76.45076560974121,-1.4018253840515649,-2.1403555711737914,2.8637654705728512
