t,chair_x,chair_y,chair_yaw
0.0,-1.985488117343206,2.0179315533531628,-0.004432154954656363
0.05004715919494629,-1.985488117343206,2.0179315533531628,-0.004432154954656363
0.09984898567199707,-1.9827956427821816,2.016469597367663,-0.004793197550999115
0.14958882331848145,-1.9827956427821816,2.016469597367663,-0.004793197550999115
0.2000739574432373,-1.9832658303449482,2.017815290287419,-0.0038498957327147685
0.2497267723083496,-1.9832658303449482,2.017815290287419,-0.0038498957327147685
0.29962635040283203,-1.9832658303449482,2.017815290287419,-0.0038498957327147685
0.35025811195373535,-1.9830290205214305,2.0137001181723546,-0.005403408535787064
0.40105414390563965,-1.9830290205214305,2.0137001181723546,-0.005403408535787064
0.450439453125,-1.9848078848485935,2.0148405320865908,-0.0059228666181023884
0.49956607818603516,-1.9826414472912575,2.0150352020556004,-0.009747835001697144
0.5498945713043213,-1.9826414472912575,2.0150352020556004,-0.009747835001697144
0.5998802185058594,-1.9775434774565621,2.01783202828525,-0.01750696381028842
0.6499230861663818,-1.9775434774565621,2.01783202828525,-0.01750696381028842
0.6995317935943604,-1.971606591757317,2.0162858407771456,-0.03608609104168422
0.7502307891845703,-1.971606591757317,2.0162858407771456,-0.03608609104168422
0.7997634410858154,-1.971606591757317,2.0162858407771456,-0.03608609104168422
0.849621057510376,-1.956484671592571,2.0118559287956197,-0.06641558530749819
0.8996310234069824,-1.956484671592571,2.0118559287956197,-0.06641558530749819
0.9501700401306152,-1.942844013100045,2.0030491665015373,-0.11021407571651412
1.000413179397583,-1.942844013100045,2.0030491665015373,-0.11021407571651412
1.050027847290039,-1.9196939899640575,1.9947426351550592,-0.159697980187134
1.0996699333190918,-1.8940789130807865,1.9854094796775865,-0.22146214526232022
1.1515710353851318,-1.8940789130807865,1.9854094796775865,-0.22146214526232022
1.2009382247924805,-1.8940789130807865,1.9854094796775865,-0.22146214526232022
1.2496776580810547,-1.8695692858447144,1.9729118560047658,-0.29118418349483755
1.2996525764465332,-1.8695692858447144,1.9729118560047658,-0.29118418349483755
1.3503587245941162,-1.844683264671453,1.9635654348301457,-0.35830057385086345
1.3998136520385742,-1.844683264671453,1.9635654348301457,-0.35830057385086345
1.4498305320739746,-1.8135737497731061,1.9508912123327906,-0.42119509527156357
1.4999442100524902,-1.7858739947191529,1.9382920405455637,-0.47748942478652645
1.549839973449707,-1.7858739947191529,1.9382920405455637,-0.47748942478652645
1.600205898284912,-1.7594976090346472,1.922957568905748,-0.5232684863971224
1.649994134902954,-1.7594976090346472,1.922957568905748,-0.5232684863971224
1.699821949005127,-1.7255623180168338,1.9066953859012399,-0.5567667825744211
1.7500717639923096,-1.7255623180168338,1.9066953859012399,-0.5567667825744211
1.8001337051391602,-1.7255623180168338,1.9066953859012399,-0.5567667825744211
1.8499486446380615,-1.6940061690988917,1.886355291499889,-0.579196794314994
1.8998298645019531,-1.6940061690988917,1.886355291499889,-0.579196794314994
1.9499003887176514,-1.6627318752350448,1.8676296289438152,-0.5953410272663082
1.9997155666351318,-1.6627318752350448,1.8676296289438152,-0.5953410272663082
2.050067186355591,-1.6320976326831733,1.843623868380536,-0.6118556983220356
2.1003081798553467,-1.6320976326831733,1.843623868380536,-0.6118556983220356
2.150040626525879,-1.5995354773519521,1.8215604416190136,-0.6316730815884136
2.199868679046631,-1.5671369333860206,1.7996666981457656,-0.6502725240720344
2.250093936920166,-1.5671369333860206,1.7996666981457656,-0.6502725240720344
2.2998180389404297,-1.5328819172800974,1.7756415167880486,-0.6705598051756363
2.3497397899627686,-1.5328819172800974,1.7756415167880486,-0.6705598051756363
2.4013748168945312,-1.5328819172800974,1.7756415167880486,-0.6705598051756363
2.4496676921844482,-1.499030258057858,1.7529767890672732,-0.6904486315841923
2.5004968643188477,-1.499030258057858,1.7529767890672732,-0.6904486315841923
2.5499579906463623,-1.466594331169709,1.73286042708407,-0.7091662667539975
2.5996482372283936,-1.4378508905110072,1.7128809101996014,-0.7278604803384027
2.6495280265808105,-1.4378508905110072,1.7128809101996014,-0.7278604803384027
2.7001662254333496,-1.4378508905110072,1.7128809101996014,-0.7278604803384027
2.7499983310699463,-1.4115050870250914,1.6903857857174558,-0.745516705946639
2.8000802993774414,-1.4115050870250914,1.6903857857174558,-0.745516705946639
2.849806785583496,-1.3849872846479627,1.6678852240611675,-0.7625053138707013
2.9030473232269287,-1.3849872846479627,1.6678852240611675,-0.7625053138707013
2.9501664638519287,-1.3586236655868815,1.643605883351908,-0.7814767441753651
2.999551773071289,-1.3361349292817275,1.6176390355067867,-0.8010872234540033
3.050440788269043,-1.3361349292817275,1.6176390355067867,-0.8010872234540033
3.101672410964966,-1.3361349292817275,1.6176390355067867,-0.8010872234540033
3.1497297286987305,-1.3087966876959198,1.588938921434123,-0.8189664571164695
3.199720859527588,-1.2810804871269128,1.558983256654467,-0.8366466594603071
3.249734878540039,-1.2810804871269128,1.558983256654467,-0.8366466594603071
3.300015449523926,-1.2810804871269128,1.558983256654467,-0.8366466594603071
3.349796772003174,-1.2517166628230458,1.5305679882742662,-0.855997317579056
3.3997597694396973,-1.2517166628230458,1.5305679882742662,-0.855997317579056
3.4497108459472656,-1.2254981980036312,1.505116210848846,-0.8719247048688191
3.5001533031463623,-1.2254981980036312,1.505116210848846,-0.8719247048688191
3.550290107727051,-1.2015611332004044,1.4759242272818416,-0.8891504405797019
3.59961199760437,-1.1788572108904722,1.4459784091518777,-0.9024460038172732
3.649810314178467,-1.1788572108904722,1.4459784091518777,-0.9024460038172732
3.7000763416290283,-1.1788572108904722,1.4459784091518777,-0.9024460038172732
3.7498228549957275,-1.1495896043744156,1.4166905054495902,-0.9145097867338615
3.7998976707458496,-1.1280328455880508,1.387944777163206,-0.9251331150387916
3.850511312484741,-1.1280328455880508,1.387944777163206,-0.9251331150387916
3.89984393119812,-1.1280328455880508,1.387944777163206,-0.9251331150387916
3.9499351978302,-1.1029606923532485,1.3565578190127738,-0.93435940010796
3.999722480773926,-1.079284133179474,1.3265631575147405,-0.9432549445471916
4.050971031188965,-1.079284133179474,1.3265631575147405,-0.9432549445471916
4.10026741027832,-1.079284133179474,1.3265631575147405,-0.9432549445471916
4.149841785430908,-1.0560859611493125,1.2980913951666984,-0.9534675397880502
4.2000463008880615,-1.0560859611493125,1.2980913951666984,-0.9534675397880502
4.249744653701782,-1.0331614586583577,1.2751772566754553,-0.9608144659003336
4.300546407699585,-1.0331614586583577,1.2751772566754553,-0.9608144659003336
4.350016117095947,-1.0095370272733617,1.2484032755330343,-0.9705880614540099
4.399633169174194,-1.0095370272733617,1.2484032755330343,-0.9705880614540099
4.450058460235596,-0.984936811098676,1.2134716605685558,-0.9786810490493891
4.499826669692993,-0.9637126435841352,1.18465711972497,-0.9867246400793801
4.551745653152466,-0.9637126435841352,1.18465711972497,-0.9867246400793801
4.600340127944946,-0.9637126435841352,1.18465711972497,-0.9867246400793801
4.649671316146851,-0.9454658175597115,1.158160292046572,-0.9959125398201465
4.7015674114227295,-0.9236219341917725,1.1290432973282,-1.00532209078467
4.750010251998901,-0.9236219341917725,1.1290432973282,-1.00532209078467
4.8001110553741455,-0.9236219341917725,1.1290432973282,-1.00532209078467
4.849935531616211,-0.9063470345933359,1.096560571133901,-1.0110171404855635
4.900492191314697,-0.9063470345933359,1.096560571133901,-1.0110171404855635
4.950276613235474,-0.8835985616073214,1.0673386197900794,-1.011182680276281
5.000351428985596,-0.8835985616073214,1.0673386197900794,-1.011182680276281
5.0499351024627686,-0.8662325612489618,1.0452525053227382,-0.9964383742273845
5.100484848022461,-0.8495066191573886,1.0284789208603438,-0.9694322757954471
5.150010347366333,-0.8495066191573886,1.0284789208603438,-0.9694322757954471
5.200152158737183,-0.8425122981444377,1.0212655038261653,-0.9268340661379153
5.250345945358276,-0.8425122981444377,1.0212655038261653,-0.9268340661379153
5.299673080444336,-0.8425122981444377,1.0212655038261653,-0.9268340661379153
5.3500816822052,-0.8345823370513878,1.0157612965143743,-0.879666036375773
5.399904012680054,-0.8345823370513878,1.0157612965143743,-0.879666036375773
5.449714660644531,-0.8263608520382918,1.0144307891394462,-0.8294462522007805
5.49976658821106,-0.8189333246634073,1.010128782727661,-0.7741382413369319
5.550149917602539,-0.8189333246634073,1.010128782727661,-0.7741382413369319
5.599936246871948,-0.8189333246634073,1.010128782727661,-0.7741382413369319
5.649867057800293,-0.8128698276539169,1.009535060929372,-0.7094262988860138
5.700903654098511,-0.8068164857061505,1.0143013881059473,-0.6394503899670035
5.7501068115234375,-0.8068164857061505,1.0143013881059473,-0.6394503899670035
5.800180912017822,-0.8068164857061505,1.0143013881059473,-0.6394503899670035
5.850204229354858,-0.8002190925965125,1.021529724287735,-0.5556837768438971
5.900235652923584,-0.7988123922247539,1.0226066734227077,-0.4635122611975372
5.950801849365234,-0.7988123922247539,1.0226066734227077,-0.4635122611975372
6.001202583312988,-0.7988123922247539,1.0226066734227077,-0.4635122611975372
6.049822807312012,-0.791368995871869,1.0263382960878291,-0.363032318165558
6.100517988204956,-0.791368995871869,1.0263382960878291,-0.363032318165558
6.1499855518341064,-0.7836456123161175,1.0342791975731476,-0.25836072150213857
6.1998467445373535,-0.7836456123161175,1.0342791975731476,-0.25836072150213857
6.2500903606414795,-0.7759325967694464,1.0425067779757116,-0.15312284413842076
6.299788236618042,-0.7756111733815508,1.0546413883322747,-0.044246593851816396
6.350643873214722,-0.7756111733815508,1.0546413883322747,-0.044246593851816396
6.399895906448364,-0.7756111733815508,1.0546413883322747,-0.044246593851816396
6.44973349571228,-0.7711113209239697,1.0619563533853873,0.06345214363302286
6.500757694244385,-0.7711113209239697,1.0619563533853873,0.06345214363302286
6.5507543087005615,-0.7689127491787234,1.0723094053867523,0.1699865815488997
6.600091934204102,-0.7689127491787234,1.0723094053867523,0.1699865815488997
6.649789810180664,-0.7664435825402527,1.078945758135303,0.2740384210340123
6.700561761856079,-0.7664435825402527,1.078945758135303,0.2740384210340123
6.750316143035889,-0.7664260520285211,1.0894748607669433,0.3795773206273873
6.799691200256348,-0.7676069309934833,1.0924868062632491,0.4868879245104087
6.850896120071411,-0.7676069309934833,1.0924868062632491,0.4868879245104087
6.903145790100098,-0.7676069309934833,1.0924868062632491,0.4868879245104087
6.950118064880371,-0.7706173837150536,1.1040377329327484,0.5922383271725481
7.0005950927734375,-0.7706173837150536,1.1040377329327484,0.5922383271725481
7.049752473831177,-0.7759276163462606,1.1098096885763393,0.6986910438981727
7.099937200546265,-0.7759276163462606,1.1098096885763393,0.6986910438981727
7.1499903202056885,-0.7797705866781653,1.1216032730004106,0.8050073716087864
7.199589252471924,-0.7797705866781653,1.1216032730004106,0.8050073716087864
7.2567033767700195,-0.7796958949848272,1.1301419196846443,0.9110847725209581
7.306968927383423,-0.7796958949848272,1.1301419196846443,0.9110847725209581
7.350010871887207,-0.7796958949848272,1.1301419196846443,0.9110847725209581
7.399960041046143,-0.7840123367482703,1.135837844529146,1.0086772592563416
7.450421094894409,-0.7886394161818391,1.142244759448504,1.0993826551728028
7.499792814254761,-0.7886394161818391,1.142244759448504,1.0993826551728028
7.549799919128418,-0.7883735132121569,1.146353847273342,1.1701840234398766
7.5999977588653564,-0.7883735132121569,1.146353847273342,1.1701840234398766
7.649984836578369,-0.7926134208039939,1.1558423193340122,1.2246728007243082
7.701123952865601,-0.7926134208039939,1.1558423193340122,1.2246728007243082
7.750311851501465,-0.7983162607562269,1.152299666190121,1.2591634586572371
7.800297021865845,-0.7983162607562269,1.152299666190121,1.2591634586572371
7.850059986114502,-0.800250327341622,1.1476418135892326,1.272407671484556
7.899753093719482,-0.800250327341622,1.1476418135892326,1.272407671484556
7.950243949890137,-0.7974684502991398,1.149031022193789,1.2699215470449097
7.9999754428863525,-0.7936713478706036,1.14868592704605,1.2647109265776968
8.049776315689087,-0.7936713478706036,1.14868592704605,1.2647109265776968
8.099630355834961,-0.7921216850098014,1.1485147835942822,1.2510856092650913
8.15045714378357,-0.7921216850098014,1.1485147835942822,1.2510856092650913
8.200525760650635,-0.7921216850098014,1.1485147835942822,1.2510856092650913
8.250006914138794,-0.7866325071184871,1.146556021190384,1.2269576902027441
8.299623250961304,-0.7876592176566755,1.1459616547971982,1.1955814130738565
8.349624395370483,-0.7876592176566755,1.1459616547971982,1.1955814130738565
8.399729490280151,-0.7876592176566755,1.1459616547971982,1.1955814130738565
8.449994087219238,-0.7860598839615885,1.1444530448095072,1.1535250041346743
8.50101351737976,-0.7860598839615885,1.1444530448095072,1.1535250041346743
8.549681901931763,-0.788836684496556,1.145819723400891,1.0991259153974737
8.600135564804077,-0.7828118395773742,1.1435379026453594,1.0340194886458212
8.65004277229309,-0.7828118395773742,1.1435379026453594,1.0340194886458212
8.699700832366943,-0.7746425737064141,1.1453245418831433,0.9606706247651481
8.749684810638428,-0.7746425737064141,1.1453245418831433,0.9606706247651481
8.799895763397217,-0.7746425737064141,1.1453245418831433,0.9606706247651481
8.849918127059937,-0.7729793123324393,1.1404184995386841,0.8800804845463712
8.899657011032104,-0.7729793123324393,1.1404184995386841,0.8800804845463712
8.950180530548096,-0.76720273841571,1.1367284697895752,0.7924114662445709
9.000088930130005,-0.76720273841571,1.1367284697895752,0.7924114662445709
9.049704313278198,-0.7624667381430417,1.1325889599494747,0.7003352382342912
9.099833250045776,-0.7556269894731504,1.1253750915129,0.5989427479549858
9.149777889251709,-0.7556269894731504,1.1253750915129,0.5989427479549858
9.19970440864563,-0.7556269894731504,1.1253750915129,0.5989427479549858
9.250418901443481,-0.7492869306189887,1.1159788045952816,0.4915286209420256
9.299565315246582,-0.7418140298980898,1.1100836479334688,0.37954952698874306
9.350628852844238,-0.7418140298980898,1.1100836479334688,0.37954952698874306
9.402523517608643,-0.7315199657541326,1.1046504724145776,0.26514318460528274
9.449645519256592,-0.7315199657541326,1.1046504724145776,0.26514318460528274
9.499822854995728,-0.7259924736581737,1.0982989695895442,0.1499592959044209
9.550227403640747,-0.7259924736581737,1.0982989695895442,0.1499592959044209
9.600423097610474,-0.7259924736581737,1.0982989695895442,0.1499592959044209
9.650003433227539,-0.7255075589791513,1.090549189446629,0.03661470325776698
9.700073719024658,-0.7255075589791513,1.090549189446629,0.03661470325776698
9.750094652175903,-0.7210654583063519,1.0846662997703043,-0.07564372598234982
9.800143957138062,-0.7210654583063519,1.0846662997703043,-0.07564372598234982
9.849961280822754,-0.7211928375924701,1.07906540438127,-0.18482111401326587
9.900020360946655,-0.717679943782146,1.0687741023533501,-0.2975189683221213
9.949899435043335,-0.717679943782146,1.0687741023533501,-0.2975189683221213
9.999912977218628,-0.717679943782146,1.0687741023533501,-0.2975189683221213
10.049869060516357,-0.714699935753361,1.0534716556353896,-0.4071929366637941
10.099756479263306,-0.714323353974347,1.0441712844656232,-0.512639463861059
10.149884223937988,-0.714323353974347,1.0441712844656232,-0.512639463861059
10.199753284454346,-0.714323353974347,1.0441712844656232,-0.512639463861059
10.250025987625122,-0.7188687729824852,1.0336389244392203,-0.616176496961738
10.299774646759033,-0.7188687729824852,1.0336389244392203,-0.616176496961738
10.350282192230225,-0.7153596558233071,1.0216269850010629,-0.7133579336057714
10.400030612945557,-0.7153596558233071,1.0216269850010629,-0.7133579336057714
10.449945211410522,-0.7177200206091604,1.011240809259056,-0.805781505303543
10.499954462051392,-0.7177200206091604,1.011240809259056,-0.805781505303543
10.549970626831055,-0.7166815607432171,1.0007401368086022,-0.89169365929284
10.599707841873169,-0.7166815607432171,1.0007401368086022,-0.89169365929284
10.649779796600342,-0.7066571132214226,0.9869376024931701,-0.9678290496647652
10.699969291687012,-0.7066571132214226,0.9869376024931701,-0.9678290496647652
10.750163793563843,-0.6991764422755881,0.9783549013356516,-1.0385851475208654
10.799789667129517,-0.6927796256462324,0.9621059022792969,-1.1018917153066141
10.849578619003296,-0.6927796256462324,0.9621059022792969,-1.1018917153066141
10.90018343925476,-0.6927796256462324,0.9621059022792969,-1.1018917153066141
10.950129270553589,-0.6858285522793273,0.9425048214703504,-1.1623750458268483
11.000587940216064,-0.6858285522793273,0.9425048214703504,-1.1623750458268483
11.050079107284546,-0.6799929902896477,0.920945238287057,-1.208302238620259
11.099915981292725,-0.6799929902896477,0.920945238287057,-1.208302238620259
11.149991989135742,-0.6743716163463193,0.8966882233612768,-1.2466582228741498
11.200507164001465,-0.6650533343803368,0.8714255517440345,-1.281656200631262
11.25069522857666,-0.6650533343803368,0.8714255517440345,-1.281656200631262
11.300961017608643,-0.6650533343803368,0.8714255517440345,-1.281656200631262
11.35016417503357,-0.661567681404353,0.8442223999219333,-1.3129775925790956
11.400041341781616,-0.6549717472657666,0.8169194028877903,-1.3404507515534076
11.449905157089233,-0.6549717472657666,0.8169194028877903,-1.3404507515534076
11.500509262084961,-0.6549717472657666,0.8169194028877903,-1.3404507515534076
11.550040245056152,-0.6511122449020594,0.7879783581140413,-1.3649471837877907
11.59990930557251,-0.6511122449020594,0.7879783581140413,-1.3649471837877907
11.649650573730469,-0.6477057275244386,0.761681249669614,-1.3867248449256175
11.699942111968994,-0.6477057275244386,0.761681249669614,-1.3867248449256175
11.750017642974854,-0.6378494485990891,0.7305937494051313,-1.4058556555934465
11.799856185913086,-0.6378494485990891,0.7305937494051313,-1.4058556555934465
11.849664211273193,-0.6338491155181634,0.7011936042032594,-1.4222445968814252
11.9022057056427,-0.6338491155181634,0.7011936042032594,-1.4222445968814252
11.951024770736694,-0.6278710794199807,0.6712375264213805,-1.43704073299345
11.999805450439453,-0.6278710794199807,0.6712375264213805,-1.43704073299345
12.049767255783081,-0.6209653318157037,0.6391432905609745,-1.4523053857545358
12.09978437423706,-0.6209653318157037,0.6391432905609745,-1.4523053857545358
12.1528000831604,-0.6174632905632668,0.6039344294522279,-1.4629985915440242
12.199980735778809,-0.6103071738454213,0.5687590751701698,-1.47509365348506
12.249691486358643,-0.6103071738454213,0.5687590751701698,-1.47509365348506
12.299538373947144,-0.6009659868442602,0.5366852684703985,-1.4836615419014771
12.34989070892334,-0.6009659868442602,0.5366852684703985,-1.4836615419014771
12.399752855300903,-0.6009659868442602,0.5366852684703985,-1.4836615419014771
12.450179100036621,-0.5939572996414014,0.5073628334630306,-1.494161485118266
12.500497102737427,-0.5894025590923109,0.47521950079761444,-1.5002097947084752
12.549800872802734,-0.5894025590923109,0.47521950079761444,-1.5002097947084752
12.599629402160645,-0.5884978804142842,0.4425716669439654,-1.5074724812697538
12.649752855300903,-0.5884978804142842,0.4425716669439654,-1.5074724812697538
12.700566530227661,-0.5884978804142842,0.4425716669439654,-1.5074724812697538
12.749908924102783,-0.5888939830725192,0.4115953102786837,-1.5145748414447382
12.799653053283691,-0.5888939830725192,0.4115953102786837,-1.5145748414447382
12.849741220474243,-0.5871522239004807,0.38569973133375207,-1.5215699081847627
12.8997163772583,-0.5871522239004807,0.38569973133375207,-1.5215699081847627
12.950040578842163,-0.5817381972352307,0.3565438772833014,-1.529247832169082
12.999454259872437,-0.5806031217323551,0.32519813052948576,-1.5360868009484108
13.049586057662964,-0.5806031217323551,0.32519813052948576,-1.5360868009484108
13.099747657775879,-0.5806031217323551,0.32519813052948576,-1.5360868009484108
13.150647163391113,-0.5810725483884822,0.29456967935519424,-1.5417415192704877
13.201078653335571,-0.5810725483884822,0.29456967935519424,-1.5417415192704877
13.25009036064148,-0.5789393972413469,0.2614527555377801,-1.5478811522459586
13.29968786239624,-0.5779534415737387,0.23006144873526757,-1.5551894646347841
13.350590229034424,-0.5779534415737387,0.23006144873526757,-1.5551894646347841
13.400476932525635,-0.5779534415737387,0.23006144873526757,-1.5551894646347841
13.450260400772095,-0.5754560547560991,0.19514604270536484,-1.5592889163181411
13.50220251083374,-0.5754560547560991,0.19514604270536484,-1.5592889163181411
13.549908638000488,-0.5713658898848629,0.1599168406655292,-1.5597980350540408
13.599724054336548,-0.5666290638636865,0.129752041446817,-1.5460566969713787
13.649877786636353,-0.5666290638636865,0.129752041446817,-1.5460566969713787
13.699986696243286,-0.5666290638636865,0.129752041446817,-1.5460566969713787
13.750203847885132,-0.564637986113465,0.09889066939025622,-1.5245563230491679
13.799801111221313,-0.5617605496959501,0.06373289128195377,-1.490575099932897
13.849830150604248,-0.5617605496959501,0.06373289128195377,-1.490575099932897
13.899945497512817,-0.5617605496959501,0.06373289128195377,-1.490575099932897
13.949850082397461,-0.5556427369345831,0.033646611734959156,-1.4415550978369016
13.99965524673462,-0.5476027683386072,0.009303861416398954,-1.377347385956941
14.050229787826538,-0.5476027683386072,0.009303861416398954,-1.377347385956941
14.099905014038086,-0.5476027683386072,0.009303861416398954,-1.377347385956941
14.149579524993896,-0.5411089639783946,-0.006390933058175882,-1.3015435061971652
14.199740409851074,-0.5411089639783946,-0.006390933058175882,-1.3015435061971652
14.24978494644165,-0.5322671635520971,-0.013881632355003268,-1.2298250168123068
14.299927711486816,-0.5322671635520971,-0.013881632355003268,-1.2298250168123068
14.349998712539673,-0.5203981366489208,-0.020602479411853267,-1.1552355946684305
14.399827003479004,-0.5203981366489208,-0.020602479411853267,-1.1552355946684305
14.449604034423828,-0.5052306633648882,-0.026617928691377066,-1.0737847682154416
14.499646186828613,-0.5052306633648882,-0.026617928691377066,-1.0737847682154416
14.550144672393799,-0.4936835093567518,-0.026594921847103867,-0.9834205242596054
14.59995436668396,-0.4936835093567518,-0.026594921847103867,-0.9834205242596054
14.650158643722534,-0.4805699898236814,-0.027561209654624705,-0.8900525447951433
14.701874494552612,-0.4805699898236814,-0.027561209654624705,-0.8900525447951433
14.749969482421875,-0.4732643867484445,-0.029559023145391314,-0.785917105536035
14.800193548202515,-0.4676970350804278,-0.026028863550075484,-0.680976137614732
14.85006308555603,-0.4676970350804278,-0.026028863550075484,-0.680976137614732
14.900257349014282,-0.4676970350804278,-0.026028863550075484,-0.680976137614732
14.950329303741455,-0.46294416011759565,-0.027761216024073096,-0.5722867075527841
14.999765634536743,-0.45429410233172784,-0.026625649472464777,-0.46179282332273214
15.049717903137207,-0.45429410233172784,-0.026625649472464777,-0.46179282332273214
15.100299835205078,-0.45429410233172784,-0.026625649472464777,-0.46179282332273214
15.14985203742981,-0.44884816614246853,-0.018817364144521967,-0.3531237787042046
15.199721336364746,-0.4461719748576819,-0.012686037440585399,-0.24925922344182214
15.249749898910522,-0.4461719748576819,-0.012686037440585399,-0.24925922344182214
15.299930095672607,-0.4461719748576819,-0.012686037440585399,-0.24925922344182214
15.35018253326416,-0.44425938799543874,-0.0019254815772474232,-0.14213065327160673
15.400017023086548,-0.44425938799543874,-0.0019254815772474232,-0.14213065327160673
15.449824094772339,-0.4443445602320014,0.00861763389338701,-0.03677939463552319
15.499872207641602,-0.4443445602320014,0.00861763389338701,-0.03677939463552319
15.550739049911499,-0.4388846507218803,0.02159946368496976,0.06770511671097128
15.599910259246826,-0.4374594994141582,0.030715160955889727,0.17371634324565446
15.650194883346558,-0.4374594994141582,0.030715160955889727,0.17371634324565446
15.699885845184326,-0.4374594994141582,0.030715160955889727,0.17371634324565446
15.749786138534546,-0.4358202038362416,0.04103096618290687,0.27607424593767615
15.80012059211731,-0.4358202038362416,0.04103096618290687,0.27607424593767615
15.850289344787598,-0.43428469473702913,0.04798371803068169,0.381686970031918
15.900844812393188,-0.43428469473702913,0.04798371803068169,0.381686970031918
15.949810266494751,-0.4346756353955499,0.052307745198731284,0.48130813142225976
16.00018811225891,-0.4346756353955499,0.052307745198731284,0.48130813142225976
16.050623178482056,-0.43464792302880845,0.0587902166245043,0.5693449824595149
16.099698305130005,-0.43507045341489353,0.06452205718159128,0.6440962290682849
16.149861812591553,-0.43507045341489353,0.06452205718159128,0.6440962290682849
16.2004873752594,-0.43507045341489353,0.06452205718159128,0.6440962290682849
16.250452995300293,-0.43538057619721054,0.07125994283096905,0.7071996774322628
16.300069570541382,-0.43538057619721054,0.07125994283096905,0.7071996774322628
16.349863529205322,-0.43216760133917104,0.08202050058895823,0.7573900058656934
16.40055012702942,-0.430263272153574,0.09487058330092275,0.804030888267429
16.450241804122925,-0.430263272153574,0.09487058330092275,0.804030888267429
16.499746322631836,-0.430263272153574,0.09487058330092275,0.804030888267429
16.55042314529419,-0.42584557402573175,0.10883324991071476,0.8548057387579227
16.599987983703613,-0.42584557402573175,0.10883324991071476,0.8548057387579227
16.65047335624695,-0.42129012512806385,0.12768666826673908,0.9117473227422634
16.702704191207886,-0.41236502974647865,0.14468314213381916,0.9720326506679379
16.749825716018677,-0.41236502974647865,0.14468314213381916,0.9720326506679379
16.801368951797485,-0.40512182006495473,0.1632525316553073,1.040802951003918
16.85001039505005,-0.40512182006495473,0.1632525316553073,1.040802951003918
16.899717092514038,-0.40512182006495473,0.1632525316553073,1.040802951003918
16.95017695426941,-0.39521263220582026,0.18642284055132002,1.105165360263085
17.000084161758423,-0.39521263220582026,0.18642284055132002,1.105165360263085
17.04991888999939,-0.38736746082478396,0.20755071766417615,1.158915923330553
17.099820613861084,-0.38736746082478396,0.20755071766417615,1.158915923330553
17.149649143218994,-0.38066202310314046,0.23313170693573698,1.2099236182914197
17.20134949684143,-0.38066202310314046,0.23313170693573698,1.2099236182914197
17.249855756759644,-0.37209045797996293,0.25789144390035074,1.2503260035814245
17.299765825271606,-0.37209045797996293,0.25789144390035074,1.2503260035814245
17.349699020385742,-0.3673738293094434,0.282773590569029,1.2816325924188505
17.399703979492188,-0.3579551833135682,0.30906430086912046,1.3040675822810912
17.45022487640381,-0.3579551833135682,0.30906430086912046,1.3040675822810912
17.499867916107178,-0.3579551833135682,0.30906430086912046,1.3040675822810912
17.54973816871643,-0.35415587127333936,0.33874895478228034,1.320561120244043
17.599884748458862,-0.35045368905363755,0.36680641146225385,1.331396241293882
17.64963150024414,-0.35045368905363755,0.36680641146225385,1.331396241293882
17.699997663497925,-0.347198604224779,0.39803829678875663,1.341829543757402
17.749886751174927,-0.347198604224779,0.39803829678875663,1.341829543757402
17.8000168800354,-0.3432302782552017,0.42986422007220637,1.3501552306861178
17.850021362304688,-0.3432302782552017,0.42986422007220637,1.3501552306861178
17.899967432022095,-0.3432302782552017,0.42986422007220637,1.3501552306861178
17.94997215270996,-0.3390559176850355,0.46150166416176247,1.359353933500919
18.00061011314392,-0.33082798401654145,0.49406519200997573,1.3681044304253218
18.049763679504395,-0.33082798401654145,0.49406519200997573,1.3681044304253218
18.09959363937378,-0.3294289233337138,0.5264769753003422,1.3794417460711879
18.1494882106781,-0.3294289233337138,0.5264769753003422,1.3794417460711879
18.201035976409912,-0.3294289233337138,0.5264769753003422,1.3794417460711879
18.251020193099976,-0.32353877193981045,0.5564388238956643,1.389089736287979
18.2996609210968,-0.32353877193981045,0.5564388238956643,1.389089736287979
18.349828243255615,-0.32342183452757073,0.5834679856358497,1.3984814743248832
18.399900913238525,-0.32342183452757073,0.5834679856358497,1.3984814743248832
18.44989252090454,-0.31931342832640996,0.6107457059386326,1.4083310631876675
18.499832153320312,-0.31931342832640996,0.6107457059386326,1.4083310631876675
18.549748420715332,-0.31809955897126024,0.6447666378957159,1.4179695234610268
18.599804401397705,-0.31809955897126024,0.6447666378957159,1.4179695234610268
18.64983296394348,-0.3147378050972384,0.67745589833846,1.4284949281698025
18.699827909469604,-0.3147378050972384,0.67745589833846,1.4284949281698025
18.750009059906006,-0.3107500587962171,0.7096422173932679,1.4383115972968652
18.799700021743774,-0.3107500587962171,0.7096422173932679,1.4383115972968652
18.84987163543701,-0.31278784531834186,0.7404790754937357,1.449122076161732
18.899609327316284,-0.31425922452748095,0.7746786424088232,1.4581425479373276
18.950338125228882,-0.31425922452748095,0.7746786424088232,1.4581425479373276
19.00114679336548,-0.31425922452748095,0.7746786424088232,1.4581425479373276
19.049678087234497,-0.31241796013455336,0.8045698146820508,1.467625693243272
19.099650144577026,-0.31241796013455336,0.8045698146820508,1.467625693243272
19.15005397796631,-0.3097124403401664,0.8365831884865488,1.4755250134250475
19.20012879371643,-0.3097124403401664,0.8365831884865488,1.4755250134250475
19.249718189239502,-0.3098002706073356,0.8665259713212359,1.4812789136847713
19.299875736236572,-0.3098002706073356,0.8665259713212359,1.4812789136847713
19.35010814666748,-0.3093388125542583,0.9002571264357165,1.4876958274257126
19.400219678878784,-0.3093388125542583,0.9002571264357165,1.4876958274257126
19.450302839279175,-0.30834878426783724,0.9336461387885246,1.4891000213537944
19.499845266342163,-0.30759224675217206,0.9642459709625854,1.4897906813998103
19.550610780715942,-0.30759224675217206,0.9642459709625854,1.4897906813998103
19.600171327590942,-0.30759224675217206,0.9642459709625854,1.4897906813998103
19.649956703186035,-0.3068028096544796,0.9974642224098359,1.4907909289614645
19.69958782196045,-0.3068028096544796,0.9974642224098359,1.4907909289614645
19.749834299087524,-0.3051463957113395,1.0289888445179747,1.4893183782230766
19.80003309249878,-0.3051463957113395,1.0289888445179747,1.4893183782230766
19.850810766220093,-0.2981744612514502,1.0634062388252923,1.4867972529427502
19.89968967437744,-0.2968576556282975,1.091228021269873,1.4868470332543051
19.949743270874023,-0.2968576556282975,1.091228021269873,1.4868470332543051
20.00039315223694,-0.2968576556282975,1.091228021269873,1.4868470332543051
20.049649715423584,-0.298323621700236,1.1187301377044652,1.485962594828518
20.100472927093506,-0.298323621700236,1.1187301377044652,1.485962594828518
20.14981460571289,-0.30202972930748023,1.149639489287151,1.4861710968495834
20.202796697616577,-0.30202972930748023,1.149639489287151,1.4861710968495834
20.2498722076416,-0.30471204661324053,1.183577441423345,1.4878672586079653
20.299710035324097,-0.30640226973245976,1.218175170740775,1.4894933871525549
20.35004949569702,-0.30640226973245976,1.218175170740775,1.4894933871525549
20.40006971359253,-0.30640226973245976,1.218175170740775,1.4894933871525549
20.44992160797119,-0.30880851053883823,1.2484236246195966,1.4915557464876175
20.49998116493225,-0.30880851053883823,1.2484236246195966,1.4915557464876175
20.55222988128662,-0.31180967287480815,1.2804426904195192,1.4946897850000473
20.59988307952881,-0.31180967287480815,1.2804426904195192,1.4946897850000473
20.650501012802124,-0.30861805904452744,1.3130434959518844,1.496661556565615
20.699717044830322,-0.3063554835764615,1.3459638685457045,1.4987878962087073
20.749889612197876,-0.3063554835764615,1.3459638685457045,1.4987878962087073
20.802216291427612,-0.3063554835764615,1.3459638685457045,1.4987878962087073
20.849616050720215,-0.30199440481628814,1.3733628284452177,1.5017849001518948
20.89958119392395,-0.30199440481628814,1.3733628284452177,1.5017849001518948
20.95039939880371,-0.2969530814182927,1.4017277203211307,1.5020387114799878
20.99973154067993,-0.2969530814182927,1.4017277203211307,1.5020387114799878
21.05003333091736,-0.296790030691658,1.427347691166978,1.5036270323884444
21.099596977233887,-0.29831672508707063,1.4586127789106536,1.5055215614660837
21.149704933166504,-0.29831672508707063,1.4586127789106536,1.5055215614660837
21.199554920196533,-0.29831672508707063,1.4586127789106536,1.5055215614660837
21.2496235370636,-0.2960885303078685,1.4915874994663603,1.5050864537245083
21.299972772598267,-0.29919531983433534,1.5231286145110863,1.5049817999269952
21.349668502807617,-0.29919531983433534,1.5231286145110863,1.5049817999269952
21.40044617652893,-0.29919531983433534,1.5231286145110863,1.5049817999269952
21.44954752922058,-0.29919531983433534,1.5231286145110863,1.5049817999269952
21.499809741973877,-0.2922578905278612,1.5597657683464983,1.5051507762913072
21.549859285354614,-0.29344261758796597,1.5948307243860596,1.5059500834364015
21.600003719329834,-0.29344261758796597,1.5948307243860596,1.5059500834364015
21.650043725967407,-0.28950892111076365,1.624615184484494,1.505194065494607
21.699690341949463,-0.28918162718156326,1.65465196933635,1.5058913444830748
21.7498836517334,-0.28918162718156326,1.65465196933635,1.5058913444830748
21.79969024658203,-0.28918162718156326,1.65465196933635,1.5058913444830748
21.850011587142944,-0.2900892543476603,1.6845521200105114,1.5031675022409563
21.899874925613403,-0.2900892543476603,1.6845521200105114,1.5031675022409563
21.949975728988647,-0.2911114830923861,1.7153065379471082,1.4969141460968225
21.99970841407776,-0.2911114830923861,1.7153065379471082,1.4969141460968225
22.04996395111084,-0.2938749378650948,1.751076661454134,1.4799181738670018
22.100430727005005,-0.2938749378650948,1.751076661454134,1.4799181738670018
22.150320291519165,-0.29393861242174163,1.7851994115491647,1.452236014932453
22.200051069259644,-0.29248001176733696,1.815974450122719,1.4118163339182668
22.251320123672485,-0.29248001176733696,1.815974450122719,1.4118163339182668
22.299938678741455,-0.2854753242156014,1.8443561011850589,1.3567445420853104
22.34971261024475,-0.2854753242156014,1.8443561011850589,1.3567445420853104
22.399747848510742,-0.2854753242156014,1.8443561011850589,1.3567445420853104
22.44998574256897,-0.27787996216763067,1.8703165387451515,1.2896564146041085
22.500202417373657,-0.27787996216763067,1.8703165387451515,1.2896564146041085
22.54990005493164,-0.26807201714782153,1.8954504903086122,1.2106718759332045
22.600514888763428,-0.26807201714782153,1.8954504903086122,1.2106718759332045
22.64974069595337,-0.25909921218539755,1.9167601047151905,1.125988794902005
22.699618816375732,-0.2457742687663219,1.9377021443357958,1.042925260911452
22.74980139732361,-0.2457742687663219,1.9377021443357958,1.042925260911452
22.80036973953247,-0.22694143341920037,1.9498466214579688,0.9604172129264341
22.8498477935791,-0.22694143341920037,1.9498466214579688,0.9604172129264341
22.900071144104004,-0.22694143341920037,1.9498466214579688,0.9604172129264341
22.950372219085693,-0.21106837194679479,1.9714266149437198,0.878629430453847
23.001046180725098,-0.21106837194679479,1.9714266149437198,0.878629430453847
23.050341606140137,-0.19414516783039398,1.9867239389990532,0.8026214146369074
23.100372314453125,-0.19414516783039398,1.9867239389990532,0.8026214146369074
23.151960849761963,-0.17842419761083828,1.9995469690550056,0.7340167774979228
23.200098991394043,-0.15678221127081338,2.0105306711895112,0.6728870737852949
23.249708890914917,-0.15678221127081338,2.0105306711895112,0.6728870737852949
23.300095796585083,-0.15678221127081338,2.0105306711895112,0.6728870737852949
23.349955558776855,-0.1349671062665811,2.0244288560292536,0.6223167401056654
23.399685382843018,-0.1349671062665811,2.0244288560292536,0.6223167401056654
23.449986457824707,-0.11116509864794966,2.0329499169888043,0.5798069392230849
23.49973464012146,-0.11116509864794966,2.0329499169888043,0.5798069392230849
23.550836324691772,-0.08474707794954384,2.0457543868742767,0.5453178697770396
23.60002827644348,-0.08474707794954384,2.0457543868742767,0.5453178697770396
23.649738311767578,-0.060062063179289304,2.058019518412346,0.5177784024825186
23.699747800827026,-0.03223156067483035,2.070585689308957,0.4921404932160414
23.74985098838806,-0.03223156067483035,2.070585689308957,0.4921404932160414
23.800379514694214,-0.03223156067483035,2.070585689308957,0.4921404932160414
23.849807739257812,-0.00854832861106386,2.087658525310774,0.46708395027997723
23.90024709701538,-0.00854832861106386,2.087658525310774,0.46708395027997723
23.950202465057373,0.016526451618807503,2.102705605302824,0.43901611147978176
24.000203609466553,0.016526451618807503,2.102705605302824,0.43901611147978176
24.050182104110718,0.040481748002469065,2.116856920809024,0.41049825587517785
24.099936485290527,0.040481748002469065,2.116856920809024,0.41049825587517785
24.149790287017822,0.06673843122967282,2.1296042969439015,0.3790673378593611
24.20023012161255,0.06673843122967282,2.1296042969439015,0.3790673378593611
24.24998903274536,0.09873007253239974,2.138438072063861,0.34802376127722795
24.299886226654053,0.09873007253239974,2.138438072063861,0.34802376127722795
24.349839210510254,0.12815002018776178,2.151324422718181,0.31934427938791626
24.40046525001526,0.12815002018776178,2.151324422718181,0.31934427938791626
24.450104236602783,0.15481161388230913,2.1579476243385236,0.29184370990065883
24.499833583831787,0.15481161388230913,2.1579476243385236,0.29184370990065883
24.551787614822388,0.18004417839747855,2.1639770471389075,0.265678027749073
24.600363969802856,0.18004417839747855,2.1639770471389075,0.265678027749073
24.649941205978394,0.20589659969260954,2.170859972062851,0.2395597831441518
24.70004105567932,0.20589659969260954,2.170859972062851,0.2395597831441518
24.75029683113098,0.23224408677422614,2.174519947602921,0.21433340081577593
24.800357341766357,0.23224408677422614,2.174519947602921,0.21433340081577593
24.8499436378479,0.2592370765525813,2.181135479083116,0.18994490218842572
24.900001764297485,0.2843551510185759,2.1869192816466887,0.1668319510366282
24.95094871520996,0.2843551510185759,2.1869192816466887,0.1668319510366282
25.00014305114746,0.2843551510185759,2.1869192816466887,0.1668319510366282
25.04964327812195,0.3129146018783874,2.193390558303378,0.14424301081882604
25.10024929046631,0.3129146018783874,2.193390558303378,0.14424301081882604
25.1502423286438,0.34296148916468294,2.1967332835788267,0.12359395539060104
25.19986653327942,0.34296148916468294,2.1967332835788267,0.12359395539060104
25.249646425247192,0.37469581990466816,2.2016625053265875,0.10777466708864815
25.299766778945923,0.37469581990466816,2.2016625053265875,0.10777466708864815
25.350651741027832,0.40845446818385833,2.205157574884873,0.09461923519471604
25.40063977241516,0.4351959115936388,2.209941417754476,0.08304966357922684
25.44976305961609,0.4351959115936388,2.209941417754476,0.08304966357922684
25.500001192092896,0.4642041768953332,2.2127380165472537,0.07018468035926118
25.54998207092285,0.4642041768953332,2.2127380165472537,0.07018468035926118
25.60328698158264,0.4955932796953689,2.2189128008883405,0.05826932907949449
25.650399446487427,0.4955932796953689,2.2189128008883405,0.05826932907949449
25.69996666908264,0.5270216772475508,2.225596863825404,0.04576350056398529
25.749950885772705,0.5270216772475508,2.225596863825404,0.04576350056398529
25.800344944000244,0.5270216772475508,2.225596863825404,0.04576350056398529
25.852347135543823,0.5563053456328434,2.227698006660177,0.03653242944736333
25.899772882461548,0.5892076185655247,2.2294624426823133,0.0359315078261461
25.949973583221436,0.5892076185655247,2.2294624426823133,0.0359315078261461
26.000365495681763,0.5892076185655247,2.2294624426823133,0.0359315078261461
26.051538705825806,0.6206156972780236,2.2328162320583407,0.04535779850762588
26.100207328796387,0.6206156972780236,2.2328162320583407,0.04535779850762588
26.149893760681152,0.6532345293917884,2.2371933132912023,0.06057577525222282
26.19985318183899,0.6532345293917884,2.2371933132912023,0.06057577525222282
26.249788761138916,0.6853306788865555,2.2415139202484307,0.07767182726234736
26.302592992782593,0.6853306788865555,2.2415139202484307,0.07767182726234736
26.349686861038208,0.715943552947148,2.2471660747186135,0.09202934960987623
26.399645566940308,0.715943552947148,2.2471660747186135,0.09202934960987623
26.450010776519775,0.7436825522425673,2.249446997617466,0.10215872727909896
26.500139713287354,0.7436825522425673,2.249446997617466,0.10215872727909896
26.550920963287354,0.7705569757928304,2.2535970906585936,0.1121809754947602
26.599716663360596,0.7705569757928304,2.2535970906585936,0.1121809754947602
26.649880170822144,0.791639155726266,2.256259796395504,0.11430687850695966
26.700143814086914,0.791639155726266,2.256259796395504,0.11430687850695966
26.74994134902954,0.8049350280740811,2.258665713896566,0.11224441363927629
26.800056219100952,0.8149727029774688,2.2614005687693597,0.1074448417734207
26.85018825531006,0.8149727029774688,2.2614005687693597,0.1074448417734207
26.90028166770935,0.8149727029774688,2.2614005687693597,0.1074448417734207
26.950860500335693,0.825090240393089,2.2647663581710975,0.10356315695926899
27.000350952148438,0.825090240393089,2.2647663581710975,0.10356315695926899
27.05027174949646,0.8306929284671561,2.2657105575260656,0.1027812715498146
27.10021710395813,0.8306929284671561,2.2657105575260656,0.1027812715498146
27.15049457550049,0.8432253992202735,2.267648680376326,0.10469368879934988
27.200969219207764,0.8585374268579341,2.2724128563467767,0.10889704049732375
27.250128030776978,0.8585374268579341,2.2724128563467767,0.10889704049732375
27.300203323364258,0.8783722357712661,2.274790661125679,0.11880691354701693
27.350688934326172,0.8783722357712661,2.274790661125679,0.11880691354701693
27.400574922561646,0.8783722357712661,2.274790661125679,0.11880691354701693
27.45086145401001,0.900581143317703,2.2809431063350565,0.13261488189083737
27.499902486801147,0.929942114494208,2.2854393697614723,0.1501645503107747
27.549986839294434,0.929942114494208,2.2854393697614723,0.1501645503107747
27.601464986801147,0.929942114494208,2.2854393697614723,0.1501645503107747
27.650909423828125,0.9621986481518657,2.290929164316336,0.16683556945432026
27.699737071990967,0.9934751228804214,2.2963777366098808,0.1829468743454524
27.74989604949951,0.9934751228804214,2.2963777366098808,0.1829468743454524
27.800020217895508,1.020315315546318,2.305888070268625,0.1980045802707713
27.849796533584595,1.020315315546318,2.305888070268625,0.1980045802707713
27.900085926055908,1.020315315546318,2.305888070268625,0.1980045802707713
27.950035572052002,1.0523814052147444,2.3148232501040606,0.20714533008705133
27.999653577804565,1.0523814052147444,2.3148232501040606,0.20714533008705133
28.049638509750366,1.0770089121388118,2.3222698180128782,0.21307501843637275
28.09989285469055,1.0994907175917419,2.3296481138075436,0.22030705365029357
28.149921417236328,1.0994907175917419,2.3296481138075436,0.22030705365029357
28.200278997421265,1.0994907175917419,2.3296481138075436,0.22030705365029357
28.24995446205139,1.1276771674067687,2.337097666043812,0.2213965805471963
28.30000138282776,1.1457682215638543,2.3413291744573974,0.217624859284839
28.34973645210266,1.1457682215638543,2.3413291744573974,0.217624859284839
28.39994502067566,1.1457682215638543,2.3413291744573974,0.217624859284839
28.449597120285034,1.160616526899068,2.3469955047535107,0.2064695505849991
28.49976420402527,1.160616526899068,2.3469955047535107,0.2064695505849991
28.55039143562317,1.1720862064932431,2.3472038097038235,0.18369733322715112
28.600059509277344,1.1720862064932431,2.3472038097038235,0.18369733322715112
28.649599313735962,1.1800646371224581,2.3476513656157603,0.14695837971596867
28.699477434158325,1.1855210598911805,2.3478902359688965,0.11267802426863147
28.74983859062195,1.1855210598911805,2.3478902359688965,0.11267802426863147
28.80056405067444,1.1855210598911805,2.3478902359688965,0.11267802426863147
28.849640369415283,1.1860817558557648,2.344098639521484,0.06890410017764638
28.900135040283203,1.1924664972934989,2.339030442573515,0.01268829613850046
28.94988489151001,1.1924664972934989,2.339030442573515,0.01268829613850046
29.000128030776978,1.1924664972934989,2.339030442573515,0.01268829613850046
29.05062246322632,1.1988762782994304,2.3331012787539,-0.05583662711637751
29.099979162216187,1.1993876574168727,2.3303558944729508,-0.13132770169548136
29.149712800979614,1.1993876574168727,2.3303558944729508,-0.13132770169548136
29.200148582458496,1.1993876574168727,2.3303558944729508,-0.13132770169548136
29.249783754348755,1.2036690307270832,2.3219670825269736,-0.21893101528227904
29.299893856048584,1.20569081371463,2.3149988057428925,-0.3146860264147277
29.35005521774292,1.20569081371463,2.3149988057428925,-0.3146860264147277
29.400179386138916,1.20569081371463,2.3149988057428925,-0.3146860264147277
29.45013689994812,1.2076235637261723,2.3060999106919824,-0.41944417028895914
29.501143217086792,1.203891587376562,2.2993519354186653,-0.5261748202003095
29.549829483032227,1.203891587376562,2.2993519354186653,-0.5261748202003095
29.599869966506958,1.203891587376562,2.2993519354186653,-0.5261748202003095
29.64994978904724,1.204812222950614,2.290159813285341,-0.6383929614815157
29.699984550476074,1.204812222950614,2.290159813285341,-0.6383929614815157
29.750236988067627,1.2025570109967285,2.2841853253758293,-0.7496445901301071
29.799971103668213,1.2025570109967285,2.2841853253758293,-0.7496445901301071
29.84972596168518,1.2016812758384958,2.2787280979987408,-0.8611804150280372
29.900055170059204,1.2016812758384958,2.2787280979987408,-0.8611804150280372
29.9503812789917,1.196724865817929,2.271153320291156,-0.9672144228747762
30.00020146369934,1.196724865817929,2.271153320291156,-0.9672144228747762
30.050559759140015,1.1967588792773611,2.260971266172723,-1.0790386368125056
30.100353240966797,1.1967588792773611,2.260971266172723,-1.0790386368125056
30.150094985961914,1.191095371380844,2.2502171010273164,-1.1827710842685293
30.200275421142578,1.191095371380844,2.2502171010273164,-1.1827710842685293
30.25224804878235,1.1815357975455298,2.247943586347676,-1.2737676303733119
30.299981117248535,1.1815357975455298,2.247943586347676,-1.2737676303733119
30.34990358352661,1.1820834565353215,2.242562323106747,-1.3438422635309604
30.400965452194214,1.1820834565353215,2.242562323106747,-1.3438422635309604
30.450235843658447,1.1774293849687267,2.239245425508901,-1.3929367946818998
30.499927759170532,1.175594091964086,2.2365860833638043,-1.4204510192419872
30.549909591674805,1.175594091964086,2.2365860833638043,-1.4204510192419872
30.59981942176819,1.175594091964086,2.2365860833638043,-1.4204510192419872
30.650457859039307,1.1706079096841524,2.236102944619132,-1.4281064553823708
30.699990272521973,1.1706079096841524,2.236102944619132,-1.4281064553823708
30.752178192138672,1.1711019251309147,2.2358728914497994,-1.4245223289872853
30.80014729499817,1.1711019251309147,2.2358728914497994,-1.4245223289872853
30.84992241859436,1.1688189658044692,2.2386886075698813,-1.417673459884745
30.89984941482544,1.1688189658044692,2.2386886075698813,-1.417673459884745
30.950297832489014,1.1732959725480345,2.2423358501112163,-1.4027779326509546
31.000078678131104,1.1732959725480345,2.2423358501112163,-1.4027779326509546
31.0496768951416,1.172631009949367,2.2435511172678133,-1.3795887572466665
31.1002516746521,1.172631009949367,2.2435511172678133,-1.3795887572466665
31.149808645248413,1.1787044005697207,2.241126838575142,-1.3457462204394814
31.200039863586426,1.1787044005697207,2.241126838575142,-1.3457462204394814
31.24986720085144,1.1760827653601913,2.2458471076700444,-1.3013767044371976
31.299968242645264,1.1818149793402086,2.250864095708066,-1.248594982655054
31.349738359451294,1.1818149793402086,2.250864095708066,-1.248594982655054
31.39990258216858,1.1818149793402086,2.250864095708066,-1.248594982655054
31.450106859207153,1.1899439278696904,2.251210166822496,-1.185065432978289
31.499861478805542,1.1899439278696904,2.251210166822496,-1.185065432978289
31.54986834526062,1.192844696130818,2.250883328306792,-1.1184313259127376
31.600921869277954,1.192844696130818,2.250883328306792,-1.1184313259127376
31.6502788066864,1.1948202981239944,2.2515938762123966,-1.0565748151293957
31.699884176254272,1.197382365896917,2.2547431934768922,-1.0111510240700494
31.75017261505127,1.197382365896917,2.2547431934768922,-1.0111510240700494
31.80016827583313,1.2009337442063197,2.2555015467256014,-0.9812089828190125
31.850242137908936,1.2009337442063197,2.2555015467256014,-0.9812089828190125
31.900366067886353,1.2009337442063197,2.2555015467256014,-0.9812089828190125
31.95052981376648,1.2028721437369283,2.2532875278004063,-0.9716844594220893
32.000019550323486,1.2028721437369283,2.2532875278004063,-0.9716844594220893
32.04982852935791,1.2053525957609756,2.250912177868214,-0.9711755388802026
32.09994077682495,1.2053525957609756,2.250912177868214,-0.9711755388802026
32.14995789527893,1.2107166031342218,2.2500247382600396,-0.967816883080438
32.20033812522888,1.2107166031342218,2.2500247382600396,-0.967816883080438
32.25054883956909,1.2065872032642724,2.255232684929552,-0.9576093561591118
32.30022072792053,1.2066594649465898,2.251642247010929,-0.9351030627909106
32.34974527359009,1.2066594649465898,2.251642247010929,-0.9351030627909106
32.39996075630188,1.2066594649465898,2.251642247010929,-0.9351030627909106
32.44978165626526,1.2071079708222148,2.2494900444088146,-0.9004692039982107
32.499879598617554,1.2071079708222148,2.2494900444088146,-0.9004692039982107
32.55016803741455,1.2125245205503306,2.249635092964728,-0.850846328918422
32.60030937194824,1.2125245205503306,2.249635092964728,-0.850846328918422
32.64985466003418,1.2149299314442081,2.2525351731505476,-0.7897292225897913
32.69996452331543,1.2231496318123298,2.257269684342825,-0.7232074974014226
32.74999403953552,1.2231496318123298,2.257269684342825,-0.7232074974014226
32.800055265426636,1.2231496318123298,2.257269684342825,-0.7232074974014226
32.849565267562866,1.2252584261330224,2.2625060034286593,-0.6559140444744318
32.899794578552246,1.2303212111023054,2.2675249639092203,-0.5809883695171996
32.95023560523987,1.2303212111023054,2.2675249639092203,-0.5809883695171996
33.000223875045776,1.2303212111023054,2.2675249639092203,-0.5809883695171996
33.050161361694336,1.236267585084578,2.2708799221836125,-0.4956741910450522
33.099881172180176,1.2390225062157385,2.2778329258466994,-0.4096830080479089
33.150203227996826,1.2390225062157385,2.2778329258466994,-0.4096830080479089
33.20056438446045,1.2441755584432723,2.2837607271327354,-0.31402139498984877
33.24989986419678,1.2441755584432723,2.2837607271327354,-0.31402139498984877
33.29985785484314,1.2441755584432723,2.2837607271327354,-0.31402139498984877
33.34997510910034,1.248442559632296,2.2927538526655225,-0.20791425182504433
33.400147914886475,1.248442559632296,2.2927538526655225,-0.20791425182504433
33.45021152496338,1.2518019313185382,2.300341029500821,-0.09901177283551887
33.49977207183838,1.257148834255731,2.3079760489483867,0.01153425456033597
33.549702644348145,1.257148834255731,2.3079760489483867,0.01153425456033597
33.60043430328369,1.267022810293077,2.309491968320393,0.12281769399366513
33.650047063827515,1.267022810293077,2.309491968320393,0.12281769399366513
33.70024013519287,1.2754738743662255,2.3134319224064166,0.2341237320585051
33.74963974952698,1.2754738743662255,2.3134319224064166,0.2341237320585051
33.80009174346924,1.277421904850661,2.3225948943596215,0.3444121361170426
33.84994578361511,1.277421904850661,2.3225948943596215,0.3444121361170426
33.900261640548706,1.277421904850661,2.3225948943596215,0.3444121361170426
33.95019221305847,1.2757502961643632,2.3319709960780304,0.451469422553317
34.00015878677368,1.2757502961643632,2.3319709960780304,0.451469422553317
34.050100564956665,1.276516182093316,2.3463516988538102,0.5527939996382719
34.10021948814392,1.276516182093316,2.3463516988538102,0.5527939996382719
34.149821758270264,1.279008651230372,2.351545235294501,0.634731496156876
34.20037031173706,1.279008651230372,2.351545235294501,0.634731496156876
34.250096559524536,1.2815169088785998,2.3585966229822506,0.6949359803783467
34.30036425590515,1.2815169088785998,2.3585966229822506,0.6949359803783467
34.349600076675415,1.2863038217530853,2.368830852319405,0.7320908839964853
34.40006351470947,1.2863038217530853,2.368830852319405,0.7320908839964853
34.45001244544983,1.2942561093967857,2.3770250013485166,0.755772194301206
34.50002932548523,1.2942561093967857,2.3770250013485166,0.755772194301206
34.55016613006592,1.2958440992280238,2.393516849856773,0.7725097892492977
34.599868059158325,1.3079926740381675,2.403559895941417,0.7769453104028325
34.64998817443848,1.3079926740381675,2.403559895941417,0.7769453104028325
34.70095729827881,1.3079926740381675,2.403559895941417,0.7769453104028325
34.749634742736816,1.3215051749324913,2.421120965338436,0.7764024296639042
34.79967188835144,1.3215051749324913,2.421120965338436,0.7764024296639042
34.84987115859985,1.3339748365865995,2.436949086641804,0.7692322558327667
34.904337644577026,1.3339748365865995,2.436949086641804,0.7692322558327667
34.94985222816467,1.354098356249501,2.4553157106118677,0.75543503149013
35.000529050827026,1.3814868591072211,2.4756689496666153,0.7371394150303942
35.04986524581909,1.3814868591072211,2.4756689496666153,0.7371394150303942
35.10049247741699,1.3814868591072211,2.4756689496666153,0.7371394150303942
35.14956212043762,1.4061938489853825,2.500082825835373,0.7192102644548829
35.19974136352539,1.4322014294449703,2.523765332298987,0.6990238158559521
35.25053644180298,1.4322014294449703,2.523765332298987,0.6990238158559521
35.300989866256714,1.4322014294449703,2.523765332298987,0.6990238158559521
35.349894523620605,1.4597623871337797,2.542515736383456,0.6686268693727822
35.39986729621887,1.4597623871337797,2.542515736383456,0.6686268693727822
35.44995594024658,1.4823057121324905,2.559285448184041,0.6302224499092286
35.50043964385986,1.4823057121324905,2.559285448184041,0.6302224499092286
35.550233364105225,1.5042075491397657,2.565905126997813,0.5781861758536784
35.60265350341797,1.5042075491397657,2.565905126997813,0.5781861758536784
35.6499502658844,1.5152019889896393,2.5736594641059227,0.5141543934657803
35.69994306564331,1.5152019889896393,2.5736594641059227,0.5141543934657803
35.74981164932251,1.5284215034147444,2.576813132386941,0.4517535496267468
35.80024003982544,1.5284215034147444,2.576813132386941,0.4517535496267468
35.849862575531006,1.5393867127904302,2.578682033055507,0.3859880224913605
35.90028667449951,1.5393867127904302,2.578682033055507,0.3859880224913605
35.9503390789032,1.5567106737016396,2.5795459353505805,0.3114725800297512
36.00269818305969,1.5567106737016396,2.5795459353505805,0.3114725800297512
36.04965376853943,1.569164801836787,2.578263757449403,0.22510683821583835
36.10013175010681,1.5755547262762333,2.5751729674992,0.1354286787777934
36.14959359169006,1.5755547262762333,2.5751729674992,0.1354286787777934
36.20003318786621,1.5755547262762333,2.5751729674992,0.1354286787777934
36.249836921691895,1.5781437397986893,2.5699357540126324,0.03642837649047456
36.30011749267578,1.5781437397986893,2.5699357540126324,0.03642837649047456
36.34988808631897,1.5788372459919469,2.563308231582577,-0.07041038919713972
36.399797201156616,1.5788372459919469,2.563308231582577,-0.07041038919713972
36.451388359069824,1.5795590596776763,2.5513759791383746,-0.1811902318439549
36.49972677230835,1.5795590596776763,2.5513759791383746,-0.1811902318439549
36.549930810928345,1.577269719015041,2.541733123261207,-0.2928561899013611
36.60035014152527,1.577269719015041,2.541733123261207,-0.2928561899013611
36.64999771118164,1.5800584420831179,2.534211296494849,-0.40322745549067596
36.699952363967896,1.5800584420831179,2.534211296494849,-0.40322745549067596
36.74983048439026,1.5766209622263614,2.522882324227902,-0.5101358089426675
36.800063133239746,1.5766209622263614,2.522882324227902,-0.5101358089426675
36.84999227523804,1.5778697480700585,2.5085182250021076,-0.6139848076857276
36.899723291397095,1.5852053497634628,2.4932632293999073,-0.7119804113121737
36.950145959854126,1.5852053497634628,2.4932632293999073,-0.7119804113121737
37.000176191329956,1.5852053497634628,2.4932632293999073,-0.7119804113121737
37.049994230270386,1.5879579844782072,2.4814850806925173,-0.7903112977172075
37.1000337600708,1.5988345182773425,2.4676714639192845,-0.8480187196901652
37.14984345436096,1.5988345182773425,2.4676714639192845,-0.8480187196901652
37.20163822174072,1.5988345182773425,2.4676714639192845,-0.8480187196901652
37.249894857406616,1.6066548059312802,2.4538976430735095,-0.8914539971935945
37.30041742324829,1.6066548059312802,2.4538976430735095,-0.8914539971935945
37.34993529319763,1.6141807068072205,2.442302573768763,-0.9331711116100336
37.40011811256409,1.621905706391956,2.4310521266730545,-0.9765990285022266
37.44974446296692,1.621905706391956,2.4310521266730545,-0.9765990285022266
37.500444650650024,1.621905706391956,2.4310521266730545,-0.9765990285022266
37.550130128860474,1.6274508093773328,2.4180726179398384,-1.0218276713325274
37.600165605545044,1.6274508093773328,2.4180726179398384,-1.0218276713325274
37.64999318122864,1.6366963281126714,2.398354947789935,-1.0659072717488118
37.699851989746094,1.6366963281126714,2.398354947789935,-1.0659072717488118
37.749878883361816,1.6474122212612605,2.375905806177912,-1.1040932771718246
37.800809383392334,1.6474122212612605,2.375905806177912,-1.1040932771718246
37.85105109214783,1.6623902560296595,2.3518606997060223,-1.1357421487493449
37.89991545677185,1.6623902560296595,2.3518606997060223,-1.1357421487493449
37.95020627975464,1.6756230196405761,2.32598045445152,-1.1616853206228779
38.00005316734314,1.6756230196405761,2.32598045445152,-1.1616853206228779
38.05010390281677,1.6915396102413798,2.296698969785372,-1.1796304042641494
38.0999550819397,1.6915396102413798,2.296698969785372,-1.1796304042641494
38.150617361068726,1.6985116994558855,2.2673805341401696,-1.1952895595370743
38.200621366500854,1.6985116994558855,2.2673805341401696,-1.1952895595370743
38.25080060958862,1.7157447875313911,2.2328376234048397,-1.2100800842192994
38.300530433654785,1.7278630004510842,2.2040429268605486,-1.220056409898187
38.35006833076477,1.7278630004510842,2.2040429268605486,-1.220056409898187
38.40018010139465,1.7278630004510842,2.2040429268605486,-1.220056409898187
38.44996190071106,1.7339221582416227,2.1734299943777327,-1.2300130051940574
38.50063395500183,1.7339221582416227,2.1734299943777327,-1.2300130051940574
38.54991936683655,1.7492078235215915,2.1466778203256185,-1.2426150309375694
38.600189208984375,1.7623815898220143,2.1150079975803133,-1.2563360914423172
38.65009593963623,1.7623815898220143,2.1150079975803133,-1.2563360914423172
38.70043730735779,1.7623815898220143,2.1150079975803133,-1.2563360914423172
38.75013709068298,1.77785830689229,2.0871176079877554,-1.2674186683739506
38.79985022544861,1.7964721435784634,2.058199722726638,-1.2771552161233497
38.850221395492554,1.7964721435784634,2.058199722726638,-1.2771552161233497
38.900269746780396,1.7964721435784634,2.058199722726638,-1.2771552161233497
38.95015788078308,1.8046007690906518,2.0266031911652855,-1.2869022437339281
39.00010800361633,1.8046007690906518,2.0266031911652855,-1.2869022437339281
39.05001354217529,1.8174133752918462,1.9957154538361412,-1.2930256817161243
39.099738121032715,1.8174133752918462,1.9957154538361412,-1.2930256817161243
39.15001630783081,1.8219327588180372,1.9581969089712272,-1.301631499103093
39.19998383522034,1.8338077843396885,1.9238698681750876,-1.307721882812416
39.24970364570618,1.8338077843396885,1.9238698681750876,-1.307721882812416
39.29990029335022,1.8338077843396885,1.9238698681750876,-1.307721882812416
39.3498170375824,1.839921886366957,1.8913064121478695,-1.3143796691775207
39.39995193481445,1.8468595700729797,1.8594087020245649,-1.3244448729570486
39.45073962211609,1.8468595700729797,1.8594087020245649,-1.3244448729570486
39.50088596343994,1.8468595700729797,1.8594087020245649,-1.3244448729570486
39.55017161369324,1.8565165020934722,1.8298426077761865,-1.3320540081711276
39.600404024124146,1.8565165020934722,1.8298426077761865,-1.3320540081711276
39.65038061141968,1.863847352914311,1.8011120065692041,-1.3391109287194625
39.700316429138184,1.863847352914311,1.8011120065692041,-1.3391109287194625
39.74967432022095,1.8639136127266593,1.7703392055647666,-1.3475288508417194
39.80193376541138,1.8639136127266593,1.7703392055647666,-1.3475288508417194
39.85152578353882,1.870127835255703,1.7411859401715457,-1.3545675777284045
39.90024185180664,1.870127835255703,1.7411859401715457,-1.3545675777284045
39.94996690750122,1.879636851196358,1.7115515120772717,-1.3638522174269316
39.999915599823,1.879636851196358,1.7115515120772717,-1.3638522174269316
40.050185680389404,1.8896864972575473,1.6851130864149935,-1.370812511743936
40.1001763343811,1.8896864972575473,1.6851130864149935,-1.370812511743936
40.149856090545654,1.895717751890083,1.660706034095869,-1.3744269398055438
40.199968099594116,1.900913228124458,1.6373115477084283,-1.3709739786112523
40.25001788139343,1.900913228124458,1.6373115477084283,-1.3709739786112523
40.299952030181885,1.9131433931998791,1.6159550300886962,-1.3548787582619912
40.34999370574951,1.9131433931998791,1.6159550300886962,-1.3548787582619912
40.39994931221008,1.92114248398825,1.6032368539054063,-1.3263835094556071
40.45072841644287,1.92114248398825,1.6032368539054063,-1.3263835094556071
40.49983072280884,1.92114248398825,1.6032368539054063,-1.3263835094556071
40.55164432525635,1.927365851941679,1.590491264646761,-1.2834302577502825
40.599623680114746,1.9377735145038364,1.5784584452756099,-1.2334410023575615
40.64959120750427,1.9377735145038364,1.5784584452756099,-1.2334410023575615
40.700603723526,1.9377735145038364,1.5784584452756099,-1.2334410023575615
40.75009632110596,1.9476588729042046,1.5698616185532939,-1.1815442543353387
40.80014753341675,1.9476588729042046,1.5698616185532939,-1.1815442543353387
40.849894285202026,1.9572893345867222,1.5587668150493807,-1.1229222846966749
40.900004625320435,1.9572893345867222,1.5587668150493807,-1.1229222846966749
40.95166540145874,1.971085794496433,1.549303356877851,-1.0539138618242254
40.99964952468872,1.9838210928675082,1.535333845494711,-0.9754454224472712
41.04981756210327,1.9838210928675082,1.535333845494711,-0.9754454224472712
41.10016489028931,1.9838210928675082,1.535333845494711,-0.9754454224472712
41.14998960494995,1.99719688997572,1.5255224909723097,-0.8890816556429918
41.1998074054718,1.99719688997572,1.5255224909723097,-0.8890816556429918
41.24974536895752,2.0154836871437687,1.5140616408444505,-0.8010246817111799
41.30156588554382,2.0154836871437687,1.5140616408444505,-0.8010246817111799
41.34999370574951,2.033130654662016,1.5033252064824347,-0.7110753209299859
41.399675607681274,2.033130654662016,1.5033252064824347,-0.7110753209299859
41.44995355606079,2.0478471477510474,1.4998436001167914,-0.6236152566974743
41.499943017959595,2.0478471477510474,1.4998436001167914,-0.6236152566974743
41.55016326904297,2.0654756072127305,1.4980656364330067,-0.5429220907710101
41.60022449493408,2.0654756072127305,1.4980656364330067,-0.5429220907710101
41.65011954307556,2.082345863019592,1.5014857820652003,-0.4718541310307155
41.699862480163574,2.082345863019592,1.5014857820652003,-0.4718541310307155
41.75025296211243,2.0956713860312814,1.4994795168807458,-0.41281320648584247
41.80014395713806,2.0956713860312814,1.4994795168807458,-0.41281320648584247
41.84967088699341,2.105968159029173,1.4982801354116566,-0.3659250517526277
41.899693965911865,2.121066037683636,1.4963642470634393,-0.33248217792904994
41.95008134841919,2.121066037683636,1.4963642470634393,-0.33248217792904994
42.00001311302185,2.121066037683636,1.4963642470634393,-0.33248217792904994
42.049609422683716,2.1361083412397526,1.4936400737235056,-0.3119666912050246
42.10038948059082,2.1537490630987377,1.4875715667440264,-0.2992525998216024
42.1502480506897,2.1537490630987377,1.4875715667440264,-0.2992525998216024
42.19985795021057,2.1537490630987377,1.4875715667440264,-0.2992525998216024
42.249958753585815,2.1760576406847614,1.48294049559026,-0.28815200727291324
42.29985737800598,2.205474120832802,1.4791749880477538,-0.27632426136540555
42.349493741989136,2.205474120832802,1.4791749880477538,-0.27632426136540555
42.40012311935425,2.2369340149433397,1.474678213176607,-0.26126194727094165
42.449992656707764,2.2369340149433397,1.474678213176607,-0.26126194727094165
42.499894857406616,2.270522298132311,1.4661575524214483,-0.24241460910816331
42.549829721450806,2.270522298132311,1.4661575524214483,-0.24241460910816331
42.60043668746948,2.270522298132311,1.4661575524214483,-0.24241460910816331
42.651082038879395,2.2974773775247996,1.4605624836788282,-0.22385600213706833
42.699902296066284,2.2974773775247996,1.4605624836788282,-0.22385600213706833
42.750059604644775,2.324882741404849,1.4549787497862896,-0.20539868610480294
42.79963231086731,2.324882741404849,1.4549787497862896,-0.20539868610480294
42.85183334350586,2.355870863032579,1.4490104654911533,-0.19031316264080306
42.89996004104614,2.385900651909895,1.445397909815855,-0.17265264673032482
42.94979214668274,2.385900651909895,1.445397909815855,-0.17265264673032482
43.0002179145813,2.385900651909895,1.445397909815855,-0.17265264673032482
43.04990887641907,2.4165574941071992,1.4451692626303334,-0.15868433253341319
43.100358963012695,2.4165574941071992,1.4451692626303334,-0.15868433253341319
43.150063276290894,2.4448874524995956,1.443641882598369,-0.1442852372084787
43.19978046417236,2.4448874524995956,1.443641882598369,-0.1442852372084787
43.24954915046692,2.477646788883026,1.4426077363051286,-0.13526424645749988
43.29984211921692,2.5094942831642704,1.4420714499611473,-0.12470826320747679
43.349836349487305,2.5094942831642704,1.4420714499611473,-0.12470826320747679
43.401143312454224,2.5094942831642704,1.4420714499611473,-0.12470826320747679
43.449875593185425,2.542259927426273,1.4398873599232072,-0.11278253793086815
43.49960684776306,2.542259927426273,1.4398873599232072,-0.11278253793086815
43.54957175254822,2.5743730208856013,1.4392118339514515,-0.10315647690230238
43.60064482688904,2.5743730208856013,1.4392118339514515,-0.10315647690230238
43.650246143341064,2.6074274146101035,1.4353104281008797,-0.09624684997084822
43.699809551239014,2.6074274146101035,1.4353104281008797,-0.09624684997084822
43.74983501434326,2.63716821966877,1.4331351302658493,-0.09169699768587057
43.800111055374146,2.6672611267827806,1.4362623932504228,-0.08455421701134408
43.850258111953735,2.6672611267827806,1.4362623932504228,-0.08455421701134408
43.90110516548157,2.698484297781782,1.4352379738329744,-0.0794182115940423
43.94977402687073,2.698484297781782,1.4352379738329744,-0.0794182115940423
44.00019717216492,2.698484297781782,1.4352379738329744,-0.0794182115940423
44.05017638206482,2.730388465369467,1.4348645229566832,-0.07737285702296252
44.099900007247925,2.730388465369467,1.4348645229566832,-0.07737285702296252
44.14974284172058,2.7625455777381744,1.4359091593089268,-0.07313287115394175
44.200554847717285,2.7625455777381744,1.4359091593089268,-0.07313287115394175
44.25001668930054,2.793469307036082,1.437232832435262,-0.07183997151124985
44.30024266242981,2.793469307036082,1.437232832435262,-0.07183997151124985
44.34965515136719,2.8207277134652937,1.4354041165632436,-0.07375790476883336
44.39977765083313,2.8207277134652937,1.4354041165632436,-0.07375790476883336
44.451709270477295,2.847835751602148,1.4356997944699141,-0.07596614173844292
44.49989056587219,2.847835751602148,1.4356997944699141,-0.07596614173844292
44.54976725578308,2.881128934869367,1.4357241433870314,-0.07799806897446857
44.599905014038086,2.9123916005218646,1.435134975517012,-0.07966279548389142
44.650065422058105,2.9123916005218646,1.435134975517012,-0.07966279548389142
44.70030951499939,2.9123916005218646,1.435134975517012,-0.07966279548389142
44.75006461143494,2.945007901557669,1.4327043590436737,-0.08236125543743553
44.80020523071289,2.945007901557669,1.4327043590436737,-0.08236125543743553
44.850162506103516,2.979034259253225,1.4301486643500736,-0.08183707124167065
44.90004777908325,2.979034259253225,1.4301486643500736,-0.08183707124167065
44.94981932640076,3.012692604297868,1.426335952716424,-0.0832112188245366
45.00032377243042,3.041485299595292,1.4260252819228147,-0.08309379278486814
45.05066132545471,3.041485299595292,1.4260252819228147,-0.08309379278486814
45.10000252723694,3.0688211571010706,1.4251955395687312,-0.08209857234845529
45.150076389312744,3.0688211571010706,1.4251955395687312,-0.08209857234845529
45.19987988471985,3.0688211571010706,1.4251955395687312,-0.08209857234845529
45.250194787979126,3.098171268747586,1.424556315579667,-0.08108159081164333
45.30004835128784,3.098171268747586,1.424556315579667,-0.08108159081164333
45.34990429878235,3.130570420457628,1.423531732883509,-0.0773185506888219
45.39975357055664,3.160678898490135,1.4192669353600098,-0.06549163398094623
45.45249652862549,3.160678898490135,1.4192669353600098,-0.06549163398094623
45.50003981590271,3.160678898490135,1.4192669353600098,-0.06549163398094623
45.549721002578735,3.1884598658155334,1.4218240245119889,-0.04679404737835436
45.599722385406494,3.1884598658155334,1.4218240245119889,-0.04679404737835436
45.64985775947571,3.2207495659252525,1.4231547575188574,-0.022808305323467254
45.699822425842285,3.2207495659252525,1.4231547575188574,-0.022808305323467254
45.75014853477478,3.2522562520234577,1.4244217909474692,0.0020891871716387247
45.79989266395569,3.2522562520234577,1.4244217909474692,0.0020891871716387247
45.84969186782837,3.2793794023556475,1.4288626511217297,0.028343038054525888
45.90070056915283,3.2793794023556475,1.4288626511217297,0.028343038054525888
45.94991731643677,3.3113916498173857,1.4345383408872028,0.05810537757980175
46.000927448272705,3.343954237709569,1.4389607801625763,0.08356614594468602
46.049519538879395,3.343954237709569,1.4389607801625763,0.08356614594468602
46.09995174407959,3.343954237709569,1.4389607801625763,0.08356614594468602
46.15020203590393,3.3736804409190735,1.4481287503304279,0.1099130012554974
46.200493812561035,3.3736804409190735,1.4481287503304279,0.1099130012554974
46.24989080429077,3.407812657953692,1.4527361363893105,0.13718123633766213
46.299896001815796,3.407812657953692,1.4527361363893105,0.13718123633766213
46.35000729560852,3.4400330593035897,1.4631938982389534,0.16705558481398722
46.40186643600464,3.4400330593035897,1.4631938982389534,0.16705558481398722
46.44987630844116,3.467899639769094,1.4730859427184486,0.196227079287621
46.49980878829956,3.467899639769094,1.4730859427184486,0.196227079287621
46.5497989654541,3.5010905606361358,1.4810540300834527,0.22464811105946372
46.60019874572754,3.5010905606361358,1.4810540300834527,0.22464811105946372
46.64983010292053,3.5348267258844452,1.491358863636587,0.25557962934403544
46.69960117340088,3.5348267258844452,1.491358863636587,0.25557962934403544
46.74970555305481,3.5661448231057675,1.5050481417449588,0.28492887641439346
46.80026316642761,3.6015474496703273,1.5233932449328034,0.31286281889640927
46.850192070007324,3.6015474496703273,1.5233932449328034,0.31286281889640927
46.89964509010315,3.6275220256760057,1.5378868548113391,0.337130772221374
46.94999980926514,3.6275220256760057,1.5378868548113391,0.337130772221374
46.9999783039093,3.6275220256760057,1.5378868548113391,0.337130772221374
47.049912452697754,3.6584446128534567,1.553962544928642,0.3551436186514275
47.10004782676697,3.6584446128534567,1.553962544928642,0.3551436186514275
47.15003681182861,3.6881330241360746,1.5706365650686172,0.36673704691254383
47.20008730888367,3.6881330241360746,1.5706365650686172,0.36673704691254383
47.249913692474365,3.720949448001051,1.5885880442551017,0.3766737374701963
47.299875259399414,3.720949448001051,1.5885880442551017,0.3766737374701963
47.35004949569702,3.753827425383824,1.6063738940251868,0.3862070138185805
47.39996290206909,3.753827425383824,1.6063738940251868,0.3862070138185805
47.44967818260193,3.7885727314419424,1.6197465771731963,0.39247084640852015
47.49989557266235,3.7885727314419424,1.6197465771731963,0.39247084640852015
47.55006003379822,3.7885727314419424,1.6197465771731963,0.39247084640852015
47.599945068359375,3.7885727314419424,1.6197465771731963,0.39247084640852015
47.65032339096069,3.8537759031961856,1.6546612891308707,0.41094290833953934
47.699588775634766,3.8537759031961856,1.6546612891308707,0.41094290833953934
47.74967885017395,3.8873356459583213,1.6732241681547555,0.4205492681501165
47.80028533935547,3.8873356459583213,1.6732241681547555,0.4205492681501165
47.850279331207275,3.9202586866345404,1.6879770130107608,0.4300840934367233
47.89963889122009,3.9202586866345404,1.6879770130107608,0.4300840934367233
47.95002555847168,3.9538576926039855,1.7031445517181076,0.4391643615198756
47.99990940093994,3.9538576926039855,1.7031445517181076,0.4391643615198756
48.04986047744751,3.983783539692801,1.720278517301828,0.4504977381464399
48.09961724281311,3.983783539692801,1.720278517301828,0.4504977381464399
48.15161728858948,4.017309546379028,1.7404049197052345,0.4691936509583849
48.20098114013672,4.017309546379028,1.7404049197052345,0.4691936509583849
48.250179290771484,4.047223694601919,1.7573537755728221,0.49358166678711285
48.299606800079346,4.072778827286699,1.7731611647949204,0.5271126811380681
48.34948801994324,4.072778827286699,1.7731611647949204,0.5271126811380681
48.40028786659241,4.072778827286699,1.7731611647949204,0.5271126811380681
48.449907064437866,4.0979884856624755,1.795224251581943,0.5564783350192082
48.499884605407715,4.114555287842397,1.8124929057700463,0.5795196595422061
48.54990482330322,4.114555287842397,1.8124929057700463,0.5795196595422061
48.60025382041931,4.114555287842397,1.8124929057700463,0.5795196595422061
48.65001130104065,4.130372372685162,1.8295901679554514,0.5969461267734695
48.700358629226685,4.130372372685162,1.8295901679554514,0.5969461267734695
48.749645471572876,4.1447007335029635,1.8405393295831873,0.6070713372017172
48.799811601638794,4.1447007335029635,1.8405393295831873,0.6070713372017172
48.849716901779175,4.159381672292472,1.8456223736883532,0.6054048788481363
48.89991545677185,4.159381672292472,1.8456223736883532,0.6054048788481363
48.950188398361206,4.16741262089619,1.845237405842131,0.5915485972453459
48.99999761581421,4.17175384346144,1.847943926460182,0.5685127343896103
49.049524545669556,4.17175384346144,1.847943926460182,0.5685127343896103
49.100030183792114,4.17175384346144,1.847943926460182,0.5685127343896103
49.1500084400177,4.17164165559591,1.8464789606861958,0.5424330910975067
49.19971966743469,4.174158946826226,1.8485663215922976,0.5060519241207796
49.249995708465576,4.174158946826226,1.8485663215922976,0.5060519241207796
49.299917459487915,4.174158946826226,1.8485663215922976,0.5060519241207796
49.349844217300415,4.179810839231091,1.8419034759031516,0.4600192985390754
49.400105237960815,4.181720449055038,1.839435156527773,0.40451635984146644
49.450140953063965,4.181720449055038,1.839435156527773,0.40451635984146644
49.50022268295288,4.181720449055038,1.839435156527773,0.40451635984146644
49.550225019454956,4.1892703065124826,1.8367364950247769,0.3363154057181987
49.59980297088623,4.1939006713507725,1.8345076776383047,0.254347293772482
49.650195360183716,4.1939006713507725,1.8345076776383047,0.254347293772482
49.700140953063965,4.1939006713507725,1.8345076776383047,0.254347293772482
49.749595642089844,4.202373335548548,1.827884554484667,0.16265994070524295
49.79944610595703,4.202373335548548,1.827884554484667,0.16265994070524295
49.85055708885193,4.206195866562836,1.816001344495575,0.06012557401799359
49.900471687316895,4.206195866562836,1.816001344495575,0.06012557401799359
49.9513623714447,4.213208314875088,1.8029600441337703,-0.04815467973997805
49.99993824958801,4.213208314875088,1.8029600441337703,-0.04815467973997805
50.04981780052185,4.21438003757021,1.7956307521038612,-0.15835412021851125
50.10021710395813,4.21438003757021,1.7956307521038612,-0.15835412021851125
50.15008783340454,4.2126755009459504,1.7897758192726316,-0.26488685026536785
50.199867248535156,4.2126755009459504,1.7897758192726316,-0.26488685026536785
50.24963688850403,4.218741038220872,1.780576719140007,-0.35739983578409995
50.299803733825684,4.218741038220872,1.780576719140007,-0.35739983578409995
50.34986996650696,4.216819459587125,1.7779311898720065,-0.435852362482271
50.39979839324951,4.216819459587125,1.7779311898720065,-0.435852362482271
50.449594497680664,4.213186720831256,1.7743262316927955,-0.5072225879159732
50.49969673156738,4.213186720831256,1.7743262316927955,-0.5072225879159732
50.56118059158325,4.2125662495410925,1.7728612702209863,-0.5768271249197815
50.60981345176697,4.2125662495410925,1.7728612702209863,-0.5768271249197815
50.650301456451416,4.218871947021322,1.7622472012341674,-0.6510086809038403
50.699997901916504,4.218871947021322,1.7622472012341674,-0.6510086809038403
50.749802350997925,4.2193959771547505,1.747688088985621,-0.7353707479369282
50.80011057853699,4.2193959771547505,1.747688088985621,-0.7353707479369282
50.84990382194519,4.224756738346423,1.7288199795254664,-0.8287043689893407
50.89975333213806,4.224756738346423,1.7288199795254664,-0.8287043689893407
50.94975471496582,4.229823973659081,1.7117733160888733,-0.9233644531437214
50.99987506866455,4.237109056710111,1.6889253386387721,-1.0168814328933595
51.05001878738403,4.237109056710111,1.6889253386387721,-1.0168814328933595
51.10070013999939,4.237109056710111,1.6889253386387721,-1.0168814328933595
51.149834871292114,4.24491569501037,1.6665202801203178,-1.1081481918662344
51.19966650009155,4.24491569501037,1.6665202801203178,-1.1081481918662344
51.2496075630188,4.252786897513023,1.642888293872212,-1.1927214042972933
51.300869941711426,4.252786897513023,1.642888293872212,-1.1927214042972933
51.35027861595154,4.25562351408348,1.6205851190091842,-1.2633283232616341
51.400190591812134,4.25562351408348,1.6205851190091842,-1.2633283232616341
51.44972467422485,4.258454504444348,1.5994764997355855,-1.3236111378428976
51.49959206581116,4.258454504444348,1.5994764997355855,-1.3236111378428976
51.54978084564209,4.258214553871779,1.5764768663419233,-1.367949699613103
51.60135221481323,4.258214553871779,1.5764768663419233,-1.367949699613103
51.649741411209106,4.265315980098457,1.5520492289607373,-1.4016879414153132
51.70013761520386,4.265315980098457,1.5520492289607373,-1.4016879414153132
51.749916791915894,4.270725913571985,1.5245687167829916,-1.4260199808969012
51.80012655258179,4.270725913571985,1.5245687167829916,-1.4260199808969012
51.84985280036926,4.280039365771423,1.5007776246506588,-1.4431273698515783
51.90185880661011,4.282570032108095,1.473512464761628,-1.4570531619399758
51.950297117233276,4.282570032108095,1.473512464761628,-1.4570531619399758
51.99985885620117,4.282570032108095,1.473512464761628,-1.4570531619399758
52.04958462715149,4.289145949846682,1.447825233695328,-1.4691489700000926
52.1001513004303,4.289831442580121,1.417787468866455,-1.4835761890911712
52.15009260177612,4.289831442580121,1.417787468866455,-1.4835761890911712
52.19983625411987,4.289831442580121,1.417787468866455,-1.4835761890911712
52.249926805496216,4.290181056898901,1.3856204906901057,-1.502147580334222
52.29968762397766,4.287525409090967,1.3578569749853915,-1.520856540789509
52.34989142417908,4.287525409090967,1.3578569749853915,-1.520856540789509
52.40019345283508,4.287525409090967,1.3578569749853915,-1.520856540789509
52.44952845573425,4.288765862199696,1.3272958471001095,-1.5421579094969864
52.50094747543335,4.288765862199696,1.3272958471001095,-1.5421579094969864
52.54985785484314,4.289479144955205,1.2962116186517565,-1.5692983602268247
52.60020041465759,4.289479144955205,1.2962116186517565,-1.5692983602268247
52.65028977394104,4.290125162451044,1.2665453210835442,-1.5973360995465344
52.69949746131897,4.290125162451044,1.2665453210835442,-1.5973360995465344
52.74964165687561,4.2907622705487585,1.2347989222055245,-1.6216616414906062
52.79983377456665,4.2907622705487585,1.2347989222055245,-1.6216616414906062
52.85045409202576,4.292297910920353,1.2083007853800822,-1.643535446438517
52.89977478981018,4.293965046691987,1.1807458064685705,-1.6553026296910949
52.9499237537384,4.293965046691987,1.1807458064685705,-1.6553026296910949
53.00019836425781,4.293965046691987,1.1807458064685705,-1.6553026296910949
53.04982113838196,4.2951717165584435,1.163088923787059,-1.6540420666905002
53.09974908828735,4.2951717165584435,1.163088923787059,-1.6540420666905002
53.149577617645264,4.29756379710889,1.1533019598293934,-1.6379529867058094
53.19956660270691,4.29756379710889,1.1533019598293934,-1.6379529867058094
53.24970555305481,4.299466649562533,1.1508405260573031,-1.61085652142964
53.300798654556274,4.299466649562533,1.1508405260573031,-1.61085652142964
53.349838972091675,4.299223830626027,1.1514030607362236,-1.5847350471864647
53.399922370910645,4.299223830626027,1.1514030607362236,-1.5847350471864647
53.4497332572937,4.302622557106834,1.147831531542054,-1.547661029016524
53.49991464614868,4.302622557106834,1.147831531542054,-1.547661029016524
53.54962992668152,4.306563250947362,1.1435589602053906,-1.5034660996930371
53.59997892379761,4.306563250947362,1.1435589602053906,-1.5034660996930371
53.64974021911621,4.311783357933613,1.1429833406275849,-1.4496157859381333
53.69965386390686,4.311783357933613,1.1429833406275849,-1.4496157859381333
53.74956154823303,4.31295161309585,1.1373770188391699,-1.3843815206473926
53.79989194869995,4.31295161309585,1.1373770188391699,-1.3843815206473926
53.85080647468567,4.316292349997706,1.1295763251165656,-1.3087626031905024
53.90002179145813,4.316292349997706,1.1295763251165656,-1.3087626031905024
53.949925899505615,4.322023361269405,1.1223260859379123,-1.222197148993319
54.000497817993164,4.322023361269405,1.1223260859379123,-1.222197148993319
54.05012822151184,4.327314407245571,1.1207623223888246,-1.1253710696633386
54.09971070289612,4.327314407245571,1.1207623223888246,-1.1253710696633386
54.149985790252686,4.337822899112038,1.1224021610609627,-1.0192884245586105
54.20053219795227,4.337822899112038,1.1224021610609627,-1.0192884245586105
54.250033378601074,4.345540165830123,1.1306553883294892,-0.9108151079847311
54.3003888130188,4.3553119143465855,1.1347157250063473,-0.8000696806036868
54.350273847579956,4.3553119143465855,1.1347157250063473,-0.8000696806036868
54.39982318878174,4.363139591691251,1.138589372088923,-0.6913508340303857
54.44974088668823,4.363139591691251,1.138589372088923,-0.6913508340303857
54.50039577484131,4.363139591691251,1.138589372088923,-0.6913508340303857
54.54983687400818,4.373231756994584,1.1442152791397755,-0.5801286093912188
54.59972143173218,4.373231756994584,1.1442152791397755,-0.5801286093912188
54.6497859954834,4.381783349562361,1.1527735293667654,-0.4742088668215458
54.69997477531433,4.381783349562361,1.1527735293667654,-0.4742088668215458
54.74961829185486,4.388840048609072,1.1579618314713733,-0.3850171294079683
54.79987168312073,4.388840048609072,1.1579618314713733,-0.3850171294079683
54.850244760513306,4.39192094087334,1.1594809368142989,-0.3110819311408984
54.89988422393799,4.39192094087334,1.1594809368142989,-0.3110819311408984
54.95023202896118,4.394040082043451,1.1636365975702623,-0.2553896710374385
54.99964642524719,4.394040082043451,1.1636365975702623,-0.2553896710374385
55.050084590911865,4.39545639518936,1.1680395175438956,-0.2236790613005058
55.10284066200256,4.39545639518936,1.1680395175438956,-0.2236790613005058
55.15083408355713,4.3989305684986215,1.1670422353825314,-0.21399049255604283
55.19998502731323,4.3989305684986215,1.1670422353825314,-0.21399049255604283
55.24981427192688,4.401413438022229,1.1675770161449006,-0.21795373877338364
55.29967904090881,4.401413438022229,1.1675770161449006,-0.21795373877338364
55.35000443458557,4.397106969827668,1.16689831243817,-0.2239922190212963
55.399911642074585,4.397106969827668,1.16689831243817,-0.2239922190212963
55.44982409477234,4.394797623051675,1.1608291630636731,-0.2385523701325235
55.499980211257935,4.389782386711633,1.163385943448167,-0.2614297091079845
55.54965162277222,4.389782386711633,1.163385943448167,-0.2614297091079845
55.60271215438843,4.389782386711633,1.163385943448167,-0.2614297091079845
55.65042519569397,4.386409897870639,1.1629535155410506,-0.29278355837727865
55.69985365867615,4.386409897870639,1.1629535155410506,-0.29278355837727865
55.74989557266235,4.38933510658905,1.1613512026726789,-0.3352580176204012
55.79974818229675,4.38933510658905,1.1613512026726789,-0.3352580176204012
55.84976387023926,4.390056486875261,1.15696461247391,-0.38682017987552764
55.899720668792725,4.3883012291710815,1.1570386101966383,-0.44915119880141635
55.95054054260254,4.3883012291710815,1.1570386101966383,-0.44915119880141635
56.00008034706116,4.3883012291710815,1.1570386101966383,-0.44915119880141635
56.04951214790344,4.382880775853397,1.1521033038580315,-0.5207988030184765
56.099854946136475,4.382880775853397,1.1521033038580315,-0.5207988030184765
56.15031170845032,4.385261768159159,1.145764513027719,-0.5970036311351548
56.200273513793945,4.385261768159159,1.145764513027719,-0.5970036311351548
56.25141525268555,4.387153113620344,1.1337206749959674,-0.6813365752120052
56.29969120025635,4.387153113620344,1.1337206749959674,-0.6813365752120052
56.349995851516724,4.3872783909607875,1.1210724203949212,-0.7695311297844564
56.40023398399353,4.3872783909607875,1.1210724203949212,-0.7695311297844564
56.45039224624634,4.379674681471106,1.11501027215833,-0.8688095628523366
56.499722957611084,4.379674681471106,1.11501027215833,-0.8688095628523366
56.54999661445618,4.376087628154548,1.103336903673699,-0.9772680505694481
56.599815368652344,4.376087628154548,1.103336903673699,-0.9772680505694481
56.649571657180786,4.372123765703806,1.0893486330291258,-1.0878136715993236
56.699756145477295,4.369669107941137,1.0762034633353457,-1.1997068350743414
56.749730825424194,4.369669107941137,1.0762034633353457,-1.1997068350743414
56.799646615982056,4.369669107941137,1.0762034633353457,-1.1997068350743414
56.84956169128418,4.366325307863949,1.0638057000022925,-1.3088307724351516
56.89977836608887,4.361610008093182,1.0556808327066047,-1.408649975615939
56.95038080215454,4.361610008093182,1.0556808327066047,-1.408649975615939
57.000038146972656,4.361610008093182,1.0556808327066047,-1.408649975615939
57.04961609840393,4.361813578714577,1.0407174878419407,-1.4950961772179951
57.099677085876465,4.361813578714577,1.0407174878419407,-1.4950961772179951
57.14966440200806,4.357381141004477,1.0285031811797503,-1.5647568329385302
57.200352907180786,4.357381141004477,1.0285031811797503,-1.5647568329385302
57.25118803977966,4.3511309477240125,1.0163167623474358,-1.6229002219493744
57.299906492233276,4.343106040112764,1.003093279340918,-1.6782796087689082
57.34974813461304,4.343106040112764,1.003093279340918,-1.6782796087689082
57.399895668029785,4.343106040112764,1.003093279340918,-1.6782796087689082
57.45012879371643,4.333908296439903,0.9849523602664327,-1.731649463573554
57.50029158592224,4.333908296439903,0.9849523602664327,-1.731649463573554
57.55034780502319,4.326019669897979,0.9651640843434708,-1.7784049703005922
57.5998101234436,4.326019669897979,0.9651640843434708,-1.7784049703005922
57.649985551834106,4.324266616435837,0.9425868709910364,-1.8191600762602322
57.699928760528564,4.324266616435837,0.9425868709910364,-1.8191600762602322
57.74993658065796,4.318600886793823,0.9128256488338391,-1.8585689907249079
57.80105233192444,4.318600886793823,0.9128256488338391,-1.8585689907249079
57.849711418151855,4.313400354624653,0.8831491145749119,-1.8965774735472858
57.89995288848877,4.313400354624653,0.8831491145749119,-1.8965774735472858
57.95079803466797,4.303401339975502,0.851839125467246,-1.9298972397943854
58.00027823448181,4.303401339975502,0.851839125467246,-1.9298972397943854
58.04986619949341,4.292707201480006,0.8191439995684202,-1.9584411985828563
58.10141181945801,4.292707201480006,0.8191439995684202,-1.9584411985828563
58.15013575553894,4.27804065471346,0.7810441775530914,-1.9830693850673025
58.201087951660156,4.258675095017024,0.7469742818636729,-2.002529834132978
58.24989175796509,4.258675095017024,0.7469742818636729,-2.002529834132978
58.30145192146301,4.258675095017024,0.7469742818636729,-2.002529834132978
58.3505334854126,4.245843893146015,0.7128196872905854,-2.0207736384880293
58.39967966079712,4.245843893146015,0.7128196872905854,-2.0207736384880293
58.45019197463989,4.225188369573167,0.678397924835207,-2.0344805323437742
58.50134229660034,4.225188369573167,0.678397924835207,-2.0344805323437742
58.54984450340271,4.206274488851276,0.6395830796775109,-2.046761228385176
58.60002946853638,4.188176722494702,0.6052213158357175,-2.0557021881392687
58.64985418319702,4.188176722494702,0.6052213158357175,-2.0557021881392687
58.70102906227112,4.188176722494702,0.6052213158357175,-2.0557021881392687
58.74967575073242,4.171398962357723,0.567058868487841,-2.065811435025396
58.799614667892456,4.171398962357723,0.567058868487841,-2.065811435025396
58.84958577156067,4.154832559390894,0.5343668240075411,-2.07463101059935
58.90134263038635,4.154832559390894,0.5343668240075411,-2.07463101059935
58.95172667503357,4.139060710231702,0.4995906801146968,-2.0843742186487355
58.99962544441223,4.139060710231702,0.4995906801146968,-2.0843742186487355
59.049774169921875,4.121334677733398,0.46641956249167377,-2.0912304442523113
59.10068702697754,4.1026361421881425,0.4352910010536441,-2.09884745026821
59.15073752403259,4.1026361421881425,0.4352910010536441,-2.09884745026821
59.200013875961304,4.1026361421881425,0.4352910010536441,-2.09884745026821
59.24994778633118,4.084648047363943,0.40211866612521474,-2.107989362872272
59.29997992515564,4.084648047363943,0.40211866612521474,-2.107989362872272
59.35014724731445,4.067701601654432,0.371571817403849,-2.115854758856562
59.40026521682739,4.067701601654432,0.371571817403849,-2.115854758856562
59.44968390464783,4.051546467159199,0.3439550138763512,-2.1236290336595998
59.49980974197388,4.033506081829032,0.3097568586450047,-2.13150809817878
59.54973077774048,4.033506081829032,0.3097568586450047,-2.13150809817878
59.60001039505005,4.033506081829032,0.3097568586450047,-2.13150809817878
59.64969086647034,4.0116848540508405,0.2760181846863545,-2.1403684991232743
59.70049691200256,4.0116848540508405,0.2760181846863545,-2.1403684991232743
59.74971890449524,3.9892367457889395,0.23813251281438264,-2.1489986250845834
59.79977512359619,3.9892367457889395,0.23813251281438264,-2.1489986250845834
59.85014986991882,3.9706138437728735,0.20804404509720698,-2.1561657823249214
59.90005135536194,3.949158629933288,0.174856068167477,-2.165797431686035
59.95090913772583,3.949158629933288,0.174856068167477,-2.165797431686035
59.999871492385864,3.949158629933288,0.174856068167477,-2.165797431686035
60.050429344177246,3.9276785330962656,0.1432051788058582,-2.1719303510205945
60.10069036483765,3.9276785330962656,0.1432051788058582,-2.1719303510205945
60.14983630180359,3.907189335270981,0.11061466401211513,-2.180412119967382
60.19970488548279,3.907189335270981,0.11061466401211513,-2.180412119967382
60.25007963180542,3.8904712537143795,0.0850494381986794,-2.188239392948888
60.3001275062561,3.8729110755617344,0.055823705893189426,-2.1974241150904037
60.351438999176025,3.8729110755617344,0.055823705893189426,-2.1974241150904037
60.39980626106262,3.8729110755617344,0.055823705893189426,-2.1974241150904037
60.44963264465332,3.8549588588303823,0.024808734628544674,-2.204698992602123
60.50211191177368,3.8549588588303823,0.024808734628544674,-2.204698992602123
60.54968976974487,3.8334661029203363,-0.008606144690289794,-2.2132333449775046
60.60016894340515,3.8334661029203363,-0.008606144690289794,-2.2132333449775046
60.650049924850464,3.8088479127308683,-0.041627279859469055,-2.2191275005457554
60.699764251708984,3.8088479127308683,-0.041627279859469055,-2.2191275005457554
60.74990940093994,3.788135345593839,-0.07396926825767396,-2.2298494865323546
60.80058670043945,3.788135345593839,-0.07396926825767396,-2.2298494865323546
60.85017776489258,3.764678367074,-0.10757031913419939,-2.239368449199796
60.90003418922424,3.764678367074,-0.10757031913419939,-2.239368449199796
60.95013976097107,3.7392607251262615,-0.14184395675677608,-2.2519618225196183
61.00054717063904,3.7392607251262615,-0.14184395675677608,-2.2519618225196183
61.049988985061646,3.716303271815105,-0.17686004295391472,-2.2678198866241366
61.100013971328735,3.716303271815105,-0.17686004295391472,-2.2678198866241366
61.14959168434143,3.684984123249245,-0.207308848406619,-2.2887553086409875
61.1998028755188,3.684984123249245,-0.207308848406619,-2.2887553086409875
61.24967622756958,3.6607052383811802,-0.23598836047585814,-2.3125936643102283
61.29965090751648,3.6607052383811802,-0.23598836047585814,-2.3125936643102283
61.350404500961304,3.634534961375144,-0.26232416461654856,-2.3456211521531283
61.400757789611816,3.634534961375144,-0.26232416461654856,-2.3456211521531283
61.44977784156799,3.608786217995728,-0.282971433695953,-2.3897575403905127
61.499706506729126,3.608786217995728,-0.282971433695953,-2.3897575403905127
61.549829959869385,3.587160851802597,-0.3001379209738936,-2.4472359234242056
61.59992957115173,3.587160851802597,-0.3001379209738936,-2.4472359234242056
61.64990210533142,3.566174470273342,-0.31582262553579127,-2.511308508599549
61.700115442276,3.54533026636305,-0.32615711087914523,-2.5776139323130454
61.74986982345581,3.54533026636305,-0.32615711087914523,-2.5776139323130454
61.800028562545776,3.54533026636305,-0.32615711087914523,-2.5776139323130454
61.849400997161865,3.5254194731461665,-0.33641376373458504,-2.638989016762432
61.89959669113159,3.5254194731461665,-0.33641376373458504,-2.638989016762432
61.9523229598999,3.5084228485519744,-0.34259222134612927,-2.697226036293355
61.9999635219574,3.5084228485519744,-0.34259222134612927,-2.697226036293355
62.049753189086914,3.4881917761672327,-0.35053741744700556,-2.7525575717065927
62.09983849525452,3.4881917761672327,-0.35053741744700556,-2.7525575717065927
62.150147676467896,3.469941471749353,-0.360577045067721,-2.8009216393994274
62.20006728172302,3.469941471749353,-0.360577045067721,-2.8009216393994274
62.25067210197449,3.446237697694399,-0.36996270903408157,-2.843836240693674
62.29956889152527,3.446237697694399,-0.36996270903408157,-2.843836240693674
62.3496515750885,3.4230380710400894,-0.37605776638606175,-2.8778941107084655
62.39991903305054,3.4230380710400894,-0.37605776638606175,-2.8778941107084655
62.44982719421387,3.400035680602222,-0.38269138457148777,-2.9073505370972383
62.49971842765808,3.400035680602222,-0.38269138457148777,-2.9073505370972383
62.550079107284546,3.375413866895956,-0.3882470519898566,-2.9316903736472115
62.6010468006134,3.375413866895956,-0.3882470519898566,-2.9316903736472115
62.64989423751831,3.348448368174282,-0.3919576976366664,-2.9508658516564896
62.70009899139404,3.3255564736162904,-0.39573741756576336,-2.9665249379327934
62.75051307678223,3.3255564736162904,-0.39573741756576336,-2.9665249379327934
62.80368518829346,3.3255564736162904,-0.39573741756576336,-2.9665249379327934
62.850220680236816,3.297032320422915,-0.40205042558949355,-2.983918512565962
62.899964332580566,3.297032320422915,-0.40205042558949355,-2.983918512565962
62.94986438751221,3.2660161890446444,-0.40724959829253676,-2.996601058422812
62.99998950958252,3.2660161890446444,-0.40724959829253676,-2.996601058422812
63.05005216598511,3.2367194189639537,-0.41272963412210645,-3.0112450870688345
63.10010647773743,3.2367194189639537,-0.41272963412210645,-3.0112450870688345
63.15018272399902,3.2016384016786565,-0.41765799622263833,-3.0265252259094457
63.199963092803955,3.2016384016786565,-0.41765799622263833,-3.0265252259094457
63.24974608421326,3.1657828568992943,-0.42256660289408676,-3.0407224813208766
63.30021095275879,3.1657828568992943,-0.42256660289408676,-3.0407224813208766
63.350096464157104,3.1328640560183874,-0.42922358001314714,-3.0537565462748746
63.39977717399597,3.1328640560183874,-0.42922358001314714,-3.0537565462748746
63.45008301734924,3.0910358433903538,-0.42998710600637163,-3.067138431919306
63.50059461593628,3.0910358433903538,-0.42998710600637163,-3.067138431919306
63.55023670196533,3.0599367880120276,-0.43246450490315314,-3.078895693860501
63.5998637676239,3.0599367880120276,-0.43246450490315314,-3.078895693860501
63.650296449661255,3.0319359541611433,-0.434940134809376,-3.089969082836425
63.69973301887512,3.0319359541611433,-0.434940134809376,-3.089969082836425
63.749929428100586,3.0047830868687475,-0.43771733977036004,-3.1005288593802987
63.800769090652466,3.0047830868687475,-0.43771733977036004,-3.1005288593802987
63.85001850128174,2.9734377913126564,-0.4428468601023173,-3.1117040614350815
63.89981937408447,2.9734377913126564,-0.4428468601023173,-3.1117040614350815
63.950878620147705,2.942756124114995,-0.44729111017802675,-3.1231726234197708
64.00043654441833,2.942756124114995,-0.44729111017802675,-3.1231726234197708
64.04993844032288,2.914518512090502,-0.44699224531869924,-3.1363685803462267
64.10046195983887,2.914518512090502,-0.44699224531869924,-3.1363685803462267
64.14987230300903,2.8880566325076678,-0.4436706143633043,3.1287516501803805
64.20072436332703,2.8880566325076678,-0.4436706143633043,3.1287516501803805
64.25061583518982,2.8612944263094238,-0.4424582452846477,3.108998660572147
64.30025863647461,2.83166538274921,-0.43900416607654025,3.0863848947984986
64.35019254684448,2.83166538274921,-0.43900416607654025,3.0863848947984986
64.39987134933472,2.83166538274921,-0.43900416607654025,3.0863848947984986
64.4498405456543,2.8010708632804397,-0.43566001976864094,3.062627653522545
64.50020241737366,2.8010708632804397,-0.43566001976864094,3.062627653522545
64.54978823661804,2.8010708632804397,-0.43566001976864094,3.062627653522545
64.60017037391663,2.7652312024179664,-0.4367652586093037,3.0414278175468974
64.65014863014221,2.732596877887316,-0.4329241051944079,3.0189526783570737
64.70010113716125,2.732596877887316,-0.4329241051944079,3.0189526783570737
64.74992179870605,2.6942518921327583,-0.4288714550136913,2.9973927382739127
64.7998993396759,2.6942518921327583,-0.4288714550136913,2.9973927382739127
64.85037302970886,2.659692986195853,-0.4215852863528064,2.973566176609957
64.89996862411499,2.659692986195853,-0.4215852863528064,2.973566176609957
64.9503562450409,2.6278603395811118,-0.41971239974878954,2.9480090993198576
65.0000491142273,2.6278603395811118,-0.41971239974878954,2.9480090993198576
65.05014395713806,2.5986748806843742,-0.4121366588766661,2.9171879375346816
65.09994006156921,2.5986748806843742,-0.4121366588766661,2.9171879375346816
65.14977860450745,2.5667328183894025,-0.4048411853668053,2.8831257400395898
65.19987320899963,2.5667328183894025,-0.4048411853668053,2.8831257400395898
65.2510826587677,2.5296426236197167,-0.39360798195944985,2.8511833537876234
65.29971861839294,2.5296426236197167,-0.39360798195944985,2.8511833537876234
65.34989857673645,2.4950214952768044,-0.38297943552690744,2.8195939516192885
65.4004807472229,2.4588101080996605,-0.3687342319365348,2.789634933237421
65.44992446899414,2.4588101080996605,-0.3687342319365348,2.789634933237421
65.50000834465027,2.4588101080996605,-0.3687342319365348,2.789634933237421
65.54982805252075,2.4245122985311482,-0.35683592703036504,2.7572691593574374
65.59985327720642,2.4245122985311482,-0.35683592703036504,2.7572691593574374
65.64977741241455,2.3863331208764555,-0.3449467391898379,2.730102186192623
65.69978189468384,2.3863331208764555,-0.3449467391898379,2.730102186192623
65.75000357627869,2.3528158108848687,-0.33073380434784877,2.705589349282338
65.80029916763306,2.3152021942535534,-0.3152434279981587,2.6838198324072593
65.84961366653442,2.3152021942535534,-0.3152434279981587,2.6838198324072593
65.90082573890686,2.3152021942535534,-0.3152434279981587,2.6838198324072593
65.95067977905273,2.2824160897102437,-0.29863838433259954,2.663251802037331
65.99987816810608,2.2824160897102437,-0.29863838433259954,2.663251802037331
66.0498251914978,2.2499351366533573,-0.28577916605736203,2.6494964430779127
66.09999346733093,2.2499351366533573,-0.28577916605736203,2.6494964430779127
66.14984369277954,2.2202585091470457,-0.2674341582161473,2.6385178105778424
66.19986581802368,2.2202585091470457,-0.2674341582161473,2.6385178105778424
66.24981546401978,2.1877449098227792,-0.2514756382959872,2.626429011399816
66.29972338676453,2.155898828971044,-0.2331104555922925,2.612328696148586
66.34990429878235,2.155898828971044,-0.2331104555922925,2.612328696148586
66.39989519119263,2.1285799567241193,-0.21473571301277372,2.5993592607729767
66.44974684715271,2.1285799567241193,-0.21473571301277372,2.5993592607729767
66.49981617927551,2.1285799567241193,-0.21473571301277372,2.5993592607729767
66.55017018318176,2.0985686981212544,-0.19610867395250403,2.5817014835691507
66.59994268417358,2.0985686981212544,-0.19610867395250403,2.5817014835691507
66.64971590042114,2.067628432970839,-0.17640217131086333,2.5583468069720356
66.69951725006104,2.0411833565547157,-0.16054030300762462,2.5227645798388725
66.75001406669617,2.0411833565547157,-0.16054030300762462,2.5227645798388725
66.80008697509766,2.0411833565547157,-0.16054030300762462,2.5227645798388725
66.85002493858337,2.0200370737997506,-0.14306085171456923,2.4731659878291965
66.89967179298401,2.0200370737997506,-0.14306085171456923,2.4731659878291965
66.95049929618835,2.0087744744297598,-0.12736571323408535,2.413725600364564
67.00005030632019,2.0087744744297598,-0.12736571323408535,2.413725600364564
67.0499529838562,1.9887078161951863,-0.10711897351354925,2.3386265643058057
67.10005569458008,1.9887078161951863,-0.10711897351354925,2.3386265643058057
67.14952611923218,1.9791154735524255,-0.0896621628399926,2.26746172459921
67.19996666908264,1.9791154735524255,-0.0896621628399926,2.26746172459921
67.2498254776001,1.9694023379843602,-0.07082767729905508,2.2085570639675702
67.30005216598511,1.9616667717007092,-0.059539604917567476,2.171938055931185
67.35157012939453,1.9616667717007092,-0.059539604917567476,2.171938055931185
67.3997449874878,1.9616667717007092,-0.059539604917567476,2.171938055931185
67.44988107681274,1.9555835273650461,-0.05263473254455518,2.152106945087694
67.49965906143188,1.9555835273650461,-0.05263473254455518,2.152106945087694
67.5499062538147,1.9523144301051798,-0.053451506478605845,2.150761431909026
67.59962177276611,1.9523144301051798,-0.053451506478605845,2.150761431909026
67.64976525306702,1.9565969547151165,-0.05641341483893768,2.1571898760318953
67.70003819465637,1.9565969547151165,-0.05641341483893768,2.1571898760318953
67.74978375434875,1.9598243658356438,-0.057056238753641006,2.1680575681110494
67.79960608482361,1.9598243658356438,-0.057056238753641006,2.1680575681110494
67.84969210624695,1.9631220508837863,-0.06121242832922462,2.183867960464391
67.90002250671387,1.9631220508837863,-0.06121242832922462,2.183867960464391
67.95002579689026,1.9640018734560911,-0.062314370127496785,2.2048748380891534
67.99983501434326,1.9630800644344584,-0.06613704126887864,2.237588269356645
68.04993033409119,1.9630800644344584,-0.06613704126887864,2.237588269356645
68.10012173652649,1.9630800644344584,-0.06613704126887864,2.237588269356645
68.1498544216156,1.9592855169628987,-0.06680810974636824,2.27939625071676
68.19991540908813,1.9592855169628987,-0.06680810974636824,2.27939625071676
68.25032210350037,1.9549500695363702,-0.06676475701004646,2.3324077179126026
68.30054140090942,1.9549500695363702,-0.06676475701004646,2.3324077179126026
68.34979438781738,1.950264427019854,-0.07010720249192919,2.391454428243448
68.40071129798889,1.950264427019854,-0.07010720249192919,2.391454428243448
68.44992256164551,1.9445483900890443,-0.07539984264740739,2.4625226228627515
68.49980401992798,1.9323101955082773,-0.0778629977702837,2.5477817687072823
68.54990434646606,1.9323101955082773,-0.0778629977702837,2.5477817687072823
68.60054039955139,1.9323101955082773,-0.0778629977702837,2.5477817687072823
68.65148615837097,1.929164894040575,-0.08184598222533242,2.6391565906684415
68.70018553733826,1.929164894040575,-0.08184598222533242,2.6391565906684415
68.74984884262085,1.922523145021326,-0.0859383854261158,2.742601492474228
68.8000500202179,1.922523145021326,-0.0859383854261158,2.742601492474228
68.85037565231323,1.918921515366522,-0.0929943560150487,2.855151032476957
68.90078091621399,1.9095739580630169,-0.10520204293046448,2.9680211439065864
68.95126914978027,1.9095739580630169,-0.10520204293046448,2.9680211439065864
68.99983787536621,1.9095739580630169,-0.10520204293046448,2.9680211439065864
69.04967260360718,1.9053336402729633,-0.11468893772558353,3.0806726011897747
69.10238885879517,1.903867454829696,-0.12741485031724792,-3.0884225348612446
69.14980959892273,1.903867454829696,-0.12741485031724792,-3.0884225348612446
69.19972229003906,1.903867454829696,-0.12741485031724792,-3.0884225348612446
69.25002765655518,1.9065027807081631,-0.13433117484315293,-2.97575578273132
69.29985785484314,1.9065027807081631,-0.13433117484315293,-2.97575578273132
69.35017538070679,1.9024027181002565,-0.14324782403376563,-2.871769233658073
69.39959788322449,1.9002463151811715,-0.15047061645103915,-2.7646846692759484
69.46024560928345,1.9002463151811715,-0.15047061645103915,-2.7646846692759484
69.51068925857544,1.9002463151811715,-0.15047061645103915,-2.7646846692759484
69.5504162311554,1.9002463151811715,-0.15047061645103915,-2.7646846692759484
69.60002183914185,1.8880829169175546,-0.15912556721686366,-2.660279881572382
69.64970803260803,1.8801007141162334,-0.16635445351298023,-2.559437482655015
69.69974493980408,1.8741064206695275,-0.1766623772526349,-2.4624173870547463
69.74965476989746,1.8741064206695275,-0.1766623772526349,-2.4624173870547463
69.79980993270874,1.8741064206695275,-0.1766623772526349,-2.4624173870547463
69.8499264717102,1.8733836442214749,-0.1896747154938922,-2.3659620348364596
69.90072822570801,1.8725146890185012,-0.20348131236907235,-2.266910137198906
69.951242685318,1.8725146890185012,-0.20348131236907235,-2.266910137198906
69.99995040893555,1.8725146890185012,-0.20348131236907235,-2.266910137198906
70.04978561401367,1.8751629626567126,-0.21195408359134704,-2.170188037054887
70.09993267059326,1.8751629626567126,-0.21195408359134704,-2.170188037054887
70.14941096305847,1.8826739346830323,-0.2229729391016289,-2.0868391961314834
70.20006775856018,1.8826739346830323,-0.2229729391016289,-2.0868391961314834
70.2501392364502,1.8885651401420431,-0.2325804264966725,-2.0150779153431015
70.29969429969788,1.8885651401420431,-0.2325804264966725,-2.0150779153431015
70.34971952438354,1.8934073486141823,-0.24029404703804574,-1.9659690592005734
70.39965105056763,1.8975455632225229,-0.2455784848773323,-1.9356986957935982
70.44975161552429,1.8975455632225229,-0.2455784848773323,-1.9356986957935982
70.50023293495178,1.8975455632225229,-0.2455784848773323,-1.9356986957935982
70.54990553855896,1.8979044239868688,-0.24593457796075124,-1.9262893311287579
70.59989428520203,1.8979044239868688,-0.24593457796075124,-1.9262893311287579
70.64974427223206,1.8983524011289132,-0.24307322971946121,-1.9287377377701131
70.69981098175049,1.8983524011289132,-0.24307322971946121,-1.9287377377701131
70.7502269744873,1.9010784813524344,-0.2416544510411388,-1.933574906333166
70.79981780052185,1.9010784813524344,-0.2416544510411388,-1.933574906333166
70.84988927841187,1.8978763121653284,-0.2405773727811839,-1.9490028206106516
70.89965319633484,1.8978763121653284,-0.2405773727811839,-1.9490028206106516
70.94988489151001,1.896161394264714,-0.24194627393841095,-1.9746006364176356
70.9999167919159,1.896161394264714,-0.24194627393841095,-1.9746006364176356
71.04981231689453,1.8935268229787656,-0.24213283103169042,-2.007051917998294
71.09976077079773,1.8849546362050762,-0.2444881427769589,-2.053384125686549
71.1496684551239,1.8849546362050762,-0.2444881427769589,-2.053384125686549
71.20255160331726,1.8849546362050762,-0.2444881427769589,-2.053384125686549
71.2500171661377,1.8786280155866022,-0.2414215704726792,-2.1069781411404778
71.29990124702454,1.8707843780497266,-0.23743653442894685,-2.1674164563623677
71.34962034225464,1.8707843780497266,-0.23743653442894685,-2.1674164563623677
71.39961242675781,1.8707843780497266,-0.23743653442894685,-2.1674164563623677
71.44980216026306,1.8676294379062481,-0.2350076976106647,-2.23361399089423
71.49972724914551,1.8676294379062481,-0.2350076976106647,-2.23361399089423
71.54994034767151,1.8575554728841301,-0.23468454712431158,-2.308563288264943
71.59986925125122,1.8575554728841301,-0.23468454712431158,-2.308563288264943
71.64999055862427,1.8471525505652093,-0.23021097479571162,-2.392738761362836
71.69995617866516,1.8471525505652093,-0.23021097479571162,-2.392738761362836
71.75005745887756,1.8407103091741561,-0.2286030396579452,-2.4882164908050965
71.80022835731506,1.8407103091741561,-0.2286030396579452,-2.4882164908050965
71.84997773170471,1.8308766822983813,-0.22454965533352017,-2.5913923067209956
71.89985370635986,1.8308766822983813,-0.22454965533352017,-2.5913923067209956
71.94986200332642,1.8295833269154147,-0.21683249582932562,-2.702927941970887
71.99959254264832,1.8295833269154147,-0.21683249582932562,-2.702927941970887
72.04983806610107,1.831063442990557,-0.20582659700899963,-2.81802846160123
72.10012984275818,1.831063442990557,-0.20582659700899963,-2.81802846160123
72.14998435974121,1.834248809194388,-0.19703728620827193,-2.936207838938454
72.19980764389038,1.834248809194388,-0.19703728620827193,-2.936207838938454
72.2495129108429,1.83216793250564,-0.18762845779873033,-3.049883473253992
72.29957032203674,1.8367024030089185,-0.1791343815595327,3.120472755978438
72.35102963447571,1.8367024030089185,-0.1791343815595327,3.120472755978438
72.4001202583313,1.8367024030089185,-0.1791343815595327,3.120472755978438
72.45010161399841,1.834263460182107,-0.17081771916512573,3.019392390710522
72.4999566078186,1.834263460182107,-0.17081771916512573,3.019392390710522
72.55007314682007,1.8305934591502253,-0.16219039594262985,2.9343858512681713
72.60013318061829,1.8305934591502253,-0.16219039594262985,2.9343858512681713
72.65000224113464,1.825369299731408,-0.1598456953175188,2.8715829647845013
72.70233607292175,1.8253332014310812,-0.1524505695258132,2.82568732332186
72.74958086013794,1.8253332014310812,-0.1524505695258132,2.82568732332186
72.80149936676025,1.8253332014310812,-0.1524505695258132,2.82568732332186
72.84991192817688,1.819028163573885,-0.14913366824131813,2.799662934344145
72.89962768554688,1.8169196337382947,-0.14908197989018873,2.7901722016262536
72.950031042099,1.8169196337382947,-0.14908197989018873,2.7901722016262536
73.0007529258728,1.8169196337382947,-0.14908197989018873,2.7901722016262536
73.05004143714905,1.8169196337382947,-0.14908197989018873,2.7901722016262536
73.0997896194458,1.8169196337382947,-0.14908197989018873,2.7901722016262536
73.14977860450745,1.812301479198224,-0.1499639414894981,2.7994094300544208
73.199702501297,1.812301479198224,-0.1499639414894981,2.7994094300544208
73.24965023994446,1.8111498781863937,-0.15326175648500018,2.8101878313006035
73.29977464675903,1.8111498781863937,-0.15326175648500018,2.8101878313006035
73.3496241569519,1.8166499599176293,-0.1574053337412039,2.828379427329987
73.40094447135925,1.8196773832958146,-0.15731940728106114,2.858109804125073
73.4497344493866,1.8196773832958146,-0.15731940728106114,2.858109804125073
73.50003981590271,1.8196773832958146,-0.15731940728106114,2.858109804125073
73.54963827133179,1.8173715711015754,-0.15978374672805512,2.898125310244596
73.59957480430603,1.8173715711015754,-0.15978374672805512,2.898125310244596
73.64989614486694,1.821843228672689,-0.16371534181951136,2.9461723789351266
73.70000219345093,1.821843228672689,-0.16371534181951136,2.9461723789351266
73.75001692771912,1.8196548844158862,-0.17043504777509755,3.004922806577984
73.79970335960388,1.8196548844158862,-0.17043504777509755,3.004922806577984
73.84963250160217,1.818172587168148,-0.17403082680664683,3.071687440149356
73.89988780021667,1.8193267104207114,-0.18326029919494963,-3.137845672960775
73.95031261444092,1.8193267104207114,-0.18326029919494963,-3.137845672960775
73.99984383583069,1.8193267104207114,-0.18326029919494963,-3.137845672960775
74.04986643791199,1.8186374281795112,-0.1865034176397531,-3.057415558250011
74.0995728969574,1.8237330983418776,-0.19368665029855298,-2.972575842630632
74.14975214004517,1.8237330983418776,-0.19368665029855298,-2.972575842630632
74.19977569580078,1.8237330983418776,-0.19368665029855298,-2.972575842630632
74.24954152107239,1.8229611503553733,-0.20396612411317566,-2.88130269597732
74.30024147033691,1.818209200867495,-0.21332495127394224,-2.781607992587417
74.35038375854492,1.818209200867495,-0.21332495127394224,-2.781607992587417
74.40005540847778,1.8125082413592537,-0.2253466875678487,-2.676745827076471
74.45000672340393,1.8125082413592537,-0.2253466875678487,-2.676745827076471
74.50130939483643,1.8125082413592537,-0.2253466875678487,-2.676745827076471
74.54979419708252,1.804286896770995,-0.23559483158404787,-2.567972706337382
74.59966945648193,1.804286896770995,-0.23559483158404787,-2.567972706337382
74.64970469474792,1.7996448057549905,-0.24438829336707812,-2.461132204773679
74.70089817047119,1.7953287065741126,-0.2537435568054507,-2.3560680199230015
74.74970984458923,1.7953287065741126,-0.2537435568054507,-2.3560680199230015
74.79975986480713,1.7953287065741126,-0.2537435568054507,-2.3560680199230015
74.84960508346558,1.7883388905388586,-0.2708554741373567,-2.2577634124497905
74.90063333511353,1.7883388905388586,-0.2708554741373567,-2.2577634124497905
74.95023822784424,1.7850370227224572,-0.28470501173841634,-2.174642064243708
74.99991774559021,1.7850370227224572,-0.28470501173841634,-2.174642064243708
75.0497567653656,1.7869035888040683,-0.30225370976113514,-2.102509785755362
75.09980726242065,1.7869035888040683,-0.30225370976113514,-2.102509785755362
75.14974546432495,1.7879380120811028,-0.32175347149061734,-2.0413945155608104
75.20059585571289,1.7879380120811028,-0.32175347149061734,-2.0413945155608104
75.24980068206787,1.7886021914623607,-0.3440449517900014,-1.9865670976719847
75.29975605010986,1.7886021914623607,-0.3440449517900014,-1.9865670976719847
75.35009121894836,1.789882189018455,-0.36203411540885094,-1.940421003798193
75.40160965919495,1.789882189018455,-0.36203411540885094,-1.940421003798193
75.4498929977417,1.7877847483032863,-0.3828198746001885,-1.9040534882628353
75.49989032745361,1.7877847483032863,-0.3828198746001885,-1.9040534882628353
75.5497031211853,1.7827270730220612,-0.4018627500674619,-1.880991788332253
75.5998272895813,1.7827270730220612,-0.4018627500674619,-1.880991788332253
75.64986419677734,1.7771305244455937,-0.4148371113657933,-1.8730399255732488
75.70004343986511,1.773120064516824,-0.42366047838865145,-1.8782189108381482
75.75068783760071,1.773120064516824,-0.42366047838865145,-1.8782189108381482
75.79991388320923,1.773120064516824,-0.42366047838865145,-1.8782189108381482
75.84987735748291,1.7685046642256386,-0.4275994415080729,-1.8957173179884252
75.90120077133179,1.7640089651746256,-0.43227950143138866,-1.922861972263898
75.9498393535614,1.7640089651746256,-0.43227950143138866,-1.922861972263898
76.0000548362732,1.7640089651746256,-0.43227950143138866,-1.922861972263898
76.04993653297424,1.7611349505097387,-0.4376704044418991,-1.949750672378702
76.09965896606445,1.7611349505097387,-0.4376704044418991,-1.949750672378702
76.14985370635986,1.759480911088768,-0.44427542716237006,-1.9869362908219637
76.19976735115051,1.759480911088768,-0.44427542716237006,-1.9869362908219637
76.24994230270386,1.7559744758132085,-0.44698033470103654,-2.0323029109365023
76.29991912841797,1.7559744758132085,-0.44698033470103654,-2.0323029109365023
76.34979891777039,1.7481320883806823,-0.4494288606206218,-2.0874503739976915
76.40082669258118,1.7408365602442895,-0.44963599862842535,-2.1521851927138833
76.45002579689026,1.7408365602442895,-0.44963599862842535,-2.1521851927138833
76.49991011619568,1.7408365602442895,-0.44963599862842535,-2.1521851927138833
76.55257940292358,1.7283096884404858,-0.4510616719828936,-2.230949923485598
76.59975910186768,1.7283096884404858,-0.4510616719828936,-2.230949923485598
76.64957880973816,1.7165852524112744,-0.449014814892171,-2.321485975677608
76.69988441467285,1.7165852524112744,-0.449014814892171,-2.321485975677608
76.75020289421082,1.7097684567213385,-0.44856759213519465,-2.419446655210073
76.80112409591675,1.7097684567213385,-0.44856759213519465,-2.419446655210073
76.84980964660645,1.6978822777489615,-0.4416347952975041,-2.527648296859771
76.89986991882324,1.6978822777489615,-0.4416347952975041,-2.527648296859771
76.9496762752533,1.6876968860655306,-0.4369418776972867,-2.6381498758877098
76.99985575675964,1.6876968860655306,-0.4369418776972867,-2.6381498758877098
77.05025458335876,1.6880607748094998,-0.42841604952879336,-2.7514320231462106
77.09971165657043,1.6880607748094998,-0.42841604952879336,-2.7514320231462106
77.14985752105713,1.6835725920532147,-0.4227013377744267,-2.863344536486868
77.19983267784119,1.6836652605704185,-0.41586544495363514,-2.975858772413275
77.24970149993896,1.6836652605704185,-0.41586544495363514,-2.975858772413275
77.29981207847595,1.6877773620366257,-0.40918326251441484,-3.086271669196339
77.34955072402954,1.6877773620366257,-0.40918326251441484,-3.086271669196339
77.40016198158264,1.6877773620366257,-0.40918326251441484,-3.086271669196339
77.45009064674377,1.6895739306228652,-0.3994304006541751,3.089188127791178
77.49991655349731,1.6895739306228652,-0.3994304006541751,3.089188127791178
77.54978466033936,1.6875950236110437,-0.3873206545800662,2.9851906475228076
77.59967803955078,1.6820037325494184,-0.3789486185754139,2.8962730874880838
77.6498064994812,1.6820037325494184,-0.3789486185754139,2.8962730874880838
77.6997377872467,1.6820037325494184,-0.3789486185754139,2.8962730874880838
77.74980664253235,1.6704691468646304,-0.369828211275309,2.8219994255133716
77.79970574378967,1.665111729675424,-0.3646293820647768,2.772246905256315
77.85009837150574,1.665111729675424,-0.3646293820647768,2.772246905256315
77.90007972717285,1.665111729675424,-0.3646293820647768,2.772246905256315
77.9500584602356,1.6695203628538082,-0.3606489659060722,2.742306677582592
77.99985146522522,1.6695203628538082,-0.3606489659060722,2.742306677582592
78.0499279499054,1.6717004410136314,-0.3582280461504515,2.7332883263229153
78.09995102882385,1.6717004410136314,-0.3582280461504515,2.7332883263229153
78.15130567550659,1.6726929094296383,-0.35878589945092804,2.737070279196948
78.20001983642578,1.6726929094296383,-0.35878589945092804,2.737070279196948
78.25009965896606,1.6758158110281287,-0.3620702053397959,2.7422506450011688
78.30035305023193,1.6758158110281287,-0.3620702053397959,2.7422506450011688
78.34970903396606,1.6770916462142584,-0.3675403362096459,2.7567125231785816
78.39962530136108,1.6770916462142584,-0.3675403362096459,2.7567125231785816
78.44969749450684,1.6743482064218917,-0.3688762505539535,2.7787600171015168
78.49980568885803,1.6743482064218917,-0.3688762505539535,2.7787600171015168
78.55002999305725,1.6749215347472415,-0.3702001572342905,2.8110223121300053
78.60108637809753,1.677230618152754,-0.37379990053791784,2.8553675521001884
78.64956140518188,1.677230618152754,-0.37379990053791784,2.8553675521001884
78.70052218437195,1.677230618152754,-0.37379990053791784,2.8553675521001884
78.75008487701416,1.67863358091676,-0.3786371735116479,2.908377205329966
78.79978537559509,1.67863358091676,-0.3786371735116479,2.908377205329966
78.85050749778748,1.6810531624580016,-0.3824510760017043,2.971302600396234
78.8996376991272,1.6810531624580016,-0.3824510760017043,2.971302600396234
78.9500036239624,1.6808984163111478,-0.3853266871048122,3.0410848427857644
79.00048065185547,1.6808984163111478,-0.3853266871048122,3.0410848427857644
79.0499746799469,1.674656596822048,-0.3878688434581932,3.116740500474657
79.09990906715393,1.674656596822048,-0.3878688434581932,3.116740500474657
79.14982867240906,1.6741755049184288,-0.39548312738070274,-3.084988661472415
79.19999957084656,1.6741755049184288,-0.39548312738070274,-3.084988661472415
79.24987316131592,1.678823120572304,-0.40118733723631644,-2.9966924567356035
79.2997260093689,1.678823120572304,-0.40118733723631644,-2.9966924567356035
79.34982490539551,1.6799812491179575,-0.4098303931838491,-2.8964407614858327
79.39993596076965,1.6711793233417778,-0.42260964607419144,-2.793378251893481
79.44998979568481,1.6711793233417778,-0.42260964607419144,-2.793378251893481
79.49987483024597,1.6632485932765029,-0.4338406266523264,-2.6852576402048847
79.55011677742004,1.6632485932765029,-0.4338406266523264,-2.6852576402048847
79.5998022556305,1.6573161786467003,-0.4497658868431171,-2.5800136861450587
79.65063977241516,1.6573161786467003,-0.4497658868431171,-2.5800136861450587
79.70002889633179,1.6573161786467003,-0.4497658868431171,-2.5800136861450587
79.75091648101807,1.6491709425252994,-0.460277109042497,-2.4802034454561577
79.79962396621704,1.6449501949050562,-0.47475717282985047,-2.385258181044129
79.84970307350159,1.6449501949050562,-0.47475717282985047,-2.385258181044129
79.89988589286804,1.6449501949050562,-0.47475717282985047,-2.385258181044129
79.9515130519867,1.6388100040871394,-0.4845074055756714,-2.2940409578706435
79.9999189376831,1.6388100040871394,-0.4845074055756714,-2.2940409578706435
80.04990267753601,1.6350228435073273,-0.5000772943275519,-2.211744892673252
80.09951949119568,1.6333444298796707,-0.5177072148717771,-2.1415714623171316
80.15001916885376,1.6333444298796707,-0.5177072148717771,-2.1415714623171316
80.20081734657288,1.6333444298796707,-0.5177072148717771,-2.1415714623171316
80.24958562850952,1.6298027245029232,-0.5346105727317834,-2.076732900636982
80.30340576171875,1.6298027245029232,-0.5346105727317834,-2.076732900636982
80.34948921203613,1.6346404540363726,-0.553384983681418,-2.0199819822146954
80.39961457252502,1.63114335756728,-0.5709516432171678,-1.973638493975418
80.4496910572052,1.63114335756728,-0.5709516432171678,-1.973638493975418
80.50053572654724,1.63114335756728,-0.5709516432171678,-1.973638493975418
80.5496039390564,1.6332550606400078,-0.5964406548335798,-1.9345779811062613
80.59944295883179,1.626831189204097,-0.6184865983822313,-1.904329613264639
80.64948606491089,1.626831189204097,-0.6184865983822313,-1.904329613264639
80.69985318183899,1.619198329249861,-0.6461427948918702,-1.8795301280129035
80.75011277198792,1.619198329249861,-0.6461427948918702,-1.8795301280129035
80.79987263679504,1.619198329249861,-0.6461427948918702,-1.8795301280129035
80.84952044487,1.6146847993132614,-0.672545808201302,-1.8596903570318575
80.90065288543701,1.6146847993132614,-0.672545808201302,-1.8596903570318575
80.94994258880615,1.6085346817419581,-0.6984804812811914,-1.8425746027378662
80.9997169971466,1.6085346817419581,-0.6984804812811914,-1.8425746027378662
81.04945683479309,1.6054785068356305,-0.7296395581163501,-1.8238363684737657
81.10047793388367,1.6054785068356305,-0.7296395581163501,-1.8238363684737657
81.15118026733398,1.6010382903500675,-0.7579612219073999,-1.8083225362555688
81.20007920265198,1.6010382903500675,-0.7579612219073999,-1.8083225362555688
81.24958038330078,1.5997209710502243,-0.7885317225148254,-1.7895774744191753
81.29970121383667,1.5933344080623009,-0.8217040633662284,-1.771832942562723
81.34977197647095,1.5933344080623009,-0.8217040633662284,-1.771832942562723
81.40103912353516,1.5933344080623009,-0.8217040633662284,-1.771832942562723
81.44981813430786,1.5898302149973298,-0.8505647099258447,-1.7555404504573529
81.49989151954651,1.5845973562497018,-0.8805316953138208,-1.7400448718760295
81.55006575584412,1.5845973562497018,-0.8805316953138208,-1.7400448718760295
81.59996294975281,1.5845973562497018,-0.8805316953138208,-1.7400448718760295
81.64980864524841,1.5812411557610613,-0.9114700953035767,-1.7262299256796882
81.70147633552551,1.5812411557610613,-0.9114700953035767,-1.7262299256796882
81.75001931190491,1.576312827699034,-0.9421229453884647,-1.7132269687215533
81.79981231689453,1.576312827699034,-0.9421229453884647,-1.7132269687215533
81.84944272041321,1.574973572081677,-0.9764123380641346,-1.6992361063589718
81.89959955215454,1.574973572081677,-0.9764123380641346,-1.6992361063589718
81.94964289665222,1.5750853359309929,-1.0088107851446257,-1.6854871876040387
81.99978017807007,1.5750853359309929,-1.0088107851446257,-1.6854871876040387
82.04994630813599,1.5753976813264532,-1.0405187020599727,-1.6734388675216754
82.09983611106873,1.5753976813264532,-1.0405187020599727,-1.6734388675216754
82.14976215362549,1.5731688399616144,-1.0737621562045516,-1.6590299811824358
82.20012760162354,1.5731688399616144,-1.0737621562045516,-1.6590299811824358
82.24982023239136,1.5730555690291683,-1.1079287145759302,-1.6529184467234337
82.29995226860046,1.5730555690291683,-1.1079287145759302,-1.6529184467234337
82.3494040966034,1.5724748486219484,-1.1392420006959816,-1.643483569597995
82.40002751350403,1.5724748486219484,-1.1392420006959816,-1.643483569597995
82.44976496696472,1.5710504094878068,-1.1719822754972526,-1.637037241303056
82.49969267845154,1.5710504094878068,-1.1719822754972526,-1.637037241303056
82.54982018470764,1.5712668638492495,-1.1992183765951094,-1.632456425153363
82.59982323646545,1.5712668638492495,-1.1992183765951094,-1.632456425153363
82.64962434768677,1.5728419361610775,-1.2293676435398238,-1.6281226139744092
82.69987964630127,1.5728419361610775,-1.2293676435398238,-1.6281226139744092
82.75000596046448,1.5728194870524441,-1.2575689506069432,-1.62398641357387
82.80028176307678,1.5728194870524441,-1.2575689506069432,-1.62398641357387
82.8496789932251,1.5727115882972367,-1.2880928985227322,-1.6212643015869375
82.89994025230408,1.5727115882972367,-1.2880928985227322,-1.6212643015869375
82.94991326332092,1.5729630703929658,-1.320437520385116,-1.6173477154783857
83.00019192695618,1.5729630703929658,-1.320437520385116,-1.6173477154783857
83.0499677658081,1.570467278996122,-1.354489330321237,-1.6131041898599985
83.09966731071472,1.570467278996122,-1.354489330321237,-1.6131041898599985
83.14987802505493,1.5728612118681227,-1.3895331983236991,-1.611530078744396
83.19958448410034,1.575246078779589,-1.4221830260837178,-1.6079726399250585
83.25027918815613,1.575246078779589,-1.4221830260837178,-1.6079726399250585
83.29988837242126,1.575246078779589,-1.4221830260837178,-1.6079726399250585
83.34986758232117,1.5763619183619362,-1.4565936957485546,-1.6058147000176657
83.40027594566345,1.5763619183619362,-1.4565936957485546,-1.6058147000176657
83.45056366920471,1.5767453837433747,-1.4891842960321722,-1.6033815309679098
83.5001130104065,1.5780945844239653,-1.515035199107929,-1.5999300827069403
83.54982137680054,1.5780945844239653,-1.515035199107929,-1.5999300827069403
83.59992957115173,1.5780945844239653,-1.515035199107929,-1.5999300827069403
83.6497232913971,1.579429791321815,-1.5475996453901355,-1.596785217984286
83.70026540756226,1.579429791321815,-1.5475996453901355,-1.596785217984286
83.75042915344238,1.5778998259646446,-1.5750381128852793,-1.5949076603759704
83.80015659332275,1.5778998259646446,-1.5750381128852793,-1.5949076603759704
83.85047745704651,1.579628521295244,-1.6016538150537487,-1.5921579261747754
83.89999675750732,1.579628521295244,-1.6016538150537487,-1.5921579261747754
83.94975018501282,1.578795043095977,-1.6333823802902527,-1.588378686168582
83.99991846084595,1.578795043095977,-1.6333823802902527,-1.588378686168582
84.05002403259277,1.5784197612512707,-1.666382678580313,-1.5861885154584445
84.09960341453552,1.5784197612512707,-1.666382678580313,-1.5861885154584445
84.1496639251709,1.5774620284744723,-1.6976032097413165,-1.5846634035385059
84.19985580444336,1.5774620284744723,-1.6976032097413165,-1.5846634035385059
84.24989748001099,1.5814818970486422,-1.7305211599321069,-1.581783824703733
84.30001664161682,1.58443980607785,-1.7616959320582086,-1.5796586082483035
84.34982419013977,1.58443980607785,-1.7616959320582086,-1.5796586082483035
84.39975571632385,1.58443980607785,-1.7616959320582086,-1.5796586082483035
84.44958472251892,1.588484916229286,-1.790393246075132,-1.5762255269606993
84.49967122077942,1.588484916229286,-1.790393246075132,-1.5762255269606993
84.55046033859253,1.5915086352825036,-1.8264062454479548,-1.57318598518353
84.59977698326111,1.5944446400236205,-1.8565180994247537,-1.5721779346976732
84.64997100830078,1.5944446400236205,-1.8565180994247537,-1.5721779346976732
84.69976997375488,1.5944446400236205,-1.8565180994247537,-1.5721779346976732
84.74965643882751,1.5978420317949542,-1.8898715570969273,-1.5680939248572447
84.79964971542358,1.5988285544735508,-1.9157901991423154,-1.5676877905522948
84.84967565536499,1.5988285544735508,-1.9157901991423154,-1.5676877905522948
84.90104365348816,1.5988285544735508,-1.9157901991423154,-1.5676877905522948
84.95044755935669,1.5980453243596857,-1.9505476195550564,-1.5614096714058292
85.0001380443573,1.5980453243596857,-1.9505476195550564,-1.5614096714058292
85.04975366592407,1.597970885042388,-1.980263130698564,-1.5551363756858851
85.10008597373962,1.597970885042388,-1.980263130698564,-1.5551363756858851
85.14987325668335,1.6018900415165769,-2.0144074924949553,-1.5447094313537302
85.19994235038757,1.6024424675297286,-2.045340123739917,-1.5300123980554288
85.24988961219788,1.6024424675297286,-2.045340123739917,-1.5300123980554288
85.3001503944397,1.6024424675297286,-2.045340123739917,-1.5300123980554288
85.34979748725891,1.6063627255113229,-2.080151233990918,-1.5126258301730189
85.39980459213257,1.6063627255113229,-2.080151233990918,-1.5126258301730189
85.45015716552734,1.6112409529792493,-2.1089468508771656,-1.493377011973271
85.50078320503235,1.6112409529792493,-2.1089468508771656,-1.493377011973271
85.54986786842346,1.6190898138154117,-2.1424064484174576,-1.4771627331801354
85.59961318969727,1.6190898138154117,-2.1424064484174576,-1.4771627331801354
85.64960479736328,1.623736855875629,-2.171743218248166,-1.4568826157668866
85.69977402687073,1.623736855875629,-2.171743218248166,-1.4568826157668866
85.75001311302185,1.6329414893965217,-2.2033103597753505,-1.4313682087810318
85.79981088638306,1.6329414893965217,-2.2033103597753505,-1.4313682087810318
85.85065340995789,1.6329414893965217,-2.2033103597753505,-1.4313682087810318
85.90003108978271,1.6420783164947843,-2.2400531750760297,-1.3986132169750705
85.95022201538086,1.6508672132976092,-2.272326085012159,-1.3626116078060462
86.0005853176117,1.6508672132976092,-2.272326085012159,-1.3626116078060462
86.05262541770935,1.6651195787902404,-2.303899679906129,-1.3251968740230877
86.09988832473755,1.6651195787902404,-2.303899679906129,-1.3251968740230877
86.1496946811676,1.677314490786698,-2.3355758976000063,-1.288177676666246
86.199791431427,1.677314490786698,-2.3355758976000063,-1.288177676666246
86.24942970275879,1.6891872539519195,-2.368153671683607,-1.254396198069082
86.29967665672302,1.6891872539519195,-2.368153671683607,-1.254396198069082
86.34981656074524,1.7012809997556246,-2.4047988420451234,-1.2230243605510558
86.4001567363739,1.7012809997556246,-2.4047988420451234,-1.2230243605510558
86.45053839683533,1.7167680031020125,-2.436661935943385,-1.1886164070411624
86.49973273277283,1.7359870508058277,-2.472860406480484,-1.1539213632804355
86.54954671859741,1.7359870508058277,-2.472860406480484,-1.1539213632804355
86.59978437423706,1.7359870508058277,-2.472860406480484,-1.1539213632804355
86.64994788169861,1.7560520711218381,-2.50768993564396,-1.1162879231701281
86.69979596138,1.7560520711218381,-2.50768993564396,-1.1162879231701281
86.74969363212585,1.7758504050594106,-2.5363910790009103,-1.0793052169237172
86.79989290237427,1.7758504050594106,-2.5363910790009103,-1.0793052169237172
86.8501410484314,1.79661689532414,-2.566760926856959,-1.0420297373385914
86.89995002746582,1.79661689532414,-2.566760926856959,-1.0420297373385914
86.96150517463684,1.819940323294761,-2.59543071357173,-1.0053194635384424
87.0063123703003,1.819940323294761,-2.59543071357173,-1.0053194635384424
87.05047535896301,1.819940323294761,-2.59543071357173,-1.0053194635384424
87.10088634490967,1.8415871989541843,-2.6220923469434814,-0.9710732345471028
87.14996409416199,1.865658355501549,-2.6450641780801556,-0.9377258421036277
87.1997582912445,1.865658355501549,-2.6450641780801556,-0.9377258421036277
87.24964332580566,1.883402722391466,-2.670010869147566,-0.9037629550974852
87.29995226860046,1.9082995742623594,-2.696193208798196,-0.8696947463546922
87.34974694252014,1.9082995742623594,-2.696193208798196,-0.8696947463546922
87.40060687065125,1.9082995742623594,-2.696193208798196,-0.8696947463546922
87.45003271102905,1.9260592384273387,-2.7167721669560074,-0.839617547256766
87.49955129623413,1.9260592384273387,-2.7167721669560074,-0.839617547256766
87.54944133758545,1.947022355264322,-2.734820145248501,-0.8171210322219474
87.59968256950378,1.947022355264322,-2.734820145248501,-0.8171210322219474
87.6504328250885,1.9631285898772268,-2.750555624962492,-0.8055966866775157
87.7005500793457,1.9631285898772268,-2.750555624962492,-0.8055966866775157
87.74979615211487,1.977790708243658,-2.7576392203446636,-0.8036513161795079
87.79968190193176,1.977790708243658,-2.7576392203446636,-0.8036513161795079
87.84981536865234,1.984887962955972,-2.764222360674606,-0.8129267156640977
87.90005683898926,1.984887962955972,-2.764222360674606,-0.8129267156640977
87.94993042945862,1.9852629065342828,-2.7687626451853156,-0.8400921917795533
88.00030064582825,1.9870867974811315,-2.7789434145111436,-0.8692669628749429
88.04965472221375,1.9870867974811315,-2.7789434145111436,-0.8692669628749429
88.09998989105225,1.9870867974811315,-2.7789434145111436,-0.8692669628749429
88.1501190662384,1.9921088967180274,-2.78508482879614,-0.9018573450880097
88.19987297058105,1.9921088967180274,-2.78508482879614,-0.9018573450880097
88.24976539611816,1.9916155404495166,-2.789616546406884,-0.9445356359415858
88.29977774620056,1.9916155404495166,-2.789616546406884,-0.9445356359415858
88.34970045089722,1.9927490159176582,-2.794644282752679,-0.9977740496583237
88.39968132972717,1.9927490159176582,-2.794644282752679,-0.9977740496583237
88.44978761672974,1.9939623957776451,-2.7993211971811043,-1.0598022839484742
88.50092601776123,1.9939623957776451,-2.7993211971811043,-1.0598022839484742
88.54986715316772,1.9896085368197376,-2.8059215539649567,-1.1374325039009414
88.60021543502808,1.9896085368197376,-2.8059215539649567,-1.1374325039009414
88.64953851699829,1.984591414174616,-2.8146891903502604,-1.2266014626132242
88.69981813430786,1.984591414174616,-2.8146891903502604,-1.2266014626132242
88.74977445602417,1.979774668636737,-2.8216885857050653,-1.3273382937076499
88.801677942276,1.979774668636737,-2.8216885857050653,-1.3273382937076499
88.84994268417358,1.9748616256835452,-2.821364258041213,-1.4296787122000896
88.89989566802979,1.9748616256835452,-2.821364258041213,-1.4296787122000896
88.94982647895813,1.965097055252775,-2.8209571852755824,-1.5396731401003694
89.00027394294739,1.965097055252775,-2.8209571852755824,-1.5396731401003694
89.04986619949341,1.954808677832014,-2.8213003613967165,-1.6508117969517393
89.1000018119812,1.954808677832014,-2.8213003613967165,-1.6508117969517393
89.14981889724731,1.948058029418727,-2.823024909269114,-1.761296963384686
89.19987463951111,1.948058029418727,-2.823024909269114,-1.761296963384686
89.24977040290833,1.9393861002384436,-2.826645060814434,-1.8654237899207629
89.29991698265076,1.9393861002384436,-2.826645060814434,-1.8654237899207629
89.34977793693542,1.9319280926264772,-2.8312207020806435,-1.952932978977934
89.40131950378418,1.9319280926264772,-2.8312207020806435,-1.952932978977934
89.45008111000061,1.9236849754093939,-2.83385272048303,-2.028494099264841
89.50002813339233,1.9236849754093939,-2.83385272048303,-2.028494099264841
89.54975771903992,1.911108821653384,-2.8378391338429654,-2.0968454213214907
89.59981560707092,1.911108821653384,-2.8378391338429654,-2.0968454213214907
89.64977383613586,1.8995302221511254,-2.843980988298221,-2.1664857265544106
89.70082664489746,1.8995302221511254,-2.843980988298221,-2.1664857265544106
89.75000429153442,1.8900851919301878,-2.8503383934949356,-2.241497923266641
89.7998435497284,1.8900851919301878,-2.8503383934949356,-2.241497923266641
89.8499608039856,1.8820355762596521,-2.856656356142479,-2.324572349674347
89.89973950386047,1.8820355762596521,-2.856656356142479,-2.324572349674347
89.94975209236145,1.868773551103926,-2.8620546568631164,-2.4141971812092007
89.99990677833557,1.868773551103926,-2.8620546568631164,-2.4141971812092007
90.0496883392334,1.8553709612832616,-2.8682948512576276,-2.5061535829427872
90.09955525398254,1.834485037341134,-2.8722547331591946,-2.5928316237021383
90.15010190010071,1.834485037341134,-2.8722547331591946,-2.5928316237021383
90.20039677619934,1.834485037341134,-2.8722547331591946,-2.5928316237021383
90.24973845481873,1.810907763250416,-2.8762720787773457,-2.671215392272033
90.29972410202026,1.810907763250416,-2.8762720787773457,-2.671215392272033
90.34965372085571,1.7871158965591794,-2.88259339112067,-2.7413217680375825
90.3995430469513,1.7654246618445621,-2.8866537903865197,-2.8009025367110287
90.4497139453888,1.7654246618445621,-2.8866537903865197,-2.8009025367110287
90.49966859817505,1.7654246618445621,-2.8866537903865197,-2.8009025367110287
90.55006122589111,1.739043097192563,-2.8918379085662784,-2.8509181161202144
90.59974026679993,1.712506360788395,-2.8986528384801167,-2.8857603145590116
90.64963054656982,1.712506360788395,-2.8986528384801167,-2.8857603145590116
90.69989395141602,1.712506360788395,-2.8986528384801167,-2.8857603145590116
90.74961638450623,1.6905396494864262,-2.9053124135323363,-2.913654008719906
90.79976010322571,1.6905396494864262,-2.9053124135323363,-2.913654008719906
90.85001420974731,1.662634003128649,-2.9120783315378813,-2.931204451349999
90.89997887611389,1.662634003128649,-2.9120783315378813,-2.931204451349999
90.95017671585083,1.6314365822906187,-2.9174683723648807,-2.9469754517805367
90.99963569641113,1.6314365822906187,-2.9174683723648807,-2.9469754517805367
91.04961800575256,1.601520920556374,-2.9210202466042436,-2.9616238541473776
91.1012065410614,1.601520920556374,-2.9210202466042436,-2.9616238541473776
91.15011072158813,1.5702650918961991,-2.9249694145720966,-2.9768104798956188
91.19984316825867,1.5702650918961991,-2.9249694145720966,-2.9768104798956188
91.25004529953003,1.5368873478726504,-2.929575714723261,-2.994139763822361
91.29961156845093,1.5368873478726504,-2.929575714723261,-2.994139763822361
91.34992170333862,1.5075036232738173,-2.935794973189771,-3.0104257377205106
91.40000915527344,1.4766949500426754,-2.942955913094664,-3.0283291159264376
91.45016741752625,1.4766949500426754,-2.942955913094664,-3.0283291159264376
91.50124430656433,1.4766949500426754,-2.942955913094664,-3.0283291159264376
91.54972648620605,1.4434187478390168,-2.948530072097966,-3.043844405598325
91.60001945495605,1.4434187478390168,-2.948530072097966,-3.043844405598325
91.64969611167908,1.4121731014432783,-2.954068032037745,-3.0578413464479444
91.69973850250244,1.4121731014432783,-2.954068032037745,-3.0578413464479444
91.74976897239685,1.383489340065518,-2.9616657074409174,-3.0714239444320564
91.79961061477661,1.351383862432149,-2.962848833113575,-3.082732712127566
91.84969735145569,1.351383862432149,-2.962848833113575,-3.082732712127566
91.89981985092163,1.3208809955406768,-2.961812362852437,-3.0928532661978076
91.94973754882812,1.3208809955406768,-2.961812362852437,-3.0928532661978076
91.99982619285583,1.3208809955406768,-2.961812362852437,-3.0928532661978076
92.05032205581665,1.2903144560414268,-2.9580976059245305,-3.103144712293311
92.10008001327515,1.2903144560414268,-2.9580976059245305,-3.103144712293311
92.15040707588196,1.261993430208129,-2.9587353382160835,-3.114885715130355
92.20033431053162,1.261993430208129,-2.9587353382160835,-3.114885715130355
92.24997878074646,1.2347068688760396,-2.9575723382507055,-3.124420577293992
92.29993176460266,1.2020851099559544,-2.9610385804786326,-3.1353701142219736
92.35134291648865,1.2020851099559544,-2.9610385804786326,-3.1353701142219736
92.40044951438904,1.2020851099559544,-2.9610385804786326,-3.1353701142219736
92.44965505599976,1.1702100961856834,-2.9648258999634884,3.1381324687220284
92.50082492828369,1.1422084145494429,-2.968806732158876,3.1284915707801635
92.55012512207031,1.1422084145494429,-2.968806732158876,3.1284915707801635
92.60017013549805,1.1422084145494429,-2.968806732158876,3.1284915707801635
92.65004968643188,1.1121107517740185,-2.9670527022170603,3.1174578460480267
92.6995689868927,1.0804151025731366,-2.9676631285136077,3.1088464123118067
92.7496132850647,1.0804151025731366,-2.9676631285136077,3.1088464123118067
92.79965806007385,1.0804151025731366,-2.9676631285136077,3.1088464123118067
92.84994912147522,1.0540247487059062,-2.9674807844037163,3.0991192990008547
92.90021181106567,1.0540247487059062,-2.9674807844037163,3.0991192990008547
92.95015048980713,1.0212421948615926,-2.967181796063566,3.0902706973225484
93.00107645988464,1.0212421948615926,-2.967181796063566,3.0902706973225484
93.05016326904297,0.9908040394114216,-2.965177013788456,3.082682680703506
93.09969282150269,0.9908040394114216,-2.965177013788456,3.082682680703506
93.14996337890625,0.959196464304881,-2.966953081051382,3.0759814535168797
93.20238184928894,0.959196464304881,-2.966953081051382,3.0759814535168797
93.2514717578888,0.9231126317716406,-2.9701774354577455,3.075269562303773
93.3000693321228,0.8967168191010934,-2.971593373672438,3.07138345287355
93.34946942329407,0.8967168191010934,-2.971593373672438,3.07138345287355
93.39960098266602,0.8967168191010934,-2.971593373672438,3.07138345287355
93.45037412643433,0.8645050904658799,-2.9695872740583034,3.071053559432743
93.49996447563171,0.8645050904658799,-2.9695872740583034,3.071053559432743
93.54979395866394,0.8335655964528031,-2.9700013872474393,3.0731343134727926
93.59970235824585,0.8335655964528031,-2.9700013872474393,3.0731343134727926
93.64974784851074,0.7987378717368442,-2.968906622043645,3.0729495586836353
93.70118951797485,0.7987378717368442,-2.968906622043645,3.0729495586836353
93.74989795684814,0.7654036541913908,-2.9668966452688843,3.0716011700045116
93.80056190490723,0.7654036541913908,-2.9668966452688843,3.0716011700045116
93.84984850883484,0.7301199854867809,-2.966094582578895,3.0692885264539775
93.89999198913574,0.7025607331285392,-2.966006930020627,3.0623773040625633
93.95015621185303,0.7025607331285392,-2.966006930020627,3.0623773040625633
93.99978351593018,0.7025607331285392,-2.966006930020627,3.0623773040625633
94.05085921287537,0.6702669994457803,-2.9653989656454414,3.0521164501922557
94.09976983070374,0.6431136242313668,-2.964372733792364,3.038027642302089
94.14949774742126,0.6431136242313668,-2.964372733792364,3.038027642302089
94.20041823387146,0.6431136242313668,-2.964372733792364,3.038027642302089
94.25012421607971,0.6139539379888156,-2.961281724824302,3.0212365291561363
94.30007886886597,0.6139539379888156,-2.961281724824302,3.0212365291561363
94.34972381591797,0.5819566938043236,-2.957268559427327,3.0066048717833693
94.39969897270203,0.5544332403266622,-2.9506108098707116,2.988388240437447
94.44944834709167,0.5544332403266622,-2.9506108098707116,2.988388240437447
94.49976110458374,0.5175566483791912,-2.9466292824151163,2.9742101846670983
94.54974102973938,0.5175566483791912,-2.9466292824151163,2.9742101846670983
94.59988021850586,0.5175566483791912,-2.9466292824151163,2.9742101846670983
94.64977717399597,0.48814944705139596,-2.940590234379042,2.958137709702464
94.69984722137451,0.48814944705139596,-2.940590234379042,2.958137709702464
94.75002098083496,0.4568852284236301,-2.935243979618962,2.944636489218846
94.80051636695862,0.4568852284236301,-2.935243979618962,2.944636489218846
94.8502995967865,0.4248764012677162,-2.927820447308157,2.9298692362986656
94.89971327781677,0.3866324385682065,-2.925899657817267,2.916099665742363
94.94986939430237,0.3866324385682065,-2.925899657817267,2.916099665742363
95.00004243850708,0.3866324385682065,-2.925899657817267,2.916099665742363
95.04984736442566,0.35343511665497884,-2.921630672476649,2.9019721700070176
95.10004591941833,0.32269103061140947,-2.91318685372578,2.888786087421445
95.14981532096863,0.32269103061140947,-2.91318685372578,2.888786087421445
95.19998836517334,0.32269103061140947,-2.91318685372578,2.888786087421445
95.24961543083191,0.2924992386210499,-2.905665503268501,2.8762363281236603
95.29966497421265,0.2924992386210499,-2.905665503268501,2.8762363281236603
95.35004472732544,0.26204547328156724,-2.899622612569051,2.86359609159596
95.39972281455994,0.26204547328156724,-2.899622612569051,2.86359609159596
95.44981026649475,0.23011828033693837,-2.8876695512097292,2.8510769003248893
95.4997410774231,0.23011828033693837,-2.8876695512097292,2.8510769003248893
95.54972004890442,0.1974575881067493,-2.878159691273825,2.8411006902273797
95.59983205795288,0.1974575881067493,-2.878159691273825,2.8411006902273797
95.64970660209656,0.16306861506330805,-2.870984074408506,2.829739304733793
95.70164322853088,0.13733747378066752,-2.863969787082469,2.8176376176547864
95.75053691864014,0.13733747378066752,-2.863969787082469,2.8176376176547864
95.79994249343872,0.10398234573799325,-2.857132721885381,2.8079852839972057
95.8499493598938,0.10398234573799325,-2.857132721885381,2.8079852839972057
95.9009370803833,0.07499388871916335,-2.84404047577835,2.7966495272052816
95.95044589042664,0.07499388871916335,-2.84404047577835,2.7966495272052816
96.00034260749817,0.045250937060453134,-2.837173775581286,2.7863917833287473
96.05004501342773,0.045250937060453134,-2.837173775581286,2.7863917833287473
96.09995317459106,0.015081665303068204,-2.82592211733915,2.7792035665274377
96.15016174316406,0.015081665303068204,-2.82592211733915,2.7792035665274377
96.20013356208801,0.015081665303068204,-2.82592211733915,2.7792035665274377
96.24999117851257,-0.010312685296220425,-2.8111073030327836,2.7691912861093657
96.2998731136322,-0.04350026376605809,-2.7997314566418012,2.762081050456798
96.35016012191772,-0.04350026376605809,-2.7997314566418012,2.762081050456798
96.40007328987122,-0.0747866873442522,-2.7904099157676274,2.7545699533384846
96.45020961761475,-0.0747866873442522,-2.7904099157676274,2.7545699533384846
96.49981260299683,-0.10820549732532775,-2.7805403503151056,2.7512600824663287
96.54973077774048,-0.10820549732532775,-2.7805403503151056,2.7512600824663287
96.59986424446106,-0.10820549732532775,-2.7805403503151056,2.7512600824663287
96.65096712112427,-0.14167920488632996,-2.773394494012214,2.7495668878859734
96.7003927230835,-0.14167920488632996,-2.773394494012214,2.7495668878859734
96.75011038780212,-0.17252018411266096,-2.7635659841484856,2.7495665562142246
96.80023908615112,-0.20297744430953352,-2.755407834955408,2.7505058468946624
96.84975790977478,-0.20297744430953352,-2.755407834955408,2.7505058468946624
96.9008960723877,-0.2373826541228496,-2.7483518598644388,2.752745434730685
96.95021986961365,-0.2373826541228496,-2.7483518598644388,2.752745434730685
97.00001621246338,-0.2373826541228496,-2.7483518598644388,2.752745434730685
97.04954028129578,-0.2689194099119304,-2.734350693408525,2.7512716936281967
97.10046243667603,-0.2689194099119304,-2.734350693408525,2.7512716936281967
97.1497449874878,-0.30047187801358105,-2.7263924725465727,2.7512652750793025
97.20077395439148,-0.30047187801358105,-2.7263924725465727,2.7512652750793025
97.25164818763733,-0.3303543390274757,-2.713203118335008,2.750930463613894
97.30002045631409,-0.3303543390274757,-2.713203118335008,2.750930463613894
97.35034537315369,-0.36156572791940284,-2.7000856082978135,2.749703109187915
97.40010619163513,-0.36156572791940284,-2.7000856082978135,2.749703109187915
97.45008277893066,-0.3961654586319536,-2.6877389492300323,2.7512006657583212
97.50026035308838,-0.4318015422897334,-2.678419268078084,2.7502375786437168
97.54997730255127,-0.4318015422897334,-2.678419268078084,2.7502375786437168
97.60013961791992,-0.4318015422897334,-2.678419268078084,2.7502375786437168
97.65023183822632,-0.46145036861760425,-2.6679219868653914,2.751082762516796
97.70060586929321,-0.4933908750651916,-2.661100623080143,2.750543845186888
97.74976897239685,-0.4933908750651916,-2.661100623080143,2.750543845186888
97.79990673065186,-0.4933908750651916,-2.661100623080143,2.750543845186888
97.85036897659302,-0.5195284958450637,-2.6528415235226226,2.7496477969121496
97.90010952949524,-0.5195284958450637,-2.6528415235226226,2.7496477969121496
97.94997644424438,-0.5526813154594494,-2.6432808926824625,2.7493514637564878
98.0009217262268,-0.5526813154594494,-2.6432808926824625,2.7493514637564878
98.0499312877655,-0.5885785490942455,-2.630865346264248,2.748050243311529
98.1030580997467,-0.5885785490942455,-2.630865346264248,2.748050243311529
98.14989995956421,-0.6151921865435557,-2.6186454457227706,2.747213141838209
98.19984579086304,-0.6462538357467776,-2.605500563806517,2.7465361000658355
98.24999737739563,-0.6462538357467776,-2.605500563806517,2.7465361000658355
98.30025792121887,-0.6718344488584848,-2.596043758924673,2.7486423616719518
98.34989333152771,-0.6718344488584848,-2.596043758924673,2.7486423616719518
98.40072679519653,-0.6718344488584848,-2.596043758924673,2.7486423616719518
98.44981694221497,-0.701483939416893,-2.5831382413668003,2.748276517923947
98.49970889091492,-0.701483939416893,-2.5831382413668003,2.748276517923947
98.55041265487671,-0.7333498447495963,-2.5726959339803637,2.74908216322812
98.599778175354,-0.7641349905540704,-2.562834079876461,2.7503145003271805
98.65087485313416,-0.7641349905540704,-2.562834079876461,2.7503145003271805
98.70044994354248,-0.7972411485668166,-2.551524379840765,2.7509799618052706
98.75004148483276,-0.7972411485668166,-2.551524379840765,2.7509799618052706
98.7999792098999,-0.8298106368014859,-2.5435811848777985,2.7516765377354595
98.85014700889587,-0.8298106368014859,-2.5435811848777985,2.7516765377354595
98.89966344833374,-0.8298106368014859,-2.5435811848777985,2.7516765377354595
98.9501748085022,-0.8616045349391594,-2.5333812799622626,2.7525993792438044
98.99986219406128,-0.8878949869060437,-2.520392128427607,2.750532617726504
99.04988169670105,-0.8878949869060437,-2.520392128427607,2.750532617726504
99.10003519058228,-0.8878949869060437,-2.520392128427607,2.750532617726504
99.1497449874878,-0.9222270105446613,-2.5076222195477524,2.7489630734372783
99.19963359832764,-0.9222270105446613,-2.5076222195477524,2.7489630734372783
99.25054955482483,-0.9490797309311096,-2.4975909335688327,2.744602200702483
99.3001959323883,-0.9868108436835203,-2.4865358850197934,2.745613323196476
99.35983991622925,-0.9868108436835203,-2.4865358850197934,2.745613323196476
99.40826845169067,-0.9868108436835203,-2.4865358850197934,2.745613323196476
99.45038509368896,-1.0153824661389712,-2.4790905970101504,2.7418460541471497
99.49974465370178,-1.0153824661389712,-2.4790905970101504,2.7418460541471497
99.54989910125732,-1.046143000157858,-2.4690563211078183,2.7405738079737487
99.6000747680664,-1.046143000157858,-2.4690563211078183,2.7405738079737487
99.65009927749634,-1.0773153740702939,-2.4569427820414766,2.7395867518348402
99.69988942146301,-1.0773153740702939,-2.4569427820414766,2.7395867518348402
99.74989247322083,-1.1057195198831211,-2.4472333286928993,2.7394744856074555
99.80015730857849,-1.132670150114162,-2.4358259503201896,2.7384224101451355
99.84988403320312,-1.132670150114162,-2.4358259503201896,2.7384224101451355
99.90179753303528,-1.132670150114162,-2.4358259503201896,2.7384224101451355
99.95014262199402,-1.158284470580269,-2.422249074281219,2.7380240802275484
99.99958753585815,-1.1883506789161382,-2.410752326219086,2.7367699601340973
100.05028057098389,-1.1883506789161382,-2.410752326219086,2.7367699601340973
100.10045909881592,-1.1883506789161382,-2.410752326219086,2.7367699601340973
100.15093779563904,-1.2162823117767583,-2.398816371344213,2.7333874053326626
100.19978380203247,-1.2506009066162047,-2.3834548079429227,2.7240099289319417
100.25006079673767,-1.2506009066162047,-2.3834548079429227,2.7240099289319417
100.30065250396729,-1.2506009066162047,-2.3834548079429227,2.7240099289319417
100.35084795951843,-1.2884135267897734,-2.3730139242179153,2.711650039332384
100.40030097961426,-1.2884135267897734,-2.3730139242179153,2.711650039332384
100.44974827766418,-1.3278308510637946,-2.360438031549098,2.6963292182819867
100.49969506263733,-1.3278308510637946,-2.360438031549098,2.6963292182819867
100.55070924758911,-1.3593708624119492,-2.3526957448904597,2.683880393592628
100.60033369064331,-1.3593708624119492,-2.3526957448904597,2.683880393592628
100.649911403656,-1.3980183148371519,-2.336051990445714,2.670296860743896
100.7001838684082,-1.3980183148371519,-2.336051990445714,2.670296860743896
100.75055432319641,-1.4307243820698523,-2.3218060922846253,2.6565884748294217
100.80019116401672,-1.4307243820698523,-2.3218060922846253,2.6565884748294217
100.8497462272644,-1.4646940551355925,-2.3073689492336573,2.6443855018893143
