t,chair_x,chair_y,chair_yaw,human5_x,human5_y,human6_x,human6_y,human7_x,human7_y,human8_x,human8_y
0.0,-0.9288766384124756,1.7334445714950562,0.00926990123667289,1.8379111289978027,-3.0302085876464844,1.708082675933838,3.300821304321289,3.288031578063965,-0.19861845672130585,-1.1701802015304565,-1.094447374343872
0.05035901069641113,-0.9289970397949219,1.7333984375,0.009331661642264719,1.8369649648666382,-3.031386613845825,1.7042726278305054,3.304945230484009,3.286374807357788,-0.19889283180236816,-1.1624774932861328,-1.1014593839645386
0.10148048400878906,-0.9289365410804749,1.7333652973175049,0.009238090065898034,1.83603835105896,-3.032372236251831,1.7002924680709839,3.3093957901000977,3.284071445465088,-0.1991981416940689,-1.152234673500061,-1.1155524253845215
0.14956903457641602,-0.9290159940719604,1.7333617210388184,0.0092328606131656,1.8350404500961304,-3.0330750942230225,1.6963552236557007,3.3150196075439453,3.2817513942718506,-0.19940778613090515,-1.1393674612045288,-1.1336830854415894
0.19923162460327148,-0.9289615154266357,1.7334232330322266,0.009051708681046733,1.8340015411376953,-3.0334012508392334,1.6921387910842896,3.3202052116394043,3.279111623764038,-0.19944579899311066,-1.1241093873977661,-1.1533492803573608
0.24958562850952148,-0.9289444088935852,1.7334263324737549,0.008885026307865357,1.832997441291809,-3.0333056449890137,1.688614010810852,3.323883295059204,3.2769315242767334,-0.1994696408510208,-1.1070691347122192,-1.172377109527588
0.29897260665893555,-0.9293445348739624,1.733518123626709,0.007919730500164158,1.8321739435195923,-3.032951831817627,1.6851202249526978,3.3269400596618652,3.274719476699829,-0.19933949410915375,-1.0885530710220337,-1.1892306804656982
0.35031819343566895,-0.929512619972229,1.7336686849594116,0.008392400292498325,1.8316389322280884,-3.0331459045410156,1.6820979118347168,3.3298094272613525,3.272817611694336,-0.19908392429351807,-1.0686759948730469,-1.203708529472351
0.39917445182800293,-0.9295350909233093,1.7335865497589111,0.007710431837779516,1.8313323259353638,-3.0326902866363525,1.679392695426941,3.332829713821411,3.2711377143859863,-0.1988929659128189,-1.0481847524642944,-1.216967225074768
0.4497208595275879,-0.9291529059410095,1.7336574792861938,0.0061629070761607665,1.8313179016113281,-3.0309016704559326,1.6768913269042969,3.335557460784912,3.269489288330078,-0.1987522542476654,-1.0287187099456787,-1.227069616317749
0.49930906295776367,-0.9284747242927551,1.733565092086792,0.004152171385115322,1.8316751718521118,-3.026921033859253,1.675489068031311,3.3390908241271973,3.267890214920044,-0.19868282973766327,-1.008469820022583,-1.2344719171524048
0.54931640625,-0.9274941086769104,1.733672857284546,0.0016846371922139103,1.8324759006500244,-3.02117919921875,1.6740909814834595,3.341215133666992,3.266432046890259,-0.1986563503742218,-0.9953523874282837,-1.241446614265442
0.5997693538665771,-0.9259437322616577,1.7336390018463135,-0.001262932512176017,1.83299720287323,-3.0138463973999023,1.6736807823181152,3.3423242568969727,3.264979839324951,-0.19872309267520905,-0.9887598156929016,-1.2512948513031006
0.6501245498657227,-0.9241546392440796,1.7339346408843994,-0.004740406076118285,1.8327710628509521,-3.0044803619384766,1.6743710041046143,3.3428092002868652,3.2636477947235107,-0.19906915724277496,-0.9851275682449341,-1.2626887559890747
0.6995735168457031,-0.9219348430633545,1.7341265678405762,-0.00843611691147867,1.8317545652389526,-2.9927263259887695,1.6754271984100342,3.3419296741485596,3.2624475955963135,-0.19959953427314758,-0.9824247360229492,-1.2740474939346313
0.7495419979095459,-0.9195126295089722,1.7343610525131226,-0.013992515495680436,1.82953941822052,-2.9787538051605225,1.6773593425750732,3.3398892879486084,3.2611734867095947,-0.20028868317604065,-0.9808136224746704,-1.2852625846862793
0.8002643585205078,-0.9169206619262695,1.7345201969146729,-0.020402342533588372,1.8256056308746338,-2.9628453254699707,1.6795618534088135,3.337221145629883,3.2597296237945557,-0.2011391818523407,-0.9808650612831116,-1.296838402748108
0.849590539932251,-0.9145922660827637,1.7352185249328613,-0.029205282422390212,1.8190566301345825,-2.9465091228485107,1.6818418502807617,3.3336520195007324,3.2581465244293213,-0.2023390829563141,-0.983060896396637,-1.3089368343353271
0.8990883827209473,-0.9121002554893494,1.735634207725525,-0.03788019771856994,1.8091003894805908,-2.9312846660614014,1.684857726097107,3.329353094100952,3.256253719329834,-0.20392674207687378,-0.9872649312019348,-1.3215364217758179
0.9505860805511475,-0.9098202586174011,1.7363189458847046,-0.04899069089169626,1.7958632707595825,-2.9175100326538086,1.6880170106887817,3.32425594329834,3.254007577896118,-0.20588313043117523,-0.9935427904129028,-1.3343758583068848
0.9996187686920166,-0.9065707921981812,1.7368532419204712,-0.06050635485057003,1.7807286977767944,-2.9061214923858643,1.6910067796707153,3.3188118934631348,3.251981258392334,-0.20794714987277985,-1.0011372566223145,-1.346362829208374
1.0494349002838135,-0.9031656384468079,1.7373502254486084,-0.07368910343290315,1.7622110843658447,-2.894688606262207,1.694993019104004,3.3127379417419434,3.2494308948516846,-0.21073698997497559,-1.0113756656646729,-1.3590935468673706
1.0995383262634277,-0.9005002379417419,1.7378309965133667,-0.08703441766123558,1.7423914670944214,-2.884958028793335,1.6987273693084717,3.306626081466675,3.247220754623413,-0.21371306478977203,-1.0239566564559937,-1.3713082075119019
1.1500120162963867,-0.8971629738807678,1.738484501838684,-0.10217843262904261,1.72456693649292,-2.8773045539855957,1.7022587060928345,3.3019652366638184,3.2453324794769287,-0.216671422123909,-1.0371538400650024,-1.3818739652633667
1.1998400688171387,-0.8937323689460754,1.7390004396438599,-0.11898969974008781,1.706613302230835,-2.8694350719451904,1.7050809860229492,3.2971572875976562,3.2435317039489746,-0.21973222494125366,-1.0522515773773193,-1.3921414613723755
1.2503321170806885,-0.8901216983795166,1.739737868309021,-0.13485731516062924,1.6895956993103027,-2.8616299629211426,1.7081267833709717,3.2932212352752686,3.2418835163116455,-0.2229963093996048,-1.0677939653396606,-1.4015010595321655
1.2991442680358887,-0.8863314390182495,1.7403786182403564,-0.15223406619875215,1.6735728979110718,-2.853442907333374,1.7106881141662598,3.2897284030914307,3.240138292312622,-0.22657857835292816,-1.0830965042114258,-1.40949547290802
1.3492608070373535,-0.8822867274284363,1.740649700164795,-0.16709924977494936,1.6583439111709595,-2.8453166484832764,1.7124515771865845,3.287069082260132,3.238298177719116,-0.23035110533237457,-1.0969805717468262,-1.4160077571868896
1.3997373580932617,-0.8777061700820923,1.7409731149673462,-0.18524228994768244,1.6409558057785034,-2.834750175476074,1.714187502861023,3.2842226028442383,3.2359516620635986,-0.23573237657546997,-1.1127128601074219,-1.4229249954223633
1.4497368335723877,-0.8729457855224609,1.741291880607605,-0.20434822583147505,1.627274751663208,-2.8259315490722656,1.715693712234497,3.282109498977661,3.233933210372925,-0.24114534258842468,-1.1251822710037231,-1.427864670753479
1.5004067420959473,-0.8677511215209961,1.7417420148849487,-0.22549898909785646,1.6144198179244995,-2.816720485687256,1.717523455619812,3.2792813777923584,3.2312469482421875,-0.24804171919822693,-1.137547254562378,-1.4315778017044067
1.5499188899993896,-0.8626285195350647,1.7421354055404663,-0.24964670523921162,1.6047961711883545,-2.8089756965637207,1.718572735786438,3.2761738300323486,3.228355884552002,-0.2549256384372711,-1.1468721628189087,-1.4334694147109985
1.599323034286499,-0.8566723465919495,1.7424931526184082,-0.2757240224164126,1.5965683460235596,-2.801442861557007,1.7192906141281128,3.272016763687134,3.2244105339050293,-0.2629680931568146,-1.1545034646987915,-1.4354493618011475
1.6499114036560059,-0.8504723906517029,1.7429678440093994,-0.30590442302392706,1.5895920991897583,-2.7945926189422607,1.7206077575683594,3.2670371532440186,3.219904899597168,-0.27171674370765686,-1.1600100994110107,-1.4382476806640625
1.7007677555084229,-0.8439193964004517,1.7437635660171509,-0.33887984353338024,1.582808017730713,-2.7871787548065186,1.7225900888442993,3.2599737644195557,3.213690757751465,-0.2812211513519287,-1.1637873649597168,-1.4420851469039917
1.7495954036712646,-0.8366516828536987,1.743398666381836,-0.3745962744202629,1.57744300365448,-2.779994249343872,1.7252401113510132,3.252837896347046,3.2067878246307373,-0.2892569899559021,-1.1657629013061523,-1.4450764656066895
1.799398422241211,-0.8287414312362671,1.743375539779663,-0.4115608242389437,1.5729199647903442,-2.7718918323516846,1.7280782461166382,3.244473695755005,3.198686361312866,-0.2970222532749176,-1.1667336225509644,-1.4472911357879639
1.849365472793579,-0.8204501271247864,1.742630958557129,-0.4477036344205374,1.5705567598342896,-2.7619240283966064,1.7299784421920776,3.2341599464416504,3.1898045539855957,-0.3036811053752899,-1.1660493612289429,-1.4479649066925049
1.8996381759643555,-0.8108484745025635,1.7405753135681152,-0.48058796647551855,1.57266366481781,-2.7503578662872314,1.7304404973983765,3.221881151199341,3.180351972579956,-0.3090400993824005,-1.1630579233169556,-1.4469033479690552
1.9495959281921387,-0.8015025854110718,1.7379249334335327,-0.5131415417484165,1.5781052112579346,-2.736762046813965,1.728932499885559,3.208195686340332,3.170351266860962,-0.3129219114780426,-1.1579781770706177,-1.444580316543579
2.0012667179107666,-0.7920365929603577,1.7347307205200195,-0.5456711441075232,1.5857560634613037,-2.718950033187866,1.7255421876907349,3.1927340030670166,3.159578800201416,-0.3155002295970917,-1.1510865688323975,-1.4411697387695312
2.0505881309509277,-0.7832223176956177,1.731492519378662,-0.5774426048570848,1.5938774347305298,-2.700448989868164,1.7208147048950195,3.177325963973999,3.149167537689209,-0.3163520395755768,-1.1443877220153809,-1.437058687210083
2.0992603302001953,-0.7738658785820007,1.7280315160751343,-0.6075294904780267,1.6049615144729614,-2.6793689727783203,1.7151585817337036,3.1597917079925537,3.137774705886841,-0.3155079483985901,-1.1371073722839355,-1.4318323135375977
2.1499481201171875,-0.7650133371353149,1.7241337299346924,-0.637638730895178,1.619436264038086,-2.6574347019195557,1.7087746858596802,3.140777587890625,3.125859022140503,-0.31279417872428894,-1.129253625869751,-1.425924301147461
2.2014145851135254,-0.7560285329818726,1.7202649116516113,-0.6673500449498608,1.6365700960159302,-2.634777784347534,1.7017322778701782,3.120626926422119,3.112915515899658,-0.30827054381370544,-1.1208831071853638,-1.4194608926773071
2.249523878097534,-0.7482388019561768,1.7167606353759766,-0.69417055379096,1.6541720628738403,-2.612299919128418,1.6943625211715698,3.100663900375366,3.0999178886413574,-0.30228692293167114,-1.1122801303863525,-1.4122140407562256
2.2996301651000977,-0.7379912734031677,1.7120994329452515,-0.7274162899076302,1.6734871864318848,-2.5864498615264893,1.6850497722625732,3.07705020904541,3.08487868309021,-0.2934039235115051,-1.1023920774459839,-1.4023685455322266
2.3494982719421387,-0.728778064250946,1.7071789503097534,-0.7578915671644924,1.6920667886734009,-2.559901475906372,1.6746375560760498,3.0519907474517822,3.069108247756958,-0.281673789024353,-1.0939288139343262,-1.3916044235229492
2.3990976810455322,-0.7203948497772217,1.702502727508545,-0.785337639339791,1.7060160636901855,-2.5380265712738037,1.6656522750854492,3.0314531326293945,3.0559089183807373,-0.2708384096622467,-1.0883504152297974,-1.3824552297592163
2.449554443359375,-0.7093929648399353,1.6960291862487793,-0.8205628963632104,1.7235078811645508,-2.508192539215088,1.652829647064209,3.002687454223633,3.0372350215911865,-0.2549629807472229,-1.0827326774597168,-1.36850905418396
2.4989206790924072,-0.7004712224006653,1.6903480291366577,-0.8498568842652306,1.7362480163574219,-2.484355926513672,1.6429247856140137,2.9793360233306885,3.0215277671813965,-0.2418321669101715,-1.079817533493042,-1.3561345338821411
2.548928737640381,-0.6889063715934753,1.682619333267212,-0.8882615234703547,1.7503796815872192,-2.4551823139190674,1.6323434114456177,2.95074462890625,3.0010504722595215,-0.22589392960071564,-1.078601598739624,-1.3401727676391602
2.599874258041382,-0.6772047877311707,1.6739475727081299,-0.9227066992228486,1.7615406513214111,-2.4292075634002686,1.6248210668563843,2.9246041774749756,2.98236346244812,-0.2123023122549057,-1.0792299509048462,-1.3246538639068604
2.649787664413452,-0.6669071316719055,1.6649960279464722,-0.959349733208901,1.7710700035095215,-2.403651237487793,1.6193689107894897,2.897132396697998,2.9630184173583984,-0.19924722611904144,-1.0815402269363403,-1.3082129955291748
2.699720621109009,-0.6571130156517029,1.6563128232955933,-0.9898510651239931,1.7789674997329712,-2.3781497478485107,1.6154377460479736,2.8684139251708984,2.9427733421325684,-0.18639318645000458,-1.0849634408950806,-1.291073203086853
2.749051332473755,-0.6470906734466553,1.6452363729476929,-1.0222788930496065,1.7852386236190796,-2.352975845336914,1.613337755203247,2.840235710144043,2.9222748279571533,-0.17468853294849396,-1.0897796154022217,-1.2751238346099854
2.8000872135162354,-0.6355229616165161,1.6330608129501343,-1.057928935040517,1.7903978824615479,-2.322422981262207,1.611406683921814,2.8083982467651367,2.8990116119384766,-0.1627655327320099,-1.0976769924163818,-1.2567179203033447
2.8501181602478027,-0.625370979309082,1.6209650039672852,-1.0890211104758345,1.7926422357559204,-2.2913296222686768,1.6096004247665405,2.7778921127319336,2.8770172595977783,-0.15279792249202728,-1.1070269346237183,-1.2379621267318726
2.8995532989501953,-0.6155394315719604,1.6081874370574951,-1.1184221344521368,1.7914173603057861,-2.2578296661376953,1.6082228422164917,2.745504140853882,2.855483055114746,-0.14420104026794434,-1.1184732913970947,-1.2192562818527222
2.949486255645752,-0.6076574325561523,1.5970420837402344,-1.1412910776438456,1.7866969108581543,-2.2220635414123535,1.6078240871429443,2.712423324584961,2.834327459335327,-0.13700170814990997,-1.1301023960113525,-1.2010488510131836
2.9998528957366943,-0.597468912601471,1.5815446376800537,-1.1731018838239415,1.7781262397766113,-2.184211254119873,1.6084785461425781,2.678100824356079,2.8133914470672607,-0.13098876178264618,-1.1406917572021484,-1.183167576789856
3.049257516860962,-0.5886120200157166,1.5676469802856445,-1.198451747790784,1.7665632963180542,-2.145888566970825,1.6106048822402954,2.642953634262085,2.791818141937256,-0.125563845038414,-1.149057388305664,-1.1653797626495361
3.0992090702056885,-0.5807979702949524,1.5535783767700195,-1.2226690808280993,1.7529913187026978,-2.107182502746582,1.6140072345733643,2.606445074081421,2.769075393676758,-0.12051249295473099,-1.154738426208496,-1.1478523015975952
3.1501576900482178,-0.5731711983680725,1.5388072729110718,-1.2443224887242532,1.7382211685180664,-2.0689003467559814,1.6184391975402832,2.569373846054077,2.744990348815918,-0.11585395038127899,-1.1582154035568237,-1.1301292181015015
3.199979066848755,-0.5664728879928589,1.5238746404647827,-1.26419460393438,1.7222319841384888,-2.03029465675354,1.623305082321167,2.5300519466400146,2.718139171600342,-0.11126979440450668,-1.1599997282028198,-1.112117052078247
3.251763105392456,-0.5599164962768555,1.5077425241470337,-1.2816908221401442,1.7084194421768188,-1.9975656270980835,1.6274287700653076,2.4951584339141846,2.693614959716797,-0.10724537074565887,-1.1611272096633911,-1.0967386960983276
3.299172878265381,-0.5540584921836853,1.4913517236709595,-1.2971430881395558,1.6957809925079346,-1.963333010673523,1.6301100254058838,2.4584195613861084,2.6667685508728027,-0.10306283831596375,-1.1618871688842773,-1.0806493759155273
3.349323272705078,-0.5480775237083435,1.474178671836853,-1.3095961247246712,1.6858230829238892,-1.9290474653244019,1.6303530931472778,2.4217803478240967,2.6393799781799316,-0.09903563559055328,-1.1614147424697876,-1.0640859603881836
3.400862693786621,-0.5425592660903931,1.4568805694580078,-1.3205523509175225,1.6791929006576538,-1.8933207988739014,1.6278173923492432,2.381837844848633,2.609605550765991,-0.0953206941485405,-1.158815860748291,-1.0457011461257935
3.448856830596924,-0.5380156636238098,1.440700650215149,-1.3334091879812608,1.6766400337219238,-1.8628220558166504,1.6237796545028687,2.3457233905792236,2.5820088386535645,-0.09255059063434601,-1.1544489860534668,-1.028364658355713
3.4998843669891357,-0.5326282382011414,1.4217113256454468,-1.3460165769349903,1.6769545078277588,-1.8317606449127197,1.6193315982818604,2.309086799621582,2.5514512062072754,-0.0902811586856842,-1.1476961374282837,-1.0097951889038086
3.54971981048584,-0.5276012420654297,1.4036213159561157,-1.35783102796702,1.681134819984436,-1.7991670370101929,1.614230751991272,2.27126407623291,2.5174777507781982,-0.08839528262615204,-1.1375319957733154,-0.989885151386261
3.599635362625122,-0.5228673219680786,1.3853362798690796,-1.369499398102716,1.6890403032302856,-1.767760992050171,1.60934317111969,2.2349562644958496,2.4839138984680176,-0.08636811375617981,-1.1247450113296509,-0.970926821231842
3.6492819786071777,-0.518147349357605,1.3665993213653564,-1.381395543831521,1.7011194229125977,-1.7356387376785278,1.604141354560852,2.1981794834136963,2.451464891433716,-0.08400300145149231,-1.1085537672042847,-0.9528268575668335
3.699130058288574,-0.5136879682540894,1.3476375341415405,-1.392223176047153,1.7164620161056519,-1.7040883302688599,1.5985708236694336,2.1638996601104736,2.4200963973999023,-0.08029946684837341,-1.0917584896087646,-0.9375432133674622
3.7523982524871826,-0.5095171928405762,1.3284260034561157,-1.4031052867907814,1.7382351160049438,-1.666930079460144,1.5913255214691162,2.126349925994873,2.383270740509033,-0.07364799082279205,-1.0717697143554688,-0.9209219217300415
3.7995541095733643,-0.5057981610298157,1.3097566366195679,-1.4130771306807475,1.7620002031326294,-1.6324710845947266,1.583938717842102,2.093881607055664,2.3495216369628906,-0.06555403769016266,-1.0535045862197876,-0.9053364992141724
3.8509931564331055,-0.502202570438385,1.2905735969543457,-1.4234071003038284,1.7931710481643677,-1.594059944152832,1.5745813846588135,2.057628870010376,2.312551498413086,-0.05487198010087013,-1.0331451892852783,-0.886906087398529
3.8993818759918213,-0.4988447427749634,1.2716636657714844,-1.4337720509976153,1.8257533311843872,-1.558122992515564,1.5652180910110474,2.0237820148468018,2.2783682346343994,-0.044010039418935776,-1.014366626739502,-0.868307888507843
3.9500551223754883,-0.49561992287635803,1.2529282569885254,-1.4439184461534902,1.857714295387268,-1.5233681201934814,1.5565149784088135,1.9924393892288208,2.245885133743286,-0.033180370926856995,-0.9972912073135376,-0.850212574005127
4.000212669372559,-0.49259841442108154,1.2337870597839355,-1.4544192789142292,1.8906744718551636,-1.4868197441101074,1.5490467548370361,1.9599343538284302,2.210578203201294,-0.02111484296619892,-0.9807713627815247,-0.8312630653381348
4.049540996551514,-0.4898579716682434,1.2149693965911865,-1.4656151921787681,1.9217649698257446,-1.4516220092773438,1.5432853698730469,1.9264405965805054,2.1748263835906982,-0.007993764244019985,-0.9658052325248718,-0.8114981651306152
4.101024150848389,-0.48724475502967834,1.1957694292068481,-1.4753300136790302,1.9510338306427002,-1.415859580039978,1.5391666889190674,1.8922295570373535,2.138943672180176,0.006457033567130566,-0.9520564675331116,-0.7895947098731995
4.151146411895752,-0.48493072390556335,1.1764429807662964,-1.484624276065546,1.978602409362793,-1.3774075508117676,1.5365135669708252,1.8561688661575317,2.1021316051483154,0.023558491840958595,-0.9394808411598206,-0.7638447284698486
4.200694561004639,-0.48283645510673523,1.1571717262268066,-1.4942645461139823,2.000092029571533,-1.3420971632003784,1.5343472957611084,1.8222332000732422,2.068333148956299,0.04181790351867676,-0.9295390844345093,-0.7371063232421875
4.249881744384766,-0.4809572696685791,1.1378700733184814,-1.50410994357999,2.0175583362579346,-1.3084659576416016,1.5323472023010254,1.7883501052856445,2.0348987579345703,0.06173183396458626,-0.9218064546585083,-0.7088052034378052
4.299328804016113,-0.4791511297225952,1.1187598705291748,-1.5137487126664757,2.0318846702575684,-1.2774970531463623,1.5313156843185425,1.7560826539993286,2.003223419189453,0.08102677017450333,-0.9161465764045715,-0.6803655624389648
4.349669933319092,-0.47762343287467957,1.0998615026474,-1.5237391178559914,2.0456085205078125,-1.2440675497055054,1.5313719511032104,1.721226692199707,1.9697011709213257,0.10134769976139069,-0.911638081073761,-0.6477974653244019
4.399540901184082,-0.47618746757507324,1.0807836055755615,-1.5333235086125685,2.0580244064331055,-1.2084544897079468,1.533128261566162,1.6860334873199463,1.9363682270050049,0.12082939594984055,-0.9075308442115784,-0.6130374670028687
4.451459884643555,-0.4752395749092102,1.0627672672271729,-1.5427839418390032,2.068673610687256,-1.1695308685302734,1.5373663902282715,1.6512596607208252,1.9018667936325073,0.13804760575294495,-0.902984082698822,-0.577636182308197
4.499265432357788,-0.4741842746734619,1.0444761514663696,-1.5522155893148628,2.0768210887908936,-1.1274700164794922,1.5444437265396118,1.6167821884155273,1.8649470806121826,0.15180259943008423,-0.8978192806243896,-0.5427537560462952
4.549831867218018,-0.47325795888900757,1.0269643068313599,-1.5606891781187475,2.082212209701538,-1.0827988386154175,1.553242802619934,1.5822508335113525,1.8266955614089966,0.1618868112564087,-0.8922206163406372,-0.5108680725097656
4.600181341171265,-0.47290289402008057,1.0081517696380615,-1.5697378184449633,2.0848920345306396,-1.0360474586486816,1.5619920492172241,1.5471813678741455,1.7898836135864258,0.16890937089920044,-0.8849417567253113,-0.48044952750205994
4.650238752365112,-0.47251713275909424,0.9909375309944153,-1.5770341262045067,2.084550619125366,-0.9883004426956177,1.5699732303619385,1.5114305019378662,1.7554835081100464,0.17409776151180267,-0.8762603998184204,-0.450593501329422
4.774101972579956,-0.47241538763046265,0.9715216755867004,-1.5849896372781285,2.0824224948883057,-0.9391113519668579,1.5764844417572021,1.4747878313064575,1.7214916944503784,0.1777971237897873,-0.8669763207435608,-0.4223151206970215
4.7767298221588135,-0.47241538763046265,0.9715216755867004,-1.5849896372781285,2.0824224948883057,-0.9391113519668579,1.5764844417572021,1.4747878313064575,1.7214916944503784,0.1777971237897873,-0.8669763207435608,-0.4223151206970215
4.812222719192505,-0.47306573390960693,0.9345348477363586,-1.59703625252223,2.075806140899658,-0.8450337648391724,1.583935260772705,1.4030789136886597,1.6514719724655151,0.18154089152812958,-0.8491851687431335,-0.37325331568717957
4.923910617828369,-0.47363951802253723,0.915835440158844,-1.6008307598812221,2.0750572681427,-0.7998571991920471,1.5859472751617432,1.3672089576721191,1.615407943725586,0.18021488189697266,-0.8410437107086182,-0.3499060869216919
5.007694959640503,-0.47363951802253723,0.915835440158844,-1.6008307598812221,2.0750572681427,-0.7998571991920471,1.5859472751617432,1.3672089576721191,1.615407943725586,0.18021488189697266,-0.8410437107086182,-0.3499060869216919
5.010423183441162,-0.47553035616874695,0.8756895661354065,-1.608194373664429,2.082589864730835,-0.7026655077934265,1.586129069328308,1.2910268306732178,1.536931037902832,0.1672099381685257,-0.8230533003807068,-0.3021169602870941
5.050110101699829,-0.47729164361953735,0.8417801856994629,-1.6124456135572975,2.0962514877319336,-0.6205148696899414,1.5825636386871338,1.2240222692489624,1.4680339097976685,0.14792408049106598,-0.8050055503845215,-0.2697925865650177
5.099834442138672,-0.47839608788490295,0.8234230279922485,-1.6135419814766838,2.1048169136047363,-0.5779192447662354,1.579859733581543,1.1892586946487427,1.4347925186157227,0.1374659687280655,-0.7968583703041077,-0.25414609909057617
5.150557518005371,-0.4795524775981903,0.8076292276382446,-1.615307985660473,2.1156105995178223,-0.5301759243011475,1.5765553712844849,1.1517081260681152,1.400923490524292,0.12761519849300385,-0.7906670570373535,-0.23486101627349854
5.2005205154418945,-0.4808614253997803,0.7919079661369324,-1.6139596035530643,2.1285417079925537,-0.4796444773674011,1.5719459056854248,1.1141542196273804,1.3669127225875854,0.11985207349061966,-0.7887835502624512,-0.21368202567100525
5.249273300170898,-0.48247987031936646,0.7755493521690369,-1.6102596591925402,2.1436824798583984,-0.42796894907951355,1.5664476156234741,1.0772066116333008,1.3318877220153809,0.1145777553319931,-0.7911606431007385,-0.1926112025976181
5.299136638641357,-0.484464555978775,0.760587751865387,-1.6025674165101573,2.161181688308716,-0.3773459792137146,1.559980869293213,1.040282130241394,1.296756625175476,0.11123809218406677,-0.7972388863563538,-0.17293903231620789
5.349486351013184,-0.4859634041786194,0.7474031448364258,-1.5951512765089988,2.180854558944702,-0.3244498372077942,1.5527682304382324,1.0005614757537842,1.2619295120239258,0.10950577259063721,-0.806963324546814,-0.15249745547771454
5.3991968631744385,-0.4883785843849182,0.7368470430374146,-1.582819400100018,2.198343276977539,-0.27605366706848145,1.547026515007019,0.9650607109069824,1.2327896356582642,0.10896532982587814,-0.8182339668273926,-0.13407734036445618
5.449743986129761,-0.4905726909637451,0.7275573015213013,-1.5698036863371267,2.2155754566192627,-0.22510716319084167,1.5419349670410156,0.9258575439453125,1.2003211975097656,0.10910068452358246,-0.8345118761062622,-0.11397533863782883
5.499914169311523,-0.4921674132347107,0.718514084815979,-1.552992679193598,2.228466510772705,-0.18166258931159973,1.53847336769104,0.8906990885734558,1.1702865362167358,0.1098368838429451,-0.8526168465614319,-0.0970153883099556
5.54902982711792,-0.49395447969436646,0.7117222547531128,-1.533164362650268,2.238487958908081,-0.13492697477340698,1.5356024503707886,0.8531467914581299,1.137216329574585,0.11142058670520782,-0.8751249313354492,-0.07937707751989365
5.5994532108306885,-0.4955589473247528,0.7034033536911011,-1.5077238301079716,2.2442333698272705,-0.08770807087421417,1.5337157249450684,0.8155471086502075,1.102937936782837,0.11410433799028397,-0.9008892774581909,-0.06126699224114418
5.649681568145752,-0.4974333941936493,0.6984789371490479,-1.4860055434607147,2.246440887451172,-0.04131990671157837,1.5326513051986694,0.7790173292160034,1.0690943002700806,0.11840495467185974,-0.9284163117408752,-0.04288641735911369
5.700798749923706,-0.4988885521888733,0.6936424970626831,-1.4650746403394965,2.2479567527770996,0.0034910680260509253,1.5323330163955688,0.7423927187919617,1.0360100269317627,0.1245175302028656,-0.956527829170227,-0.024794375523924828
5.749705076217651,-0.49998027086257935,0.688825249671936,-1.4444123958045094,2.2485475540161133,0.04805556684732437,1.5326216220855713,0.7051726579666138,1.0037896633148193,0.13262540102005005,-0.9837039113044739,-0.007215770427137613
5.799878358840942,-0.5013583898544312,0.683969259262085,-1.4234393214528356,2.2483370304107666,0.09409721195697784,1.5338190793991089,0.6674260497093201,0.9713143110275269,0.14189983904361725,-1.0082563161849976,0.01013888232409954
5.849141836166382,-0.5029172897338867,0.6792076826095581,-1.3977790226257798,2.246678590774536,0.1421271562576294,1.536268711090088,0.629601240158081,0.9385887384414673,0.1518680453300476,-1.0301871299743652,0.026393376290798187
5.900617837905884,-0.5042111873626709,0.6748385429382324,-1.370661554718987,2.242274522781372,0.19461481273174286,1.5409772396087646,0.5892492532730103,0.9031059741973877,0.1621442288160324,-1.0498425960540771,0.04347778484225273
5.949382066726685,-0.505815863609314,0.6702091097831726,-1.339961389514309,2.2360503673553467,0.24174293875694275,1.5469141006469727,0.5526134371757507,0.8719779253005981,0.17016471922397614,-1.0651766061782837,0.05976742506027222
6.000247240066528,-0.5076045989990234,0.6661324501037598,-1.3074259751529078,2.2268435955047607,0.2923838794231415,1.5545717477798462,0.513619065284729,0.8385847210884094,0.1768617033958435,-1.0794700384140015,0.07641080021858215
6.049752712249756,-0.5093940496444702,0.6621158123016357,-1.2731324602005425,2.2158422470092773,0.34199339151382446,1.562697410583496,0.47483181953430176,0.8054439425468445,0.18150950968265533,-1.0922985076904297,0.09296952188014984
6.101080656051636,-0.5112419724464417,0.6579796671867371,-1.2357453788985877,2.20509672164917,0.38766926527023315,1.570083737373352,0.43717852234840393,0.7729005813598633,0.18447282910346985,-1.1040866374969482,0.10996396094560623
6.1524176597595215,-0.513764500617981,0.6542457342147827,-1.1951225009177582,2.195801258087158,0.43068623542785645,1.5755599737167358,0.40101495385169983,0.7418317198753357,0.18620269000530243,-1.1152139902114868,0.1279710978269577
6.226565599441528,-0.5159599781036377,0.6509281396865845,-1.1508439190092887,2.18896746635437,0.47424155473709106,1.5797148942947388,0.3655380308628082,0.7117074131965637,0.18711501359939575,-1.1261035203933716,0.14764860272407532
6.261310577392578,-0.5181248188018799,0.6473391652107239,-1.1045309943619341,2.1847987174987793,0.5183497071266174,1.5831917524337769,0.33036407828330994,0.6809864640235901,0.18710698187351227,-1.136587142944336,0.1690365970134735
6.364271402359009,-0.5203340649604797,0.6435961723327637,-1.055965403693357,2.1822803020477295,0.5645249485969543,1.5865055322647095,0.294533371925354,0.6479676365852356,0.18620169162750244,-1.1467740535736084,0.19358253479003906
6.382694959640503,-0.5203340649604797,0.6435961723327637,-1.055965403693357,2.1822803020477295,0.5645249485969543,1.5865055322647095,0.294533371925354,0.6479676365852356,0.18620169162750244,-1.1467740535736084,0.19358253479003906
6.466738700866699,-0.5245919227600098,0.6356055736541748,-0.9519386897436732,2.179795503616333,0.6485497355461121,1.5932263135910034,0.23050296306610107,0.5876993536949158,0.1804303675889969,-1.1633269786834717,0.24297137558460236
6.468647480010986,-0.5245919227600098,0.6356055736541748,-0.9519386897436732,2.179795503616333,0.6485497355461121,1.5932263135910034,0.23050296306610107,0.5876993536949158,0.1804303675889969,-1.1633269786834717,0.24297137558460236
6.515204191207886,-0.5283109545707703,0.6268289685249329,-0.844884141148545,2.17990779876709,0.7430604696273804,1.597868800163269,0.15908962488174438,0.527885913848877,0.1661015897989273,-1.177873969078064,0.2994156777858734
6.606337070465088,-0.5294909477233887,0.6230678558349609,-0.7996286397445368,2.1807749271392822,0.792544424533844,1.599286437034607,0.12187560647726059,0.4995322823524475,0.15530790388584137,-1.1852736473083496,0.32933229207992554
6.62932825088501,-0.529708743095398,0.6222153902053833,-0.7916673005004373,2.1807749271392822,0.792544424533844,1.599286437034607,0.12187560647726059,0.4995322823524475,0.15530790388584137,-1.1852736473083496,0.32933229207992554
6.669743776321411,-0.5305930972099304,0.6141281723976135,-0.7070923884459426,2.1825966835021973,0.8915120363235474,1.5976030826568604,0.045907940715551376,0.4446379244327545,0.131367027759552,-1.2041724920272827,0.3864026367664337
6.699707508087158,-0.5300716161727905,0.6101506948471069,-0.6690977393990994,2.1840391159057617,0.9427683353424072,1.5951062440872192,0.007585289888083935,0.4169498682022095,0.1207389160990715,-1.2151038646697998,0.4172009527683258
6.749433279037476,-0.529097318649292,0.606197714805603,-0.6328679086865024,2.1867284774780273,0.9936473965644836,1.592461347579956,-0.03034300170838833,0.3882308602333069,0.11280691623687744,-1.2274421453475952,0.4475322961807251
6.799643516540527,-0.528036892414093,0.6028224229812622,-0.6020206477730912,2.1895105838775635,1.039675235748291,1.5904098749160767,-0.06572646647691727,0.3613518178462982,0.10823814570903778,-1.2404860258102417,0.47456368803977966
6.849794149398804,-0.5266390442848206,0.5992162227630615,-0.5696562182295057,2.1897928714752197,1.090962529182434,1.5895594358444214,-0.10453924536705017,0.33388394117355347,0.1053256019949913,-1.2563265562057495,0.5047074556350708
6.899332523345947,-0.5253521203994751,0.5958430171012878,-0.5387515501980223,2.186143636703491,1.1402192115783691,1.5906065702438354,-0.14151524007320404,0.31155768036842346,0.10388600081205368,-1.2724592685699463,0.5349851846694946
6.9500672817230225,-0.5244992971420288,0.5923174023628235,-0.5098518916831806,2.1797473430633545,1.1879138946533203,1.5933732986450195,-0.1792968064546585,0.2927527129650116,0.10349355638027191,-1.2901407480239868,0.5654090046882629
6.9992475509643555,-0.52365642786026,0.5896312594413757,-0.4834572180898692,2.172546625137329,1.2280848026275635,1.5972363948822021,-0.21299462020397186,0.2782424986362457,0.10392811894416809,-1.3075751066207886,0.5917627215385437
7.04938530921936,-0.5226629376411438,0.5861648321151733,-0.4488137342777576,2.1622822284698486,1.277191162109375,1.6031090021133423,-0.25370946526527405,0.26241233944892883,0.10534308850765228,-1.3314555883407593,0.625007688999176
7.100156545639038,-0.5219019651412964,0.5830599665641785,-0.41640815359465716,2.151301383972168,1.3220080137252808,1.608641505241394,-0.2894860506057739,0.2498452216386795,0.10738828778266907,-1.3543057441711426,0.6555175185203552
7.149399757385254,-0.5211505889892578,0.5799856781959534,-0.38171669956072624,2.138463258743286,1.3679661750793457,1.6144100427627563,-0.3258604407310486,0.23896637558937073,0.11010616272687912,-1.3763231039047241,0.6882860660552979
7.199438095092773,-0.520592212677002,0.576897144317627,-0.3444815737347768,2.1231958866119385,1.4159159660339355,1.6208288669586182,-0.363193541765213,0.23029950261116028,0.11324020475149155,-1.3976067304611206,0.7208845019340515
7.249008893966675,-0.5200522541999817,0.5736241936683655,-0.30532374073656193,2.1045846939086914,1.4670575857162476,1.628381371498108,-0.4030032455921173,0.22398217022418976,0.11688308417797089,-1.416831135749817,0.7532215714454651
7.299326419830322,-0.5188181400299072,0.5700697898864746,-0.2631920390214361,2.08681583404541,1.5115419626235962,1.6366769075393677,-0.4386618435382843,0.22005678713321686,0.12054412066936493,-1.4285067319869995,0.7835847735404968
7.3500261306762695,-0.5173537731170654,0.5663631558418274,-0.21920715353513198,2.066636085510254,1.5569417476654053,1.647209644317627,-0.47608086466789246,0.21660594642162323,0.12466873228549957,-1.4355913400650024,0.8172820210456848
7.401206731796265,-0.5156014561653137,0.5626220107078552,-0.172788621324791,2.0485990047454834,1.6010732650756836,1.659150242805481,-0.5133973360061646,0.2131522297859192,0.12923584878444672,-1.4386006593704224,0.8510741591453552
7.449718952178955,-0.5137103796005249,0.5587050914764404,-0.12495266891685583,2.03385329246521,1.6453375816345215,1.671826958656311,-0.5504974722862244,0.20966143906116486,0.13468624651432037,-1.4387316703796387,0.8834725022315979
7.499918699264526,-0.5112882852554321,0.5546619296073914,-0.07486653206656119,2.020872116088867,1.6922008991241455,1.6833624839782715,-0.5861909985542297,0.20649728178977966,0.14121796190738678,-1.4359604120254517,0.9151188135147095
7.5494544506073,-0.5084050893783569,0.5505708456039429,-0.024285725037275777,2.0101022720336914,1.7404491901397705,1.6925990581512451,-0.6206499934196472,0.20289678871631622,0.1482972651720047,-1.431341528892517,0.9468676447868347
7.600212335586548,-0.5047880411148071,0.5468058586120605,0.027261783059223235,2.0014312267303467,1.788508415222168,1.699885606765747,-0.6552321314811707,0.19804872572422028,0.15546351671218872,-1.4239898920059204,0.9800465703010559
7.649367094039917,-0.5009013414382935,0.5429763793945312,0.07933432523468323,1.9946515560150146,1.8362337350845337,1.705485224723816,-0.6899374723434448,0.1910887360572815,0.16215048730373383,-1.4139933586120605,1.01339852809906
7.700881719589233,-0.49668774008750916,0.5394036769866943,0.13235798961433856,1.9886771440505981,1.8867876529693604,1.709912657737732,-0.7258242964744568,0.18099713325500488,0.16817772388458252,-1.3994948863983154,1.048882007598877
7.749960422515869,-0.49232107400894165,0.5359677672386169,0.185441191571367,1.9840645790100098,1.9360675811767578,1.7133736610412598,-0.7587160468101501,0.16978248953819275,0.1720416247844696,-1.3828867673873901,1.0826280117034912
7.799734115600586,-0.48708322644233704,0.5326495170593262,0.23829918283095294,1.9802523851394653,1.9846471548080444,1.7164956331253052,-0.789773166179657,0.15786300599575043,0.17353372275829315,-1.3676421642303467,1.114859938621521
7.849610328674316,-0.4810261130332947,0.5302804112434387,0.29220535092720334,1.9777498245239258,2.0372371673583984,1.719765305519104,-0.8237647414207458,0.14444537460803986,0.17224621772766113,-1.3569494485855103,1.1468746662139893
7.900018692016602,-0.4752534329891205,0.5281090140342712,0.3445910414835612,1.9776806831359863,2.0894649028778076,1.7222987413406372,-0.8592162132263184,0.1293887346982956,0.1681123971939087,-1.3492136001586914,1.1785907745361328
7.94925594329834,-0.46878474950790405,0.5259989500045776,0.39707778091662105,1.9788405895233154,2.1425678730010986,1.7237889766693115,-0.8958913087844849,0.11245209723711014,0.16224244236946106,-1.3427561521530151,1.212056279182434
7.999595403671265,-0.462963730096817,0.524717390537262,0.4413443645893648,1.9804438352584839,2.190376043319702,1.723626732826233,-0.9292272925376892,0.0961807444691658,0.15526948869228363,-1.3387155532836914,1.243491530418396
8.110871076583862,-0.45584747195243835,0.5243622064590454,0.4948169021862993,1.9825055599212646,2.2433300018310547,1.721110224723816,-0.9694627523422241,0.0761680081486702,0.14435310661792755,-1.336959719657898,1.2804561853408813
8.177503108978271,-0.45584747195243835,0.5243622064590454,0.4948169021862993,1.9825055599212646,2.2433300018310547,1.721110224723816,-0.9694627523422241,0.0761680081486702,0.14435310661792755,-1.336959719657898,1.2804561853408813
8.245309114456177,-0.44297415018081665,0.5241008400917053,0.5733314874058101,1.9785083532333374,2.319094181060791,1.7147550582885742,-1.0313935279846191,0.04626046121120453,0.12351001054048538,-1.3376139402389526,1.3392692804336548
8.30694055557251,-0.43292665481567383,0.5256153345108032,0.6306839652061527,1.967084288597107,2.383099317550659,1.7081553936004639,-1.0821326971054077,0.024599850177764893,0.10320127010345459,-1.3411096334457397,1.3919315338134766
8.37359356880188,-0.42269665002822876,0.5279368162155151,0.6865724609416515,1.9523067474365234,2.441936492919922,1.7033063173294067,-1.1297622919082642,0.0073566073551774025,0.0816555991768837,-1.347585678100586,1.4468046426773071
8.443700790405273,-0.4134635925292969,0.5304444432258606,0.7357878798850769,1.935921311378479,2.4985439777374268,1.7008908987045288,-1.178861141204834,-0.008722392842173576,0.05818641185760498,-1.3555045127868652,1.5098655223846436
8.445168495178223,-0.40289947390556335,0.5347135663032532,0.7898356378945839,1.9181551933288574,2.5544440746307373,1.7014814615249634,-1.2283897399902344,-0.02434573695063591,0.0346207320690155,-1.363527536392212,1.5791913270950317
8.449517011642456,-0.39890486001968384,0.5365136861801147,0.8126884372961828,1.9090992212295532,2.580934524536133,1.702598214149475,-1.2503455877304077,-0.03188255429267883,0.024146737530827522,-1.3664077520370483,1.612471342086792
8.50051236152649,-0.3889985680580139,0.540718138217926,0.8733983212757999,1.8818777799606323,2.648703098297119,1.7055227756500244,-1.304545521736145,-0.05382344871759415,-9.761948604136705e-05,-1.373060703277588,1.6959551572799683
8.549187898635864,-0.3824557960033417,0.5431942343711853,0.9094353419552664,1.8606390953063965,2.6893835067749023,1.707389235496521,-1.3399720191955566,-0.06852458417415619,-0.013074471615254879,-1.374596357345581,1.7458187341690063
8.599719762802124,-0.3765242397785187,0.5462929010391235,0.9492423538806604,1.836500644683838,2.7278852462768555,1.7096641063690186,-1.3764578104019165,-0.08298461884260178,-0.024369729682803154,-1.371943712234497,1.7919954061508179
8.649551630020142,-0.37069055438041687,0.5492103695869446,0.9889527522377439,1.8112629652023315,2.762993574142456,1.7125478982925415,-1.4134896993637085,-0.09840651601552963,-0.035029880702495575,-1.3655050992965698,1.8345073461532593
8.700342416763306,-0.36440107226371765,0.552858293056488,1.029099839543708,1.7864598035812378,2.7927093505859375,1.716596245765686,-1.4498655796051025,-0.11570769548416138,-0.04473625123500824,-1.3584736585617065,1.8734997510910034
8.749133586883545,-0.35855090618133545,0.5568830370903015,1.06784795770138,1.7642416954040527,2.81744647026062,1.7224429845809937,-1.4856940507888794,-0.13477981090545654,-0.05375717580318451,-1.3510817289352417,1.9104409217834473
8.799705982208252,-0.3528844118118286,0.5611481070518494,1.104804945878144,1.7448145151138306,2.839545249938965,1.7302340269088745,-1.5207257270812988,-0.15595541894435883,-0.06233169138431549,-1.3419933319091797,1.9480185508728027
8.84930157661438,-0.34837594628334045,0.5652036666870117,1.1347190043671236,1.7304960489273071,2.8585002422332764,1.7373981475830078,-1.5517280101776123,-0.17666898667812347,-0.06972301751375198,-1.3322795629501343,1.9828099012374878
8.900565385818481,-0.34278300404548645,0.5708931684494019,1.1693607352001916,1.7172216176986694,2.881439685821533,1.745376467704773,-1.5883285999298096,-0.20344178378582,-0.07784318923950195,-1.3193755149841309,2.024895191192627
8.949644088745117,-0.3377962112426758,0.5764011144638062,1.2010118631207978,1.7087326049804688,2.9036900997161865,1.7506709098815918,-1.624342918395996,-0.23155370354652405,-0.08522631973028183,-1.3039436340332031,2.067403554916382
9.00009298324585,-0.3333028256893158,0.5818843245506287,1.226821107996243,1.7043492794036865,2.92393159866333,1.7525129318237305,-1.6577593088150024,-0.2584119439125061,-0.09119264036417007,-1.2855608463287354,2.108363628387451
9.049708843231201,-0.32896995544433594,0.5881960391998291,1.2506134086402605,1.702409267425537,2.9455113410949707,1.7525137662887573,-1.6909602880477905,-0.2848054766654968,-0.09579037129878998,-1.2644890546798706,2.1497344970703125
9.099729537963867,-0.32457786798477173,0.5943388342857361,1.274759927070766,1.7023566961288452,2.9692366123199463,1.7512966394424438,-1.7235612869262695,-0.312555193901062,-0.09904181957244873,-1.2443106174468994,2.1896908283233643
9.149681329727173,-0.3199785053730011,0.6008338928222656,1.2994130725852358,1.7048388719558716,2.995347738265991,1.7503242492675781,-1.7551857233047485,-0.3426176905632019,-0.10138759016990662,-1.2284057140350342,2.2273285388946533
9.200405359268188,-0.3163151443004608,0.6072564721107483,1.3187437039141896,1.7085540294647217,3.023308038711548,1.7495079040527344,-1.7862476110458374,-0.3735457956790924,-0.10504025965929031,-1.2138184309005737,2.2668612003326416
9.249510765075684,-0.31189966201782227,0.6151698231697083,1.3387742836795646,1.713309645652771,3.05259108543396,1.748486876487732,-1.8178679943084717,-0.4052598476409912,-0.11078253388404846,-1.2021009922027588,2.30700945854187
9.299896955490112,-0.3078506290912628,0.6234604716300964,1.35563384645269,1.7188314199447632,3.081862688064575,1.746762752532959,-1.8510491847991943,-0.43986815214157104,-0.11965348571538925,-1.192404866218567,2.346763849258423
9.350470304489136,-0.3039691150188446,0.6322778463363647,1.371064370896829,1.7219102382659912,3.1094155311584473,1.7441632747650146,-1.8854365348815918,-0.4760499894618988,-0.13206498324871063,-1.1835705041885376,2.3861780166625977
9.399417877197266,-0.3008684813976288,0.6407486796379089,1.3812324801856943,1.721602201461792,3.13352108001709,1.740102767944336,-1.9191257953643799,-0.5091988444328308,-0.14627328515052795,-1.1745920181274414,2.4242613315582275
9.450055599212646,-0.2970452606678009,0.6514002084732056,1.3936835371708822,1.7172677516937256,3.156555414199829,1.734284520149231,-1.9580456018447876,-0.5436630249023438,-0.16400912404060364,-1.1645479202270508,2.4683241844177246
9.499716758728027,-0.2936878204345703,0.662253201007843,1.4024887178135361,1.710167407989502,3.172537088394165,1.7282496690750122,-1.9954712390899658,-0.5741341710090637,-0.18149647116661072,-1.1560449600219727,2.5111637115478516
9.55087423324585,-0.29079270362854004,0.6738673448562622,1.407546552312992,1.7032259702682495,3.1802337169647217,1.7223143577575684,-2.0331132411956787,-0.6036736965179443,-0.19930119812488556,-1.1484403610229492,2.555250406265259
9.599575519561768,-0.2876040041446686,0.6864842176437378,1.4120691325159003,1.6979869604110718,3.1774704456329346,1.7167302370071411,-2.0725440979003906,-0.6355787515640259,-0.21924002468585968,-1.1407957077026367,2.6031136512756348
9.650747299194336,-0.28450900316238403,0.6998120546340942,1.4139861201061796,1.696001648902893,3.1654176712036133,1.7129462957382202,-2.1072325706481934,-0.6647946834564209,-0.2382265031337738,-1.132386326789856,2.6476972103118896
9.699385404586792,-0.2816574275493622,0.7143436074256897,1.4131864178478146,1.6947633028030396,3.143230438232422,1.7102166414260864,-2.1423678398132324,-0.6955099701881409,-0.26019415259361267,-1.1212751865386963,2.695697069168091
9.749419927597046,-0.2782580852508545,0.7302001118659973,1.4124671755621852,1.69638192653656,3.1128103733062744,1.7089163064956665,-2.177107334136963,-0.7241767048835754,-0.28418684005737305,-1.1095781326293945,2.7417588233947754
9.799098491668701,-0.27565398812294006,0.7466511130332947,1.4078406979193816,1.7015039920806885,3.0749433040618896,1.709294319152832,-2.2114765644073486,-0.7493994235992432,-0.3094029724597931,-1.0967772006988525,2.78372859954834
9.849141359329224,-0.2727522552013397,0.7638038992881775,1.4026853677270466,1.711350440979004,3.0307161808013916,1.7103047370910645,-2.2455332279205322,-0.7733639478683472,-0.3356000483036041,-1.0791996717453003,2.8227391242980957
9.899775266647339,-0.2696910500526428,0.7814077734947205,1.3962840243127475,1.725874423980713,2.982187271118164,1.7127821445465088,-2.2788918018341064,-0.797564685344696,-0.3627459704875946,-1.0584567785263062,2.858640432357788
9.949327945709229,-0.26653680205345154,0.7994689345359802,1.3888674801586358,1.7444301843643188,2.931305170059204,1.7165911197662354,-2.312089443206787,-0.8213939666748047,-0.3895511031150818,-1.0369291305541992,2.889881134033203
10.00154995918274,-0.26324641704559326,0.8178284168243408,1.3806329328458768,1.7657849788665771,2.8801379203796387,1.722163200378418,-2.3450660705566406,-0.844452440738678,-0.41564270853996277,-1.0149919986724854,2.917950391769409
10.04937744140625,-0.25988662242889404,0.8363279700279236,1.3743290954434768,1.7883977890014648,2.832144021987915,1.7294728755950928,-2.3787126541137695,-0.8686503171920776,-0.44257158041000366,-0.9918938875198364,2.9457507133483887
10.101289749145508,-0.2562059164047241,0.8548276424407959,1.3652996999593716,1.8093655109405518,2.7907638549804688,1.738271713256836,-2.413301944732666,-0.892918050289154,-0.4693177044391632,-0.9681252241134644,2.9729647636413574
10.149458885192871,-0.25282639265060425,0.8729355335235596,1.3572291596423471,1.8272888660430908,2.754336357116699,1.7487581968307495,-2.4481558799743652,-0.915539026260376,-0.4931049942970276,-0.9427405595779419,3.0002739429473877
10.200659036636353,-0.24910151958465576,0.8909037113189697,1.34701362650812,1.8406397104263306,2.720085859298706,1.7607072591781616,-2.4827940464019775,-0.9362797141075134,-0.513323187828064,-0.9134572148323059,3.0266921520233154
10.249779462814331,-0.24558518826961517,0.908109724521637,1.336471999443121,1.849505066871643,2.685783863067627,1.7767943143844604,-2.516024351119995,-0.9560580849647522,-0.5328447818756104,-0.8803550601005554,3.0521230697631836
10.299924612045288,-0.24232704937458038,0.9247137308120728,1.3251047889800573,1.8544604778289795,2.650695323944092,1.7937942743301392,-2.5479235649108887,-0.9742573499679565,-0.5536906719207764,-0.8447974920272827,3.075244426727295
10.349050521850586,-0.23903699219226837,0.9398982524871826,1.3150364413554543,1.8559027910232544,2.6139559745788574,1.8104894161224365,-2.5789926052093506,-0.9916874766349792,-0.5764148831367493,-0.8061596751213074,3.0962722301483154
10.399305582046509,-0.23556402325630188,0.9557634592056274,1.3042105010238847,1.853594422340393,2.5753231048583984,1.8261778354644775,-2.608586549758911,-1.0082472562789917,-0.6010717153549194,-0.7700265645980835,3.1156015396118164
10.450093746185303,-0.23526617884635925,0.9574310779571533,1.3029317922559736,1.8533748388290405,2.5731639862060547,1.826985478401184,-2.6101560592651367,-1.0092253684997559,-0.602513313293457,-0.7679917216300964,3.1165385246276855
10.500485897064209,-0.23045995831489563,0.9773491621017456,1.2891830390634194,1.8445641994476318,2.522179365158081,1.8454296588897705,-2.6476404666900635,-1.0286073684692383,-0.6373094320297241,-0.7183100581169128,3.141437530517578
10.549875974655151,-0.22492145001888275,0.9988197684288025,1.2758768720081357,1.8254892826080322,2.464834690093994,1.8647502660751343,-2.6883671283721924,-1.0485153198242188,-0.6789889335632324,-0.664595365524292,3.169419765472412
10.601371765136719,-0.21943674981594086,1.0180730819702148,1.265109028689389,1.796819806098938,2.4086153507232666,1.8836123943328857,-2.7275164127349854,-1.0661455392837524,-0.7191786766052246,-0.6142133474349976,3.1941609382629395
10.650773286819458,-0.21889564394950867,1.0197614431381226,1.2641236924691714,1.795464277267456,2.406280517578125,1.884468674659729,-2.729123830795288,-1.0669573545455933,-0.7208325266838074,-0.6123368740081787,3.195138692855835
10.699391841888428,-0.21255743503570557,1.0414488315582275,1.2529617571899065,1.757079839706421,2.3426547050476074,1.9070464372634888,-2.770540952682495,-1.083852767944336,-0.7597514986991882,-0.5530444979667664,3.2196714878082275
10.749435663223267,-0.20645368099212646,1.0609991550445557,1.2445280941182952,1.7230075597763062,2.2791426181793213,1.930152416229248,-2.8092310428619385,-1.1019257307052612,-0.791308581829071,-0.4947351813316345,3.241488218307495
10.79979658126831,-0.20166529715061188,1.0757917165756226,1.2386700684282768,1.7004337310791016,2.2300984859466553,1.9502862691879272,-2.8400795459747314,-1.115726351737976,-0.8175181150436401,-0.44818830490112305,3.2589612007141113
10.849973678588867,-0.19962787628173828,1.0804165601730347,1.2375145778040888,1.693190097808838,2.2112700939178467,1.9584697484970093,-2.8527016639709473,-1.1196569204330444,-0.8281673192977905,-0.431098997592926,3.265497922897339
10.900885343551636,-0.19168567657470703,1.1028810739517212,1.2288173237878928,1.6703606843948364,2.138998031616211,1.9912210702896118,-2.9003536701202393,-1.126883625984192,-0.8727818727493286,-0.35781046748161316,3.2922074794769287
10.949317455291748,-0.18658173084259033,1.11753511428833,1.2227796863164506,1.6602871417999268,2.0880489349365234,2.0139760971069336,-2.9341506958007812,-1.1228140592575073,-0.9038166999816895,-0.3010038435459137,3.3127551078796387
11.000483989715576,-0.1816292703151703,1.131333351135254,1.216979937234831,1.655674695968628,2.0433943271636963,2.034360885620117,-2.964114189147949,-1.1146026849746704,-0.9287097454071045,-0.2530228793621063,3.3296759128570557
11.04981517791748,-0.18036037683486938,1.1353256702423096,1.2154398849018824,1.6551344394683838,2.0337140560150146,2.038999319076538,-2.970747947692871,-1.1123663187026978,-0.9339339137077332,-0.24251042306423187,3.332711935043335
11.101840496063232,-0.17331354320049286,1.154209017753601,1.2064322946889199,1.654791235923767,1.9760719537734985,2.068342924118042,-3.009795665740967,-1.0955421924591064,-0.9621302485466003,-0.18103867769241333,3.344907760620117
11.14921498298645,-0.16585223376750946,1.1742994785308838,1.1963693011881704,1.658738136291504,1.9155675172805786,2.101637601852417,-3.048388957977295,-1.0736883878707886,-0.9872324466705322,-0.11925196647644043,3.3495333194732666
11.200237512588501,-0.16047829389572144,1.18845534324646,1.1888764624414727,1.6640101671218872,1.8699417114257812,2.1258621215820312,-3.074237108230591,-1.0555638074874878,-1.0022062063217163,-0.07663709670305252,3.3506531715393066
11.249717950820923,-0.15817877650260925,1.1943414211273193,1.1858714560429544,1.666116714477539,1.8543862104415894,2.133737325668335,-3.0823922157287598,-1.0491100549697876,-1.006096363067627,-0.061755284667015076,3.3503384590148926
11.301011323928833,-0.15042343735694885,1.2138700485229492,1.176215515550629,1.67637300491333,1.7943801879882812,2.163914442062378,-3.1115059852600098,-1.0222681760787964,-1.018251657485962,-0.004170854575932026,3.3488402366638184
11.349291563034058,-0.141285240650177,1.2363924980163574,1.1650080138054848,1.6905922889709473,1.7266981601715088,2.2013180255889893,-3.142512321472168,-0.9894087314605713,-1.0252314805984497,0.06433474272489548,3.344076156616211
11.400670289993286,-0.13472121953964233,1.252306580543518,1.1564006026452192,1.7015819549560547,1.6805808544158936,2.2291345596313477,-3.1623306274414062,-0.9660564661026001,-1.027364730834961,0.11196592450141907,3.3397278785705566
11.449592351913452,-0.13212832808494568,1.2586222887039185,1.1530224021247422,1.7057591676712036,1.6630897521972656,2.240626811981201,-3.1692850589752197,-0.9558805823326111,-1.0275105237960815,0.132480189204216,3.3358421325683594
11.499647617340088,-0.12361680716276169,1.2788511514663696,1.1412117947300426,1.7176579236984253,1.6098453998565674,2.2784080505371094,-3.1892569065093994,-0.9252792596817017,-1.0284144878387451,0.19535943865776062,3.326206684112549
11.549922704696655,-0.11378881335258484,1.302183747291565,1.1273758260190367,1.7276437282562256,1.5484663248062134,2.323481798171997,-3.208272933959961,-0.8898062109947205,-1.0304629802703857,0.26873260736465454,3.31099534034729
11.600051403045654,-0.1062874048948288,1.319209337234497,1.117844258635622,1.7316192388534546,1.502901554107666,2.3564915657043457,-3.2181525230407715,-0.864862322807312,-1.0331335067749023,0.3174954354763031,3.3014936447143555
11.650251388549805,-0.10400169342756271,1.3240423202514648,1.1150085883680116,1.7322345972061157,1.489970326423645,2.3657758235931396,-3.2200546264648438,-0.8577646017074585,-1.033931851387024,0.33214184641838074,3.2973735332489014
11.699735641479492,-0.09391710162162781,1.345780849456787,1.1021108087782403,1.733949899673462,1.4292573928833008,2.409231424331665,-3.227496385574341,-0.826267421245575,-1.0402168035507202,0.39689168334007263,3.286677837371826
11.750381469726562,-0.08417380601167679,1.3663723468780518,1.088994167046532,1.7338595390319824,1.3696094751358032,2.4506051540374756,-3.231179714202881,-0.7956950068473816,-1.0481771230697632,0.4577901065349579,3.2810518741607666
11.7998628616333,-0.07419560849666595,1.3864039182662964,1.0746410245380644,1.7312349081039429,1.3056449890136719,2.491118907928467,-3.2349624633789062,-0.7659444212913513,-1.0560957193374634,0.5175018906593323,3.2771849632263184
11.84887170791626,-0.06627602130174637,1.402840256690979,1.0622301244476957,1.7259489297866821,1.249532699584961,2.522643566131592,-3.2392003536224365,-0.7413102388381958,-1.0621116161346436,0.5676494240760803,3.2754030227661133
11.89960765838623,-0.05795905366539955,1.4190126657485962,1.0498318681319452,1.7168956995010376,1.190646767616272,2.5534815788269043,-3.244396924972534,-0.7141546607017517,-1.0680595636367798,0.6193657517433167,3.2744665145874023
11.949204444885254,-0.04957548528909683,1.4351530075073242,1.0372352677508392,1.7040976285934448,1.1313984394073486,2.584768772125244,-3.2508740425109863,-0.6841146349906921,-1.074493169784546,0.6713089346885681,3.2749040126800537
12.000027418136597,-0.045763012021780014,1.4423255920410156,1.0313594851208354,1.6967113018035889,1.1013922691345215,2.6003758907318115,-3.254207134246826,-0.6683486700057983,-1.0775737762451172,0.6973951458930969,3.2759087085723877
12.049339532852173,-0.03444603830575943,1.462900161743164,1.01466630833943,1.6779309511184692,1.0276403427124023,2.6387405395507812,-3.261693239212036,-0.6282676458358765,-1.083146333694458,0.7631107568740845,3.2803194522857666
12.099666595458984,-0.02283913642168045,1.482176661491394,0.9980210127876499,1.6597189903259277,0.9531596899032593,2.6788909435272217,-3.2674105167388916,-0.5854864120483398,-1.0872081518173218,0.8365533351898193,3.286339282989502
12.149392127990723,-0.0130192581564188,1.4986248016357422,0.985018034045044,1.6499247550964355,0.8974297642707825,2.7116172313690186,-3.270923137664795,-0.5519428849220276,-1.0907037258148193,0.8955850005149841,3.2909250259399414
12.199691772460938,-0.008443361148238182,1.5062519311904907,0.9785278248973941,1.6469480991363525,0.8700244426727295,2.7283573150634766,-3.2723779678344727,-0.5352498888969421,-1.0928748846054077,0.9240783452987671,3.29321551322937
12.251169443130493,0.004398837685585022,1.526559829711914,0.9608150900407759,1.645394206047058,0.7980832457542419,2.7748606204986572,-3.2758476734161377,-0.4903726279735565,-1.1011167764663696,0.9980700016021729,3.2976796627044678
12.299727201461792,0.015602707862854004,1.5441817045211792,0.9452662007684719,1.648866891860962,0.7372341752052307,2.81712007522583,-3.2792608737945557,-0.45064565539360046,-1.1092060804367065,1.0603995323181152,3.2959296703338623
12.349759578704834,0.02546331286430359,1.559270977973938,0.9317495079025226,1.6525589227676392,0.6859866976737976,2.854189872741699,-3.2826995849609375,-0.41693711280822754,-1.115140676498413,1.110344409942627,3.2928807735443115
12.399608135223389,0.031189732253551483,1.5676475763320923,0.9240075661824139,1.6546987295150757,0.657500684261322,2.8746254444122314,-3.2845077514648438,-0.3977695405483246,-1.1177000999450684,1.1375781297683716,3.290462017059326
12.450105667114258,0.04539008066058159,1.588587760925293,0.9060047598911333,1.6603162288665771,0.5868337750434875,2.9245660305023193,-3.2862236499786377,-0.35009196400642395,-1.121120810508728,1.2057609558105469,3.2841148376464844
12.499581813812256,0.056621819734573364,1.6037873029708862,0.8907719421780236,1.6654369831085205,0.5318300724029541,2.9616589546203613,-3.2847957611083984,-0.3134698271751404,-1.120543122291565,1.2582846879959106,3.278897523880005
12.549894571304321,0.0606614425778389,1.6093084812164307,0.8851931953690126,1.6676689386367798,0.5111345052719116,2.9749491214752197,-3.283754348754883,-0.2999497056007385,-1.11946702003479,1.2779033184051514,3.276671886444092
12.599056482315063,0.07417792826890945,1.6268082857131958,0.8665132127425995,1.6763914823532104,0.44590094685554504,3.0168263912200928,-3.2785556316375732,-0.2578679621219635,-1.112149953842163,1.3403290510177612,3.2694029808044434
12.650088787078857,0.08803252130746841,1.6451600790023804,0.8497406826339576,1.6893277168273926,0.3743447959423065,3.0637729167938232,-3.2702982425689697,-0.21243079006671906,-1.098260521888733,1.414241075515747,3.260638475418091
12.699975490570068,0.0990615040063858,1.6588490009307861,0.8357143587627928,1.6994004249572754,0.32517188787460327,3.098698139190674,-3.263054609298706,-0.1812295913696289,-1.0859875679016113,1.46881103515625,3.2521908283233643
12.751359701156616,0.10390106588602066,1.6647204160690308,0.8302178818189813,1.7039052248001099,0.30506837368011475,3.114441156387329,-3.259705066680908,-0.1676568239927292,-1.0803422927856445,1.492409586906433,3.248290777206421
12.799206018447876,0.11828985065221786,1.6826307773590088,0.8144531971985515,1.7173945903778076,0.24712355434894562,3.162198543548584,-3.2478156089782715,-0.12647101283073425,-1.062791109085083,1.5607898235321045,3.2392349243164062
12.849282264709473,0.12983205914497375,1.695895791053772,0.8008575725407172,1.726218342781067,0.20278488099575043,3.197803497314453,-3.235870122909546,-0.09403878450393677,-1.048905611038208,1.614478349685669,3.2344586849212646
12.900598287582397,0.14424148201942444,1.7118968963623047,0.7839470906137499,1.7363698482513428,0.14728689193725586,3.2407257556915283,-3.217501163482666,-0.05257545784115791,-1.0304220914840698,1.6817814111709595,3.2320964336395264
12.949616432189941,0.1562851220369339,1.7247694730758667,0.7703982865389508,1.7445920705795288,0.1008509024977684,3.2754299640655518,-3.1988046169281006,-0.016986237838864326,-1.01326584815979,1.735347867012024,3.2336034774780273
13.000146627426147,0.16820353269577026,1.7375438213348389,0.7570556469640591,1.7519315481185913,0.05332399532198906,3.3096938133239746,-3.177079916000366,0.01994052156805992,-0.9933557510375977,1.7888095378875732,3.236366033554077
13.049141645431519,0.17897029221057892,1.7486263513565063,0.745170580115005,1.757114291191101,0.009096288122236729,3.3383936882019043,-3.1557843685150146,0.05403611809015274,-0.9725043773651123,1.8366719484329224,3.2397265434265137
13.099599838256836,0.19232985377311707,1.7624146938323975,0.7301204178954832,1.7617852687835693,-0.04922531545162201,3.3720083236694336,-3.126917839050293,0.09734969586133957,-0.9439786672592163,1.8962585926055908,3.2451679706573486
13.149194717407227,0.20465631783008575,1.7746946811676025,0.7175680778340093,1.763795256614685,-0.10470284521579742,3.400710344314575,-3.100020170211792,0.1376579850912094,-0.9168213605880737,1.9490671157836914,3.251051902770996
13.199809074401855,0.21725253760814667,1.7867234945297241,0.7053713769305923,1.7635139226913452,-0.16197748482227325,3.4287374019622803,-3.0730488300323486,0.17813368141651154,-0.8891135454177856,2.0020511150360107,3.2579591274261475
13.249855518341064,0.2300010770559311,1.7986232042312622,0.6931574418926598,1.7621049880981445,-0.21996159851551056,3.4569239616394043,-3.0476698875427246,0.21808139979839325,-0.8627874255180359,2.056035041809082,3.2623374462127686
13.299253940582275,0.24217550456523895,1.8098218441009521,0.6813500788966892,1.7605634927749634,-0.275789350271225,3.4832160472869873,-3.026280164718628,0.25584933161735535,-0.840584933757782,2.1059839725494385,3.26389217376709
13.350225687026978,0.25513923168182373,1.821503758430481,0.669425705450236,1.759698510169983,-0.3344857096672058,3.511474132537842,-3.0044138431549072,0.2981496751308441,-0.8195305466651917,2.1582369804382324,3.262547254562378
13.399781703948975,0.26877647638320923,1.8334355354309082,0.6577703777399556,1.7609007358551025,-0.3852287530899048,3.53730845451355,-2.9840199947357178,0.338605672121048,-0.8030243515968323,2.2045629024505615,3.255953073501587
13.449501514434814,0.2818758487701416,1.8444942235946655,0.6472259335615423,1.7656702995300293,-0.43496015667915344,3.56186580657959,-2.9639554023742676,0.37878236174583435,-0.789219856262207,2.246765613555908,3.2444944381713867
13.49946403503418,0.2954096794128418,1.8553959131240845,0.6375472721774763,1.7746071815490723,-0.4846402406692505,3.5850439071655273,-2.9438893795013428,0.41828984022140503,-0.7778387665748596,2.2826905250549316,3.2300426959991455
13.549761533737183,0.308702677488327,1.8657803535461426,0.6276657953030644,1.7864165306091309,-0.5330486297607422,3.6079680919647217,-2.9232659339904785,0.45716896653175354,-0.767820417881012,2.312215805053711,3.2140841484069824
13.600976705551147,0.32211747765541077,1.8761216402053833,0.6178295215424915,1.7986421585083008,-0.5795025825500488,3.631664276123047,-2.9014904499053955,0.49687737226486206,-0.7589606046676636,2.3376028537750244,3.1975677013397217
13.649656534194946,0.3341835141181946,1.8852148056030273,0.6091042377021313,1.8106040954589844,-0.6229087710380554,3.655758857727051,-2.879612922668457,0.5355052947998047,-0.751395046710968,2.359365463256836,3.1827690601348877
13.69968557357788,0.3486804664134979,1.8958179950714111,0.5980549421992236,1.824659824371338,-0.6713781356811523,3.683185338973999,-2.8558826446533203,0.5776852965354919,-0.7442446351051331,2.3797919750213623,3.1676833629608154
13.749816179275513,0.36362800002098083,1.9066791534423828,0.5872253602534288,1.8401068449020386,-0.726331889629364,3.7129082679748535,-2.830299139022827,0.6232417225837708,-0.7388819456100464,2.398430585861206,3.150902509689331
13.799821376800537,0.37824442982673645,1.9169758558273315,0.5771429625766555,1.8556044101715088,-0.7811112999916077,3.7405803203582764,-2.8058159351348877,0.6671460270881653,-0.7360101342201233,2.4136457443237305,3.1340904235839844
13.850036144256592,0.3934411406517029,1.9272321462631226,0.567366115960863,1.8717586994171143,-0.8356611132621765,3.767523765563965,-2.7811715602874756,0.7117305994033813,-0.7347056269645691,2.4254400730133057,3.113682270050049
13.9010751247406,0.4087064564228058,1.9376845359802246,0.5573467605149321,1.8892512321472168,-0.8896245360374451,3.7938435077667236,-2.755964994430542,0.7574566006660461,-0.7341594099998474,2.4352965354919434,3.0909950733184814
13.949238538742065,0.4241259694099426,1.9479118585586548,0.5472249220149562,1.9080313444137573,-0.9435995817184448,3.820896625518799,-2.7288806438446045,0.8053674101829529,-0.7348729372024536,2.4418606758117676,3.0710062980651855
14.000205993652344,0.4400072991847992,1.9580188989639282,0.5376055614737045,1.9224944114685059,-0.9876485466957092,3.844440460205078,-2.704364776611328,0.8466798663139343,-0.7357156872749329,2.44343900680542,3.0575296878814697
14.050182819366455,0.45575597882270813,1.9680544137954712,0.5275175159082803,1.9336742162704468,-1.032939076423645,3.868837594985962,-2.678288698196411,0.8901030421257019,-0.7348442673683167,2.443131923675537,3.04343318939209
14.099647521972656,0.47147148847579956,1.978286862373352,0.5181869024186755,1.9414843320846558,-1.0819380283355713,3.8941173553466797,-2.650420904159546,0.9374528527259827,-0.7295519113540649,2.441406726837158,3.025688648223877
14.150384664535522,0.48627954721450806,1.9875341653823853,0.508970132963873,1.9459521770477295,-1.126922845840454,3.91623854637146,-2.6239511966705322,0.9814146161079407,-0.721430778503418,2.4393365383148193,3.009068250656128
14.199953317642212,0.5017543435096741,1.9966830015182495,0.5004119504699304,1.9485137462615967,-1.1718273162841797,3.937028646469116,-2.5963501930236816,1.0257099866867065,-0.7118302583694458,2.4370386600494385,2.9926211833953857
14.249520778656006,0.5178059339523315,2.006099224090576,0.49160994130394925,1.9482195377349854,-1.2216765880584717,3.9583590030670166,-2.565032482147217,1.0744315385818481,-0.700062096118927,2.437091112136841,2.9746687412261963
14.30034351348877,0.5328459739685059,2.014611005783081,0.48350079543577157,1.943250060081482,-1.2703057527542114,3.97733211517334,-2.5352649688720703,1.1192740201950073,-0.6882187724113464,2.4393460750579834,2.959711790084839
14.34918737411499,0.5479652285575867,2.022752523422241,0.47644952379366035,1.93425714969635,-1.3221663236618042,3.9957542419433594,-2.505059242248535,1.1636114120483398,-0.6754928231239319,2.4386489391326904,2.9434962272644043
14.399767637252808,0.5631825923919678,2.030904769897461,0.4701397145433771,1.9219005107879639,-1.3764288425445557,4.013210296630859,-2.474806785583496,1.207226276397705,-0.6617013216018677,2.437821388244629,2.927248954772949
14.45004653930664,0.578589916229248,2.0388567447662354,0.4653602570609414,1.9057695865631104,-1.4318702220916748,4.029513359069824,-2.444370746612549,1.249704122543335,-0.6468256711959839,2.432194471359253,2.911020517349243
14.500704050064087,0.5939949154853821,2.0465848445892334,0.46217783603863166,1.8867791891098022,-1.4885603189468384,4.043240547180176,-2.4137914180755615,1.2907496690750122,-0.6302777528762817,2.422179698944092,2.8961472511291504
14.550255537033081,0.6096007227897644,2.0540318489074707,0.46042049366041476,1.8665422201156616,-1.5477092266082764,4.054947376251221,-2.3818111419677734,1.3299779891967773,-0.6117520332336426,2.4095568656921387,2.8832976818084717
14.600466251373291,0.6253169178962708,2.0612576007843018,0.4605297935617599,1.8471901416778564,-1.6046063899993896,4.064479351043701,-2.34853458404541,1.3690265417099,-0.5907793641090393,2.3950793743133545,2.8717668056488037
14.649543285369873,0.6410244703292847,2.068354368209839,0.4604510405695988,1.8300755023956299,-1.6563622951507568,4.073378562927246,-2.3142664432525635,1.4081989526748657,-0.5684458017349243,2.3769853115081787,2.8607444763183594
14.699914932250977,0.6564018726348877,2.0755410194396973,0.46110951345010576,1.8170232772827148,-1.705827236175537,4.081998348236084,-2.2795426845550537,1.446632981300354,-0.5474498271942139,2.3561320304870605,2.850992202758789
14.75076150894165,0.6719520092010498,2.0826990604400635,0.4630286054211772,1.8076269626617432,-1.7551913261413574,4.091432094573975,-2.2467501163482666,1.4857193231582642,-0.5273380875587463,2.334357500076294,2.8425920009613037
14.799578189849854,0.6875573992729187,2.089935302734375,0.4659211349982201,1.8010317087173462,-1.8068560361862183,4.102631092071533,-2.213197946548462,1.528475046157837,-0.5058537721633911,2.3113510608673096,2.8356406688690186
14.849579572677612,0.7032576203346252,2.0971102714538574,0.4702164115426305,1.7978321313858032,-1.8525853157043457,4.113561153411865,-2.1831612586975098,1.5667911767959595,-0.486211359500885,2.2902629375457764,2.8322324752807617
14.900609493255615,0.7190222144126892,2.103888511657715,0.47644837313566346,1.7963149547576904,-1.9011528491973877,4.125072479248047,-2.1505494117736816,1.607242465019226,-0.4655521810054779,2.265258312225342,2.831407070159912
14.949395895004272,0.734879732131958,2.110612392425537,0.48344440712643866,1.7957781553268433,-1.9500081539154053,4.13759183883667,-2.119917631149292,1.6481802463531494,-0.44413119554519653,2.240722417831421,2.8327441215515137
14.999423742294312,0.7506263256072998,2.1172001361846924,0.4919569694762515,1.7959561347961426,-1.9984232187271118,4.149056434631348,-2.0899908542633057,1.6888437271118164,-0.4216550588607788,2.2196414470672607,2.8347291946411133
15.049406290054321,0.7664327025413513,2.123936653137207,0.5007340173400563,1.797093391418457,-2.0472989082336426,4.160306453704834,-2.0600836277008057,1.7292907238006592,-0.3974539041519165,2.1977829933166504,2.8362057209014893
15.100670576095581,0.781249463558197,2.1304914951324463,0.5093736846665872,1.8005400896072388,-2.095738410949707,4.172021865844727,-2.0288872718811035,1.770408272743225,-0.372347891330719,2.174973726272583,2.8371496200561523
15.14997410774231,0.7980161905288696,2.13836407661438,0.5178159810465744,1.8059881925582886,-2.1434881687164307,4.184910297393799,-1.997158169746399,1.8122495412826538,-0.34700751304626465,2.153364419937134,2.8375515937805176
15.1991446018219,0.8143497109413147,2.14620041847229,0.5260389310057736,1.8114557266235352,-2.1914680004119873,4.199390411376953,-1.964603304862976,1.854508876800537,-0.32071974873542786,2.13380765914917,2.837519407272339
15.332702398300171,0.8307867646217346,2.1540884971618652,0.5347870588957307,1.8155308961868286,-2.2374327182769775,4.215330123901367,-1.932049036026001,1.8964970111846924,-0.2931649088859558,2.1141068935394287,2.8370606899261475
15.334257125854492,0.8307867646217346,2.1540884971618652,0.5347870588957307,1.8155308961868286,-2.2374327182769775,4.215330123901367,-1.932049036026001,1.8964970111846924,-0.2931649088859558,2.1141068935394287,2.8370606899261475
15.428391218185425,0.8633598685264587,2.1703805923461914,0.5499375842012407,1.8165271282196045,-2.319260358810425,4.249605655670166,-1.865727424621582,1.9788110256195068,-0.237726092338562,2.072002649307251,2.8346107006073
15.504687309265137,0.8633598685264587,2.1703805923461914,0.5499375842012407,1.8165271282196045,-2.319260358810425,4.249605655670166,-1.865727424621582,1.9788110256195068,-0.237726092338562,2.072002649307251,2.8346107006073
15.582990884780884,0.8952550888061523,2.1872923374176025,0.5618455352580694,1.8068419694900513,-2.4006896018981934,4.281897068023682,-1.7975953817367554,2.0598812103271484,-0.17950303852558136,2.0320937633514404,2.8277499675750732
15.65997314453125,0.9186487197875977,2.2008211612701416,0.5672802734605235,1.7944629192352295,-2.460693836212158,4.302085876464844,-1.7445123195648193,2.1174116134643555,-0.12242814153432846,1.9984192848205566,2.8238415718078613
15.737244129180908,0.9420912861824036,2.2146427631378174,0.5711379895191377,1.7802250385284424,-2.516294479370117,4.318391799926758,-1.6943087577819824,2.160369634628296,-0.060898758471012115,1.9678527116775513,2.824119806289673
15.812876462936401,0.9649111032485962,2.22812557220459,0.5734411887449753,1.7592025995254517,-2.5784554481506348,4.3334736824035645,-1.6396476030349731,2.1994519233703613,0.007210038602352142,1.9320281744003296,2.8312082290649414
15.815192937850952,0.987392008304596,2.2416296005249023,0.5740225455222563,1.7329280376434326,-2.637758255004883,4.344918251037598,-1.589836597442627,2.2302634716033936,0.06999652087688446,1.9007558822631836,2.844421863555908
15.849797487258911,1.0114887952804565,2.256002902984619,0.5728325945737535,1.6970703601837158,-2.701697826385498,4.355358123779297,-1.5319563150405884,2.2573609352111816,0.13891620934009552,1.86449134349823,2.8657493591308594
15.899944067001343,1.0252330303192139,2.2642335891723633,0.5714922102475894,1.6733378171920776,-2.739340305328369,4.360079765319824,-1.4973883628845215,2.2683753967285156,0.17970235645771027,1.841194987297058,2.8810601234436035
15.949902772903442,1.037645936012268,2.2715580463409424,0.5700764008620662,1.6495832204818726,-2.7758872509002686,4.363237380981445,-1.4625701904296875,2.276108980178833,0.22315889596939087,1.8196853399276733,2.8983306884765625
15.999776363372803,1.0525102615356445,2.280494451522827,0.5666969937409215,1.6256531476974487,-2.811739444732666,4.36439847946167,-1.4257709980010986,2.2811439037323,0.2727831304073334,1.800861120223999,2.9184110164642334
16.049941301345825,1.0653022527694702,2.2880635261535645,0.5623156751738793,1.6053367853164673,-2.8442718982696533,4.363302707672119,-1.3932373523712158,2.284707546234131,0.3178086280822754,1.785555362701416,2.937288284301758
16.099280834197998,1.077344536781311,2.295524835586548,0.5559683893561341,1.5852901935577393,-2.8782758712768555,4.360520839691162,-1.3585456609725952,2.2889456748962402,0.36457180976867676,1.7696127891540527,2.9583652019500732
16.149202585220337,1.0887601375579834,2.3026278018951416,0.5476725565007637,1.5668343305587769,-2.910027503967285,4.357208251953125,-1.3227766752243042,2.295161724090576,0.4114154875278473,1.7534074783325195,2.9790000915527344
16.200350284576416,1.0986912250518799,2.309138536453247,0.5368208465600091,1.5474865436553955,-2.9384500980377197,4.3546342849731445,-1.2874504327774048,2.303004741668701,0.4577367305755615,1.7371792793273926,2.998061180114746
16.250678300857544,1.1070332527160645,2.3152384757995605,0.5233360137274304,1.528145670890808,-2.9635040760040283,4.35295295715332,-1.2554316520690918,2.3111605644226074,0.500737190246582,1.721724271774292,3.0141775608062744
16.299795866012573,1.1153032779693604,2.321643352508545,0.5054029474221573,1.5042599439620972,-2.9909634590148926,4.350765228271484,-1.2204703092575073,2.319871664047241,0.5463924407958984,1.7048723697662354,3.030259132385254
16.350253582000732,1.1212462186813354,2.327165126800537,0.4832259132201924,1.4803372621536255,-3.0162694454193115,4.348698616027832,-1.187268614768982,2.3271536827087402,0.5874024033546448,1.6908810138702393,3.0439398288726807
16.39987802505493,1.1258022785186768,2.331808567047119,0.45914044399032955,1.455751895904541,-3.0411415100097656,4.346912860870361,-1.1540135145187378,2.3343124389648438,0.6279635429382324,1.679349660873413,3.055999994277954
16.44999647140503,1.1293855905532837,2.3359487056732178,0.4339101518792507,1.4318641424179077,-3.0645759105682373,4.344710350036621,-1.1212607622146606,2.3417158126831055,0.6698839664459229,1.6674362421035767,3.0667262077331543
16.499735355377197,1.1335084438323975,2.3394486904144287,0.4109694604054154,1.4100744724273682,-3.085080623626709,4.342189311981201,-1.0885992050170898,2.3495028018951416,0.7131432890892029,1.653342843055725,3.0759308338165283
16.55028510093689,1.1375617980957031,2.343172788619995,0.38660166049302347,1.3899914026260376,-3.1035234928131104,4.339430809020996,-1.054667353630066,2.358550786972046,0.7569484710693359,1.6367398500442505,3.08324933052063
16.59924340248108,1.1415971517562866,2.346255302429199,0.36507613602724726,1.3698859214782715,-3.1206772327423096,4.336520195007324,-1.0197104215621948,2.3690590858459473,0.8004778623580933,1.619723916053772,3.088423013687134
16.650363206863403,1.1461074352264404,2.3496809005737305,0.3386820410731322,1.3504713773727417,-3.1375720500946045,4.333678722381592,-0.9837033152580261,2.380021810531616,0.8439983129501343,1.6009107828140259,3.0907979011535645
16.700013160705566,1.150158166885376,2.3532958030700684,0.31157087019281654,1.3314646482467651,-3.1534423828125,4.331242084503174,-0.9469158053398132,2.3909871578216553,0.8872513771057129,1.582816481590271,3.0912094116210938
16.750359296798706,1.1522191762924194,2.356410026550293,0.2825747280876952,1.310596227645874,-3.1677000522613525,4.3292341232299805,-0.9096201062202454,2.4014222621917725,0.9302129745483398,1.5648584365844727,3.0898385047912598
16.799335956573486,1.1552753448486328,2.35984468460083,0.25061650647594996,1.285980224609375,-3.1783928871154785,4.327477931976318,-0.872064471244812,2.4110114574432373,0.974028468132019,1.5461688041687012,3.087669610977173
16.849695920944214,1.1580398082733154,2.3626315593719482,0.22484189539493438,1.2654380798339844,-3.183554172515869,4.325936317443848,-0.8431975245475769,2.4164154529571533,1.0100287199020386,1.5299259424209595,3.0845694541931152
16.900723457336426,1.1619770526885986,2.367029905319214,0.18063738993381154,1.2309815883636475,-3.186276435852051,4.32316780090332,-0.7989714741706848,2.417884349822998,1.067887306213379,1.5017731189727783,3.0778465270996094
16.949376583099365,1.163928508758545,2.3703134059906006,0.14072627489613931,1.2022509574890137,-3.183264970779419,4.320065975189209,-0.7632812261581421,2.413567066192627,1.1128878593444824,1.479788064956665,3.0715835094451904
16.999109268188477,1.1666791439056396,2.373883008956909,0.0981085602581344,1.173830270767212,-3.1776862144470215,4.315097332000732,-0.727771520614624,2.4064512252807617,1.1542763710021973,1.4603006839752197,3.068453311920166
17.049660682678223,1.168428659439087,2.37656569480896,0.06281338497370985,1.1519969701766968,-3.1716575622558594,4.309586048126221,-0.700063943862915,2.399757146835327,1.1831998825073242,1.4450392723083496,3.067690849304199
17.099276065826416,1.1707909107208252,2.3813350200653076,0.004375944786079688,1.1185147762298584,-3.159935474395752,4.297517776489258,-0.6562495231628418,2.386868715286255,1.2241830825805664,1.4190728664398193,3.0688397884368896
17.149039030075073,1.173202633857727,2.38491153717041,-0.046885781391080655,1.0909467935562134,-3.1464571952819824,4.284501075744629,-0.6215294003486633,2.3744659423828125,1.2549076080322266,1.3969684839248657,3.0711963176727295
17.20004177093506,1.175496220588684,2.3892593383789062,-0.10073831901958641,1.0630532503128052,-3.1292507648468018,4.269128322601318,-0.588548481464386,2.3608431816101074,1.2839189767837524,1.3743380308151245,3.0734667778015137
17.251128911972046,1.1777089834213257,2.3931362628936768,-0.15641456839647844,1.0352203845977783,-3.107816219329834,4.2519049644470215,-0.5571414828300476,2.345550298690796,1.3118821382522583,1.3498895168304443,3.077026605606079
17.299508571624756,1.179842472076416,2.3970224857330322,-0.21072349435025758,1.0057871341705322,-3.0831358432769775,4.232770919799805,-0.526716411113739,2.3278987407684326,1.338289499282837,1.3238170146942139,3.081348419189453
17.349812507629395,1.1822330951690674,2.400188446044922,-0.2587631993176924,0.9773452281951904,-3.0579278469085693,4.211264610290527,-0.4977892339229584,2.3071200847625732,1.3642385005950928,1.2973774671554565,3.08709454536438
17.39932632446289,1.1854465007781982,2.4027204513549805,-0.3084630177341871,0.9519031047821045,-3.036442995071411,4.187634468078613,-0.4708375930786133,2.285292863845825,1.3885067701339722,1.2719017267227173,3.094688653945923
17.449817895889282,1.1875827312469482,2.404890298843384,-0.34924822547892553,0.9287489652633667,-3.019232988357544,4.163302898406982,-0.4477023482322693,2.264617443084717,1.4102171659469604,1.249855637550354,3.1032516956329346
17.499651432037354,1.1908340454101562,2.40675950050354,-0.3938261766085432,0.9024620652198792,-3.0014328956604004,4.134418964385986,-0.42454057931900024,2.2424683570861816,1.43475341796875,1.2265182733535767,3.1131551265716553
17.549893140792847,1.1937636137008667,2.408531665802002,-0.43153133080689876,0.8770995140075684,-2.984834671020508,4.107285022735596,-0.4055742621421814,2.2242276668548584,1.45663321018219,1.2052066326141357,3.121950626373291
17.600269317626953,1.197606086730957,2.409717082977295,-0.4721779388971082,0.8480546474456787,-2.9657013416290283,4.076814651489258,-0.386172354221344,2.2060391902923584,1.479383111000061,1.1826939582824707,3.1317250728607178
17.64987301826477,1.2012574672698975,2.4105207920074463,-0.507922725177315,0.8199230432510376,-2.9469029903411865,4.048814296722412,-0.36910438537597656,2.19075083732605,1.4985038042068481,1.1629000902175903,3.1393115520477295
17.699590921401978,1.2054380178451538,2.4112906455993652,-0.5418140661756375,0.7898931503295898,-2.9261748790740967,4.022083759307861,-0.3537678122520447,2.1769943237304688,1.5159776210784912,1.140608787536621,3.1444568634033203
17.74963665008545,1.2099065780639648,2.4113407135009766,-0.5742370428061081,0.757638692855835,-2.9033100605010986,3.9954991340637207,-0.33959174156188965,2.164647340774536,1.5326216220855713,1.1173971891403198,3.1469485759735107
17.80003571510315,1.2144221067428589,2.4109513759613037,-0.6047011932825092,0.7236900925636292,-2.879018545150757,3.968721628189087,-0.32656022906303406,2.1526505947113037,1.548265814781189,1.0955451726913452,3.1480894088745117
17.849273443222046,1.2197085618972778,2.4095652103424072,-0.6313294517846992,0.6886985898017883,-2.85337233543396,3.942385196685791,-0.31421390175819397,2.1410932540893555,1.5631850957870483,1.075756311416626,3.1486263275146484
17.90006375312805,1.225089192390442,2.4075045585632324,-0.6552565209791961,0.6525880098342896,-2.8278844356536865,3.9159936904907227,-0.30193236470222473,2.1303765773773193,1.5775398015975952,1.055914044380188,3.147799015045166
17.953430891036987,1.2311506271362305,2.404677629470825,-0.6787816359565011,0.6159281134605408,-2.8041157722473145,3.8889319896698,-0.28904256224632263,2.1203556060791016,1.591989278793335,1.035033941268921,3.145334005355835
18.065888166427612,1.2375373840332031,2.4010872840881348,-0.7017927812824908,0.5792407393455505,-2.7828540802001953,3.860856056213379,-0.27538520097732544,2.1105830669403076,1.6076176166534424,1.0135533809661865,3.1414682865142822
18.07082509994507,1.2375373840332031,2.4010872840881348,-0.7017927812824908,0.5792407393455505,-2.7828540802001953,3.860856056213379,-0.27538520097732544,2.1105830669403076,1.6076176166534424,1.0135533809661865,3.1414682865142822
18.16496729850769,1.2510732412338257,2.3928451538085938,-0.7475860090950196,0.5064423084259033,-2.7441959381103516,3.8026888370513916,-0.24529902637004852,2.091416120529175,1.6443601846694946,0.9720422625541687,3.1276588439941406
18.231112003326416,1.2510732412338257,2.3928451538085938,-0.7475860090950196,0.5064423084259033,-2.7441959381103516,3.8026888370513916,-0.24529902637004852,2.091416120529175,1.6443601846694946,0.9720422625541687,3.1276588439941406
18.23424530029297,1.262657642364502,2.38503360748291,-0.7787833032476582,0.44977301359176636,-2.715526580810547,3.7558088302612305,-0.2187199592590332,2.078503370285034,1.6786181926727295,0.9383131265640259,3.108959197998047
18.24970507621765,1.2729116678237915,2.3775293827056885,-0.8030101055176675,0.4055705964565277,-2.683727264404297,3.716078281402588,-0.19484424591064453,2.069689989089966,1.7112079858779907,0.9086192846298218,3.0890464782714844
18.30057954788208,1.2818303108215332,2.3705320358276367,-0.8219240398409888,0.3762083053588867,-2.6566853523254395,3.687394380569458,-0.17738597095012665,2.0649518966674805,1.7363086938858032,0.8864274621009827,3.0732736587524414
18.349811792373657,1.2904455661773682,2.363399028778076,-0.8379491138371012,0.3480115532875061,-2.627124786376953,3.658682346343994,-0.15981046855449677,2.0613303184509277,1.762981653213501,0.863869309425354,3.0585217475891113
18.3998122215271,1.2991632223129272,2.3555493354797363,-0.8553026702929736,0.32112786173820496,-2.595795154571533,3.6297805309295654,-0.14307670295238495,2.0593395233154297,1.7910592555999756,0.8412946462631226,3.0463919639587402
18.44956922531128,1.307664394378662,2.3477282524108887,-0.8724329387954515,0.29528966546058655,-2.5614516735076904,3.6001710891723633,-0.12729093432426453,2.0580239295959473,1.8201336860656738,0.8181568384170532,3.037036657333374
18.500179052352905,1.3168256282806396,2.339261054992676,-0.8892575895872588,0.2702195346355438,-2.5235893726348877,3.5694098472595215,-0.11215539276599884,2.0575132369995117,1.8498420715332031,0.7945176362991333,3.0298666954040527
18.549124479293823,1.3251214027404785,2.330839157104492,-0.9038639769656307,0.24746452271938324,-2.4850053787231445,3.5387566089630127,-0.09887717664241791,2.056946277618408,1.8780786991119385,0.77226722240448,3.024604082107544
18.600191354751587,1.3349024057388306,2.3202977180480957,-0.9200536062348839,0.2234562337398529,-2.439375400543213,3.50272274017334,-0.08593037724494934,2.0559866428375244,1.9097375869750977,0.747478723526001,3.018991708755493
18.64974856376648,1.343885898590088,2.3097193241119385,-0.9337014425104562,0.20196884870529175,-2.3949148654937744,3.4681015014648438,-0.07591836899518967,2.054311513900757,1.9402945041656494,0.7227618098258972,3.013570785522461
18.69948172569275,1.3533110618591309,2.2987513542175293,-0.9461460886986154,0.1814536303281784,-2.3481509685516357,3.4332127571105957,-0.06818452477455139,2.0514442920684814,1.9718962907791138,0.6970846652984619,3.007638931274414
18.74933171272278,1.3627891540527344,2.287388563156128,-0.9574615534605072,0.1610604226589203,-2.300112247467041,3.3978281021118164,-0.06270024925470352,2.047257423400879,2.0044169425964355,0.6709485054016113,3.001859664916992
18.800015926361084,1.3728032112121582,2.274744987487793,-0.9691889905022334,0.13988237082958221,-2.253710985183716,3.3616292476654053,-0.05951007083058357,2.0414795875549316,2.0360617637634277,0.6438984870910645,2.996253252029419
18.849865913391113,1.3826425075531006,2.261369466781616,-0.9827948626341757,0.11708459258079529,-2.208735704421997,3.324734926223755,-0.058685801923274994,2.0352249145507812,2.0649163722991943,0.6157832145690918,2.9915525913238525
18.900269746780396,1.3928229808807373,2.247884750366211,-0.9955090142190468,0.09192746877670288,-2.164151906967163,3.2868504524230957,-0.060463063418865204,2.0288445949554443,2.0907440185546875,0.5857993960380554,2.98835825920105
18.950531721115112,1.4025088548660278,2.2342004776000977,-1.0061523163500845,0.063457190990448,-2.1209394931793213,3.2482314109802246,-0.06560666859149933,2.0215299129486084,2.1140005588531494,0.5557090640068054,2.9871532917022705
19.00156807899475,1.413235068321228,2.218320369720459,-1.0177179535129828,0.03347037360072136,-2.0801305770874023,3.2097532749176025,-0.07358747720718384,2.0121850967407227,2.1383163928985596,0.5265625715255737,2.987373113632202
19.049575805664062,1.4231090545654297,2.2028636932373047,-1.0289661123764422,0.004403288941830397,-2.0405941009521484,3.17199969291687,-0.0834466814994812,1.999332308769226,2.165802001953125,0.4966531991958618,2.986102342605591
19.099995136260986,1.4328709840774536,2.1880879402160645,-1.041278983241218,-0.025117509067058563,-1.9985121488571167,3.132918119430542,-0.09421967715024948,1.981663703918457,2.1988790035247803,0.4644969701766968,2.9831655025482178
19.149260759353638,1.442968726158142,2.172902822494507,-1.053694589742084,-0.0512862429022789,-1.9608138799667358,3.0983784198760986,-0.10331689566373825,1.9629322290420532,2.2304916381835938,0.4386846125125885,2.9789652824401855
19.199297189712524,1.4521039724349976,2.1584720611572266,-1.0645450386954944,-0.07976872473955154,-1.9208369255065918,3.0623233318328857,-0.11173354089260101,1.9412339925765991,2.263380527496338,0.4115599989891052,2.9709956645965576
19.250094413757324,1.4607129096984863,2.1443111896514893,-1.0772855787388491,-0.10935438424348831,-1.8806507587432861,3.0264198780059814,-0.11884072422981262,1.9182969331741333,2.293135643005371,0.3838531970977783,2.9599032402038574
19.29931330680847,1.4681814908981323,2.131965398788452,-1.0902951921471615,-0.13990701735019684,-1.841107726097107,2.9909863471984863,-0.1255219727754593,1.8940116167068481,2.3203341960906982,0.3571714460849762,2.9475021362304688
19.350956439971924,1.475562334060669,2.1185154914855957,-1.1064559432618835,-0.17154204845428467,-1.8023202419281006,2.956263542175293,-0.1320486068725586,1.8683255910873413,2.3471124172210693,0.3324391841888428,2.9345781803131104
19.400294542312622,1.4817560911178589,2.108619451522827,-1.120710862120036,-0.20099274814128876,-1.7662322521209717,2.9238197803497314,-0.1378834992647171,1.8435450792312622,2.372316598892212,0.3097817897796631,2.920761823654175
19.448925971984863,1.4880311489105225,2.0987024307250977,-1.136924777796153,-0.23072616755962372,-1.7284506559371948,2.8871641159057617,-0.14356228709220886,1.819610357284546,2.396768808364868,0.2844477891921997,2.902935266494751
19.499773740768433,1.4927871227264404,2.0910205841064453,-1.1510432469813654,-0.25372278690338135,-1.6945832967758179,2.853935480117798,-0.14797697961330414,1.8019212484359741,2.416886568069458,0.26204583048820496,2.8854498863220215
19.55000877380371,1.4978421926498413,2.0833756923675537,-1.1699225213562232,-0.27674826979637146,-1.6543512344360352,2.815894842147827,-0.15162557363510132,1.7837927341461182,2.4425034523010254,0.23777088522911072,2.8648903369903564
19.599453926086426,1.5021528005599976,2.076922655105591,-1.186006182955232,-0.29621338844299316,-1.616969108581543,2.7811801433563232,-0.15347160398960114,1.7696805000305176,2.468078374862671,0.21645094454288483,2.844447135925293
19.64921474456787,1.5067553520202637,2.0691983699798584,-1.2039279724614012,-0.3181013762950897,-1.5748522281646729,2.7415614128112793,-0.1543024778366089,1.757041573524475,2.4942164421081543,0.19222652912139893,2.8182332515716553
19.69929838180542,1.5106821060180664,2.062587261199951,-1.220356802887423,-0.3385713994503021,-1.534739375114441,2.70350980758667,-0.15397632122039795,1.7473502159118652,2.5155086517333984,0.1691620647907257,2.7908644676208496
19.749479055404663,1.5154573917388916,2.0539603233337402,-1.2390082010154233,-0.3580358028411865,-1.4936174154281616,2.665355920791626,-0.1528797745704651,1.736629843711853,2.5372796058654785,0.14570584893226624,2.7631537914276123
19.799851179122925,1.5197609663009644,2.0459158420562744,-1.2560354517338297,-0.37503713369369507,-1.452767014503479,2.6292800903320312,-0.1511092334985733,1.7240980863571167,2.5602753162384033,0.1243663802742958,2.73844051361084
19.8490092754364,1.524747610092163,2.0356383323669434,-1.2752012492345122,-0.39226239919662476,-1.4031959772109985,2.5895602703094482,-0.1486148238182068,1.705566167831421,2.588789701461792,0.10053081810474396,2.7136898040771484
19.899653434753418,1.5293588638305664,2.025850534439087,-1.292478845936975,-0.4052659273147583,-1.3552286624908447,2.5548794269561768,-0.14698778092861176,1.684779167175293,2.6161909103393555,0.07676548510789871,2.692110061645508
19.949862957000732,1.5345005989074707,2.0146467685699463,-1.3116219263394828,-0.41633129119873047,-1.2991598844528198,2.5170841217041016,-0.14628376066684723,1.657934308052063,2.647900342941284,0.04787074774503708,2.6683008670806885
19.999788999557495,1.5389434099197388,2.0040299892425537,-1.3295498319389931,-0.42404255270957947,-1.244537591934204,2.4823498725891113,-0.146938756108284,1.631981611251831,2.677739143371582,0.0203501395881176,2.6471056938171387
20.050387859344482,1.543999195098877,1.9919241666793823,-1.3509284721578148,-0.43008121848106384,-1.1909157037734985,2.4487831592559814,-0.14855033159255981,1.6085513830184937,2.7060506343841553,-0.005794069729745388,2.6270506381988525
20.0997154712677,1.5487967729568481,1.9795527458190918,-1.3710662815418575,-0.43663784861564636,-1.140622615814209,2.4158878326416016,-0.15031147003173828,1.587945818901062,2.7314388751983643,-0.03238198533654213,2.606708288192749
20.14934515953064,1.5534508228302002,1.966543436050415,-1.3899056562495797,-0.44523850083351135,-1.091760516166687,2.382599353790283,-0.15215544402599335,1.5678101778030396,2.7552273273468018,-0.06039246916770935,2.5849130153656006
20.199830532073975,1.5578298568725586,1.9525755643844604,-1.4080430365624539,-0.45757022500038147,-1.0430749654769897,2.3478944301605225,-0.15459489822387695,1.5480678081512451,2.7800984382629395,-0.08899593353271484,2.5631232261657715
20.249931812286377,1.5618295669555664,1.9380439519882202,-1.4248920309036892,-0.47355127334594727,-0.9960134625434875,2.312155246734619,-0.15794797241687775,1.5293937921524048,2.8065805435180664,-0.11857704073190689,2.542029857635498
20.299718856811523,1.565616488456726,1.9226185083389282,-1.4399069822834722,-0.49228471517562866,-0.9505674839019775,2.275620698928833,-0.16242793202400208,1.5074732303619385,2.8352677822113037,-0.14950302243232727,2.5228476524353027
20.349263906478882,1.5689771175384521,1.9068347215652466,-1.453347273368832,-0.5115116834640503,-0.9058504104614258,2.2388315200805664,-0.16854800283908844,1.4776448011398315,2.863633632659912,-0.18160372972488403,2.505199432373047
20.40013360977173,1.571934461593628,1.8902865648269653,-1.4646024727799067,-0.5297384262084961,-0.8610078692436218,2.2018797397613525,-0.17624934017658234,1.440531849861145,2.8882951736450195,-0.21439988911151886,2.486671209335327
20.449345350265503,1.5742579698562622,1.8733322620391846,-1.47326809335703,-0.5482358336448669,-0.8152629733085632,2.1652138233184814,-0.18510226905345917,1.399610996246338,2.9088246822357178,-0.24701303243637085,2.4685442447662354
20.50017738342285,1.5764209032058716,1.855873465538025,-1.4791579245060535,-0.5677032470703125,-0.7684804201126099,2.1291768550872803,-0.19450098276138306,1.3585271835327148,2.9255144596099854,-0.2754285931587219,2.4519846439361572
20.549505949020386,1.5778006315231323,1.8384648561477661,-1.4809385157982435,-0.5889973044395447,-0.7217240929603577,2.093336343765259,-0.2035580575466156,1.318685531616211,2.9392309188842773,-0.3018421530723572,2.431837797164917
20.600017309188843,1.5788352489471436,1.8210564851760864,-1.4808926560432847,-0.611386239528656,-0.6744150519371033,2.0576319694519043,-0.21070334315299988,1.2795571088790894,2.950979709625244,-0.3275306820869446,2.4079673290252686
20.649572372436523,1.5795035362243652,1.8037095069885254,-1.4782741109266,-0.632731556892395,-0.6272779107093811,2.021914005279541,-0.2159045785665512,1.2402974367141724,2.9619193077087402,-0.3522087335586548,2.3825299739837646
20.699658155441284,1.5799494981765747,1.7862629890441895,-1.4728352200616706,-0.6511488556861877,-0.5813596248626709,1.9864319562911987,-0.2197742909193039,1.2004926204681396,2.9716804027557373,-0.3751823306083679,2.3585517406463623
20.7494158744812,1.5803552865982056,1.7688663005828857,-1.464774393750302,-0.6646130084991455,-0.5356689691543579,1.9515055418014526,-0.22263853251934052,1.1604293584823608,2.9791505336761475,-0.39636316895484924,2.3346457481384277
20.801343202590942,1.5805162191390991,1.7515286207199097,-1.454799120591171,-0.6733922362327576,-0.48942050337791443,1.9171231985092163,-0.2247706651687622,1.1208512783050537,2.983513832092285,-0.4175156056880951,2.3093883991241455
20.850103855133057,1.580869436264038,1.7340710163116455,-1.4437522772079692,-0.6788191795349121,-0.44270479679107666,1.882638931274414,-0.2263336330652237,1.0803978443145752,2.9856536388397217,-0.4391384422779083,2.2823455333709717
20.900587797164917,1.581335425376892,1.7166095972061157,-1.4315327757969158,-0.6812728047370911,-0.39573219418525696,1.8475744724273682,-0.22669637203216553,1.03762948513031,2.9863858222961426,-0.460624635219574,2.254798173904419
20.950623750686646,1.5818909406661987,1.6987924575805664,-1.419272345910412,-0.6802647113800049,-0.347647488117218,1.8122634887695312,-0.22534127533435822,0.9951744675636292,2.987337112426758,-0.4811699390411377,2.2257654666900635
21.0001163482666,1.583129644393921,1.6808363199234009,-1.4069450023785652,-0.674936830997467,-0.29838812351226807,1.77694571018219,-0.22249573469161987,0.9540953636169434,2.989682197570801,-0.5014854073524475,2.1955087184906006
21.049845457077026,1.5846097469329834,1.6628798246383667,-1.3937195829272824,-0.6649595499038696,-0.24775093793869019,1.7414848804473877,-0.21790660917758942,0.9131128191947937,2.994537830352783,-0.5227364301681519,2.1636147499084473
21.0996036529541,1.5858335494995117,1.6453895568847656,-1.3792979594537023,-0.650448203086853,-0.19657498598098755,1.7052773237228394,-0.21192827820777893,0.8729709386825562,3.0020956993103027,-0.5451242327690125,2.1312880516052246
21.149726629257202,1.5871039628982544,1.6284761428833008,-1.3646494978463795,-0.6324157118797302,-0.14578880369663239,1.6682976484298706,-0.20513519644737244,0.8336719274520874,3.0108892917633057,-0.567796528339386,2.1024487018585205
21.19970202445984,1.5884352922439575,1.6122050285339355,-1.3500454059450127,-0.6117734909057617,-0.09518549591302872,1.6309854984283447,-0.1981992870569229,0.7946904301643372,3.019925832748413,-0.5924472808837891,2.0742149353027344
21.249783515930176,1.5897927284240723,1.5967128276824951,-1.3347929532326808,-0.592828631401062,-0.04700567573308945,1.5936014652252197,-0.19167675077915192,0.755929708480835,3.0289671421051025,-0.6198567152023315,2.0452749729156494
21.29962921142578,1.5911436080932617,1.5820404291152954,-1.3181170625962326,-0.5767034888267517,-0.00019647816952783614,1.556895136833191,-0.1864432543516159,0.7172714471817017,3.038545846939087,-0.648803174495697,2.0160915851593018
21.35041332244873,1.592386245727539,1.5683379173278809,-1.3005568022809837,-0.5636459589004517,0.04739281162619591,1.5202600955963135,-0.1820889264345169,0.6781212091445923,3.0488905906677246,-0.678911566734314,1.9869329929351807
21.399905681610107,1.5934730768203735,1.5555838346481323,-1.2815707065613215,-0.55417400598526,0.09608802199363708,1.48334538936615,-0.1785890907049179,0.6374483108520508,3.059946060180664,-0.7104815244674683,1.9576748609542847
21.449684619903564,1.5946229696273804,1.5438501834869385,-1.2616196218925402,-0.5468399524688721,0.14610153436660767,1.4463132619857788,-0.17608928680419922,0.5957887768745422,3.0716991424560547,-0.7431144714355469,1.9285078048706055
21.500126600265503,1.5957697629928589,1.532744288444519,-1.239828749862435,-0.5408853888511658,0.19576218724250793,1.4095659255981445,-0.17416122555732727,0.5537447333335876,3.08418607711792,-0.7765641808509827,1.9001842737197876
21.549500465393066,1.5967603921890259,1.522755742073059,-1.2171934599973997,-0.5349720120429993,0.24550069868564606,1.373042345046997,-0.1727057695388794,0.5120046734809875,3.0964839458465576,-0.8117243051528931,1.8720248937606812
21.599506616592407,1.5981042385101318,1.511841058731079,-1.189855749637167,-0.5289584398269653,0.2963891327381134,1.3362383842468262,-0.1717117428779602,0.47132396697998047,3.1083147525787354,-0.848534882068634,1.8441410064697266
21.64917540550232,1.5992521047592163,1.5018270015716553,-1.1633548848575206,-0.5242694020271301,0.346087783575058,1.300952672958374,-0.1710474193096161,0.4343201518058777,3.1195130348205566,-0.8834055662155151,1.8171517848968506
21.699622631072998,1.6009254455566406,1.4901474714279175,-1.131833275472627,-0.5205991268157959,0.40378737449645996,1.2614092826843262,-0.17031098902225494,0.3935174345970154,3.1319665908813477,-0.9225238561630249,1.7862251996994019
21.749638319015503,1.602710247039795,1.47879958152771,-1.0998689754314377,-0.5187361836433411,0.46004754304885864,1.2237550020217896,-0.1705113649368286,0.35463330149650574,3.1429433822631836,-0.9573571681976318,1.7572777271270752
21.799467086791992,1.6046257019042969,1.4670075178146362,-1.0657907080913962,-0.5166000127792358,0.5165358781814575,1.185686707496643,-0.17212462425231934,0.31332215666770935,3.150554656982422,-0.9895021319389343,1.7256149053573608
21.849695444107056,1.6070998907089233,1.4552189111709595,-1.031734420032997,-0.5131252408027649,0.5716884136199951,1.1470376253128052,-0.1754881739616394,0.2698476016521454,3.153444528579712,-1.0193142890930176,1.6915326118469238
21.899248838424683,1.610310435295105,1.4434179067611694,-0.9988487469117112,-0.5080987215042114,0.6245592832565308,1.1083335876464844,-0.17908300459384918,0.22695091366767883,3.15216326713562,-1.0459197759628296,1.6570030450820923
21.949734926223755,1.61406672000885,1.4314934015274048,-0.9671906591601049,-0.5005567073822021,0.6753455400466919,1.0704935789108276,-0.18133676052093506,0.18656060099601746,3.147630214691162,-1.0697810649871826,1.6220945119857788
21.999814748764038,1.618183970451355,1.4203251600265503,-0.9381424010660249,-0.4908088445663452,0.7216483354568481,1.0357915163040161,-0.1810607761144638,0.15103918313980103,3.1401917934417725,-1.090936303138733,1.587705135345459
22.049936771392822,1.6231337785720825,1.4082800149917603,-0.9072994505160191,-0.4761907458305359,0.7716730237007141,0.9974132180213928,-0.17789170145988464,0.11228558421134949,3.129081964492798,-1.1124459505081177,1.5464354753494263
22.0992431640625,1.6288912296295166,1.3954628705978394,-0.8747644133443745,-0.4593890905380249,0.8177540302276611,0.9613043069839478,-0.173188254237175,0.07526665180921555,3.1155805587768555,-1.130363941192627,1.5057432651519775
22.1499240398407,1.6347451210021973,1.3831859827041626,-0.8455248277700295,-0.44032150506973267,0.8626311421394348,0.9260240197181702,-0.16782818734645844,0.038632094860076904,3.0993518829345703,-1.1453335285186768,1.4631880521774292
22.200694799423218,1.6410329341888428,1.3712972402572632,-0.817401479295912,-0.4188813865184784,0.9070259928703308,0.8914653658866882,-0.1624174863100052,0.0033498576376587152,3.082242250442505,-1.1576393842697144,1.416746735572815
22.24967670440674,1.6472934484481812,1.3598254919052124,-0.789676828200155,-0.39338091015815735,0.9525650143623352,0.856694757938385,-0.1565241515636444,-0.03170305863022804,3.06646990776062,-1.167752742767334,1.365480661392212
22.299838066101074,1.6544667482376099,1.3481560945510864,-0.7617582869073272,-0.3635421395301819,0.9988715648651123,0.8216574788093567,-0.14960622787475586,-0.06714625656604767,3.0477519035339355,-1.1755990982055664,1.3111194372177124
22.350153923034668,1.6621692180633545,1.3367342948913574,-0.7357306481982969,-0.32923638820648193,1.044765830039978,0.7861732244491577,-0.14187051355838776,-0.1008191853761673,3.023571014404297,-1.181889533996582,1.2585687637329102
22.399685859680176,1.6693942546844482,1.326951503753662,-0.7146913672758527,-0.29191306233406067,1.0894945859909058,0.7514205574989319,-0.13314570486545563,-0.13363002240657806,2.9935426712036133,-1.1883492469787598,1.2078359127044678
22.449469089508057,1.678830862045288,1.3154202699661255,-0.6907826884326307,-0.2535339295864105,1.133193016052246,0.71767258644104,-0.12212424725294113,-0.16821680963039398,2.9623262882232666,-1.1975568532943726,1.1564489603042603
22.49956774711609,1.6877719163894653,1.3051817417144775,-0.6698049955110158,-0.21721099317073822,1.1754937171936035,0.6849859952926636,-0.11011850833892822,-0.20442116260528564,2.931558609008789,-1.209375023841858,1.1063714027404785
22.55119228363037,1.697279691696167,1.2948517799377441,-0.6491683320337246,-0.18545806407928467,1.215435266494751,0.6528974175453186,-0.0971817597746849,-0.24256016314029694,2.901975631713867,-1.22169029712677,1.0572433471679688
22.59881353378296,1.7071137428283691,1.2845263481140137,-0.6286113473731547,-0.15711268782615662,1.2552927732467651,0.6209655404090881,-0.08327090740203857,-0.2807635962963104,2.8741507530212402,-1.233147382736206,1.0073837041854858
22.650153160095215,1.7176446914672852,1.27401864528656,-0.6083546658792939,-0.1314702183008194,1.2966344356536865,0.5887600779533386,-0.06904882937669754,-0.3173973560333252,2.8480629920959473,-1.2431296110153198,0.9552248120307922
22.69929790496826,1.7288875579833984,1.2632553577423096,-0.5887913638236434,-0.1077619418501854,1.3395429849624634,0.5563616752624512,-0.05596194043755531,-0.3531349301338196,2.8223836421966553,-1.2515789270401,0.9017035365104675
22.749591588974,1.7409732341766357,1.2524304389953613,-0.5691384793994997,-0.08529598265886307,1.383163332939148,0.5239347219467163,-0.04392961412668228,-0.3881264626979828,2.7969539165496826,-1.2592310905456543,0.8462669253349304
22.799339294433594,1.7536289691925049,1.241597294807434,-0.5495178388563683,-0.06341806054115295,1.4270601272583008,0.49151965975761414,-0.032336000353097916,-0.42287304997444153,2.7714362144470215,-1.266150951385498,0.7904329895973206
22.84958553314209,1.7667834758758545,1.2307296991348267,-0.5292655028294372,-0.041625671088695526,1.4719455242156982,0.4594629406929016,-0.021547382697463036,-0.4579921364784241,2.7456679344177246,-1.2699178457260132,0.7361882328987122
22.899819374084473,1.7800586223602295,1.2201216220855713,-0.5093095297942146,-0.02066224068403244,1.5187195539474487,0.42873308062553406,-0.011426158249378204,-0.49503469467163086,2.718343734741211,-1.2715736627578735,0.6838565468788147
22.94918966293335,1.7931312322616577,1.2103447914123535,-0.4907061877220419,-0.00011689029633998871,1.5677911043167114,0.3990008533000946,-0.001710296142846346,-0.5336388945579529,2.690631151199341,-1.2701994180679321,0.6306019425392151
23.00077486038208,1.8078210353851318,1.1995753049850464,-0.46897317197255867,0.02094186469912529,1.6186236143112183,0.3687252402305603,0.007648747880011797,-0.5733380913734436,2.6635615825653076,-1.263207197189331,0.5743711590766907
23.049611806869507,1.8211501836776733,1.190264105796814,-0.4496239552662832,0.04258423298597336,1.6686419248580933,0.3375707268714905,0.016250789165496826,-0.612280547618866,2.637547731399536,-1.2486543655395508,0.5196056365966797
23.10045576095581,1.8361546993255615,1.1802635192871094,-0.4279629658534079,0.06696312129497528,1.716650366783142,0.30610179901123047,0.02364530973136425,-0.6502115726470947,2.612502336502075,-1.2292107343673706,0.4687102437019348
23.15013837814331,1.8505276441574097,1.1710158586502075,-0.40774273964440777,0.09297224879264832,1.7633051872253418,0.27403244376182556,0.02953181602060795,-0.6876404285430908,2.58878493309021,-1.2070800065994263,0.4198722541332245
23.200690507888794,1.8641289472579956,1.162637710571289,-0.38940143239928127,0.11941596120595932,1.8073173761367798,0.24167487025260925,0.03368888422846794,-0.7234940528869629,2.5645225048065186,-1.182486653327942,0.3716968595981598
23.249476432800293,1.879417896270752,1.153578758239746,-0.36955004994757285,0.14715000987052917,1.848222255706787,0.20973335206508636,0.03657592087984085,-0.7575331330299377,2.5361509323120117,-1.1541939973831177,0.3240607976913452
23.300373315811157,1.8942041397094727,1.1454795598983765,-0.3514360605732815,0.1775268167257309,1.8863948583602905,0.1782258301973343,0.0391211211681366,-0.7888609766960144,2.501457452774048,-1.1218795776367188,0.2775842845439911
23.349624633789062,1.909345269203186,1.1376357078552246,-0.3345257181870381,0.21039912104606628,1.9226232767105103,0.14683397114276886,0.04259759187698364,-0.8155640363693237,2.462698221206665,-1.08412766456604,0.2313968390226364
23.39975142478943,1.9243278503417969,1.130426049232483,-0.31805318418320605,0.24469339847564697,1.9573545455932617,0.11622821539640427,0.0473405197262764,-0.8370227813720703,2.423004150390625,-1.0413355827331543,0.18545570969581604
23.449742078781128,1.939318060874939,1.123332142829895,-0.3014822351567399,0.27895915508270264,1.9907559156417847,0.08735340088605881,0.054004963487386703,-0.8550156354904175,2.383688449859619,-0.9954311847686768,0.1373952329158783
23.499784469604492,1.954434871673584,1.116385817527771,-0.28481105611917495,0.31409376859664917,2.0232133865356445,0.05934334546327591,0.06271965056657791,-0.8707083463668823,2.344627857208252,-0.9514906406402588,0.09156131744384766
23.549717664718628,1.9695459604263306,1.1099176406860352,-0.2692285560018572,0.3518136143684387,2.054421901702881,0.03209659457206726,0.07399314641952515,-0.8847296237945557,2.304863929748535,-0.9110679626464844,0.046670690178871155
23.59936547279358,1.9848483800888062,1.1038326025009155,-0.25443525309359627,0.3921234607696533,2.084752082824707,0.005795766599476337,0.08691233396530151,-0.8965826034545898,2.2638981342315674,-0.8736861944198608,0.0023486465215682983
23.64965510368347,2.000351905822754,1.097791314125061,-0.24024242960124012,0.43366140127182007,2.113567590713501,-0.019189585000276566,0.10119707137346268,-0.9050812721252441,2.2215139865875244,-0.8395885229110718,-0.03978213295340538
23.69972801208496,2.0155508518218994,1.0924677848815918,-0.22806204753031287,0.4781102240085602,2.1419789791107178,-0.04286558926105499,0.11688211560249329,-0.9103329181671143,2.1772103309631348,-0.8062856197357178,-0.07998423278331757
23.75075054168701,2.0328452587127686,1.086792230606079,-0.21531758648641794,0.5237920880317688,2.170832395553589,-0.06493595242500305,0.13487040996551514,-0.9126607775688171,2.1305880546569824,-0.7711443901062012,-0.11987297981977463
23.79984450340271,2.04843807220459,1.0818811655044556,-0.2052120891759216,0.567232608795166,2.1999785900115967,-0.0853719562292099,0.15527011454105377,-0.9137201905250549,2.0821621417999268,-0.7326552867889404,-0.161119744181633
23.850475549697876,2.066622018814087,1.0766527652740479,-0.19344531415589805,0.6094111800193787,2.2311151027679443,-0.10362530499696732,0.17811496555805206,-0.9168044328689575,2.03409743309021,-0.6910759210586548,-0.20275218784809113
23.900270223617554,2.083871603012085,1.071785569190979,-0.1834564939657743,0.6500899195671082,2.2647831439971924,-0.11959648877382278,0.20269399881362915,-0.9223456978797913,1.9870377779006958,-0.6468064188957214,-0.24430489540100098
23.94986581802368,2.100602149963379,1.0674432516098022,-0.173909584956159,0.6868847608566284,2.298302412033081,-0.13215060532093048,0.22671250998973846,-0.9298074245452881,1.943312644958496,-0.6030734181404114,-0.2830091714859009
23.99982452392578,2.118340253829956,1.0630583763122559,-0.16339101121956798,0.7280966639518738,2.3365278244018555,-0.14372362196445465,0.25426068902015686,-0.9409800171852112,1.89431631565094,-0.5518779754638672,-0.32545536756515503
24.049733638763428,2.13647723197937,1.058443307876587,-0.1523494282623813,0.7658790349960327,2.3720879554748535,-0.15319594740867615,0.28112632036209106,-0.9535576701164246,1.8486226797103882,-0.5038124918937683,-0.3623487949371338
24.100353479385376,2.1532890796661377,1.0544079542160034,-0.1420949651421177,0.8041813969612122,2.4079833030700684,-0.16203105449676514,0.30739426612854004,-0.9668928980827332,1.8037759065628052,-0.45201849937438965,-0.3971775472164154
24.14933156967163,2.1699225902557373,1.0505650043487549,-0.1311358344163433,0.8429728150367737,2.4465999603271484,-0.1711694896221161,0.3324289321899414,-0.9804063439369202,1.7592369318008423,-0.394822895526886,-0.42898720502853394
24.199596405029297,2.1861116886138916,1.0470120906829834,-0.12058828140300124,0.8819214701652527,2.4875900745391846,-0.18075843155384064,0.35763847827911377,-0.9947337508201599,1.7140748500823975,-0.33679771423339844,-0.45712822675704956
24.250154972076416,2.201423168182373,1.0435209274291992,-0.1103272735835549,0.9206686615943909,2.529366970062256,-0.19069530069828033,0.3833530843257904,-1.0103845596313477,1.6686182022094727,-0.28261321783065796,-0.4829995930194855
24.29988980293274,2.2188267707824707,1.039805293083191,-0.09791956452127501,0.9607272148132324,2.5711493492126465,-0.20122723281383514,0.4091271758079529,-1.0268622636795044,1.6230798959732056,-0.2279862016439438,-0.506277322769165
24.349204063415527,2.234220266342163,1.036826729774475,-0.08736939234356016,1.0018434524536133,2.6111621856689453,-0.2118125706911087,0.4348176121711731,-1.0436904430389404,1.5764294862747192,-0.17026570439338684,-0.5268843173980713
24.399475812911987,2.251560688018799,1.033652424812317,-0.07588286104642196,1.0411710739135742,2.64652943611145,-0.2224530279636383,0.4611818790435791,-1.0606484413146973,1.5277338027954102,-0.10944987088441849,-0.5445999503135681
24.449626922607422,2.2669460773468018,1.030853271484375,-0.06547110599553929,1.0802384614944458,2.67788028717041,-0.23346926271915436,0.4895302653312683,-1.0769548416137695,1.4785552024841309,-0.04650688171386719,-0.5595593452453613
24.499199151992798,2.2846646308898926,1.0281543731689453,-0.052070551750705026,1.1196262836456299,2.7061078548431396,-0.24517998099327087,0.5201651453971863,-1.0936460494995117,1.4300488233566284,0.018982507288455963,-0.5721760392189026
24.54999017715454,2.3009836673736572,1.025602102279663,-0.03916285129156228,1.1600712537765503,2.732027292251587,-0.2582782208919525,0.5521070957183838,-1.1094014644622803,1.3814435005187988,0.08773668855428696,-0.5834779739379883
24.599864721298218,2.317542314529419,1.0235521793365479,-0.027791204028821168,1.2013676166534424,2.7560789585113525,-0.27328020334243774,0.5847417116165161,-1.1203105449676514,1.3309193849563599,0.1557655781507492,-0.5933610796928406
24.64943242073059,2.3338444232940674,1.0215072631835938,-0.016222554545160382,1.2428637742996216,2.78019642829895,-0.2902260422706604,0.6179015040397644,-1.1238445043563843,1.2798869609832764,0.22004255652427673,-0.6041193008422852
24.699764251708984,2.349498748779297,1.0199005603790283,-0.004957306765302718,1.286806344985962,2.8030176162719727,-0.3084850609302521,0.65164715051651,-1.1210654973983765,1.2292633056640625,0.28017112612724304,-0.617624819278717
24.7502338886261,2.3668453693389893,1.0182782411575317,0.00744923256227764,1.333902359008789,2.8233742713928223,-0.32681313157081604,0.6858784556388855,-1.113759994506836,1.1797688007354736,0.3367195725440979,-0.6322504878044128
24.79933452606201,2.383284568786621,1.0169646739959717,0.019048624733380225,1.38407301902771,2.8406121730804443,-0.34432968497276306,0.7203710079193115,-1.1029887199401855,1.1327065229415894,0.3901950418949127,-0.6466553807258606
24.849074840545654,2.3994874954223633,1.0160366296768188,0.030132563010253237,1.436791181564331,2.8540854454040527,-0.36005762219429016,0.7547893524169922,-1.0893739461898804,1.087998628616333,0.4432200491428375,-0.66093510389328
24.899356365203857,2.415292978286743,1.0150750875473022,0.041160155796750794,1.492214560508728,2.8650002479553223,-0.3736714720726013,0.789023220539093,-1.0732451677322388,1.0451005697250366,0.4979986548423767,-0.6754918098449707
24.949218273162842,2.4308841228485107,1.0146722793579102,0.050754157839300096,1.5514798164367676,2.874300003051758,-0.38501179218292236,0.8236650824546814,-1.0550477504730225,1.0043522119522095,0.5542599558830261,-0.690284252166748
24.99942946434021,2.446727752685547,1.0144498348236084,0.060220050415787256,1.609480381011963,2.8824687004089355,-0.3937866985797882,0.857930600643158,-1.0351037979125977,0.965161919593811,0.6114711165428162,-0.7057115435600281
25.0496826171875,2.4625041484832764,1.0144418478012085,0.06947656665233964,1.6625652313232422,2.892143964767456,-0.4007079005241394,0.8907644152641296,-1.013110637664795,0.9259888529777527,0.6698111891746521,-0.7230561971664429
25.099709272384644,2.4776298999786377,1.0144681930541992,0.07776344220206584,1.7110621929168701,2.902784585952759,-0.4059518277645111,0.9213374853134155,-0.9890362024307251,0.887911856174469,0.7252610325813293,-0.7408859133720398
25.149258852005005,2.495074987411499,1.0145336389541626,0.08708773844925403,1.7644898891448975,2.916982889175415,-0.4104255437850952,0.9559711217880249,-0.9608836770057678,0.8445902466773987,0.7850832343101501,-0.7607143521308899
25.20013165473938,2.511840343475342,1.0146969556808472,0.09473445244482798,1.8131307363510132,2.931628704071045,-0.4133586883544922,0.9898711442947388,-0.9350571036338806,0.8035199642181396,0.8397872447967529,-0.7763444781303406
25.249516248703003,2.5289664268493652,1.0151941776275635,0.10153148533877579,1.860028862953186,2.946298599243164,-0.4151262044906616,1.0246126651763916,-0.9102900624275208,0.7617133259773254,0.8975653052330017,-0.7883194088935852
25.299400568008423,2.5463364124298096,1.0159268379211426,0.10753715137607937,1.9058970212936401,2.9609744548797607,-0.41504085063934326,1.0597480535507202,-0.8860223293304443,0.7187448740005493,0.9566916227340698,-0.7954112887382507
25.34957218170166,2.5637786388397217,1.0170687437057495,0.11308415801352442,1.9522795677185059,2.976547956466675,-0.4131174087524414,1.0954886674880981,-0.8626293540000916,0.6753211617469788,1.0133615732192993,-0.7983831167221069
25.400864839553833,2.5814294815063477,1.0181924104690552,0.11820585391905455,1.9998515844345093,2.9932503700256348,-0.4101563096046448,1.1316887140274048,-0.8394421339035034,0.6326166391372681,1.0685524940490723,-0.7995491027832031
25.44920802116394,2.59928560256958,1.0195449590682983,0.12343509584624329,2.048332691192627,3.0113794803619385,-0.4071192145347595,1.1682825088500977,-0.815616250038147,0.5912626385688782,1.1239852905273438,-0.7997154593467712
25.500942945480347,2.615762710571289,1.0206838846206665,0.1282975060265981,2.096951723098755,3.0303995609283447,-0.4044363796710968,1.2052702903747559,-0.7911684513092041,0.5497720837593079,1.1796469688415527,-0.79863440990448
25.549355030059814,2.633899211883545,1.0221874713897705,0.13380625449581812,2.1456477642059326,3.0501956939697266,-0.40273556113243103,1.2422512769699097,-0.7666493058204651,0.5083008408546448,1.2350382804870605,-0.795832633972168
25.599751949310303,2.6505556106567383,1.0237311124801636,0.13917159226641856,2.1942684650421143,3.069300413131714,-0.40241745114326477,1.2791621685028076,-0.742791473865509,0.4677567183971405,1.2917473316192627,-0.7913864254951477
25.64922332763672,2.666961908340454,1.0251210927963257,0.14472274777201818,2.2420272827148438,3.086202621459961,-0.4033730626106262,1.3170318603515625,-0.719707190990448,0.4279702305793762,1.3513363599777222,-0.7853443026542664
25.699509143829346,2.6831166744232178,1.0268304347991943,0.15065020169243568,2.286836624145508,3.099602222442627,-0.4055025279521942,1.3556417226791382,-0.6968002915382385,0.3876526951789856,1.4142816066741943,-0.7777597904205322
25.7506582736969,2.6992876529693604,1.0285799503326416,0.15620532757229286,2.3312838077545166,3.1087939739227295,-0.4086468517780304,1.3933135271072388,-0.6718040108680725,0.34604012966156006,1.4759798049926758,-0.7675450444221497
25.800020933151245,2.7152163982391357,1.0305274724960327,0.16125746104267666,2.3770673274993896,3.113233804702759,-0.41264572739601135,1.4295040369033813,-0.6456926465034485,0.30382803082466125,1.5345065593719482,-0.7564416527748108
25.85032320022583,2.7298851013183594,1.0320936441421509,0.16624534677794803,2.4204845428466797,3.1138803958892822,-0.4169367849826813,1.4637808799743652,-0.6219284534454346,0.2631851136684418,1.5895075798034668,-0.7509986758232117
25.899856328964233,2.7467188835144043,1.0340666770935059,0.17203203270075462,2.4686777591705322,3.1117441654205322,-0.4227842390537262,1.5032411813735962,-0.5931584239006042,0.21674850583076477,1.649362564086914,-0.7513311505317688
25.94976496696472,2.760805606842041,1.0357965230941772,0.1759741857337229,2.509171962738037,3.1079471111297607,-0.42899835109710693,1.5375264883041382,-0.5648887157440186,0.17927564680576324,1.697434902191162,-0.7550601959228516
26.000179767608643,2.7788071632385254,1.0382447242736816,0.18217902231622773,2.562140703201294,3.101091146469116,-0.43915531039237976,1.5807799100875854,-0.5238626003265381,0.13770347833633423,1.7557677030563354,-0.7620270848274231
26.049564361572266,2.7939071655273438,1.0400012731552124,0.18674734769658607,2.6093790531158447,3.092855453491211,-0.45060208439826965,1.617945671081543,-0.48558735847473145,0.10607968270778656,1.8052327632904053,-0.7685637474060059
26.099910020828247,2.811513662338257,1.0424423217773438,0.1928903328200724,2.6638917922973633,3.0802206993103027,-0.46540310978889465,1.6593698263168335,-0.4412580132484436,0.07348977029323578,1.860779881477356,-0.7754249572753906
26.150208711624146,2.829867362976074,1.0453165769577026,0.20181461869952816,2.715749979019165,3.0642600059509277,-0.48035794496536255,1.697820782661438,-0.3984280824661255,0.04467661306262016,1.9135141372680664,-0.7813754081726074
26.199347019195557,2.8467111587524414,1.0472962856292725,0.20660380369495668,2.7680246829986572,3.0445375442504883,-0.4949619770050049,1.7351343631744385,-0.35472604632377625,0.017492983490228653,1.9678095579147339,-0.7882286310195923
26.24966549873352,2.863198757171631,1.0495960712432861,0.21231428785212028,2.8182919025421143,3.0228843688964844,-0.5079885721206665,1.769948124885559,-0.31325873732566833,-0.006239234935492277,2.019568920135498,-0.7943275570869446
26.299819469451904,2.8819761276245117,1.0524046421051025,0.21972392783668948,2.871654748916626,2.999386787414551,-0.5201525688171387,1.8084444999694824,-0.2664831578731537,-0.0303056500852108,2.0752928256988525,-0.8001580238342285
26.349111557006836,2.8995919227600098,1.0550758838653564,0.22691643985048957,2.9201111793518066,2.9798290729522705,-0.5295987129211426,1.8448508977890015,-0.22108256816864014,-0.05021318048238754,2.126020669937134,-0.8048862814903259
26.39966368675232,2.917235851287842,1.05787193775177,0.23338995979802568,2.9692206382751465,2.962144136428833,-0.5367493033409119,1.8810713291168213,-0.17398148775100708,-0.06804075092077255,2.1789162158966064,-0.8068999648094177
26.44943857192993,2.9352200031280518,1.060842514038086,0.24014374069773792,3.019765615463257,2.9462032318115234,-0.5429522395133972,1.9166522026062012,-0.1253291368484497,-0.08425623923540115,2.2331535816192627,-0.8044943809509277
26.499959468841553,2.9533839225769043,1.0639979839324951,0.24572399981774787,3.070680618286133,2.932361602783203,-0.5480290055274963,1.9516410827636719,-0.0769948959350586,-0.10009821504354477,2.284607172012329,-0.7989370226860046
26.549055337905884,2.9709889888763428,1.0673398971557617,0.2518412263969659,3.1212069988250732,2.9199535846710205,-0.5527182817459106,1.9868268966674805,-0.030823659151792526,-0.1168728768825531,2.3335049152374268,-0.7922196388244629
26.599611043930054,2.9889845848083496,1.0708056688308716,0.257545741585761,3.171419382095337,2.908524513244629,-0.5557143092155457,2.0224533081054688,0.013514799997210503,-0.13641047477722168,2.382075309753418,-0.7858919501304626
26.650660276412964,3.0058341026306152,1.0742340087890625,0.2628818731967987,3.2222230434417725,2.8965165615081787,-0.5567732453346252,2.058614730834961,0.057426270097494125,-0.15903832018375397,2.4308319091796875,-0.7793498039245605
26.701199769973755,3.0247015953063965,1.0782060623168945,0.26786746147500784,3.274387836456299,2.8834071159362793,-0.5557100176811218,2.0939998626708984,0.10124471038579941,-0.18306972086429596,2.4787871837615967,-0.7719100713729858
26.74965786933899,3.043329954147339,1.0821120738983154,0.2711394856868751,3.3281774520874023,2.869593858718872,-0.5519586801528931,2.1291561126708984,0.1443166583776474,-0.20709408819675446,2.527161121368408,-0.7629706859588623
26.800321340560913,3.0609893798828125,1.0860592126846313,0.2753351970365681,3.3828322887420654,2.8552589416503906,-0.5466511249542236,2.1625447273254395,0.18666309118270874,-0.23098668456077576,2.577141284942627,-0.7528470158576965
26.850751638412476,3.078925848007202,1.090087890625,0.2784325443251118,3.437215566635132,2.8397839069366455,-0.5391976833343506,2.1969902515411377,0.22828669846057892,-0.2551319897174835,2.630361795425415,-0.7410743832588196
26.89922022819519,3.0964603424072266,1.0939698219299316,0.28266026980179626,3.4932467937469482,2.8228249549865723,-0.5306729674339294,2.230555534362793,0.2688249945640564,-0.27997127175331116,2.682680368423462,-0.7287317514419556
26.949774026870728,3.1151416301727295,1.098028302192688,0.286673834341943,3.545977830886841,2.805285692214966,-0.5226868391036987,2.2632036209106445,0.3085356056690216,-0.30588027834892273,2.730611562728882,-0.7185914516448975
26.99912738800049,3.132166862487793,1.1018431186676025,0.2913124774213406,3.595454216003418,2.786383628845215,-0.5161628723144531,2.294984817504883,0.3480518162250519,-0.3329799175262451,2.777977705001831,-0.7121240496635437
27.050294637680054,3.1484689712524414,1.1057868003845215,0.2942114627385204,3.643195152282715,2.7637016773223877,-0.5104228258132935,2.3257153034210205,0.38746753334999084,-0.36081159114837646,2.824998140335083,-0.7093768119812012
27.09934139251709,3.1665399074554443,1.1100553274154663,0.2973608990372727,3.6893200874328613,2.737354278564453,-0.5047219395637512,2.356611728668213,0.4276164472103119,-0.38899558782577515,2.869164228439331,-0.7094698548316956
27.150306940078735,3.183178424835205,1.114494800567627,0.2996942920062262,3.7345075607299805,2.7084357738494873,-0.4986163377761841,2.386101245880127,0.46801817417144775,-0.4164820611476898,2.910106897354126,-0.7114156484603882
27.19951105117798,3.199986219406128,1.1187691688537598,0.3023993034181677,3.7786054611206055,2.677797317504883,-0.49237746000289917,2.4143455028533936,0.5074089169502258,-0.4429194927215576,2.9498579502105713,-0.7143842577934265
27.250007390975952,3.2169644832611084,1.1230790615081787,0.3048916903031243,3.8217532634735107,2.645707130432129,-0.4848521649837494,2.441988706588745,0.5462418794631958,-0.46760639548301697,2.9892730712890625,-0.7179734110832214
27.299545526504517,3.2340638637542725,1.127531886100769,0.30822427538791963,3.86448335647583,2.6112613677978516,-0.4768160581588745,2.4689621925354004,0.5872290730476379,-0.489759236574173,3.0283284187316895,-0.7222297191619873
27.35020089149475,3.2508881092071533,1.1319483518600464,0.3114498745947788,3.906937837600708,2.573293447494507,-0.46693548560142517,2.496687412261963,0.6312698125839233,-0.5095142722129822,3.068117380142212,-0.7277084589004517
27.400001287460327,3.2677457332611084,1.1363741159439087,0.3145078688056586,3.9485065937042236,2.5315327644348145,-0.4572608172893524,2.5245232582092285,0.6776555180549622,-0.5264809131622314,3.1079599857330322,-0.7346770763397217
27.450608730316162,3.2837302684783936,1.1407660245895386,0.31733702981767276,3.988126754760742,2.487311363220215,-0.4477429986000061,2.5537209510803223,0.7243757247924805,-0.5401808619499207,3.147300958633423,-0.7428566217422485
27.499675989151,3.301755905151367,1.14549720287323,0.32149500220992855,4.0267438888549805,2.4399824142456055,-0.4395114481449127,2.58327579498291,0.7700934410095215,-0.5507605671882629,3.185289144515991,-0.7517518997192383
27.552123308181763,3.318678140640259,1.1499011516571045,0.3254678166727898,4.06378698348999,2.3936398029327393,-0.43078935146331787,2.6142804622650146,0.8148059248924255,-0.5583928823471069,3.220454216003418,-0.7603119611740112
27.599904537200928,3.3355586528778076,1.1544930934906006,0.3294366161427765,4.098820686340332,2.351574182510376,-0.4218158721923828,2.644604206085205,0.8590624928474426,-0.5638154745101929,3.2581560611724854,-0.7670935392379761
27.650038957595825,3.3514797687530518,1.1587568521499634,0.3327539648504034,4.132869243621826,2.3131046295166016,-0.41282132267951965,2.672682762145996,0.8999706506729126,-0.5671734809875488,3.294727325439453,-0.7714435458183289
27.702241897583008,3.368849515914917,1.1638150215148926,0.336437713125975,4.17294979095459,2.2707951068878174,-0.4016013741493225,2.7042784690856934,0.9450366497039795,-0.5677139759063721,3.3328325748443604,-0.7746285796165466
27.74981665611267,3.384079694747925,1.1681599617004395,0.3392235203341908,4.209802150726318,2.2333755493164062,-0.3910406827926636,2.731100559234619,0.9847830533981323,-0.5645606517791748,3.3645684719085693,-0.7770893573760986
27.79936718940735,3.4008538722991943,1.1731858253479004,0.34193808451369545,4.25154447555542,2.191864013671875,-0.37672731280326843,2.7585535049438477,1.029477834701538,-0.5573787093162537,3.3988962173461914,-0.7797311544418335
27.850966453552246,3.416653633117676,1.1778017282485962,0.34409548839013465,4.290809154510498,2.152332067489624,-0.3602185845375061,2.7827324867248535,1.0728133916854858,-0.5492396354675293,3.431675434112549,-0.7822551727294922
27.89931297302246,3.430880308151245,1.1821471452713013,0.34591439826949893,4.327498912811279,2.1143078804016113,-0.3427973687648773,2.8026723861694336,1.112659215927124,-0.5424399375915527,3.4635488986968994,-0.7841991186141968
27.950541973114014,3.4466474056243896,1.186906337738037,0.3455228694583746,4.368957996368408,2.0701069831848145,-0.3229409158229828,2.8216731548309326,1.1574530601501465,-0.5372582674026489,3.5004327297210693,-0.7849317193031311
28.000133514404297,3.459238290786743,1.1911886930465698,0.34371980125395224,4.406625747680664,2.0290026664733887,-0.304462194442749,2.8364439010620117,1.1989622116088867,-0.5347873568534851,3.533454179763794,-0.7837627530097961
28.049420595169067,3.4713213443756104,1.1956453323364258,0.3399416466645692,4.446664810180664,1.9843347072601318,-0.28349125385284424,2.849581241607666,1.243497610092163,-0.5337886810302734,3.5694570541381836,-0.7814344763755798
28.099098443984985,3.4812605381011963,1.1995251178741455,0.3337541215828527,4.482924938201904,1.9407942295074463,-0.26258692145347595,2.8592946529388428,1.2850890159606934,-0.5336798429489136,3.603311777114868,-0.7789099812507629
28.149986505508423,3.4913980960845947,1.2042007446289062,0.32351978336764253,4.520892143249512,1.8875012397766113,-0.2361825704574585,2.8667421340942383,1.3329256772994995,-0.5331542491912842,3.639108180999756,-0.7794435024261475
28.273008346557617,3.4984898567199707,1.2078964710235596,0.31079507138466217,4.549082279205322,1.8434631824493408,-0.2117621749639511,2.869706630706787,1.3756515979766846,-0.5317960381507874,3.664034366607666,-0.786230742931366
28.344736337661743,3.4984898567199707,1.2078964710235596,0.31079507138466217,4.549082279205322,1.8434631824493408,-0.2117621749639511,2.869706630706787,1.3756515979766846,-0.5317960381507874,3.664034366607666,-0.786230742931366
28.42240810394287,3.508601665496826,1.2140854597091675,0.27678224170225035,4.590974807739258,1.7603085041046143,-0.16721218824386597,2.867934226989746,1.4574463367462158,-0.5287804007530212,3.7090399265289307,-0.8090605735778809
28.425625562667847,3.5141994953155518,1.2182302474975586,0.24668942645195696,4.617588043212891,1.6897578239440918,-0.13304093480110168,2.8626205921173096,1.5228842496871948,-0.527316689491272,3.7432971000671387,-0.8316212296485901
28.45046043395996,3.5207459926605225,1.22236168384552,0.21322059620470973,4.640069007873535,1.6156030893325806,-0.0958801805973053,2.8562538623809814,1.590890645980835,-0.52866131067276,3.7743356227874756,-0.8588666915893555
28.569511890411377,3.5249006748199463,1.2246812582015991,0.19543567376489163,4.652002811431885,1.5698001384735107,-0.07389059662818909,2.8535823822021484,1.6322869062423706,-0.5306241512298584,3.789815902709961,-0.8772096037864685
28.64869523048401,3.5249006748199463,1.2246812582015991,0.19543567376489163,4.652002811431885,1.5698001384735107,-0.07389059662818909,2.8535823822021484,1.6322869062423706,-0.5306241512298584,3.789815902709961,-0.8772096037864685
28.66421604156494,3.532966136932373,1.2284141778945923,0.16318256380938015,4.669965744018555,1.478309154510498,-0.03450741246342659,2.84737491607666,1.707014799118042,-0.5339624881744385,3.813037633895874,-0.9157831072807312
28.700700759887695,3.5435585975646973,1.2327789068222046,0.12540362485454115,4.679421901702881,1.3622559309005737,0.012063587084412575,2.8357160091400146,1.7943261861801147,-0.5314878821372986,3.8353190422058105,-0.9687098264694214
28.75080704689026,3.54875111579895,1.2349069118499756,0.10953246395800904,4.68044900894165,1.3073413372039795,0.03348999097943306,2.828986167907715,1.8334447145462036,-0.5252419114112854,3.844261407852173,-0.992201030254364
28.800041437149048,3.5541439056396484,1.2367563247680664,0.09529651790484993,4.682550430297852,1.2555052042007446,0.055591195821762085,2.821502685546875,1.8694795370101929,-0.5173519253730774,3.851937770843506,-1.0130772590637207
28.849509716033936,3.558955430984497,1.2384910583496094,0.08342689238206732,4.686330795288086,1.2055643796920776,0.07914991676807404,2.8132011890411377,1.901740550994873,-0.5090802311897278,3.8570775985717773,-1.0324532985687256
28.904324531555176,3.56289005279541,1.239503264427185,0.07471616309448376,4.6915669441223145,1.1568444967269897,0.10234234482049942,2.804682493209839,1.9296990633010864,-0.5005038976669312,3.8588905334472656,-1.0516958236694336
28.950185298919678,3.566807746887207,1.2404309511184692,0.06635148235027347,4.699276447296143,1.1009485721588135,0.1291918009519577,2.794710397720337,1.9600197076797485,-0.49014148116111755,3.858079195022583,-1.074229121208191
28.9993793964386,3.569232940673828,1.2410118579864502,0.06028793126189354,4.7077765464782715,1.047310471534729,0.15562547743320465,2.7852532863616943,1.9891071319580078,-0.47931987047195435,3.855522632598877,-1.0938878059387207
29.049853801727295,3.570936918258667,1.2413251399993896,0.056903730451406544,4.716878414154053,0.9941926002502441,0.18286627531051636,2.7760567665100098,2.0180749893188477,-0.46805518865585327,3.8516061305999756,-1.1116483211517334
29.099169492721558,3.571502447128296,1.24139404296875,0.05682456332086286,4.726362228393555,0.941431999206543,0.20991793274879456,2.7670531272888184,2.046410083770752,-0.45568034052848816,3.846203327178955,-1.128227710723877
29.150057554244995,3.570976972579956,1.241215467453003,0.05805772499320798,4.7359113693237305,0.887325644493103,0.23653243482112885,2.7578251361846924,2.073467493057251,-0.44188323616981506,3.838808536529541,-1.1449668407440186
29.199764490127563,3.56990122795105,1.2411103248596191,0.05949901844759731,4.745626926422119,0.8315000534057617,0.2636282742023468,2.7476119995117188,2.098964214324951,-0.4263705611228943,3.8299036026000977,-1.161294937133789
29.249398708343506,3.5690135955810547,1.2410838603973389,0.059290658333430134,4.755273818969727,0.7748380303382874,0.28974348306655884,2.7359373569488525,2.12287974357605,-0.40949052572250366,3.8197743892669678,-1.176247000694275
29.29967474937439,3.568699598312378,1.2413376569747925,0.05938884360086446,4.764999866485596,0.7191485166549683,0.31442615389823914,2.7225308418273926,2.1454837322235107,-0.39138972759246826,3.808487892150879,-1.1898539066314697
29.350797653198242,3.5684385299682617,1.2413097620010376,0.059874975489845744,4.773799896240234,0.6631926894187927,0.337268203496933,2.70646595954895,2.1671700477600098,-0.37198740243911743,3.7966675758361816,-1.201757550239563
29.3991436958313,3.5667026042938232,1.241437315940857,0.06082659911594103,4.780817031860352,0.609535813331604,0.3585011065006256,2.6879186630249023,2.1884751319885254,-0.35266900062561035,3.784663438796997,-1.2123128175735474
29.449408292770386,3.569627285003662,1.2413973808288574,0.06048572138016403,4.784823894500732,0.5605137348175049,0.3778667747974396,2.6678314208984375,2.2097136974334717,-0.3342186212539673,3.7731451988220215,-1.2214891910552979
29.499467372894287,3.5709781646728516,1.2415332794189453,0.05877639074964061,4.784089088439941,0.5151456594467163,0.3951859772205353,2.6461145877838135,2.231201171875,-0.31668272614479065,3.7634661197662354,-1.2296034097671509
29.54972767829895,3.5729925632476807,1.2418462038040161,0.05487617836289218,4.779097080230713,0.47104740142822266,0.4102995991706848,2.622572660446167,2.2539846897125244,-0.2994031310081482,3.7558562755584717,-1.2384403944015503
29.599106073379517,3.5754120349884033,1.2423248291015625,0.05136192200682286,4.769815921783447,0.42790713906288147,0.4235512316226959,2.596789598464966,2.278080701828003,-0.2833925187587738,3.7499401569366455,-1.2487058639526367
29.649900436401367,3.578854560852051,1.2429161071777344,0.04758781789171273,4.757818698883057,0.3870551288127899,0.43498605489730835,2.5687689781188965,2.3023831844329834,-0.26875314116477966,3.744947910308838,-1.2596513032913208
29.700031518936157,3.582411289215088,1.2433698177337646,0.04391880940468469,4.744673252105713,0.34867802262306213,0.4444512724876404,2.539074182510376,2.3250787258148193,-0.25554159283638,3.739952802658081,-1.2699944972991943
29.74933409690857,3.5858535766601562,1.2437413930892944,0.04288131421678849,4.731898784637451,0.3100535571575165,0.45134374499320984,2.508310317993164,2.345492362976074,-0.24410885572433472,3.735187292098999,-1.2786738872528076
29.799315214157104,3.5914790630340576,1.2439391613006592,0.04305623317071953,4.717872619628906,0.27049922943115234,0.45586448907852173,2.476571559906006,2.365124225616455,-0.23342764377593994,3.7308692932128906,-1.2862628698349
29.8499698638916,3.5991029739379883,1.2442176342010498,0.04469356344990896,4.703658580780029,0.22971214354038239,0.4581786096096039,2.444658041000366,2.385256052017212,-0.22261713445186615,3.727355480194092,-1.2928019762039185
29.901235342025757,3.6086766719818115,1.2439724206924438,0.04733538821027963,4.688077926635742,0.18863528966903687,0.45975881814956665,2.412342071533203,2.406399726867676,-0.2113623172044754,3.725004196166992,-1.2983872890472412
29.949339151382446,3.6174066066741943,1.2438756227493286,0.0536994017205382,4.670185089111328,0.14906606078147888,0.46082234382629395,2.3804361820220947,2.428295373916626,-0.19974882900714874,3.7239503860473633,-1.3031305074691772
29.99939775466919,3.6283297538757324,1.243624210357666,0.06241548234260938,4.648429870605469,0.11074524372816086,0.462116003036499,2.3497819900512695,2.4510767459869385,-0.1887049823999405,3.724229097366333,-1.3076344728469849
30.050164222717285,3.6396172046661377,1.243096947669983,0.07124955511846433,4.629703998565674,0.0744670033454895,0.46270182728767395,2.3193905353546143,2.4741954803466797,-0.17909255623817444,3.7254559993743896,-1.312701940536499
30.100767374038696,3.650709867477417,1.242650032043457,0.07860553808204124,4.615962505340576,0.03865759074687958,0.46220436692237854,2.2892181873321533,2.4970884323120117,-0.1713477522134781,3.727287530899048,-1.318529486656189
30.150559425354004,3.6627862453460693,1.242411732673645,0.08410686512113048,4.602876663208008,-0.0005003716796636581,0.4613417685031891,2.259178638458252,2.5203254222869873,-0.16551651060581207,3.729792594909668,-1.32449471950531
30.201175451278687,3.675405263900757,1.242514729499817,0.08809097127692306,4.589507579803467,-0.04203365743160248,0.46026769280433655,2.2298057079315186,2.5428926944732666,-0.1615574210882187,3.7329671382904053,-1.3301060199737549
30.249870777130127,3.686162233352661,1.2429237365722656,0.09187621520882855,4.576694965362549,-0.08208021521568298,0.45876914262771606,2.2019166946411133,2.5632734298706055,-0.15953515470027924,3.736325740814209,-1.3350844383239746
30.30012011528015,3.696660041809082,1.2432827949523926,0.09495448861885408,4.562927722930908,-0.1286093145608902,0.4569312632083893,2.1693601608276367,2.5854928493499756,-0.15766167640686035,3.7403030395507812,-1.3403903245925903
30.350550413131714,3.7062220573425293,1.2437114715576172,0.0976535160223155,4.552465915679932,-0.17431117594242096,0.45548656582832336,2.1388235092163086,2.60495924949646,-0.1561293601989746,3.743849277496338,-1.3450896739959717
30.400026321411133,3.7151284217834473,1.2441513538360596,0.09980197892695325,4.543520450592041,-0.22822770476341248,0.4544190764427185,2.103454828262329,2.625990867614746,-0.1542883962392807,3.7479591369628906,-1.3500785827636719
30.450066566467285,3.721862554550171,1.244391918182373,0.10016654297297606,4.536972522735596,-0.2816542983055115,0.45485225319862366,2.0687053203582764,2.64495587348938,-0.152506023645401,3.7514584064483643,-1.353746771812439
30.500232458114624,3.7275454998016357,1.2447110414505005,0.0999108362414185,4.53115177154541,-0.33678027987480164,0.4565483331680298,2.032890558242798,2.6626405715942383,-0.15047210454940796,3.7546286582946777,-1.355878472328186
30.550071716308594,3.7312679290771484,1.244969367980957,0.09826906075098964,4.527148723602295,-0.39485663175582886,0.4590795338153839,1.9971402883529663,2.6788880825042725,-0.14874574542045593,3.7573840618133545,-1.3565096855163574
30.59986400604248,3.733428716659546,1.2454791069030762,0.09517108778648546,4.526360511779785,-0.4546900987625122,0.46154648065567017,1.9614944458007812,2.6938223838806152,-0.14721693098545074,3.7598297595977783,-1.3559348583221436
30.651054620742798,3.733954906463623,1.246116280555725,0.09078209385556066,4.527522087097168,-0.5157670974731445,0.4630802273750305,1.9257705211639404,2.7074592113494873,-0.14574749767780304,3.7617218494415283,-1.3543132543563843
30.69982099533081,3.733536720275879,1.2468101978302002,0.08718813379957417,4.530233383178711,-0.5758273005485535,0.4627563953399658,1.8912891149520874,2.7197396755218506,-0.14471836388111115,3.763451337814331,-1.3518387079238892
30.75020170211792,3.733100175857544,1.2470626831054688,0.08472258226444637,4.534280776977539,-0.6325806975364685,0.46039918065071106,1.8584784269332886,2.73089599609375,-0.14387527108192444,3.76485538482666,-1.349493384361267
30.799155235290527,3.7325387001037598,1.2470465898513794,0.08063663634068574,4.53589391708374,-0.6868852376937866,0.4559361934661865,1.8263158798217773,2.741194248199463,-0.1429702490568161,3.7660372257232666,-1.3475114107131958
30.849969148635864,3.73171329498291,1.2473567724227905,0.07409611343755766,4.53351354598999,-0.7402235865592957,0.4495958685874939,1.7947090864181519,2.750765800476074,-0.1419561207294464,3.767033100128174,-1.3454045057296753
30.899988651275635,3.7311887741088867,1.247868537902832,0.06380593260366936,4.527433395385742,-0.7940260767936707,0.44142794609069824,1.7646355628967285,2.7586567401885986,-0.14124354720115662,3.768159866333008,-1.3433529138565063
30.95079207420349,3.73104190826416,1.2489209175109863,0.05132042166955626,4.5186767578125,-0.8480082154273987,0.4317556917667389,1.736002802848816,2.764749765396118,-0.14097625017166138,3.7691705226898193,-1.3418493270874023
30.999775886535645,3.731191873550415,1.2502005100250244,0.0363802941196216,4.509891033172607,-0.9002635478973389,0.42066922783851624,1.7077934741973877,2.7690722942352295,-0.14112794399261475,3.7699272632598877,-1.3406014442443848
31.04997968673706,3.732051134109497,1.2517873048782349,0.018290553398497184,4.500843048095703,-0.9520121812820435,0.40689197182655334,1.6791064739227295,2.7722530364990234,-0.1410142332315445,3.7705540657043457,-1.3391170501708984
31.100656747817993,3.7315056324005127,1.253839135169983,-0.0018080328379867618,4.491048812866211,-1.0048619508743286,0.3907221257686615,1.6501797437667847,2.773268699645996,-0.14113418757915497,3.7709033489227295,-1.337669014930725
31.149675369262695,3.7345283031463623,1.255521297454834,-0.028200459992502345,4.4796600341796875,-1.0589486360549927,0.37204650044441223,1.6219465732574463,2.772254228591919,-0.14133192598819733,3.7710750102996826,-1.336055874824524
31.19935703277588,3.7373878955841064,1.2575985193252563,-0.05491820216120968,4.466282844543457,-1.1140353679656982,0.35043439269065857,1.5947911739349365,2.7708661556243896,-0.14070533215999603,3.771182060241699,-1.3341819047927856
31.249374628067017,3.740790367126465,1.2597277164459229,-0.08460199944861226,4.450504779815674,-1.1688036918640137,0.3267902433872223,1.5684947967529297,2.7696306705474854,-0.13908852636814117,3.77118182182312,-1.331830382347107
31.300365686416626,3.7444968223571777,1.2620631456375122,-0.11772966671402846,4.4335527420043945,-1.2216215133666992,0.3016684651374817,1.5426115989685059,2.7687387466430664,-0.13656394183635712,3.771312952041626,-1.328458309173584
31.34979009628296,3.7485191822052,1.2645822763442993,-0.15453878001451227,4.414874076843262,-1.2748937606811523,0.27523133158683777,1.5160703659057617,2.7671058177948,-0.1339147388935089,3.7714662551879883,-1.3242818117141724
31.399616718292236,3.7527520656585693,1.2670930624008179,-0.19405193177307467,4.3967461585998535,-1.327304720878601,0.24883504211902618,1.4891313314437866,2.7650301456451416,-0.13190683722496033,3.7717196941375732,-1.3193554878234863
31.449594259262085,3.7572519779205322,1.2693724632263184,-0.23591956359282829,4.380740642547607,-1.3779152631759644,0.22360333800315857,1.4613842964172363,2.763777017593384,-0.12986880540847778,3.7721006870269775,-1.3134982585906982
31.499400854110718,3.7619221210479736,1.2715528011322021,-0.2802102862087184,4.367085933685303,-1.4298038482666016,0.1994336098432541,1.4329696893692017,2.7635130882263184,-0.12831738591194153,3.772714853286743,-1.306243896484375
31.55015468597412,3.7670369148254395,1.2734414339065552,-0.32565605843607615,4.354708194732666,-1.4821926355361938,0.1751534789800644,1.403912901878357,2.764174699783325,-0.12695561349391937,3.7739851474761963,-1.2970162630081177
31.599340438842773,3.77188777923584,1.2752490043640137,-0.3724152381541558,4.3425469398498535,-1.5326889753341675,0.15148033201694489,1.3743128776550293,2.765909433364868,-0.12485800683498383,3.776099443435669,-1.286380410194397
31.650277376174927,3.7771146297454834,1.2767138481140137,-0.42108482821782983,4.329172611236572,-1.5803148746490479,0.12870831787586212,1.3449723720550537,2.768747568130493,-0.12235065549612045,3.779201030731201,-1.274174690246582
31.69989514350891,3.782247304916382,1.2779639959335327,-0.46966481718623637,4.314906597137451,-1.6269404888153076,0.10712580382823944,1.3154940605163574,2.7725911140441895,-0.11945884674787521,3.7832601070404053,-1.2603509426116943
31.749443769454956,3.7875847816467285,1.2787277698516846,-0.5177751305671808,4.3002214431762695,-1.6739354133605957,0.08635444194078445,1.284778356552124,2.7778022289276123,-0.11556432396173477,3.78836727142334,-1.2457060813903809
31.799199104309082,3.793833017349243,1.2791916131973267,-0.5655417190641363,4.285346508026123,-1.7215827703475952,0.06590848416090012,1.2520591020584106,2.7845566272735596,-0.11001747846603394,3.7939329147338867,-1.229960322380066
31.849963665008545,3.7998733520507812,1.2790076732635498,-0.6109249628825105,4.269676685333252,-1.769765853881836,0.04610905423760414,1.2185691595077515,2.791768789291382,-0.10301579535007477,3.800323724746704,-1.213240623474121
31.899344444274902,3.8056507110595703,1.2786139249801636,-0.6561605347712359,4.252679347991943,-1.817873477935791,0.027975179255008698,1.1853197813034058,2.7987396717071533,-0.09451089799404144,3.808108329772949,-1.1960200071334839
31.950474977493286,3.8120245933532715,1.2777291536331177,-0.7002991943513527,4.2342071533203125,-1.8654873371124268,0.01261810027062893,1.153118371963501,2.80595064163208,-0.08425386250019073,3.818040370941162,-1.1781498193740845
31.99961256980896,3.818401575088501,1.2766423225402832,-0.7451342550441235,4.2142415046691895,-1.9127904176712036,-0.00023520272225141525,1.1209830045700073,2.8133509159088135,-0.07198265194892883,3.8301749229431152,-1.1594719886779785
32.04939389228821,3.8246347904205322,1.2750383615493774,-0.7864056574113185,4.19571590423584,-1.9529871940612793,-0.011340683326125145,1.0904759168624878,2.820422649383545,-0.05853605642914772,3.843003511428833,-1.1409659385681152
32.099316120147705,3.830225944519043,1.2729567289352417,-0.8219415030842794,4.179289817810059,-1.9832502603530884,-0.021572155877947807,1.0636094808578491,2.826467275619507,-0.045065972954034805,3.855374813079834,-1.1236624717712402
32.150461196899414,3.8384790420532227,1.26972234249115,-0.8735911228876471,4.151185035705566,-2.0232834815979004,-0.039505735039711,1.024388313293457,2.8353664875030518,-0.02267628349363804,3.874462366104126,-1.0968060493469238
32.199557304382324,3.8450732231140137,1.2661393880844116,-0.9140652470521275,4.1236042976379395,-2.054757833480835,-0.05759579688310623,0.9920395612716675,2.842785120010376,-0.0021733094472438097,3.888727903366089,-1.0752967596054077
32.25030255317688,3.8515353202819824,1.2620515823364258,-0.9517723573383836,4.093195915222168,-2.0841166973114014,-0.07835671305656433,0.9588992595672607,2.8500893115997314,0.01933187060058117,3.901155471801758,-1.0541616678237915
32.299665212631226,3.8582897186279297,1.257192611694336,-0.991816736928566,4.062089920043945,-2.1107375621795654,-0.1001770868897438,0.9247676134109497,2.858206272125244,0.04130619764328003,3.912891149520874,-1.031124234199524
32.35028553009033,3.8653271198272705,1.25149405002594,-1.0311399429663601,4.029919147491455,-2.1353797912597656,-0.1223539337515831,0.8908671140670776,2.8671905994415283,0.06390959024429321,3.9243743419647217,-1.0061908960342407
32.39926290512085,3.8719940185546875,1.2450244426727295,-1.0658986159059733,3.995804786682129,-2.1595635414123535,-0.1452549248933792,0.8575520515441895,2.875925064086914,0.08635097742080688,3.9342875480651855,-0.9822402596473694
32.449482679367065,3.878739356994629,1.2377911806106567,-1.0971812788644502,3.957613706588745,-2.182723045349121,-0.1698761135339737,0.8242665529251099,2.8836731910705566,0.10815662145614624,3.9418039321899414,-0.9593415856361389
32.49943161010742,3.8849103450775146,1.2302887439727783,-1.1307510170388468,3.9150171279907227,-2.202202796936035,-0.19666577875614166,0.7904807925224304,2.8903110027313232,0.1285342127084732,3.9481303691864014,-0.9349547624588013
32.55024313926697,3.89133358001709,1.2225366830825806,-1.16352390731328,3.8689146041870117,-2.217291831970215,-0.22498977184295654,0.7564788460731506,2.896730661392212,0.1474824696779251,3.953686237335205,-0.9087586402893066
32.59905958175659,3.89741587638855,1.2141932249069214,-1.1966363897938364,3.8192806243896484,-2.226433038711548,-0.2546682059764862,0.7226126194000244,2.902757406234741,0.16498416662216187,3.959141731262207,-0.8815196752548218
32.65318298339844,3.9033191204071045,1.2054978609085083,-1.230090499516011,3.769817352294922,-2.230849504470825,-0.28503209352493286,0.6896684765815735,2.9087910652160645,0.1808614879846573,3.9635636806488037,-0.8540297150611877
32.69944906234741,3.9089226722717285,1.1965863704681396,-1.2658490213642357,3.725855827331543,-2.2341482639312744,-0.31506040692329407,0.6573246717453003,2.914888620376587,0.19499920308589935,3.9670979976654053,-0.8258212208747864
32.74958610534668,3.91437029838562,1.1874282360076904,-1.300741177262891,3.6826303005218506,-2.2395212650299072,-0.3439386188983917,0.6259246468544006,2.9211037158966064,0.20780274271965027,3.9696037769317627,-0.7970799803733826
32.79968976974487,3.919687509536743,1.1779242753982544,-1.333763362644607,3.6388399600982666,-2.249248743057251,-0.3714016377925873,0.5955637097358704,2.9283134937286377,0.21988435089588165,3.9714748859405518,-0.7670300602912903
32.84960460662842,3.9251632690429688,1.1667050123214722,-1.368572814099917,3.5975394248962402,-2.2610204219818115,-0.3973229229450226,0.5651183128356934,2.9369943141937256,0.2317257672548294,3.9736807346343994,-0.735446035861969
32.899399518966675,3.9301280975341797,1.155733346939087,-1.402032691122131,3.563929319381714,-2.2710368633270264,-0.41943714022636414,0.5375823974609375,2.9457976818084717,0.24228990077972412,3.9759182929992676,-0.707442045211792
32.949371337890625,3.936011791229248,1.143030047416687,-1.438305315374356,3.5236806869506836,-2.281552791595459,-0.4458748400211334,0.5026220083236694,2.958120584487915,0.25593096017837524,3.9795405864715576,-0.6754499673843384
33.00111389160156,3.9410505294799805,1.1290998458862305,-1.4775267869492419,3.4871408939361572,-2.290452480316162,-0.4684554636478424,0.47179046273231506,2.9700472354888916,0.26858994364738464,3.985076427459717,-0.6474568843841553
33.04937028884888,3.945732593536377,1.1156539916992188,-1.5127240867634737,3.4490771293640137,-2.3012194633483887,-0.49038904905319214,0.4420541226863861,2.982631206512451,0.28114017844200134,3.9930248260498047,-0.6184854507446289
33.100754499435425,3.9496004581451416,1.1011749505996704,-1.545807196979176,3.4076125621795654,-2.3139657974243164,-0.5120670199394226,0.4120308458805084,2.9958224296569824,0.29353997111320496,4.002509593963623,-0.5900769829750061
33.1497917175293,3.953125238418579,1.0874801874160767,-1.5756613076590522,3.3633861541748047,-2.327279567718506,-0.5338518023490906,0.3809247612953186,3.009882688522339,0.30633848905563354,4.011756420135498,-0.5651094913482666
33.200523376464844,3.955364227294922,1.0724499225616455,-1.6035594079863453,3.3180155754089355,-2.3414809703826904,-0.5554234385490417,0.34859833121299744,3.024829387664795,0.31899788975715637,4.020904064178467,-0.5414535403251648
33.24941277503967,3.956688404083252,1.0569374561309814,-1.630056326394311,3.273197650909424,-2.356111764907837,-0.5753914713859558,0.3147282898426056,3.0404698848724365,0.33115118741989136,4.031274795532227,-0.5165281295776367
33.2995388507843,3.9577059745788574,1.0411087274551392,-1.6540425655112287,3.227860450744629,-2.37015700340271,-0.5933948159217834,0.2795841693878174,3.057084798812866,0.3424587547779083,4.043546199798584,-0.490397185087204
33.34972834587097,3.958136558532715,1.0255414247512817,-1.6755736143136968,3.183084726333618,-2.384544610977173,-0.6088674664497375,0.24344389140605927,3.074658155441284,0.3530327379703522,4.057684898376465,-0.4643467664718628
33.399760723114014,3.9582126140594482,1.0093035697937012,-1.6961063398630454,3.139343738555908,-2.396759510040283,-0.6228768825531006,0.20690323412418365,3.0929508209228516,0.36241522431373596,4.073762893676758,-0.43959158658981323
33.44962167739868,3.9578497409820557,0.9925412535667419,-1.7159073336352635,3.094120979309082,-2.402644157409668,-0.6365799307823181,0.17000098526477814,3.111976385116577,0.3704093396663666,4.091268062591553,-0.4172041714191437
33.499884366989136,3.956862688064575,0.975967526435852,-1.7330871213957875,3.0483598709106445,-2.401500701904297,-0.6515863537788391,0.13434237241744995,3.1313586235046387,0.37796637415885925,4.109781742095947,-0.39501953125
33.54956293106079,3.955737352371216,0.9587870240211487,-1.7509507467558396,3.003873348236084,-2.3940563201904297,-0.6690026521682739,0.10026930272579193,3.1510658264160156,0.385787695646286,4.12835693359375,-0.37244102358818054
33.59965395927429,3.953993082046509,0.9421291351318359,-1.7687902535108724,2.960991621017456,-2.3827478885650635,-0.6881220936775208,0.06791006773710251,3.171438455581665,0.3942558467388153,4.145556926727295,-0.3505133390426636
33.6492018699646,3.9519927501678467,0.9253120422363281,-1.7849622098234368,2.9184134006500244,-2.3684608936309814,-0.7082884907722473,0.0368630588054657,3.1927812099456787,0.4034528136253357,4.1611247062683105,-0.3282438814640045
33.70049810409546,3.949532985687256,0.9094560742378235,-1.798355860427041,2.874835252761841,-2.3503541946411133,-0.7282146215438843,0.007375476416200399,3.2140533924102783,0.413443386554718,4.17631196975708,-0.3038368225097656
33.75009489059448,3.9464268684387207,0.8935203552246094,-1.8126990859933687,2.8299577236175537,-2.3271241188049316,-0.747792661190033,-0.021997977048158646,3.233872890472412,0.42433956265449524,4.190396308898926,-0.27924835681915283
33.79981255531311,3.943835496902466,0.8798341751098633,-1.8223782636482253,2.7856383323669434,-2.299062967300415,-0.767973005771637,-0.05222290754318237,3.2510182857513428,0.4360886216163635,4.202707767486572,-0.2576115131378174
33.84994339942932,3.940535068511963,0.8669176697731018,-1.830030568252185,2.7432961463928223,-2.2670137882232666,-0.789421558380127,-0.0835731029510498,3.2651891708374023,0.4483625292778015,4.213372230529785,-0.23740419745445251
33.89946269989014,3.9375686645507812,0.8559101223945618,-1.8338424635874329,2.7039101123809814,-2.2309751510620117,-0.8125322461128235,-0.11568553000688553,3.2774417400360107,0.46148547530174255,4.222698211669922,-0.21677204966545105
33.95059394836426,3.9344725608825684,0.8462907671928406,-1.8339432155033706,2.6679368019104004,-2.1913421154022217,-0.8370131254196167,-0.14815792441368103,3.288947820663452,0.4753934144973755,4.230600833892822,-0.1960892528295517
34.000396966934204,3.9314608573913574,0.8385069966316223,-1.8321412106362887,2.6341311931610107,-2.1551549434661865,-0.8629191517829895,-0.1807151436805725,3.2994325160980225,0.49014291167259216,4.236121654510498,-0.17601092159748077
34.049548864364624,3.928797483444214,0.8324875235557556,-1.8281370241592254,2.6000759601593018,-2.1230530738830566,-0.8886931538581848,-0.21294929087162018,3.308278799057007,0.5056045055389404,4.238617897033691,-0.1564277857542038
34.099294662475586,3.9270689487457275,0.8281418681144714,-1.8198038216856463,2.5631179809570312,-2.092054605484009,-0.9130138158798218,-0.24457381665706635,3.3145081996917725,0.5221114754676819,4.239855766296387,-0.13645148277282715
34.15019249916077,3.9249463081359863,0.8250623345375061,-1.8085719773154527,2.5245349407196045,-2.0616302490234375,-0.9348475933074951,-0.2756861746311188,3.3189878463745117,0.540252685546875,4.240353107452393,-0.1155938059091568
34.19981908798218,3.9236202239990234,0.8223690986633301,-1.7948549379514382,2.486168146133423,-2.0329415798187256,-0.9535518884658813,-0.3068322539329529,3.3224680423736572,0.5604881048202515,4.24122953414917,-0.0935426652431488
34.24967432022095,3.9223644733428955,0.8204558491706848,-1.7837895778601367,2.451643228530884,-2.0070531368255615,-0.9707381725311279,-0.3373035490512848,3.3250763416290283,0.5811729431152344,4.242592811584473,-0.07110331207513809
34.29933834075928,3.9213414192199707,0.8184608221054077,-1.772066584139799,2.413578510284424,-1.9786887168884277,-0.9883477091789246,-0.3722738027572632,3.3270604610443115,0.6052210330963135,4.245741367340088,-0.04441504552960396
34.35064148902893,3.920067310333252,0.8167250156402588,-1.7578574440156967,2.3761215209960938,-1.9508968591690063,-1.0033166408538818,-0.40651825070381165,3.328394889831543,0.6287210583686829,4.2509260177612305,-0.020583361387252808
34.400718688964844,3.9187171459198,0.8148856163024902,-1.7430757941779829,2.336714267730713,-1.920704960823059,-1.0159376859664917,-0.4403117895126343,3.329833745956421,0.6519629955291748,4.2587666511535645,0.001354023814201355
34.44961619377136,3.9170782566070557,0.8131358623504639,-1.726571080577219,2.2978715896606445,-1.8910729885101318,-1.025629997253418,-0.47178956866264343,3.3319005966186523,0.6729885935783386,4.268937110900879,0.02207126095890999
34.49970579147339,3.914888381958008,0.8110038638114929,-1.7055654688499362,2.253682851791382,-1.8576407432556152,-1.0346616506576538,-0.5072241425514221,3.3348498344421387,0.6946709156036377,4.284052848815918,0.0464656800031662
34.54965090751648,3.912963390350342,0.8091350197792053,-1.6857848858447757,2.214883804321289,-1.828216791152954,-1.0413521528244019,-0.54017174243927,3.3380954265594482,0.7123658657073975,4.300503730773926,0.06798378378152847
34.60005736351013,3.910680055618286,0.8071678876876831,-1.6610413949849059,2.173640251159668,-1.7973953485488892,-1.0471597909927368,-0.5786027312278748,3.341244697570801,0.7297680974006653,4.322075366973877,0.09033355861902237
34.64992332458496,3.908860683441162,0.8051202297210693,-1.6363374389969292,2.137425661087036,-1.7700875997543335,-1.0505797863006592,-0.6164284944534302,3.343900680541992,0.7444130778312683,4.346131801605225,0.10888159275054932
34.699251651763916,3.9067440032958984,0.8027753233909607,-1.6052196297220316,2.1055333614349365,-1.7408853769302368,-1.0513077974319458,-0.6549517512321472,3.3458032608032227,0.7571055889129639,4.372625350952148,0.12468383461236954
34.75008416175842,3.904529571533203,0.8004298806190491,-1.5727237689303528,2.076983690261841,-1.7063480615615845,-1.0499756336212158,-0.6934105753898621,3.34639835357666,0.7679360508918762,4.40120792388916,0.14120164513587952
34.79951858520508,3.901827335357666,0.7975379824638367,-1.536658888060526,2.0516388416290283,-1.66719388961792,-1.0476548671722412,-0.7312424778938293,3.346222162246704,0.7771983742713928,4.431017875671387,0.15946365892887115
34.84888195991516,3.8988654613494873,0.7949175834655762,-1.496986150720061,2.0292625427246094,-1.6258455514907837,-1.0465309619903564,-0.7684467434883118,3.3457553386688232,0.7858371734619141,4.458658695220947,0.17656810581684113
34.89905405044556,3.8958914279937744,0.7921431064605713,-1.4529225542073827,2.0089714527130127,-1.5846039056777954,-1.0468993186950684,-0.8047983050346375,3.3452205657958984,0.7944060564041138,4.484782695770264,0.19578266143798828
34.94956731796265,3.8929684162139893,0.7899223566055298,-1.405402185802514,1.9901533126831055,-1.542439579963684,-1.0480067729949951,-0.8415552973747253,3.3439157009124756,0.8030374646186829,4.5091071128845215,0.21811407804489136
34.9995596408844,3.889267921447754,0.7870886921882629,-1.3593701595551613,1.9730591773986816,-1.4973973035812378,-1.0495537519454956,-0.8789056539535522,3.342259407043457,0.8118448853492737,4.5308613777160645,0.2420988529920578
35.04938793182373,3.8863964080810547,0.784621000289917,-1.3080479654001482,1.9586669206619263,-1.44863760471344,-1.0512616634368896,-0.9159682989120483,3.3406448364257812,0.8211781978607178,4.549779891967773,0.2670428454875946
35.09916305541992,3.883047103881836,0.7827892899513245,-1.2546983428222567,1.9470672607421875,-1.3966505527496338,-1.0536985397338867,-0.9528011083602905,3.3388330936431885,0.8316053748130798,4.5662407875061035,0.2936634421348572
35.14952540397644,3.8801896572113037,0.7796029448509216,-1.2024605100994035,1.93867826461792,-1.3434889316558838,-1.0553147792816162,-0.9900261759757996,3.3369412422180176,0.8427230715751648,4.580620765686035,0.3220943808555603
35.23472189903259,3.877103328704834,0.7768906950950623,-1.1496160963480306,1.9336167573928833,-1.288838267326355,-1.0568175315856934,-1.0284664630889893,3.3353664875030518,0.8540958762168884,4.593072891235352,0.3523348271846771
35.24951481819153,3.8742852210998535,0.7734001874923706,-1.0953311118984712,1.930022120475769,-1.235978603363037,-1.0578840970993042,-1.0689375400543213,3.3343164920806885,0.8653415441513062,4.603289604187012,0.3850037753582001
35.29905652999878,3.8718299865722656,0.7704757452011108,-1.0448927786136617,1.9254804849624634,-1.1877299547195435,-1.0595768690109253,-1.1108533143997192,3.3341143131256104,0.8769389986991882,4.610589027404785,0.42125076055526733
35.34954380989075,3.869208812713623,0.7671201825141907,-0.9895560667500438,1.9185981750488281,-1.1405545473098755,-1.0610419511795044,-1.153873085975647,3.334622859954834,0.8892524242401123,4.616082668304443,0.461576372385025
35.39969801902771,3.867220878601074,0.7632867097854614,-0.9391984465990227,1.908329725265503,-1.0922236442565918,-1.062485694885254,-1.1969478130340576,3.33601713180542,0.9021189212799072,4.621559143066406,0.5061257481575012
35.45037388801575,3.8655343055725098,0.7598536014556885,-0.8948420273612895,1.8950847387313843,-1.0445071458816528,-1.0628104209899902,-1.2388933897018433,3.3383777141571045,0.9159844517707825,4.626331806182861,0.5492255091667175
35.49975252151489,3.8641462326049805,0.7558726072311401,-0.8497211384873442,1.8803443908691406,-0.9985923767089844,-1.0613893270492554,-1.2798261642456055,3.341615676879883,0.9307221174240112,4.632516384124756,0.5887159705162048
35.549535274505615,3.8639707565307617,0.7518160343170166,-0.8115390731374208,1.8655606508255005,-0.9544298052787781,-1.0581082105636597,-1.32002592086792,3.3461720943450928,0.9468600749969482,4.64326286315918,0.6274814605712891
35.59959673881531,3.8640217781066895,0.7481887340545654,-0.7777785456203836,1.850245475769043,-0.9104815721511841,-1.0530750751495361,-1.36039400100708,3.351548194885254,0.9640071988105774,4.6570515632629395,0.6674299240112305
35.649961948394775,3.8647756576538086,0.7445143461227417,-0.7528473263485974,1.8335975408554077,-0.8657550811767578,-1.0462878942489624,-1.402098536491394,3.357746124267578,0.9822037220001221,4.672103404998779,0.7062988877296448
35.70004487037659,3.8670589923858643,0.7406972646713257,-0.7293486659910527,1.815211296081543,-0.8189652562141418,-1.0365580320358276,-1.4439268112182617,3.365022897720337,1.0011622905731201,4.687009811401367,0.7436174750328064
35.74954128265381,3.868901252746582,0.7373564839363098,-0.7150126767660315,1.7958372831344604,-0.7729911804199219,-1.0249470472335815,-1.480919361114502,3.3731749057769775,1.0200200080871582,4.7013068199157715,0.7776578068733215
35.79941129684448,3.871910572052002,0.7333557605743408,-0.7025427231208834,1.7728482484817505,-0.7215177416801453,-1.0106775760650635,-1.5187954902648926,3.3841381072998047,1.0420403480529785,4.717942237854004,0.8147080540657043
35.851234436035156,3.8744547367095947,0.7300430536270142,-0.6923070905214496,1.751075029373169,-0.673184335231781,-0.9963921904563904,-1.552832007408142,3.3966057300567627,1.0638363361358643,4.735289096832275,0.8474317789077759
35.899296045303345,3.8773367404937744,0.7266665697097778,-0.6841653703696512,1.7300972938537598,-0.6269102096557617,-0.9810973405838013,-1.5866076946258545,3.410444974899292,1.0867371559143066,4.754349231719971,0.8755979537963867
35.94969892501831,3.8801965713500977,0.7234358787536621,-0.6805728822077557,1.7105556726455688,-0.5844226479530334,-0.9640953540802002,-1.6200064420700073,3.424403667449951,1.1099365949630737,4.77490758895874,0.9016154408454895
36.000028133392334,3.8827738761901855,0.7206233143806458,-0.6802705254283713,1.694556713104248,-0.5427249670028687,-0.9445180892944336,-1.652221441268921,3.437844753265381,1.1338335275650024,4.796233654022217,0.9293826818466187
36.04990339279175,3.885556697845459,0.7180657386779785,-0.6826655402445556,1.6825380325317383,-0.4982863664627075,-0.9212914705276489,-1.6821879148483276,3.449828624725342,1.158905267715454,4.815330505371094,0.956548273563385
36.09957456588745,3.889350414276123,0.7152436971664429,-0.6813002202572013,1.673651933670044,-0.4519433081150055,-0.8951689004898071,-1.7099416255950928,3.4583957195281982,1.1835415363311768,4.828654766082764,0.9824017882347107
36.15017485618591,3.8928070068359375,0.7124576568603516,-0.6841491157821515,1.6666514873504639,-0.4057462513446808,-0.8672962784767151,-1.73508620262146,3.4657955169677734,1.2093993425369263,4.83595085144043,1.0099643468856812
36.19950032234192,3.896062135696411,0.709976851940155,-0.689291586355356,1.6596165895462036,-0.36095499992370605,-0.8408763408660889,-1.759697437286377,3.4735488891601562,1.2384213209152222,4.8394036293029785,1.0403401851654053
36.24978828430176,3.899745464324951,0.7077720165252686,-0.6959421473933881,1.653314232826233,-0.3161461651325226,-0.8170108795166016,-1.7851989269256592,3.480534553527832,1.2698512077331543,4.8394775390625,1.0708483457565308
36.2994270324707,3.903395414352417,0.7047434449195862,-0.7011352720082712,1.6482157707214355,-0.2697242796421051,-0.7946943044662476,-1.811758279800415,3.484651565551758,1.3007696866989136,4.836533069610596,1.0999724864959717
36.34929084777832,3.906233310699463,0.7025647163391113,-0.7131917418568635,1.6453874111175537,-0.22042492032051086,-0.7721774578094482,-1.8392009735107422,3.4865407943725586,1.3309221267700195,4.830918312072754,1.1290596723556519
36.39936828613281,3.909172773361206,0.70103919506073,-0.7255865859024916,1.6455188989639282,-0.16823656857013702,-0.7492497563362122,-1.866743564605713,3.4883804321289062,1.3622246980667114,4.822720527648926,1.1586161851882935
36.45051670074463,3.9119644165039062,0.6997909545898438,-0.738595555014342,1.6481375694274902,-0.11549126356840134,-0.7255370020866394,-1.8936067819595337,3.4915695190429688,1.3969377279281616,4.8122453689575195,1.1887290477752686
36.4999783039093,3.915925979614258,0.6976235508918762,-0.7486275586527031,1.6532201766967773,-0.06532514095306396,-0.7026326060295105,-1.9195425510406494,3.496814012527466,1.4337018728256226,4.799988746643066,1.2174758911132812
36.54916596412659,3.91996169090271,0.6955850124359131,-0.765994143917771,1.6605397462844849,-0.011243349872529507,-0.6760663986206055,-1.949912190437317,3.504049062728882,1.4781190156936646,4.783663749694824,1.2507330179214478
36.601160287857056,3.923039674758911,0.6939749717712402,-0.7865725234514774,1.6656893491744995,0.03390371426939964,-0.651968240737915,-1.9786747694015503,3.509612798690796,1.5185381174087524,4.76851224899292,1.2806317806243896
36.650307416915894,3.927971601486206,0.6910210251808167,-0.80668735773647,1.6685465574264526,0.08305888622999191,-0.6248228549957275,-2.01210618019104,3.512594699859619,1.5628275871276855,4.752574443817139,1.3106884956359863
36.70013380050659,3.9335508346557617,0.6877608895301819,-0.8290943861081966,1.667923092842102,0.13186991214752197,-0.5998367071151733,-2.0446410179138184,3.5120553970336914,1.602897047996521,4.740716934204102,1.336573600769043
36.749539375305176,3.939743995666504,0.683761477470398,-0.8539858235981777,1.6636325120925903,0.1826598197221756,-0.5756627321243286,-2.0780446529388428,3.51066517829895,1.64279043674469,4.731488227844238,1.3635565042495728
36.79974675178528,3.946179151535034,0.6794084310531616,-0.8797689937462468,1.656141757965088,0.23308227956295013,-0.5525217056274414,-2.1110734939575195,3.510885715484619,1.683504343032837,4.723290920257568,1.3914331197738647
36.85061693191528,3.953634023666382,0.674345076084137,-0.9127307319009937,1.646650791168213,0.281329870223999,-0.5298778414726257,-2.1434714794158936,3.5119400024414062,1.7239025831222534,4.715865135192871,1.4191362857818604
36.90120792388916,3.9611027240753174,0.6690273880958557,-0.9469469057354555,1.6356017589569092,0.3289230763912201,-0.5068910717964172,-2.1743123531341553,3.5138752460479736,1.7630066871643066,4.7082977294921875,1.4459773302078247
36.949294567108154,3.968207359313965,0.6637262105941772,-0.9813508227053866,1.622780442237854,0.3768140375614166,-0.4831787943840027,-2.2026374340057373,3.5177395343780518,1.8017498254776,4.700719833374023,1.4725499153137207
37.00036668777466,3.9753658771514893,0.658082127571106,-1.0178001036354298,1.608938217163086,0.4230535924434662,-0.4598289430141449,-2.228276252746582,3.523540735244751,1.8406422138214111,4.693914890289307,1.4977595806121826
37.04990601539612,3.983386993408203,0.6511325836181641,-1.0619841717897072,1.590238094329834,0.47491151094436646,-0.4328325688838959,-2.254678249359131,3.531573534011841,1.8865879774093628,4.6877336502075195,1.5252395868301392
37.09941291809082,3.990396499633789,0.6443442106246948,-1.1018579840097158,1.5697828531265259,0.5236881375312805,-0.4068053662776947,-2.278719425201416,3.5397162437438965,1.929134726524353,4.683241367340088,1.5510762929916382
37.149354696273804,3.996929168701172,0.6370278596878052,-1.1400847799825828,1.5490244626998901,0.5725101232528687,-0.3811304569244385,-2.3005754947662354,3.547684669494629,1.9705719947814941,4.680691719055176,1.5754592418670654
37.19985103607178,4.002884864807129,0.6295284628868103,-1.175655613947119,1.5297421216964722,0.6204490661621094,-0.35455673933029175,-2.3221933841705322,3.555809736251831,2.01113224029541,4.677922248840332,1.5997250080108643
37.24920177459717,4.008411407470703,0.6216810941696167,-1.208976032233618,1.5115835666656494,0.6656845211982727,-0.32622894644737244,-2.3431155681610107,3.5646896362304688,2.051456928253174,4.67537784576416,1.6242085695266724
37.30000925064087,4.013406753540039,0.6140223145484924,-1.241055856138477,1.4971849918365479,0.7090080976486206,-0.29627278447151184,-2.3628745079040527,3.5745725631713867,2.0923664569854736,4.672890663146973,1.646750569343567
37.35042953491211,4.018200397491455,0.6065599322319031,-1.2733925940863002,1.4882469177246094,0.754141628742218,-0.26504209637641907,-2.380345344543457,3.5853078365325928,2.133565664291382,4.667257785797119,1.667586326599121
37.40238690376282,4.022602558135986,0.5987305641174316,-1.304085646591847,1.484318733215332,0.8007780909538269,-0.23277691006660461,-2.3954591751098633,3.5963995456695557,2.1750335693359375,4.656922817230225,1.6888248920440674
37.44980025291443,4.026865005493164,0.590907871723175,-1.3337939944604935,1.4809093475341797,0.848076343536377,-0.1995173543691635,-2.408484697341919,3.6074860095977783,2.216949939727783,4.643527507781982,1.7094625234603882
37.500178813934326,4.030843257904053,0.5825217366218567,-1.3608851486306988,1.4753667116165161,0.8959264755249023,-0.16554170846939087,-2.420032262802124,3.6181979179382324,2.259446144104004,4.629761695861816,1.7276087999343872
37.54959273338318,4.03505277633667,0.5733879804611206,-1.3914312100663113,1.4679147005081177,0.9440393447875977,-0.13151389360427856,-2.4316437244415283,3.6283371448516846,2.3010809421539307,4.615509986877441,1.7430505752563477
37.599666118621826,4.039090633392334,0.5639733672142029,-1.4209001418086027,1.4600743055343628,0.9919664263725281,-0.09920934587717056,-2.444631576538086,3.637120246887207,2.3418893814086914,4.599265098571777,1.7578599452972412
37.649333477020264,4.042982578277588,0.5535024404525757,-1.4508599300463612,1.453894853591919,1.040390133857727,-0.06854737550020218,-2.4590139389038086,3.64298939704895,2.3835268020629883,4.5813775062561035,1.772598147392273
37.700276136398315,4.047255039215088,0.5430148243904114,-1.48034768391675,1.450005292892456,1.0901650190353394,-0.03834613040089607,-2.4742417335510254,3.644420862197876,2.426246404647827,4.562415599822998,1.7861896753311157
37.749725580215454,4.050577163696289,0.531398355960846,-1.5118380905146322,1.4477266073226929,1.1411442756652832,-0.008263329043984413,-2.489792823791504,3.6405041217803955,2.468830108642578,4.541159152984619,1.7975314855575562
37.799842834472656,4.053386211395264,0.5200802087783813,-1.5383459727152873,1.4462883472442627,1.1878381967544556,0.017884060740470886,-2.503239154815674,3.6329357624053955,2.5043089389801025,4.518888473510742,1.805983543395996
37.84981322288513,4.056301116943359,0.5067909359931946,-1.5707307274762143,1.4450395107269287,1.2481112480163574,0.05010377988219261,-2.5196478366851807,3.6182587146759033,2.543478488922119,4.487563610076904,1.814808964729309
37.89955139160156,4.058176040649414,0.4933848977088928,-1.598904764467553,1.4429070949554443,1.301066517829895,0.0795690193772316,-2.534698247909546,3.60133695602417,2.574814558029175,4.459437847137451,1.822091817855835
37.94952034950256,4.059837341308594,0.4796102046966553,-1.625833982980975,1.4379550218582153,1.3507521152496338,0.11030341684818268,-2.550675868988037,3.581463575363159,2.6045374870300293,4.435373306274414,1.829805850982666
37.999502658843994,4.060901165008545,0.4661753177642822,-1.6509783413702703,1.4285690784454346,1.3998115062713623,0.14230097830295563,-2.5680882930755615,3.558992624282837,2.6331493854522705,4.414369106292725,1.8381612300872803
38.05051374435425,4.061666488647461,0.4503535032272339,-1.677400127398076,1.4147765636444092,1.4487366676330566,0.17502841353416443,-2.5871148109436035,3.534407377243042,2.659572124481201,4.392347812652588,1.8492921590805054
38.0998010635376,4.061766624450684,0.4350741505622864,-1.7016482246007165,1.3962706327438354,1.4945504665374756,0.20782315731048584,-2.6077845096588135,3.5081210136413574,2.682817220687866,4.368598937988281,1.861539602279663
38.149566411972046,4.061566352844238,0.4199336767196655,-1.7251092574029796,1.3737512826919556,1.5360095500946045,0.24045583605766296,-2.628758192062378,3.479766607284546,2.702686071395874,4.344722270965576,1.8743441104888916
38.19963884353638,4.060482501983643,0.40418481826782227,-1.7473275292387103,1.3480002880096436,1.574238657951355,0.2727430462837219,-2.6486213207244873,3.4488863945007324,2.7210090160369873,4.321547508239746,1.8867722749710083
38.249797344207764,4.05892276763916,0.3881816267967224,-1.767830191985572,1.3194665908813477,1.6117451190948486,0.30522263050079346,-2.6668589115142822,3.4183645248413086,2.738274574279785,4.298011779785156,1.8994041681289673
38.30053520202637,4.056944847106934,0.3730659782886505,-1.7852400606257657,1.286695122718811,1.6495310068130493,0.337764710187912,-2.6820321083068848,3.391674518585205,2.7547922134399414,4.2740631103515625,1.9125419855117798
38.35006046295166,4.054201602935791,0.35538238286972046,-1.804758220195318,1.2496201992034912,1.686988353729248,0.37024053931236267,-2.6948165893554688,3.36816143989563,2.771584987640381,4.2512078285217285,1.9269412755966187
38.400514364242554,4.051389217376709,0.33895909786224365,-1.824206152392825,1.2085705995559692,1.7233164310455322,0.4033428430557251,-2.7060041427612305,3.345344066619873,2.7904715538024902,4.230604648590088,1.9429962635040283
38.44976258277893,4.048432350158691,0.32167455554008484,-1.842919137459004,1.1645231246948242,1.7574539184570312,0.4363727569580078,-2.7151782512664795,3.3222496509552,2.8112900257110596,4.213090896606445,1.9610084295272827
38.499701261520386,4.045416831970215,0.30451086163520813,-1.8604770695568404,1.1168445348739624,1.7912088632583618,0.4687424898147583,-2.72213077545166,3.299091100692749,2.8323564529418945,4.197865009307861,1.9798145294189453
38.55049443244934,4.041451454162598,0.28723862767219543,-1.8782557424494741,1.071434736251831,1.8244423866271973,0.49996113777160645,-2.727130889892578,3.2767395973205566,2.8536312580108643,4.181562423706055,1.999662160873413
38.60003423690796,4.037417888641357,0.2709396481513977,-1.8944654301515702,1.0309853553771973,1.8553204536437988,0.5305421948432922,-2.7298405170440674,3.2543036937713623,2.8745343685150146,4.164571762084961,2.020097494125366
38.650203227996826,4.033246040344238,0.25404512882232666,-1.910738002844813,0.9940861463546753,1.8869304656982422,0.5613955855369568,-2.7300543785095215,3.2298471927642822,2.8951332569122314,4.146385192871094,2.0398170948028564
38.70088481903076,4.028592586517334,0.237410768866539,-1.9272230944938855,0.9627396464347839,1.9189046621322632,0.591157078742981,-2.7274789810180664,3.204149007797241,2.9135217666625977,4.128475666046143,2.056415557861328
38.74963331222534,4.024003505706787,0.22176265716552734,-1.9428342445622497,0.9338817596435547,1.9525880813598633,0.62123703956604,-2.7221121788024902,3.1764461994171143,2.9303781986236572,4.107625961303711,2.071263313293457
38.79951786994934,4.018444538116455,0.20366492867469788,-1.9612078148281773,0.900384783744812,1.9929194450378418,0.6560783982276917,-2.7116079330444336,3.141392230987549,2.9489755630493164,4.0796895027160645,2.0871336460113525
38.85004663467407,4.013381004333496,0.18843674659729004,-1.9769051332349772,0.87074214220047,2.027348756790161,0.685282826423645,-2.6999056339263916,3.1093945503234863,2.9641077518463135,4.055604934692383,2.0994129180908203
38.899869441986084,4.007841110229492,0.17250730097293854,-1.9932510837971003,0.8385019898414612,2.0642611980438232,0.7163136601448059,-2.6854875087738037,3.074738025665283,2.980647087097168,4.031219482421875,2.1111011505126953
38.949814796447754,4.002429008483887,0.15712887048721313,-2.009960673289338,0.8056694269180298,2.101961135864258,0.7481318116188049,-2.6698639392852783,3.040133476257324,2.996083974838257,4.005231857299805,2.1211373805999756
38.99983620643616,3.995591163635254,0.13993962109088898,-2.0285917951271553,0.771164059638977,2.1420950889587402,0.7801283001899719,-2.6558737754821777,3.0044796466827393,3.0128135681152344,3.9763925075531006,2.130204916000366
39.04975914955139,3.989546537399292,0.12574321031570435,-2.0440745055836778,0.7408801913261414,2.17859148979187,0.8080350756645203,-2.64359974861145,2.9730429649353027,3.0277700424194336,3.950028896331787,2.1372647285461426
39.10011172294617,3.9832184314727783,0.11110316216945648,-2.060680889518777,0.7091357707977295,2.2167985439300537,0.8375170826911926,-2.6296682357788086,2.9400014877319336,3.044422149658203,3.9220528602600098,2.1436007022857666
39.15011477470398,3.9762604236602783,0.09606987982988358,-2.078249362937414,0.6739361882209778,2.2558271884918213,0.8688762784004211,-2.614163875579834,2.9036014080047607,3.0610299110412598,3.891939878463745,2.1485390663146973
39.19967031478882,3.969506025314331,0.08202885836362839,-2.095001317605366,0.6398178935050964,2.290117025375366,0.8980631232261658,-2.5987470149993896,2.8670122623443604,3.073186159133911,3.8620009422302246,2.1513864994049072
39.24939727783203,3.9626526832580566,0.06822735071182251,-2.1113861660845195,0.6054348349571228,2.3212809562683105,0.9266397356987,-2.5826525688171387,2.829514265060425,3.0794661045074463,3.830350875854492,2.1534299850463867
39.302369117736816,3.95596981048584,0.05552104860544205,-2.1274740455117263,0.5704021453857422,2.347550868988037,0.9535751938819885,-2.5663044452667236,2.7951207160949707,3.0798046588897705,3.800936222076416,2.1565463542938232
39.349263191223145,3.948456048965454,0.04131127893924713,-2.146768946470409,0.527304470539093,2.3726799488067627,0.9845219850540161,-2.546938896179199,2.758925437927246,3.0753111839294434,3.771523952484131,2.1623775959014893
39.39979076385498,3.94018816947937,0.02753647416830063,-2.1648746124037537,0.48428258299827576,2.3913512229919434,1.0150809288024902,-2.527184247970581,2.7261059284210205,3.067451238632202,3.743565082550049,2.1699306964874268
39.45121717453003,3.933849334716797,0.014741841703653336,-2.184801044091902,0.44013652205467224,2.4064300060272217,1.0467123985290527,-2.5067801475524902,2.6938886642456055,3.056518077850342,3.713229179382324,2.1788978576660156
39.50042772293091,3.926039934158325,0.0017246920615434647,-2.2019099696571818,0.3943948745727539,2.418865203857422,1.0798447132110596,-2.4855101108551025,2.662755012512207,3.042247772216797,3.6831789016723633,2.1890132427215576
39.54968976974487,3.9190056324005127,-0.010472986847162247,-2.221221685236964,0.3487347364425659,2.4276304244995117,1.112326979637146,-2.4642295837402344,2.6356005668640137,3.0258495807647705,3.6568751335144043,2.1996536254882812
39.600302934646606,3.9108402729034424,-0.023777924478054047,-2.2416423720629166,0.2933698296546936,2.4330058097839355,1.1489852666854858,-2.4398796558380127,2.6084399223327637,3.0045692920684814,3.6285388469696045,2.2126243114471436
39.64949083328247,3.901467800140381,-0.03697982430458069,-2.259229130339309,0.23849937319755554,2.4323012828826904,1.1834558248519897,-2.415654182434082,2.585733413696289,2.9821078777313232,3.6013967990875244,2.226707696914673
39.69942045211792,3.8918488025665283,-0.05106692016124725,-2.2795346308763054,0.18364942073822021,2.4260566234588623,1.2159260511398315,-2.3905141353607178,2.565185070037842,2.9575796127319336,3.5750694274902344,2.2429635524749756
39.7504665851593,3.8831443786621094,-0.06341426819562912,-2.2988963024395064,0.132341206073761,2.416457176208496,1.2439879179000854,-2.3653652667999268,2.5467612743377686,2.9318459033966064,3.551569938659668,2.2608909606933594
39.79942202568054,3.8733808994293213,-0.07609423995018005,-2.318045945833693,0.07611822336912155,2.403970718383789,1.2714825868606567,-2.3367059230804443,2.5274364948272705,2.904337167739868,3.5293641090393066,2.283026695251465
39.8499219417572,3.863736629486084,-0.08963257819414139,-2.3414418416857856,0.02145841345191002,2.390275239944458,1.29707932472229,-2.303957462310791,2.507462739944458,2.877713680267334,3.507718324661255,2.3096044063568115
39.90010952949524,3.8535966873168945,-0.10230398178100586,-2.3608446393003373,-0.023274052888154984,2.378788948059082,1.3182650804519653,-2.2719507217407227,2.488644599914551,2.8538615703582764,3.4865901470184326,2.336174964904785
39.95091700553894,3.8439576625823975,-0.11393513530492783,-2.3794886626857243,-0.06416433304548264,2.3699541091918945,1.336817741394043,-2.239896059036255,2.4696109294891357,2.8302316665649414,3.464493989944458,2.363535165786743
39.99955749511719,3.833268880844116,-0.126327246427536,-2.3990491611975733,-0.10211867839097977,2.3634049892425537,1.3530712127685547,-2.2067818641662598,2.4507896900177,2.8064467906951904,3.4430322647094727,2.3895912170410156
40.049591302871704,3.821737766265869,-0.13872389495372772,-2.416991363350487,-0.13766728341579437,2.3577356338500977,1.367347002029419,-2.171959161758423,2.4331066608428955,2.7829203605651855,3.42162823677063,2.4135146141052246
40.09931969642639,3.810032844543457,-0.15067380666732788,-2.4337357568321227,-0.17325253784656525,2.351111888885498,1.3794894218444824,-2.135225772857666,2.416569471359253,2.760010242462158,3.39774489402771,2.435582160949707
40.15042424201965,3.7978107929229736,-0.16261592507362366,-2.449251860048367,-0.20901890099048615,2.343559980392456,1.3883857727050781,-2.099954843521118,2.401859760284424,2.738997220993042,3.3730571269989014,2.455239772796631
40.1995952129364,3.78397798538208,-0.17494724690914154,-2.463362627600722,-0.2516208291053772,2.3341822624206543,1.3956608772277832,-2.0589447021484375,2.3867368698120117,2.715585947036743,3.3461129665374756,2.4756314754486084
40.24941110610962,3.7701497077941895,-0.1869797706604004,-2.4756306925925506,-0.2937425971031189,2.324113368988037,1.4011714458465576,-2.018648624420166,2.3728930950164795,2.693377733230591,3.3218419551849365,2.4926586151123047
40.299286127090454,3.7553162574768066,-0.19946686923503876,-2.487466179057435,-0.33691856265068054,2.3143632411956787,1.405377745628357,-1.9775824546813965,2.3584651947021484,2.6713438034057617,3.2967045307159424,2.507672071456909
40.350329637527466,3.7404818534851074,-0.2112865298986435,-2.4971144171672073,-0.3807910978794098,2.3054842948913574,1.4093880653381348,-1.9370616674423218,2.3430514335632324,2.6510541439056396,3.270376682281494,2.5213539600372314
40.39961504936218,3.7254209518432617,-0.2231229543685913,-2.5066184485258196,-0.42487725615501404,2.2972476482391357,1.4148051738739014,-1.8986115455627441,2.3265700340270996,2.632678985595703,3.2440285682678223,2.534273624420166
40.44990587234497,3.7104668617248535,-0.2347509264945984,-2.51674148400647,-0.46750468015670776,2.289541244506836,1.4212414026260376,-1.8615765571594238,2.3091368675231934,2.6153290271759033,3.217731237411499,2.546395778656006
40.49980711936951,3.6941123008728027,-0.24694201350212097,-2.526493270522455,-0.5093032121658325,2.279841184616089,1.4275481700897217,-1.824857473373413,2.290956735610962,2.598435878753662,3.1912291049957275,2.557067394256592
40.550392389297485,3.6794066429138184,-0.2577017545700073,-2.5361570077750604,-0.5506324172019958,2.2675979137420654,1.433382272720337,-1.7882702350616455,2.2728068828582764,2.582362174987793,3.164327383041382,2.566716194152832
40.60092258453369,3.663438081741333,-0.26890185475349426,-2.5477080336017437,-0.5880053043365479,2.258026599884033,1.438483715057373,-1.7516834735870361,2.2548820972442627,2.5663259029388428,3.1361243724823,2.5765533447265625
40.65005040168762,3.6487390995025635,-0.27928322553634644,-2.5582946866232747,-0.6231126189231873,2.247488021850586,1.4434293508529663,-1.7145476341247559,2.2377424240112305,2.54923677444458,3.108253240585327,2.5874998569488525
40.701083183288574,3.6341328620910645,-0.2893811762332916,-2.569405192678124,-0.6577587127685547,2.2324845790863037,1.4483559131622314,-1.6763269901275635,2.2215545177459717,2.5301482677459717,3.0838935375213623,2.6001369953155518
40.74944186210632,3.6195783615112305,-0.2995208501815796,-2.581875092561587,-0.6899762153625488,2.2129836082458496,1.4532912969589233,-1.6368169784545898,2.2078990936279297,2.509486675262451,3.060112476348877,2.614630937576294
40.79943656921387,3.6072676181793213,-0.30821743607521057,-2.593772044680116,-0.7157225012779236,2.1936721801757812,1.4577525854110718,-1.6012544631958008,2.1980350017547607,2.490309238433838,3.0369694232940674,2.6291615962982178
40.85010886192322,3.592150926589966,-0.31881457567214966,-2.6108768120318016,-0.7447420954704285,2.168585777282715,1.4634747505187988,-1.5570955276489258,2.1901867389678955,2.4659318923950195,3.006779432296753,2.6487996578216553
40.9000141620636,3.5799038410186768,-0.3275550901889801,-2.626426117904112,-0.7676738500595093,2.145589590072632,1.4684385061264038,-1.5195207595825195,2.1870760917663574,2.4459388256073,2.981110095977783,2.6661245822906494
40.9501097202301,3.566335678100586,-0.3369917571544647,-2.6458400544536094,-0.7918779253959656,2.1159892082214355,1.4743479490280151,-1.4775909185409546,2.1865456104278564,2.424222707748413,2.9526689052581787,2.6860928535461426
40.99976205825806,3.5545079708099365,-0.34512463212013245,-2.6641592705171853,-0.8127771019935608,2.0833911895751953,1.4805713891983032,-1.4374926090240479,2.1887171268463135,2.403301239013672,2.9247586727142334,2.7061376571655273
41.049665212631226,3.5412635803222656,-0.35430651903152466,-2.682873180958116,-0.8312066793441772,2.0471837520599365,1.486908197402954,-1.3975105285644531,2.193478584289551,2.381856918334961,2.896833896636963,2.727921485900879
41.099777698516846,3.5288679599761963,-0.3620786964893341,-2.701177960651561,-0.8468377590179443,2.007899045944214,1.4913731813430786,-1.3577171564102173,2.2010843753814697,2.3607852458953857,2.86867094039917,2.751253843307495
41.1496467590332,3.5161688327789307,-0.36987555027008057,-2.718234267124909,-0.859119713306427,1.9677761793136597,1.4935747385025024,-1.3179035186767578,2.2118375301361084,2.340688467025757,2.8408749103546143,2.7768046855926514
41.20017337799072,3.5034117698669434,-0.37734514474868774,-2.7353476428746197,-0.867746889591217,1.926593542098999,1.4935709238052368,-1.278627634048462,2.2265186309814453,2.3216514587402344,2.814822196960449,2.80405855178833
41.24952006340027,3.4906888008117676,-0.38433387875556946,-2.7511115040929455,-0.8731486797332764,1.8846051692962646,1.4918029308319092,-1.2402886152267456,2.2454864978790283,2.3033554553985596,2.7891182899475098,2.831847667694092
41.30008912086487,3.4775567054748535,-0.39091092348098755,-2.7657222237894046,-0.8782493472099304,1.8450877666473389,1.4887408018112183,-1.2033014297485352,2.267923593521118,2.2854368686676025,2.76373553276062,2.8596794605255127
41.350688457489014,3.464348554611206,-0.3974243402481079,-2.779128178982392,-0.8853991627693176,1.806632399559021,1.4845298528671265,-1.1661688089370728,2.2923920154571533,2.267112970352173,2.7393574714660645,2.8849806785583496
41.39926266670227,3.450791835784912,-0.40351611375808716,-2.7920559187195657,-0.8963060975074768,1.7661678791046143,1.4790490865707397,-1.128078579902649,2.3172035217285156,2.2486867904663086,2.712671995162964,2.9074289798736572
41.4505889415741,3.436809539794922,-0.40967220067977905,-2.8044628965322205,-0.9096493124961853,1.7243313789367676,1.471728801727295,-1.0890309810638428,2.3412680625915527,2.2305190563201904,2.6831653118133545,2.9273693561553955
41.499629974365234,3.422849416732788,-0.4156002402305603,-2.8169118333939096,-0.9236391186714172,1.6842658519744873,1.4629184007644653,-1.0501083135604858,2.364370346069336,2.2122159004211426,2.652479887008667,2.9448583126068115
41.550076484680176,3.4089229106903076,-0.4214126765727997,-2.8290999622013926,-0.9370982050895691,1.646317720413208,1.4523237943649292,-1.0109508037567139,2.386052370071411,2.1937623023986816,2.621535301208496,2.9595165252685547
41.59976387023926,3.3944742679595947,-0.42701709270477295,-2.841057325798006,-0.9522477388381958,1.611180067062378,1.4401642084121704,-0.9715837240219116,2.4063096046447754,2.175252676010132,2.5895462036132812,2.9713492393493652
41.65037655830383,3.3797430992126465,-0.43257802724838257,-2.8534247982528154,-0.9694530963897705,1.575919270515442,1.4271875619888306,-0.932479739189148,2.4249048233032227,2.158379554748535,2.555941343307495,2.9810843467712402
41.699538707733154,3.3648524284362793,-0.4380989670753479,-2.866326468306892,-0.9895228147506714,1.5381979942321777,1.4140278100967407,-0.8934702277183533,2.4422309398651123,2.1430716514587402,2.521085262298584,2.9888525009155273
41.74954319000244,3.349858283996582,-0.44337037205696106,-2.8794815660695363,-1.0134738683700562,1.4967949390411377,1.4018330574035645,-0.8549904227256775,2.4589226245880127,2.1288232803344727,2.485858678817749,2.994429588317871
41.79957699775696,3.3347299098968506,-0.44834282994270325,-2.892915238613444,-1.0412296056747437,1.4530686140060425,1.3922964334487915,-0.8173695206642151,2.4755680561065674,2.1149048805236816,2.448573589324951,2.997833490371704
41.85082483291626,3.3201842308044434,-0.45312774181365967,-2.90483595460966,-1.0705512762069702,1.4123516082763672,1.3855677843093872,-0.7818989753723145,2.4912707805633545,2.101163864135742,2.4115395545959473,2.9989473819732666
41.89937114715576,3.3030927181243896,-0.4581907391548157,-2.918695439313126,-1.105248212814331,1.3685705661773682,1.380192756652832,-0.7416879534721375,2.5091919898986816,2.0841317176818848,2.368725299835205,2.9974136352539062
41.94944882392883,3.2876150608062744,-0.4626350402832031,-2.9312263011472752,-1.1362106800079346,1.3272228240966797,1.3769580125808716,-0.7059321999549866,2.5253660678863525,2.067563533782959,2.3309197425842285,2.995394468307495
41.999835729599,3.269998550415039,-0.46743181347846985,-2.9451116044641643,-1.1700575351715088,1.2813584804534912,1.3741005659103394,-0.6664991974830627,2.543078899383545,2.047731876373291,2.292586326599121,2.9946906566619873
42.05037021636963,3.253481149673462,-0.47155827283859253,-2.9576435952580127,-1.1986331939697266,1.2405848503112793,1.3715516328811646,-0.6287539005279541,2.5590856075286865,2.027989387512207,2.258007526397705,2.9970920085906982
42.10006761550903,3.2364766597747803,-0.4754365086555481,-2.970328930502126,-1.222010850906372,1.1988428831100464,1.3694733381271362,-0.5898275375366211,2.574854612350464,2.007530927658081,2.222942590713501,3.001673936843872
42.15027737617493,3.2197139263153076,-0.47913452982902527,-2.982281119965469,-1.2397338151931763,1.1565836668014526,1.3680424690246582,-0.5492038130760193,2.590811252593994,1.9862172603607178,2.187953233718872,3.0073513984680176
42.19996738433838,3.202533721923828,-0.482589989900589,-2.993881571451984,-1.2522594928741455,1.1159063577651978,1.3674947023391724,-0.507805585861206,2.608429193496704,1.9646494388580322,2.153796911239624,3.012855291366577
42.25097632408142,3.185420036315918,-0.48571139574050903,-3.005624655602059,-1.2621779441833496,1.0790936946868896,1.3679808378219604,-0.46572789549827576,2.6284191608428955,1.9438515901565552,2.1201012134552,3.0173122882843018
42.30095314979553,3.1683530807495117,-0.4885301887989044,-3.016321502612199,-1.2696956396102905,1.0420607328414917,1.369423508644104,-0.4235287010669708,2.64945387840271,1.9250450134277344,2.0857956409454346,3.0213778018951416
42.34979009628296,3.151726722717285,-0.49116623401641846,-3.0274881433606406,-1.2741479873657227,1.0030953884124756,1.371169090270996,-0.3808586001396179,2.671459436416626,1.9084672927856445,2.0507214069366455,3.0255236625671387
42.399832010269165,3.1351678371429443,-0.4934719204902649,-3.0377398830539173,-1.2745381593704224,0.9610425233840942,1.373489499092102,-0.33840662240982056,2.6948728561401367,1.8948227167129517,2.015394449234009,3.0306236743927
42.45098519325256,3.1187362670898438,-0.4956546425819397,-3.0470582935297625,-1.2716363668441772,0.9181554317474365,1.3754422664642334,-0.2965856194496155,2.719050884246826,1.884933352470398,1.9792524576187134,3.0379693508148193
42.500399589538574,3.102252960205078,-0.4975489377975464,-3.055400124902343,-1.2654110193252563,0.8750945329666138,1.376130223274231,-0.2545164227485657,2.743191957473755,1.879490852355957,1.9450336694717407,3.047203779220581
42.54985737800598,3.085322141647339,-0.4993504285812378,-3.062957561722683,-1.2549970149993896,0.8327448964118958,1.376143217086792,-0.21227850019931793,2.7689316272735596,1.8775787353515625,1.9121791124343872,3.0569589138031006
42.59986734390259,3.068394422531128,-0.5008604526519775,-3.0694606337255648,-1.2402836084365845,0.7899344563484192,1.375539779663086,-0.17091193795204163,2.797818899154663,1.8757774829864502,1.8783230781555176,3.0663650035858154
42.64925527572632,3.051311731338501,-0.5024756193161011,-3.0759439607768875,-1.225250005722046,0.7441531419754028,1.3734830617904663,-0.13088597357273102,2.8290860652923584,1.8721739053726196,1.8443713188171387,3.075901508331299
42.69908809661865,3.0337636470794678,-0.5039222836494446,-3.0829177739581293,-1.213780403137207,0.6969923377037048,1.3708852529525757,-0.0912354364991188,2.8625125885009766,1.86750066280365,1.8106034994125366,3.0834381580352783
42.750308990478516,3.0162785053253174,-0.5054123401641846,-3.08916870892784,-1.2050514221191406,0.6499164700508118,1.3680211305618286,-0.05060974508523941,2.8978233337402344,1.8634676933288574,1.7754954099655151,3.0874433517456055
42.799755811691284,2.998107671737671,-0.5066365599632263,-3.0948585748050843,-1.1987559795379639,0.6014610528945923,1.3646389245986938,-0.008641328662633896,2.935534954071045,1.862186312675476,1.740004539489746,3.088315725326538
42.84941840171814,2.981123447418213,-0.5076596140861511,-3.0997156954426606,-1.1944867372512817,0.5556241869926453,1.3609936237335205,0.03185100480914116,2.9736247062683105,1.864240050315857,1.706472635269165,3.0878775119781494
42.90052676200867,2.9624383449554443,-0.5084119439125061,-3.1034474037383015,-1.190484881401062,0.5060886144638062,1.355894684791565,0.07735122740268707,3.0180859565734863,1.870172142982483,1.6700356006622314,3.0856704711914062
42.949360609054565,2.9437661170959473,-0.5088146328926086,-3.1069525226584647,-1.186861515045166,0.463438481092453,1.3501185178756714,0.11871936172246933,3.059406042098999,1.8779244422912598,1.6370899677276611,3.0813119411468506
43.00091290473938,2.9242329597473145,-0.5091031789779663,-3.1098405062767545,-1.1832752227783203,0.4148337244987488,1.3419910669326782,0.16500891745090485,3.107414960861206,1.8874926567077637,1.5998579263687134,3.0743606090545654
43.04990029335022,2.9066250324249268,-0.509300172328949,-3.1122915306350234,-1.1797298192977905,0.36992061138153076,1.3340156078338623,0.20581866800785065,3.150700092315674,1.8958356380462646,1.565780758857727,3.06650972366333
43.09948396682739,2.8871195316314697,-0.5094479918479919,-3.1159865111738116,-1.1758720874786377,0.3179856538772583,1.3254510164260864,0.25003859400749207,3.1959726810455322,1.9060149192810059,1.5267680883407593,3.0550882816314697
43.149099826812744,2.869443655014038,-0.5096283555030823,-3.1189341279944522,-1.172434687614441,0.27017906308174133,1.3193676471710205,0.2887299060821533,3.2336692810058594,1.9136865139007568,1.49067223072052,3.0420291423797607
43.19973301887512,2.8511691093444824,-0.5098183155059814,-3.1230615807724065,-1.1701563596725464,0.21510851383209229,1.3150757551193237,0.33210188150405884,3.274214506149292,1.918325662612915,1.4491558074951172,3.0236988067626953
43.250059366226196,2.833740234375,-0.5100775361061096,-3.1270178216235025,-1.1694625616073608,0.16828355193138123,1.3136277198791504,0.3690575063228607,3.307147979736328,1.9191043376922607,1.4136606454849243,3.0062081813812256
43.299882650375366,2.8137733936309814,-0.5101775527000427,-3.131652717488512,-1.1693893671035767,0.10770179331302643,1.3134726285934448,0.4150935411453247,3.346665620803833,1.9161816835403442,1.3701269626617432,2.984874725341797
43.34996247291565,2.796201467514038,-0.5106668472290039,-3.13730793103817,-1.169417142868042,0.05484490841627121,1.314031720161438,0.4553543031215668,3.3812789916992188,1.9112818241119385,1.3333982229232788,2.968864917755127
43.399794816970825,2.7798287868499756,-0.511032223701477,3.1404708464511217,-1.1684859991073608,0.005737499333918095,1.3148237466812134,0.4949568212032318,3.4153029918670654,1.9045929908752441,1.2963389158248901,2.955751895904541
43.45064926147461,2.7627413272857666,-0.5111058354377747,3.134887157553478,-1.1646435260772705,-0.04050011187791824,1.3158572912216187,0.5350106358528137,3.4494504928588867,1.8964743614196777,1.2568774223327637,2.9436023235321045
43.50047779083252,2.744715690612793,-0.511078953742981,3.129905629690971,-1.1571258306503296,-0.0873795747756958,1.3170912265777588,0.5757312178611755,3.4839816093444824,1.8864725828170776,1.2172454595565796,2.9331672191619873
43.5503351688385,2.7274019718170166,-0.511056661605835,3.125460600773112,-1.1456245183944702,-0.13253776729106903,1.3189077377319336,0.6156919002532959,3.519183874130249,1.8745795488357544,1.1782209873199463,2.923915386199951
43.60022854804993,2.7118563652038574,-0.5109165906906128,3.121053743236047,-1.1337350606918335,-0.1704418808221817,1.3219796419143677,0.6513768434524536,3.5506575107574463,1.8624281883239746,1.14366614818573,2.915557861328125
43.649516344070435,2.6924960613250732,-0.5105613470077515,3.1158937627018735,-1.1177483797073364,-0.2155715376138687,1.3273303508758545,0.6963400840759277,3.5904107093811035,1.8448905944824219,1.0995811223983765,2.9043872356414795
43.7021586894989,2.675537109375,-0.5100571513175964,3.1124628911130405,-1.1028432846069336,-0.2550041377544403,1.3333125114440918,0.7371015548706055,3.625753879547119,1.8268394470214844,1.0587258338928223,2.8944218158721924
43.749727964401245,2.661550521850586,-0.5095866918563843,3.1093506736409062,-1.0894584655761719,-0.28795111179351807,1.3388782739639282,0.7710442543029785,3.65480899810791,1.8100202083587646,1.0248600244522095,2.8868601322174072
43.800599336624146,2.6427505016326904,-0.5089136362075806,3.106450787500722,-1.0682469606399536,-0.33506494760513306,1.3473869562149048,0.8179129362106323,3.6947405338287354,1.7876700162887573,0.9753714203834534,2.876918315887451
43.849350929260254,2.62748646736145,-0.5080703496932983,3.1051797093939446,-1.0468121767044067,-0.3764970302581787,1.3540090322494507,0.8574950098991394,3.7281830310821533,1.7712434530258179,0.931158185005188,2.8683502674102783
43.899181842803955,2.6138434410095215,-0.5072348117828369,3.1046050641133944,-1.0241310596466064,-0.4167241156101227,1.3591102361679077,0.8951940536499023,3.7592835426330566,1.7571756839752197,0.8883135318756104,2.859888792037964
43.949774980545044,2.600186586380005,-0.5063700079917908,3.1047658614081453,-0.996044933795929,-0.4629538059234619,1.3637686967849731,0.9370810985565186,3.793583631515503,1.7428606748580933,0.8415240049362183,2.851026773452759
44.000202894210815,2.5860164165496826,-0.5053748488426208,3.1062747657854013,-0.9677449464797974,-0.5065047144889832,1.3676060438156128,0.9755191802978516,3.826148748397827,1.72964346408844,0.799628734588623,2.8421154022216797
44.05009126663208,2.5729916095733643,-0.5043123960494995,3.1087224008895906,-0.9424297213554382,-0.5475491285324097,1.3718637228012085,1.0127747058868408,3.8593859672546387,1.7154465913772583,0.7570318579673767,2.829407215118408
44.09959936141968,2.5602219104766846,-0.5031294822692871,3.1128951508592677,-0.9209850430488586,-0.5873156189918518,1.3771388530731201,1.0504987239837646,3.893238067626953,1.6993818283081055,0.714019238948822,2.8121049404144287
44.14987397193909,2.5478951930999756,-0.5018104910850525,3.118642578812338,-0.9017841219902039,-0.6298038959503174,1.3828020095825195,1.0895977020263672,3.927893877029419,1.680938959121704,0.6714923977851868,2.7918105125427246
44.200642108917236,2.5356485843658447,-0.5004811882972717,3.1270566251485126,-0.8851359486579895,-0.6757795214653015,1.388846755027771,1.1298301219940186,3.962212085723877,1.6605159044265747,0.6302420496940613,2.769207239151001
44.250213861465454,2.5233731269836426,-0.4988059997558594,3.136987008902995,-0.8706444501876831,-0.7231824994087219,1.394034504890442,1.1703852415084839,3.9966347217559814,1.6388170719146729,0.5902286767959595,2.7438619136810303
44.30004644393921,2.511497735977173,-0.4972803592681885,-3.136724949843321,-0.8569818139076233,-0.7701413631439209,1.3981143236160278,1.2113652229309082,4.032344341278076,1.6164449453353882,0.5499886870384216,2.7153122425079346
44.34936285018921,2.497939109802246,-0.49585211277008057,-3.1251925341858904,-0.8437737822532654,-0.818246603012085,1.4004122018814087,1.2526557445526123,4.069473743438721,1.593435525894165,0.5095791816711426,2.683720111846924
44.399558782577515,2.485363721847534,-0.49448344111442566,-3.1120920534975913,-0.8313084840774536,-0.8687732219696045,1.4010087251663208,1.2935067415237427,4.107331275939941,1.5705301761627197,0.46839261054992676,2.6484196186065674
44.450307846069336,2.470834493637085,-0.49276140332221985,-3.095407752197974,-0.8210521936416626,-0.9210079312324524,1.400824785232544,1.3334546089172363,4.145646095275879,1.5475633144378662,0.4264903962612152,2.6091275215148926
44.50076198577881,2.4567835330963135,-0.4910801649093628,-3.076909173385932,-0.8129338622093201,-0.9738132357597351,1.4024150371551514,1.372473955154419,4.183278560638428,1.5257225036621094,0.3835342526435852,2.565545082092285
44.54973483085632,2.4426751136779785,-0.48932406306266785,-3.0563167789855354,-0.8051982522010803,-1.0273079872131348,1.406622290611267,1.410850167274475,4.21943998336792,1.5060601234436035,0.33940425515174866,2.5189716815948486
44.59978103637695,2.428880453109741,-0.4876457154750824,-3.033164086769782,-0.7948673963546753,-1.0818814039230347,1.4130491018295288,1.4491424560546875,4.252425670623779,1.4842628240585327,0.2956211268901825,2.47249174118042
44.64944815635681,2.4151177406311035,-0.486406534910202,-3.009595838850769,-0.7822327017784119,-1.1360771656036377,1.4211230278015137,1.4867240190505981,4.281198978424072,1.4582247734069824,0.25144821405410767,2.427051305770874
44.69998121261597,2.401357650756836,-0.4853280484676361,-2.9846482375159984,-0.7677221298217773,-1.1874799728393555,1.4296479225158691,1.522841453552246,4.305117130279541,1.428463101387024,0.20517219603061676,2.3816003799438477
44.7492196559906,2.387467384338379,-0.4848361611366272,-2.960036442548796,-0.7503418922424316,-1.2358149290084839,1.4386687278747559,1.5582189559936523,4.3248114585876465,1.3951572179794312,0.15733836591243744,2.3368778228759766
44.80090045928955,2.3764030933380127,-0.4845137596130371,-2.9401840633420844,-0.7343503832817078,-1.2716951370239258,1.446528673171997,1.5861042737960815,4.338357925415039,1.3675655126571655,0.1195775717496872,2.3030357360839844
44.85036015510559,2.359205484390259,-0.4845466613769531,-2.9109748473515356,-0.7066271901130676,-1.3238784074783325,1.46086585521698,1.6311414241790771,4.357522010803223,1.3221672773361206,0.05965835228562355,2.2496681213378906
44.899513483047485,2.343118667602539,-0.48500752449035645,-2.8847511634880276,-0.6831331849098206,-1.3627755641937256,1.474292516708374,1.668853521347046,4.371441841125488,1.2852102518081665,0.010442598722875118,2.204362630844116
44.9494526386261,2.327568292617798,-0.48582923412323,-2.8603100875862832,-0.6592984795570374,-1.3995933532714844,1.489522933959961,1.7067410945892334,4.383077144622803,1.2478290796279907,-0.03861762210726738,2.1579253673553467
44.99989914894104,2.3123223781585693,-0.4870147407054901,-2.8354081107550915,-0.6342968940734863,-1.435326337814331,1.506489872932434,1.7446337938308716,4.392431735992432,1.2093168497085571,-0.08870381861925125,2.108922243118286
45.04977250099182,2.297680616378784,-0.4887647330760956,-2.811728666684453,-0.606188952922821,-1.4698821306228638,1.5247520208358765,1.7824534177780151,4.399165630340576,1.168705940246582,-0.13892558217048645,2.0580129623413086
45.09994602203369,2.2821030616760254,-0.49087756872177124,-2.786223501581434,-0.5761705636978149,-1.5023183822631836,1.5424526929855347,1.81806218624115,4.402785301208496,1.1291149854660034,-0.1850503385066986,2.0098185539245605
45.15072798728943,2.26597261428833,-0.4936158359050751,-2.761592275902814,-0.5385420322418213,-1.5376687049865723,1.5609130859375,1.857130765914917,4.403172492980957,1.0841623544692993,-0.23408053815364838,1.9558700323104858
45.201229095458984,2.2516896724700928,-0.49670425057411194,-2.7411569934262645,-0.501895546913147,-1.5673749446868896,1.5750975608825684,1.8919668197631836,4.401338577270508,1.044298529624939,-0.2754763960838318,1.9019891023635864
45.24948477745056,2.2360336780548096,-0.5005737543106079,-2.719325307120951,-0.45609182119369507,-1.5985503196716309,1.5894346237182617,1.9308726787567139,4.399036407470703,1.0009961128234863,-0.3156367838382721,1.8379164934158325
45.30004692077637,2.2215802669525146,-0.5046754479408264,-2.6995905709696886,-0.41271233558654785,-1.6257480382919312,1.6022237539291382,1.967882513999939,4.398468971252441,0.9605777859687805,-0.3477671444416046,1.7772129774093628
45.35033893585205,2.207515239715576,-0.5088995695114136,-2.6799072284037826,-0.3737092912197113,-1.652758002281189,1.6143187284469604,2.0046305656433105,4.401449680328369,0.9179834723472595,-0.3755398988723755,1.7179272174835205
45.40104126930237,2.1947901248931885,-0.5129707455635071,-2.6614240707107366,-0.33814725279808044,-1.6804001331329346,1.625058650970459,2.0383670330047607,4.409111499786377,0.875806987285614,-0.4000263512134552,1.6597853899002075
45.4503014087677,2.1807875633239746,-0.5176816582679749,-2.6405633811642426,-0.2994000315666199,-1.714654564857483,1.636507272720337,2.075593948364258,4.421182155609131,0.8266510367393494,-0.4250296950340271,1.5930356979370117
45.50039720535278,2.167823076248169,-0.5223488807678223,-2.620956702460756,-0.26401811838150024,-1.748419165611267,1.6472879648208618,2.111720323562622,4.43406343460083,0.7778836488723755,-0.4460638761520386,1.5264948606491089
45.55043435096741,2.1557960510253906,-0.5265328884124756,-2.605854024992346,-0.2299947589635849,-1.7814133167266846,1.6580532789230347,2.149054765701294,4.446815013885498,0.7260786294937134,-0.4631951153278351,1.457921028137207
45.60098457336426,2.1429738998413086,-0.5315296053886414,-2.5860376109379026,-0.19644135236740112,-1.8155632019042969,1.6682677268981934,2.1875925064086914,4.459203243255615,0.6718945503234863,-0.4766409695148468,1.3867319822311401
45.649977684020996,2.130167007446289,-0.5366545915603638,-2.566096264372881,-0.16202233731746674,-1.8522874116897583,1.6773573160171509,2.227412700653076,4.47327995300293,0.6172340512275696,-0.48826634883880615,1.3168315887451172
45.69998097419739,2.1178886890411377,-0.5416584610939026,-2.545231821586784,-0.12659506499767303,-1.8918992280960083,1.685666799545288,2.268437385559082,4.49057674407959,0.5646071434020996,-0.5013459324836731,1.2474534511566162
45.75058388710022,2.10400652885437,-0.5475993156433105,-2.5215812477877666,-0.09042849391698837,-1.9334535598754883,1.6940616369247437,2.3090171813964844,4.511385440826416,0.5144938230514526,-0.5179771184921265,1.1821129322052002
45.80052399635315,2.091125726699829,-0.5535867214202881,-2.499739864722538,-0.05414756387472153,-1.9765524864196777,1.703134536743164,2.3483502864837646,4.533747673034668,0.46594497561454773,-0.5367462635040283,1.1233117580413818
45.85037326812744,2.0776844024658203,-0.5601679086685181,-2.4771192863330347,-0.016728337854146957,-2.0200612545013428,1.7131400108337402,2.3866682052612305,4.555804252624512,0.41859012842178345,-0.5564355254173279,1.0677125453948975
45.89916276931763,2.0641367435455322,-0.5671674013137817,-2.453917180132529,0.02065136656165123,-2.0632832050323486,1.7245376110076904,2.4232192039489746,4.576462745666504,0.3727376163005829,-0.5765477418899536,1.0119743347167969
45.949623346328735,2.0508217811584473,-0.5745702385902405,-2.4286534082919315,0.055362120270729065,-2.104247570037842,1.737821340560913,2.4583117961883545,4.594765663146973,0.32900872826576233,-0.5971059799194336,0.9545990228652954
46.001033306121826,2.038151979446411,-0.5818281173706055,-2.4044629653560725,0.08888573199510574,-2.1412994861602783,1.7530195713043213,2.4926953315734863,4.608830451965332,0.2841070890426636,-0.617660403251648,0.8959636688232422
46.05038905143738,2.0239429473876953,-0.5902871489524841,-2.3802877162582825,0.12533661723136902,-2.1752846240997314,1.7697491645812988,2.526151657104492,4.618472099304199,0.23517689108848572,-0.638350784778595,0.8364814519882202
46.100223779678345,2.011889934539795,-0.5982420444488525,-2.3562720060811317,0.16422510147094727,-2.206002950668335,1.7877392768859863,2.557859420776367,4.6246514320373535,0.1838352531194687,-0.6592116951942444,0.7764731049537659
46.1512017250061,1.9985709190368652,-0.6074074506759644,-2.3311214998534275,0.2041090428829193,-2.2338473796844482,1.8063758611679077,2.5875914096832275,4.629192352294922,0.13527657091617584,-0.6795018911361694,0.7173029184341431
46.20013880729675,1.9861494302749634,-0.6164025664329529,-2.30936704925886,0.24411362409591675,-2.2596240043640137,1.826620101928711,2.6155524253845215,4.633352279663086,0.08981535583734512,-0.6996498703956604,0.6586056351661682
46.24983334541321,1.9750561714172363,-0.6251440048217773,-2.286484249794421,0.28487956523895264,-2.2838058471679688,1.8487143516540527,2.6415367126464844,4.637153625488281,0.0455075278878212,-0.7188919186592102,0.596670925617218
46.30094265937805,1.9626046419143677,-0.6348193883895874,-2.26386013298014,0.3275357186794281,-2.3065922260284424,1.8727463483810425,2.664848566055298,4.639662265777588,0.0020112358033657074,-0.7352924346923828,0.5309970378875732
46.35072588920593,1.9516316652297974,-0.6442305445671082,-2.2427528791849682,0.3728019893169403,-2.327529191970825,1.898772954940796,2.6852521896362305,4.639443397521973,-0.04036131128668785,-0.7487114667892456,0.46642595529556274
46.4010112285614,1.940812349319458,-0.6536473631858826,-2.2215381780270396,0.4204307198524475,-2.3460800647735596,1.9259930849075317,2.7034058570861816,4.635936260223389,-0.08147599548101425,-0.7596381902694702,0.403720885515213
46.45085120201111,1.9309806823730469,-0.6625135540962219,-2.2014875956576594,0.46695923805236816,-2.360713481903076,1.9524528980255127,2.719212770462036,4.630202293395996,-0.11925200372934341,-0.7690088748931885,0.3443056643009186
46.49972414970398,1.920497179031372,-0.6725476384162903,-2.1797217116514127,0.521443247795105,-2.373591899871826,1.9826586246490479,2.7357687950134277,4.621426582336426,-0.162009134888649,-0.7784071564674377,0.2779499590396881
46.54950308799744,1.9112303256988525,-0.6816658973693848,-2.158279887275501,0.5742480158805847,-2.3836729526519775,2.011737108230591,2.751138925552368,4.613483428955078,-0.20151227712631226,-0.7857330441474915,0.21439112722873688
46.60002827644348,1.902803897857666,-0.6901045441627502,-2.1392165877689377,0.6252108216285706,-2.393540620803833,2.0402889251708984,2.766871929168701,4.608170986175537,-0.23934438824653625,-0.7910929918289185,0.14894556999206543
46.64976620674133,1.8943300247192383,-0.6991268396377563,-2.1197844962483967,0.674737811088562,-2.4047739505767822,2.0688514709472656,2.7834718227386475,4.605592250823975,-0.27846309542655945,-0.7935718894004822,0.08090728521347046
46.70191311836243,1.8856666088104248,-0.708669900894165,-2.098848900492779,0.7236075401306152,-2.418485641479492,2.0975029468536377,2.8006019592285156,4.60615348815918,-0.3197874426841736,-0.7934181690216064,0.012782990001142025
46.7495551109314,1.8781018257141113,-0.7170655131340027,-2.0794383393954115,0.7719553709030151,-2.4346225261688232,2.1261346340179443,2.818194627761841,4.608928680419922,-0.3636096119880676,-0.7923535704612732,-0.05281452834606171
46.79931330680847,1.8694698810577393,-0.7271721363067627,-2.058510153180439,0.8194079399108887,-2.4514052867889404,2.1545586585998535,2.835427761077881,4.613785743713379,-0.4088086485862732,-0.7945353388786316,-0.116317018866539
46.84974145889282,1.862022042274475,-0.7364752888679504,-2.0405707194451614,0.8662369847297668,-2.468194007873535,2.1835057735443115,2.852224588394165,4.620220184326172,-0.4536997377872467,-0.8003934621810913,-0.17671814560890198
46.900604486465454,1.8538084030151367,-0.7471370100975037,-2.0191074102923676,0.9140703678131104,-2.485994577407837,2.213940382003784,2.868004322052002,4.627448558807373,-0.4989286959171295,-0.8083664774894714,-0.234308660030365
46.95150852203369,1.8463486433029175,-0.7570347189903259,-1.9995997502924856,0.9602423310279846,-2.5042598247528076,2.2439591884613037,2.8822619915008545,4.634891033172607,-0.5426601767539978,-0.816186249256134,-0.2883206009864807
46.999640464782715,1.8383355140686035,-0.7680833339691162,-1.9790743790029608,1.0097609758377075,-2.525590181350708,2.277149200439453,2.897444486618042,4.643886089324951,-0.5898721814155579,-0.8242653608322144,-0.346645712852478
47.050386905670166,1.8303240537643433,-0.7800098061561584,-1.9573828762777035,1.0623822212219238,-2.5494790077209473,2.3129470348358154,2.913841724395752,4.655960559844971,-0.640146017074585,-0.8321913480758667,-0.40842050313949585
47.09996223449707,1.822641134262085,-0.7916408181190491,-1.9355494318870419,1.1121697425842285,-2.5721256732940674,2.3475208282470703,2.9308605194091797,4.670417785644531,-0.688041627407074,-0.8398180603981018,-0.46757927536964417
47.15102005004883,1.8152687549591064,-0.8038222789764404,-1.9144511762726435,1.1625499725341797,-2.5927109718322754,2.3825976848602295,2.949967622756958,4.687514305114746,-0.7359946966171265,-0.8480876088142395,-0.5280158519744873
47.199461698532104,1.8084145784378052,-0.8157597780227661,-1.8943781740831434,1.2093284130096436,-2.610262632369995,2.4152016639709473,2.969316005706787,4.70438814163208,-0.7809118032455444,-0.8557478785514832,-0.5859461426734924
47.24967980384827,1.8007827997207642,-0.8295131325721741,-1.8721908241737306,1.2587339878082275,-2.6284730434417725,2.451249837875366,2.9906280040740967,4.72308874130249,-0.8301047682762146,-0.8650524616241455,-0.64899080991745
47.299965143203735,1.7942577600479126,-0.8417125940322876,-1.854516775524569,1.3035489320755005,-2.6419949531555176,2.4834799766540527,3.0078747272491455,4.739074230194092,-0.8725146651268005,-0.8730886578559875,-0.7040184140205383
47.35117793083191,1.7883906364440918,-0.8538610935211182,-1.8365971570238566,1.3474899530410767,-2.6514461040496826,2.5137341022491455,3.021465539932251,4.751253604888916,-0.9120341539382935,-0.8777334094047546,-0.7574729323387146
47.39912724494934,1.7810802459716797,-0.8700284361839294,-1.8126938171075266,1.4061459302902222,-2.6581737995147705,2.5528500080108643,3.0354576110839844,4.7615437507629395,-0.9659485816955566,-0.8786990642547607,-0.8282856941223145
47.45025968551636,1.7752891778945923,-0.8835191130638123,-1.7930108363945088,1.455115556716919,-2.65930438041687,2.5867185592651367,3.044189691543579,4.765635967254639,-1.0118589401245117,-0.8768567442893982,-0.8854688405990601
47.49939322471619,1.7689192295074463,-0.898788571357727,-1.7712250365356497,1.5023537874221802,-2.6573891639709473,2.6205508708953857,3.0501604080200195,4.7667646408081055,-1.0562232732772827,-0.87347012758255,-0.9414790868759155
47.550201654434204,1.763069987297058,-0.9138108491897583,-1.7498825903621154,1.5493661165237427,-2.652212381362915,2.6533126831054688,3.0531506538391113,4.766347885131836,-1.0987823009490967,-0.8680049180984497,-0.9983736276626587
47.60259437561035,1.7576247453689575,-0.9289217591285706,-1.7293443869333065,1.5974619388580322,-2.643185615539551,2.685694456100464,3.053518056869507,4.764632701873779,-1.1406666040420532,-0.8597690463066101,-1.0560426712036133
47.649991512298584,1.752397060394287,-0.9444240927696228,-1.7086142554518466,1.6462351083755493,-2.6301374435424805,2.7181129455566406,3.0514631271362305,4.761213779449463,-1.1827362775802612,-0.8480724096298218,-1.114560604095459
47.69907259941101,1.7474757432937622,-0.9604017734527588,-1.6884409973361252,1.6949609518051147,-2.613119602203369,2.7509243488311768,3.046900749206543,4.755803108215332,-1.2251486778259277,-0.8320914506912231,-1.1746619939804077
47.8331458568573,1.7431646585464478,-0.9757038950920105,-1.670545617620631,1.7411216497421265,-2.5932464599609375,2.782174587249756,3.0401456356048584,4.749106407165527,-1.2649481296539307,-0.8127492666244507,-1.2342556715011597
47.83494234085083,1.7431646585464478,-0.9757038950920105,-1.670545617620631,1.7411216497421265,-2.5932464599609375,2.782174587249756,3.0401456356048584,4.749106407165527,-1.2649481296539307,-0.8127492666244507,-1.2342556715011597
47.85055184364319,1.7352756261825562,-1.009864091873169,-1.6371432414284677,1.8363213539123535,-2.5493452548980713,2.850060224533081,3.018275499343872,4.728600025177002,-1.3491021394729614,-0.764815092086792,-1.3621054887771606
47.89908266067505,1.7317999601364136,-1.0285111665725708,-1.6213259005284895,1.8803786039352417,-2.5308971405029297,2.8831872940063477,3.005464792251587,4.714404106140137,-1.3905560970306396,-0.7450985312461853,-1.421626091003418
47.95211410522461,1.7290009260177612,-1.0463191270828247,-1.6077664773020437,1.9253852367401123,-2.5130884647369385,2.9164326190948486,2.991467237472534,4.698403358459473,-1.4312525987625122,-0.72967529296875,-1.4794636964797974
48.00066781044006,1.7265969514846802,-1.0629059076309204,-1.5967733871960208,1.9682294130325317,-2.4966750144958496,2.9480340480804443,2.977667808532715,4.685250282287598,-1.4683517217636108,-0.7175445556640625,-1.5320895910263062
48.04997706413269,1.7243010997772217,-1.08098304271698,-1.583986608819013,2.0154061317443848,-2.4787187576293945,2.983487844467163,2.963172674179077,4.6709818840026855,-1.5099881887435913,-0.7044687867164612,-1.5887330770492554
48.09973454475403,1.7224204540252686,-1.097518801689148,-1.5731672047711698,2.0590012073516846,-2.462303638458252,3.0170633792877197,2.9497909545898438,4.659111499786377,-1.5506386756896973,-0.6912439465522766,-1.6423503160476685
48.14945673942566,1.7208526134490967,-1.1133651733398438,-1.5635167194258308,2.1033880710601807,-2.4466776847839355,3.0497853755950928,2.935570478439331,4.650015354156494,-1.5925120115280151,-0.6778136491775513,-1.6973601579666138
48.199570178985596,1.719566822052002,-1.1276603937149048,-1.5551453802170767,2.14963698387146,-2.432077646255493,3.0819175243377686,2.921128511428833,4.640839099884033,-1.6348705291748047,-0.6642099618911743,-1.7523382902145386
48.25092387199402,1.7186799049377441,-1.1409215927124023,-1.547319972523871,2.198570489883423,-2.4185409545898438,3.1129558086395264,2.9071171283721924,4.631608963012695,-1.6774377822875977,-0.6501114368438721,-1.8091704845428467
48.29961943626404,1.7180556058883667,-1.153502106666565,-1.541243939041379,2.249333143234253,-2.406463146209717,3.1432175636291504,2.892798662185669,4.622889995574951,-1.7201063632965088,-0.6356353163719177,-1.8672993183135986
48.3492968082428,1.7176588773727417,-1.1641305685043335,-1.5373234009782388,2.3008270263671875,-2.396007776260376,3.174048900604248,2.8774547576904297,4.614450454711914,-1.7624692916870117,-0.6205254793167114,-1.9246506690979004
48.40189838409424,1.7177220582962036,-1.1729133129119873,-1.534618429891787,2.353355884552002,-2.3848021030426025,3.2058193683624268,2.860779285430908,4.606696128845215,-1.8049200773239136,-0.6053560972213745,-1.9803413152694702
48.45005536079407,1.7177027463912964,-1.1805626153945923,-1.5335195287704209,2.4054501056671143,-2.3733279705047607,3.238492965698242,2.843369722366333,4.600621700286865,-1.8480273485183716,-0.5871574878692627,-2.0354766845703125
48.50073790550232,1.7179460525512695,-1.1864386796951294,-1.5337645719590705,2.4567019939422607,-2.362205743789673,3.2720799446105957,2.8258094787597656,4.5952019691467285,-1.891876459121704,-0.5635384321212769,-2.090785264968872
48.54982900619507,1.7180742025375366,-1.1910784244537354,-1.5349599696602259,2.5080320835113525,-2.349029779434204,3.3067333698272705,2.8086025714874268,4.5894856452941895,-1.9365017414093018,-0.536171555519104,-2.1435985565185547
48.60009050369263,1.718431830406189,-1.1945453882217407,-1.537590945918485,2.558262586593628,-2.331303834915161,3.3426012992858887,2.792309045791626,4.583559513092041,-1.9808282852172852,-0.5077395439147949,-2.1923346519470215
48.64950370788574,1.719123363494873,-1.1965155601501465,-1.542438257859898,2.606376886367798,-2.309551954269409,3.379544258117676,2.777214765548706,4.578141689300537,-2.0235886573791504,-0.47815561294555664,-2.2386741638183594
48.70024371147156,1.719487190246582,-1.197959303855896,-1.5461573151543415,2.6507840156555176,-2.2859699726104736,3.416895627975464,2.761551856994629,4.571953773498535,-2.06388258934021,-0.4470328092575073,-2.283738613128662
48.75000023841858,1.7196171283721924,-1.1993255615234375,-1.5482986804234244,2.6919705867767334,-2.263364315032959,3.452849864959717,2.7439424991607666,4.561214923858643,-2.1024043560028076,-0.4145195186138153,-2.3265199661254883
48.800440549850464,1.7194883823394775,-1.2002793550491333,-1.548456774892782,2.730935573577881,-2.241485834121704,3.4860260486602783,2.7246644496917725,4.545806884765625,-2.1369848251342773,-0.37976425886154175,-2.3672282695770264
48.84983158111572,1.7193034887313843,-1.202210545539856,-1.5473658265371004,2.7672741413116455,-2.219503164291382,3.5152578353881836,2.7046072483062744,4.528174877166748,-2.1662583351135254,-0.3438635766506195,-2.404344320297241
48.90188026428223,1.7192800045013428,-1.2045471668243408,-1.5465013988505563,2.8078651428222656,-2.1923439502716064,3.545855760574341,2.68076229095459,4.507877349853516,-2.19391131401062,-0.29916515946388245,-2.4464428424835205
48.94937705993652,1.7191352844238281,-1.2074869871139526,-1.546019019291349,2.8467016220092773,-2.1644234657287598,3.5724525451660156,2.657374858856201,4.4874396324157715,-2.216261386871338,-0.2569870948791504,-2.485124111175537
49.00176119804382,1.7192883491516113,-1.211714506149292,-1.5462855070123593,2.8845415115356445,-2.1347975730895996,3.5967459678649902,2.6338083744049072,4.4657301902771,-2.235732316970825,-0.21900810301303864,-2.5222878456115723
49.04959225654602,1.7194671630859375,-1.2162388563156128,-1.5460735386395987,2.920909881591797,-2.103105068206787,3.6192617416381836,2.609389543533325,4.442348003387451,-2.2523086071014404,-0.18517787754535675,-2.560520648956299
49.10042953491211,1.7197058200836182,-1.2210108041763306,-1.5462003203895738,2.9475929737091064,-2.07675838470459,3.6358847618103027,2.5894737243652344,4.423585891723633,-2.263148784637451,-0.161760151386261,-2.590371608734131
49.14936089515686,1.7198683023452759,-1.2294459342956543,-1.5467975485566032,2.9844181537628174,-2.036423683166504,3.660630464553833,2.5563716888427734,4.394392013549805,-2.275721788406372,-0.12593379616737366,-2.6375393867492676
49.199668169021606,1.7199373245239258,-1.2374317646026611,-1.5473207940352893,3.0107107162475586,-2.006713390350342,3.678750514984131,2.527966022491455,4.370558738708496,-2.28348970413208,-0.09611620008945465,-2.67475962638855
49.25011706352234,1.720129132270813,-1.2456644773483276,-1.5483019719490951,3.036130666732788,-1.9784549474716187,3.69364070892334,2.5004844665527344,4.349656581878662,-2.290591239929199,-0.06738878786563873,-2.7089247703552246
49.29936861991882,1.720198154449463,-1.2553975582122803,-1.548995136425524,3.065518617630005,-1.9470710754394531,3.7082273960113525,2.468059539794922,4.327242851257324,-2.2979393005371094,-0.036417651921510696,-2.7450778484344482
49.349393129348755,1.7201708555221558,-1.266704797744751,-1.5496783603703395,3.0928101539611816,-1.9181348085403442,3.7209928035736084,2.4359652996063232,4.305814743041992,-2.304776430130005,-0.008357515558600426,-2.778395414352417
49.40048861503601,1.7200934886932373,-1.2774566411972046,-1.5494524808754637,3.1169393062591553,-1.8913224935531616,3.7326979637145996,2.4044480323791504,4.283985137939453,-2.3116321563720703,0.01671115681529045,-2.808966875076294
49.450143575668335,1.7201564311981201,-1.2903540134429932,-1.5496313609866552,3.144639730453491,-1.8616863489151,3.745582103729248,2.3691370487213135,4.258782863616943,-2.3211467266082764,0.0461951419711113,-2.841745615005493
49.500823974609375,1.7202892303466797,-1.3033294677734375,-1.5496076213196104,3.1738643646240234,-1.8330152034759521,3.758958339691162,2.3370285034179688,4.236593246459961,-2.33135724067688,0.07222127169370651,-2.8718912601470947
49.54981970787048,1.7202930450439453,-1.3169902563095093,-1.5500004607852227,3.2055768966674805,-1.8031165599822998,3.7735958099365234,2.305819511413574,4.216165065765381,-2.3422229290008545,0.09709278494119644,-2.9010202884674072
49.59974551200867,1.7202757596969604,-1.3306865692138672,-1.5503026463179226,3.2382025718688965,-1.7744274139404297,3.7877039909362793,2.276097536087036,4.196311950683594,-2.3526206016540527,0.12245681136846542,-2.927276611328125
49.64954447746277,1.7201379537582397,-1.3465886116027832,-1.5494638917532397,3.277036190032959,-1.7421239614486694,3.803891181945801,2.2419545650482178,4.171854496002197,-2.364260196685791,0.15217401087284088,-2.9544105529785156
49.70012068748474,1.7201590538024902,-1.3618922233581543,-1.5486011076727462,3.314629316329956,-1.710937738418579,3.819272756576538,2.2099435329437256,4.146860122680664,-2.375086545944214,0.17837873101234436,-2.97568416595459
49.749823331832886,1.7200736999511719,-1.3780128955841064,-1.5472374887339695,3.3506734371185303,-1.6805639266967773,3.834160566329956,2.1784980297088623,4.120813846588135,-2.387324810028076,0.2034270465373993,-2.993877410888672
49.799179553985596,1.7199301719665527,-1.394972562789917,-1.5461102475576036,3.3857383728027344,-1.6537798643112183,3.8487610816955566,2.147050142288208,4.0930376052856445,-2.3994243144989014,0.22923408448696136,-3.00998592376709
49.849727392196655,1.7200425863265991,-1.4102661609649658,-1.545476091319322,3.418195962905884,-1.6265159845352173,3.8630056381225586,2.116464853286743,4.068633079528809,-2.414123773574829,0.25362643599510193,-3.022078037261963
49.899617433547974,1.7198518514633179,-1.4294238090515137,-1.5445532317893045,3.4494247436523438,-1.5908008813858032,3.8797755241394043,2.081456184387207,4.042850017547607,-2.429938793182373,0.2812902629375458,-3.0343875885009766
49.95116400718689,1.7198728322982788,-1.4391188621520996,-1.5438836179868447,3.4629404544830322,-1.569560170173645,3.8893399238586426,2.0629043579101562,4.029947757720947,-2.4378232955932617,0.2963910698890686,-3.0386950969696045
50.0018150806427,1.71957528591156,-1.4642671346664429,-1.5416942822723279,3.4891226291656494,-1.5109057426452637,3.9174838066101074,2.014183759689331,3.995339870452881,-2.4553847312927246,0.3375691771507263,-3.0434820652008057
50.04977059364319,1.7192436456680298,-1.4817721843719482,-1.539163431650571,3.5029492378234863,-1.471051573753357,3.9390876293182373,1.9802311658859253,3.967961549758911,-2.462799072265625,0.37033575773239136,-3.0444858074188232
50.10032415390015,1.7191942930221558,-1.4986555576324463,-1.5367522975291377,3.5153980255126953,-1.43071711063385,3.960817575454712,1.9462143182754517,3.938849449157715,-2.466552257537842,0.4017251133918762,-3.0438764095306396
50.14939785003662,1.718866229057312,-1.5157278776168823,-1.5336193029060288,3.5255019664764404,-1.389020323753357,3.9814491271972656,1.9122258424758911,3.909599781036377,-2.467700481414795,0.4294721782207489,-3.0454063415527344
50.200300216674805,1.718749761581421,-1.531246542930603,-1.5288090070032472,3.5323309898376465,-1.3450658321380615,3.9998834133148193,1.878659963607788,3.8817973136901855,-2.466975450515747,0.4569566249847412,-3.047617197036743
50.249614000320435,1.7182880640029907,-1.5474259853363037,-1.5219354363884174,3.5341227054595947,-1.298803448677063,4.015529632568359,1.8461683988571167,3.854720115661621,-2.463855504989624,0.4853437840938568,-3.0520238876342773
50.30008149147034,1.7177996635437012,-1.5613770484924316,-1.5142666048755993,3.5315558910369873,-1.2529008388519287,4.0287861824035645,1.8156851530075073,3.8286337852478027,-2.4588208198547363,0.5114578604698181,-3.057006359100342
50.35085439682007,1.7171517610549927,-1.5754297971725464,-1.5040327256535826,3.5242555141448975,-1.2010706663131714,4.042122840881348,1.7811931371688843,3.7989327907562256,-2.450392961502075,0.5372604131698608,-3.062422037124634
50.39980220794678,1.716469645500183,-1.5870366096496582,-1.4918907768145597,3.513334274291992,-1.1539604663848877,4.053022384643555,1.7505794763565063,3.7731995582580566,-2.440734624862671,0.5597878098487854,-3.067762851715088
50.44985747337341,1.715494990348816,-1.5993714332580566,-1.475272751965389,3.498788595199585,-1.1024763584136963,4.063432216644287,1.7168867588043213,3.745272397994995,-2.4271352291107178,0.5861501693725586,-3.072284698486328
50.49933576583862,1.7146934270858765,-1.609811782836914,-1.4573702437761515,3.486201286315918,-1.0585020780563354,4.0719780921936035,1.6857224702835083,3.7199277877807617,-2.412083387374878,0.6121066212654114,-3.076547145843506
50.55015563964844,1.7135818004608154,-1.6196210384368896,-1.4351841855585048,3.4749534130096436,-1.0174311399459839,4.079105377197266,1.6547625064849854,3.6955878734588623,-2.3948278427124023,0.6387975811958313,-3.082355260848999
50.59996938705444,1.7124778032302856,-1.62870192527771,-1.4125272084103884,3.465057373046875,-0.9768781661987305,4.08467435836792,1.6229047775268555,3.672151803970337,-2.3770334720611572,0.665693998336792,-3.088815450668335
50.651217222213745,1.7117648124694824,-1.6372548341751099,-1.3914970282049686,3.4566354751586914,-0.9368824362754822,4.088343620300293,1.5910664796829224,3.648730516433716,-2.3594131469726562,0.6921753883361816,-3.0964372158050537
50.6994833946228,1.7111622095108032,-1.6466094255447388,-1.3684524373994933,3.4485459327697754,-0.8977195620536804,4.090202808380127,1.5596150159835815,3.625411033630371,-2.3426287174224854,0.7180758118629456,-3.1041364669799805
50.749948501586914,1.7107107639312744,-1.6557037830352783,-1.3469222051763639,3.4396679401397705,-0.8592756390571594,4.089961051940918,1.5289076566696167,3.6009562015533447,-2.3273162841796875,0.7459902167320251,-3.11057186126709
50.79980278015137,1.7108266353607178,-1.6649627685546875,-1.327201942045571,3.429910182952881,-0.8195046782493591,4.088850021362305,1.4985495805740356,3.5743908882141113,-2.313443899154663,0.7739338278770447,-3.1162021160125732
50.85032653808594,1.7112672328948975,-1.674636721611023,-1.3093898255730116,3.41933536529541,-0.776991069316864,4.086767673492432,1.4680312871932983,3.5465989112854004,-2.3010239601135254,0.799923300743103,-3.121981382369995
50.89966297149658,1.7118048667907715,-1.6850796937942505,-1.2910440931106835,3.4082090854644775,-0.7310487627983093,4.084269046783447,1.4369170665740967,3.517918825149536,-2.290055274963379,0.8256291747093201,-3.124638795852661
50.950820446014404,1.7126481533050537,-1.6959209442138672,-1.2725431437788102,3.3978822231292725,-0.6826311349868774,4.082228660583496,1.4055320024490356,3.4879934787750244,-2.280085563659668,0.8505148887634277,-3.1238150596618652
50.99948239326477,1.7137556076049805,-1.7072768211364746,-1.253275150890659,3.388248920440674,-0.6330611705780029,4.081470489501953,1.374523639678955,3.4575002193450928,-2.271554946899414,0.8732622265815735,-3.1206653118133545
51.04926657676697,1.7149862051010132,-1.7185523509979248,-1.2338428493676696,3.3790082931518555,-0.5845423340797424,4.08152961730957,1.343113660812378,3.42646861076355,-2.2636101245880127,0.8918079137802124,-3.115114450454712
51.099570512771606,1.7168179750442505,-1.7318791151046753,-1.21073142707933,3.3692898750305176,-0.5369583368301392,4.081949234008789,1.310781478881836,3.3951547145843506,-2.256176233291626,0.9080267548561096,-3.106515407562256
51.15066432952881,1.7185910940170288,-1.7447696924209595,-1.1888160314611798,3.358152151107788,-0.4894561171531677,4.084144592285156,1.2785239219665527,3.3632562160491943,-2.2494587898254395,0.9227570295333862,-3.094365358352661
51.19986295700073,1.721166968345642,-1.7583013772964478,-1.1647459952886579,3.3451645374298096,-0.44364672899246216,4.087585926055908,1.2476909160614014,3.330761432647705,-2.2441937923431396,0.9367247223854065,-3.078686237335205
51.24970626831055,1.7235027551651,-1.770092487335205,-1.1463518041017013,3.3286116123199463,-0.3996450901031494,4.091667175292969,1.2173794507980347,3.297246217727661,-2.2412354946136475,0.9491603374481201,-3.0609776973724365
51.30011963844299,1.7265468835830688,-1.7846565246582031,-1.1205523926025798,3.307643413543701,-0.3564326763153076,4.096431732177734,1.1867295503616333,3.263361930847168,-2.2409770488739014,0.9597870707511902,-3.041637420654297
51.34998297691345,1.730656385421753,-1.8000602722167969,-1.0933000469406209,3.2836360931396484,-0.3157370984554291,4.102090835571289,1.1552603244781494,3.2292046546936035,-2.2425951957702637,0.9690392017364502,-3.020136833190918
51.3994414806366,1.7348405122756958,-1.814304232597351,-1.068316379939672,3.2585976123809814,-0.27776557207107544,4.109274387359619,1.1240540742874146,3.1945366859436035,-2.2449445724487305,0.9775969386100769,-2.998366117477417
51.45083665847778,1.7387995719909668,-1.8275260925292969,-1.045412429917149,3.234868049621582,-0.243015855550766,4.118399143218994,1.0954515933990479,3.1628775596618652,-2.247635841369629,0.9857617020606995,-2.9778056144714355
51.49981927871704,1.7440675497055054,-1.842566967010498,-1.020524111512624,3.207016944885254,-0.20275580883026123,4.130892753601074,1.0637248754501343,3.1295647621154785,-2.249680280685425,0.99575275182724,-2.9569671154022217
51.550891160964966,1.7492271661758423,-1.855823278427124,-0.9986301208839887,3.1799161434173584,-0.16505025327205658,4.1435346603393555,1.0351253747940063,3.100449323654175,-2.248522996902466,1.0058021545410156,-2.9386885166168213
51.59940242767334,1.7552013397216797,-1.8703255653381348,-0.9749398964973381,3.1461262702941895,-0.1220531016588211,4.157891273498535,1.0033472776412964,3.069005012512207,-2.2442116737365723,1.0180667638778687,-2.9183239936828613
51.65016317367554,1.760797381401062,-1.8829323053359985,-0.9535626831783914,3.1102750301361084,-0.08237535506486893,4.170741081237793,0.9727923274040222,3.040825605392456,-2.237788677215576,1.029177188873291,-2.9002928733825684
51.699418783187866,1.7658320665359497,-1.8950223922729492,-0.9310914022176228,3.0713894367218018,-0.04447602480649948,4.182243824005127,0.9416052103042603,3.015308380126953,-2.23005747795105,1.0394599437713623,-2.8832571506500244
51.75086498260498,1.7713193893432617,-1.906457543373108,-0.9115562310981323,3.0325803756713867,-0.008810201659798622,4.191084861755371,0.9130246639251709,2.99379825592041,-2.2219417095184326,1.049708366394043,-2.8662898540496826
51.80122184753418,1.777543067932129,-1.918353796005249,-0.8901660370587043,2.989452838897705,0.0318729430437088,4.1980061531066895,0.8822280764579773,2.9707701206207275,-2.211883068084717,1.0622780323028564,-2.8462862968444824
51.85058069229126,1.7830690145492554,-1.9287887811660767,-0.8692605383856582,2.9512054920196533,0.06970100849866867,4.201201438903809,0.8532689809799194,2.9490208625793457,-2.2007570266723633,1.0747487545013428,-2.8277206420898438
51.89947319030762,1.7875784635543823,-1.937614917755127,-0.8477237433465836,2.9179978370666504,0.10512644797563553,4.201404571533203,0.8259979486465454,2.9284353256225586,-2.1896963119506836,1.0870040655136108,-2.811338424682617
51.95096039772034,1.7922253608703613,-1.9465234279632568,-0.8230200989653658,2.883789300918579,0.14617912471294403,4.198784828186035,0.7967190146446228,2.9065332412719727,-2.176827907562256,1.1025184392929077,-2.7953686714172363
51.999409675598145,1.7957946062088013,-1.953694462776184,-0.7986150310112295,2.853851079940796,0.1864846795797348,4.193862438201904,0.770674467086792,2.8875949382781982,-2.164456605911255,1.1184518337249756,-2.782214641571045
52.04994010925293,1.7982213497161865,-1.9605361223220825,-0.7698046765541396,2.826406717300415,0.22721976041793823,4.185900688171387,0.7460060715675354,2.8717095851898193,-2.1518449783325195,1.1354687213897705,-2.769165277481079
52.099443197250366,1.8036755323410034,-1.9689244031906128,-0.7431343015996744,2.800779104232788,0.26858317852020264,4.17498254776001,0.7221428751945496,2.8595433235168457,-2.1391544342041016,1.1537153720855713,-2.7544760704040527
52.15000820159912,1.8074356317520142,-1.975154995918274,-0.7152219722575512,2.7762413024902344,0.31164228916168213,4.160821437835693,0.6987152099609375,2.8488755226135254,-2.125929594039917,1.1723567247390747,-2.737967014312744
52.199297189712524,1.8109626770019531,-1.9811251163482666,-0.6868205142988644,2.752230644226074,0.3572412431240082,4.143173694610596,0.6761934757232666,2.8364622592926025,-2.110952854156494,1.1897013187408447,-2.7223057746887207
52.25032639503479,1.8141648769378662,-1.986896276473999,-0.6567474088736731,2.728447675704956,0.40568557381629944,4.123290538787842,0.6561710238456726,2.8230183124542236,-2.094224214553833,1.2050113677978516,-2.7066574096679688
52.29946994781494,1.817456603050232,-1.9927804470062256,-0.6238479544698778,2.7061703205108643,0.4557376205921173,4.101853847503662,0.6392689347267151,2.8088910579681396,-2.075362205505371,1.2183730602264404,-2.689683198928833
52.35007834434509,1.8208087682724,-1.9984394311904907,-0.5900406181248766,2.685847759246826,0.5064976811408997,4.079375743865967,0.6237872242927551,2.794727087020874,-2.0554468631744385,1.2291011810302734,-2.6718475818634033
52.399752616882324,1.8244965076446533,-2.004628896713257,-0.5515576196555853,2.666266679763794,0.5582839846611023,4.05592679977417,0.6084561944007874,2.7805259227752686,-2.035494089126587,1.2362843751907349,-2.6542046070098877
52.45004677772522,1.8276393413543701,-2.009859800338745,-0.5160152769488716,2.647874355316162,0.6076300740242004,4.034167289733887,0.5940559506416321,2.767075777053833,-2.017160654067993,1.239046573638916,-2.6379096508026123
52.50024127960205,1.8312405347824097,-2.0155625343322754,-0.4744252470026763,2.6277215480804443,0.6595793962478638,4.011073112487793,0.5790528655052185,2.7523725032806396,-1.9980605840682983,1.238450527191162,-2.61820912361145
52.550208568573,1.8344292640686035,-2.0202035903930664,-0.4364833314294148,2.608480215072632,0.7026358246803284,3.99031662940979,0.5667934417724609,2.7394754886627197,-1.9820393323898315,1.234910249710083,-2.5994489192962646
52.59993386268616,1.8380409479141235,-2.025200605392456,-0.39018117710416694,2.581997871398926,0.7504135370254517,3.9665420055389404,0.5537441968917847,2.7264254093170166,-1.965917706489563,1.227251410484314,-2.5786712169647217
52.6496946811676,1.8410024642944336,-2.0294737815856934,-0.34474604279759447,2.552676200866699,0.7940000891685486,3.9438259601593018,0.5419187545776367,2.714564800262451,-1.952448844909668,1.216204285621643,-2.559502124786377
52.6999568939209,1.8404957056045532,-2.033597230911255,-0.3012085008049843,2.522707939147949,0.8339424133300781,3.921393394470215,0.5314537286758423,2.7032454013824463,-1.9404200315475464,1.2013638019561768,-2.5405006408691406
52.74995946884155,1.8422942161560059,-2.037966251373291,-0.25292266864419316,2.4940948486328125,0.8705289363861084,3.8986732959747314,0.5221604704856873,2.6926052570343018,-1.929249882698059,1.1824753284454346,-2.520988941192627
52.80020046234131,1.8457626104354858,-2.042503833770752,-0.20319865191781378,2.4666833877563477,0.9059666991233826,3.875002145767212,0.5134887099266052,2.6821510791778564,-1.91826593875885,1.1597853899002075,-2.5020644664764404
52.850037813186646,1.8478511571884155,-2.0468409061431885,-0.15375651537967785,2.4388539791107178,0.9420326352119446,3.8497772216796875,0.5048214793205261,2.6723947525024414,-1.9079504013061523,1.134459376335144,-2.4828968048095703
52.899749755859375,1.8489899635314941,-2.051225423812866,-0.10508249924285537,2.409872055053711,0.9793099761009216,3.823270082473755,0.49553143978118896,2.663614511489868,-1.8987452983856201,1.1074810028076172,-2.4627039432525635
52.949697971343994,1.851017951965332,-2.0552170276641846,-0.056974399948670755,2.379652976989746,1.016676902770996,3.7956619262695312,0.48505815863609314,2.655597686767578,-1.8910338878631592,1.0792711973190308,-2.442394971847534
52.99971961975098,1.8535521030426025,-2.059032917022705,-0.009677870665703716,2.3483405113220215,1.0532690286636353,3.7669777870178223,0.4729377329349518,2.647756814956665,-1.8842419385910034,1.0520901679992676,-2.42268443107605
53.0495171546936,1.855830430984497,-2.0620906352996826,0.03153013338797622,2.317941427230835,1.086732268333435,3.7393147945404053,0.46047523617744446,2.6405904293060303,-1.8783494234085083,1.0279194116592407,-2.4038727283477783
53.100796937942505,1.8590302467346191,-2.065028667449951,0.07638501737093217,2.282958507537842,1.1233214139938354,3.708054304122925,0.44545847177505493,2.6332130432128906,-1.8727562427520752,1.0022634267807007,-2.3832285404205322
53.214136362075806,1.8627032041549683,-2.0673062801361084,0.11239813954032701,2.253915309906006,1.1516494750976562,3.6814382076263428,0.4324047267436981,2.627516031265259,-1.8689197301864624,0.9814267754554749,-2.3673999309539795
53.28545093536377,1.8627032041549683,-2.0673062801361084,0.11239813954032701,2.253915309906006,1.1516494750976562,3.6814382076263428,0.4324047267436981,2.627516031265259,-1.8689197301864624,0.9814267754554749,-2.3673999309539795
53.35853838920593,1.8682994842529297,-2.07094144821167,0.16831999487214772,2.204866886138916,1.202726125717163,3.629237174987793,0.4088398218154907,2.6175098419189453,-1.8639178276062012,0.9433167576789856,-2.3394935131073
53.43367266654968,1.8754160404205322,-2.0730180740356445,0.21349778986593948,2.1713449954986572,1.2543301582336426,3.584019899368286,0.39362064003944397,2.6090736389160156,-1.8632595539093018,0.9134198427200317,-2.3123607635498047
53.44320201873779,1.8820723295211792,-2.073944330215454,0.24537000155413752,2.1431210041046143,1.3128758668899536,3.5375988483428955,0.3829651474952698,2.6000609397888184,-1.86552894115448,0.8843793272972107,-2.281775712966919
53.51417016983032,1.8880442380905151,-2.0738275051116943,0.2638060486672651,2.121194362640381,1.3582113981246948,3.503736734390259,0.3779679536819458,2.5935909748077393,-1.8681665658950806,0.8626248240470886,-2.257667064666748
53.58126473426819,1.890718698501587,-2.0738353729248047,0.27204954955215016,2.109351396560669,1.3814818859100342,3.487553834915161,0.37595707178115845,2.5899195671081543,-1.8691390752792358,0.8515969514846802,-2.245039463043213
53.6496684551239,1.8980201482772827,-2.072732925415039,0.2869347398869724,2.0804848670959473,1.4390333890914917,3.4492292404174805,0.37133467197418213,2.5810248851776123,-1.8695000410079956,0.8246827125549316,-2.214149236679077
53.7190318107605,1.904142141342163,-2.0724120140075684,0.2962657938313087,2.055276870727539,1.4947099685668945,3.4124257564544678,0.3679530620574951,2.575094699859619,-1.8678876161575317,0.7995064854621887,-2.1829068660736084
53.78635120391846,1.9110215902328491,-2.0712454319000244,0.3042638370799636,2.0288069248199463,1.563314437866211,3.36574649810791,0.36569419503211975,2.571148633956909,-1.8627722263336182,0.7714115381240845,-2.141226053237915
53.85131549835205,1.9172542095184326,-2.070488214492798,0.31413069415941763,2.003587007522583,1.6314020156860352,3.3158042430877686,0.36608827114105225,2.5690107345581055,-1.8513808250427246,0.7428180575370789,-2.0995419025421143
53.92081594467163,1.9209580421447754,-2.070500612258911,0.3245054303618544,1.9842835664749146,1.6797664165496826,3.275548219680786,0.3688543438911438,2.5711467266082764,-1.8397084474563599,0.7184411287307739,-2.0702357292175293
53.94444441795349,1.9260674715042114,-2.069946765899658,0.3381899728388622,1.9553933143615723,1.7386025190353394,3.219771146774292,0.37438106536865234,2.578258991241455,-1.8207634687423706,0.6812925934791565,-2.0318708419799805
53.95643734931946,1.9291303157806396,-2.070143699645996,0.3497176714057768,1.926817536354065,1.783933401107788,3.1737937927246094,0.3794589042663574,2.5864779949188232,-1.8016388416290283,0.6489030122756958,-2.000892162322998
53.9998664855957,1.9330201148986816,-2.0696489810943604,0.36169241385518824,1.8878931999206543,1.8352434635162354,3.1194417476654053,0.38505759835243225,2.5977694988250732,-1.7754870653152466,0.6081960797309875,-1.9660478830337524
54.05028009414673,1.9357506036758423,-2.0694103240966797,0.37132166407531886,1.8589611053466797,1.8696937561035156,3.082803249359131,0.3874998092651367,2.6066536903381348,-1.757392406463623,0.578126847743988,-1.9420377016067505
54.09981346130371,1.9378228187561035,-2.069549322128296,0.3796783504687031,1.8287467956542969,1.9030612707138062,3.0463483333587646,0.3895605206489563,2.6144144535064697,-1.740317702293396,0.5461183786392212,-1.918616533279419
54.149354696273804,1.9401565790176392,-2.068833827972412,0.38480064020820504,1.7959648370742798,1.935850739479065,3.009422540664673,0.3911328613758087,2.6205496788024902,-1.7246344089508057,0.5120594501495361,-1.8963499069213867
54.19933366775513,1.941746711730957,-2.068901538848877,0.3901140264406356,1.7598062753677368,1.9683003425598145,2.9728171825408936,0.39196014404296875,2.625487804412842,-1.7104171514511108,0.4762941896915436,-1.8767088651657104
54.24989128112793,1.9428695440292358,-2.0688416957855225,0.39380280005626866,1.7205142974853516,2.000274658203125,2.937371253967285,0.3918767273426056,2.6290690898895264,-1.6977357864379883,0.4405685067176819,-1.8601113557815552
54.29970622062683,1.944201111793518,-2.0683817863464355,0.3971325178605134,1.6797112226486206,2.0308432579040527,2.901672124862671,0.39100217819213867,2.6319634914398193,-1.6874499320983887,0.40700897574424744,-1.841891884803772
54.349732637405396,1.9448565244674683,-2.06842303276062,0.40016770883810454,1.6387556791305542,2.0592405796051025,2.8648881912231445,0.3895948529243469,2.634446859359741,-1.6799014806747437,0.3733210563659668,-1.8235012292861938
54.39939618110657,1.9454700946807861,-2.0686168670654297,0.4029878920513224,1.598243236541748,2.0865087509155273,2.827317953109741,0.38724803924560547,2.63657546043396,-1.6740939617156982,0.3438977599143982,-1.8061573505401611
54.450019121170044,1.9459091424942017,-2.0686891078948975,0.4049153670569401,1.5595719814300537,2.1136229038238525,2.7895596027374268,0.38354796171188354,2.6383185386657715,-1.6696609258651733,0.32019153237342834,-1.7887279987335205
54.49915051460266,1.9464080333709717,-2.0687429904937744,0.40658558730572025,1.5225046873092651,2.1418795585632324,2.752138137817383,0.37761738896369934,2.6394195556640625,-1.6669154167175293,0.301089882850647,-1.7717630863189697
54.550068855285645,1.9468237161636353,-2.0686910152435303,0.4072726694733141,1.4862130880355835,2.172813892364502,2.7152271270751953,0.36933356523513794,2.6391305923461914,-1.6663196086883545,0.28364306688308716,-1.7532378435134888
54.599374532699585,1.9468357563018799,-2.068676233291626,0.40696551695071725,1.4527850151062012,2.204258918762207,2.680311679840088,0.36009740829467773,2.6361453533172607,-1.6675328016281128,0.26780277490615845,-1.7335305213928223
54.65014410018921,1.946670413017273,-2.068711042404175,0.4069893534393429,1.4169561862945557,2.2410213947296143,2.6411092281341553,0.34943556785583496,2.6311233043670654,-1.6696319580078125,0.25123751163482666,-1.710233211517334
54.69951009750366,1.9466191530227661,-2.0686700344085693,0.40695482819096734,1.384003758430481,2.276273250579834,2.604175090789795,0.3409407138824463,2.6263267993927,-1.6717705726623535,0.23702913522720337,-1.6879210472106934
54.750425815582275,1.9463609457015991,-2.0686395168304443,0.4060065185839071,1.350914478302002,2.311420202255249,2.567126750946045,0.3344680368900299,2.6225268840789795,-1.6741077899932861,0.22509071230888367,-1.6652262210845947
54.799691677093506,1.9461169242858887,-2.068631172180176,0.4051643177465094,1.3170685768127441,2.345710515975952,2.5295255184173584,0.3295540511608124,2.619655132293701,-1.6771055459976196,0.21565061807632446,-1.6417934894561768
54.84972310066223,1.9461071491241455,-2.068660259246826,0.40423870563142444,1.282808780670166,2.3789665699005127,2.4916419982910156,0.3258110582828522,2.617361545562744,-1.6809076070785522,0.20946742594242096,-1.6169590950012207
54.899197578430176,1.9458484649658203,-2.068699359893799,0.40163818181737454,1.2486118078231812,2.411176919937134,2.4546213150024414,0.32275068759918213,2.6151673793792725,-1.6857268810272217,0.20801088213920593,-1.5896978378295898
54.94921398162842,1.9452284574508667,-2.0683841705322266,0.39651492301925334,1.2139805555343628,2.4432809352874756,2.417940378189087,0.32015925645828247,2.612994909286499,-1.6917921304702759,0.20650820434093475,-1.5636931657791138
54.999596118927,1.9440691471099854,-2.068422555923462,0.39076067670942055,1.1782056093215942,2.4754045009613037,2.38071870803833,0.3176317811012268,2.609998941421509,-1.6983965635299683,0.20246779918670654,-1.541521668434143
55.04916286468506,1.9429932832717896,-2.0682568550109863,0.38428804694237634,1.1406327486038208,2.5076591968536377,2.342834234237671,0.31509849429130554,2.6050047874450684,-1.704372525215149,0.19668437540531158,-1.5166761875152588
55.10017704963684,1.9416308403015137,-2.0677249431610107,0.37549755512430977,1.101739764213562,2.5388083457946777,2.3043906688690186,0.31306183338165283,2.5980701446533203,-1.7088592052459717,0.19021499156951904,-1.4894421100616455
55.149468421936035,1.9399538040161133,-2.0673398971557617,0.3651384594691644,1.0654571056365967,2.565847873687744,2.2683544158935547,0.3123685121536255,2.59121036529541,-1.7112622261047363,0.18414458632469177,-1.46393620967865
55.19999885559082,1.9376921653747559,-2.067308187484741,0.3526228785630424,1.0265682935714722,2.5906331539154053,2.229731321334839,0.3130825459957123,2.5835933685302734,-1.711670160293579,0.1778237372636795,-1.4380271434783936
55.24937081336975,1.9365330934524536,-2.065917730331421,0.33585101946440044,0.9837598204612732,2.6112539768218994,2.188666582107544,0.3150969445705414,2.574660062789917,-1.7087548971176147,0.17137442529201508,-1.4104264974594116
55.300031661987305,1.9345602989196777,-2.065397024154663,0.3179265338531498,0.9429157376289368,2.6238787174224854,2.1496551036834717,0.3170824348926544,2.56610107421875,-1.7026289701461792,0.16471023857593536,-1.383143663406372
55.34912872314453,1.9331237077713013,-2.0642707347869873,0.2986764764124873,0.9043301343917847,2.6314337253570557,2.111276865005493,0.31848251819610596,2.558617353439331,-1.6942815780639648,0.1568470299243927,-1.355951189994812
55.39981651306152,1.9319170713424683,-2.06326961517334,0.2811918777993266,0.8709964752197266,2.6352531909942627,2.0778422355651855,0.318219393491745,2.55218505859375,-1.6859588623046875,0.14908555150032043,-1.332231044769287
55.450093507766724,1.9305824041366577,-2.0620248317718506,0.2561030330453435,0.8294742107391357,2.63754940032959,2.035957098007202,0.31576699018478394,2.543991804122925,-1.6750819683074951,0.13829533755779266,-1.3035805225372314
55.49931836128235,1.9300801753997803,-2.0607845783233643,0.23555720077086195,0.7954731583595276,2.6371946334838867,2.0019876956939697,0.31232592463493347,2.53629207611084,-1.6660504341125488,0.12887565791606903,-1.2808821201324463
55.55014753341675,1.9301525354385376,-2.0589160919189453,0.2092382484526908,0.750095784664154,2.633559465408325,1.9594851732254028,0.3060412108898163,2.5254740715026855,-1.6541510820388794,0.11706969887018204,-1.25295889377594
55.5995819568634,1.9309495687484741,-2.0568182468414307,0.1817209282164394,0.7077224254608154,2.626248598098755,1.9222091436386108,0.29914429783821106,2.5146195888519287,-1.6426154375076294,0.10886502265930176,-1.22890043258667
55.64983654022217,1.932126760482788,-2.054624557495117,0.15534713045000215,0.6655524373054504,2.6149303913116455,1.8872870206832886,0.2919369339942932,2.5045673847198486,-1.6311817169189453,0.10450125485658646,-1.2082746028900146
55.699854135513306,1.9339783191680908,-2.051771640777588,0.12329761148812936,0.6161870956420898,2.5970256328582764,1.8475816249847412,0.28278806805610657,2.4949615001678467,-1.6181951761245728,0.1052451878786087,-1.1871626377105713
55.750181913375854,1.9366775751113892,-2.048800230026245,0.08865936701200074,0.5714696049690247,2.577894926071167,1.8107523918151855,0.2740797996520996,2.4871950149536133,-1.6065820455551147,0.10951925069093704,-1.1694135665893555
55.79956769943237,1.9396672248840332,-2.045517683029175,0.046862247598303486,0.5237136483192444,2.5582826137542725,1.7697856426239014,0.26233014464378357,2.478982448577881,-1.5940546989440918,0.11669426411390305,-1.1519908905029297
55.850773334503174,1.9427523612976074,-2.042224407196045,0.0056349337446027666,0.48144930601119995,2.54325008392334,1.7334755659103394,0.24986305832862854,2.47102427482605,-1.582851767539978,0.12442474067211151,-1.1384663581848145
55.89970064163208,1.9470295906066895,-2.0386645793914795,-0.044298142934883836,0.43358659744262695,2.5278148651123047,1.6935213804244995,0.23416167497634888,2.4609508514404297,-1.5702463388442993,0.13489364087581635,-1.125165343284607
55.94923686981201,1.9511336088180542,-2.0350749492645264,-0.09293730351657693,0.3894858658313751,2.5136935710906982,1.6562138795852661,0.21833917498588562,2.448714017868042,-1.5586756467819214,0.14697733521461487,-1.1131595373153687
55.99949812889099,1.9554160833358765,-2.032274007797241,-0.13862080194586363,0.3481826186180115,2.5012447834014893,1.6190457344055176,0.2027065008878708,2.4347991943359375,-1.5485800504684448,0.16024626791477203,-1.1019178628921509
56.04962182044983,1.9592089653015137,-2.029646635055542,-0.1858905138565258,0.309603750705719,2.4909474849700928,1.584426999092102,0.19032366573810577,2.4209861755371094,-1.540312647819519,0.17388637363910675,-1.0924876928329468
56.099783420562744,1.9624096155166626,-2.027193069458008,-0.23365200405612085,0.2644270062446594,2.479872465133667,1.5463745594024658,0.18025097250938416,2.4037797451019287,-1.5322388410568237,0.19156886637210846,-1.0852875709533691
56.14971947669983,1.9664214849472046,-2.025073289871216,-0.28100372074014485,0.21935509145259857,2.4684908390045166,1.5099183320999146,0.17364391684532166,2.3855550289154053,-1.5258514881134033,0.20902034640312195,-1.0805370807647705
56.199450731277466,1.969834804534912,-2.022299289703369,-0.3317570947324288,0.17246389389038086,2.455824136734009,1.4729697704315186,0.16895385086536407,2.365389108657837,-1.5197433233261108,0.22704648971557617,-1.0760842561721802
56.249558210372925,1.9756523370742798,-2.0201873779296875,-0.37622028751471676,0.12427803128957748,2.4413952827453613,1.4363577365875244,0.16524972021579742,2.3436522483825684,-1.5139294862747192,0.2451380491256714,-1.0708026885986328
56.299235343933105,1.9788994789123535,-2.0180532932281494,-0.4216232937209465,0.07702042907476425,2.4301679134368896,1.4019355773925781,0.1620555967092514,2.3217344284057617,-1.5088850259780884,0.26193708181381226,-1.0640357732772827
56.351016998291016,1.9809858798980713,-2.0153732299804688,-0.470521700612152,0.025170238688588142,2.4172933101654053,1.3630253076553345,0.1595936417579651,2.2950053215026855,-1.503999948501587,0.2819627821445465,-1.0541636943817139
56.39967918395996,1.9846155643463135,-2.013460874557495,-0.5188344649305581,-0.023512061685323715,2.403094530105591,1.3250623941421509,0.15833552181720734,2.2681221961975098,-1.4996519088745117,0.30233287811279297,-1.0425971746444702
56.4491810798645,1.9882367849349976,-2.0117335319519043,-0.5679027998785697,-0.06870424002408981,2.3890092372894287,1.2869778871536255,0.15855945646762848,2.2400834560394287,-1.4960063695907593,0.32206109166145325,-1.0293437242507935
56.499197244644165,1.9911733865737915,-2.0098206996917725,-0.6151695793773387,-0.11029880493879318,2.3751134872436523,1.2492483854293823,0.16122102737426758,2.210514783859253,-1.4930888414382935,0.3406375050544739,-1.014342188835144
56.54967999458313,1.994645118713379,-2.008244037628174,-0.6615726069281423,-0.14948759973049164,2.356748342514038,1.2121617794036865,0.16636860370635986,2.1796767711639404,-1.490775227546692,0.35921451449394226,-0.997670590877533
56.59907245635986,1.9975900650024414,-2.0068471431732178,-0.7060468727265772,-0.18563486635684967,2.333603620529175,1.175130009651184,0.17326892912387848,2.1472702026367188,-1.488471269607544,0.3780663013458252,-0.9791386723518372
56.64991855621338,1.9986027479171753,-2.004344940185547,-0.7458776538906402,-0.21842339634895325,2.305910587310791,1.1379402875900269,0.18067795038223267,2.1135871410369873,-1.4854754209518433,0.39635857939720154,-0.9588852524757385
56.69892764091492,2.0031814575195312,-2.0048720836639404,-0.7820167846596905,-0.2478908896446228,2.275425910949707,1.1010310649871826,0.1878078132867813,2.0806448459625244,-1.4799261093139648,0.4146950840950012,-0.9370995759963989
56.74983215332031,2.006503105163574,-2.0050461292266846,-0.8122835694824585,-0.27413612604141235,2.2423675060272217,1.064815878868103,0.19318737089633942,2.04980731010437,-1.4720901250839233,0.4326980412006378,-0.9130727052688599
56.799384355545044,2.0096027851104736,-2.0054097175598145,-0.8426384737421649,-0.29640528559684753,2.2072784900665283,1.028090238571167,0.19642284512519836,2.021284580230713,-1.4620542526245117,0.4507603943347931,-0.8866437673568726
56.84901165962219,2.013653516769409,-2.0069222450256348,-0.8660746138851539,-0.31473374366760254,2.1675620079040527,0.9907302260398865,0.19851569831371307,1.9951300621032715,-1.450571894645691,0.4699263572692871,-0.8573921918869019
56.899019956588745,2.0166163444519043,-2.008716106414795,-0.8852458162640588,-0.3282002806663513,2.123504161834717,0.9527316093444824,0.19966205954551697,1.9699888229370117,-1.4382392168045044,0.4890967607498169,-0.8266387581825256
56.94938325881958,2.020115613937378,-2.0116846561431885,-0.9000101954638348,-0.33767348527908325,2.0759830474853516,0.915267288684845,0.2000432312488556,1.9432929754257202,-1.4256045818328857,0.5084813833236694,-0.7955849170684814
56.99946641921997,2.022742748260498,-2.0142662525177,-0.9130991965676277,-0.3441445529460907,2.0256235599517822,0.8782026767730713,0.2002837210893631,1.9141896963119507,-1.4130383729934692,0.5286726355552673,-0.7655962705612183
57.049142360687256,2.026613235473633,-2.0182504653930664,-0.924731537209068,-0.3488607704639435,1.9723621606826782,0.8404475450515747,0.20042534172534943,1.882737398147583,-1.4010186195373535,0.549918532371521,-0.7381975054740906
57.09947347640991,2.0303173065185547,-2.022068977355957,-0.9348024319513464,-0.35353243350982666,1.9213780164718628,0.8014479875564575,0.19998402893543243,1.850237250328064,-1.3892265558242798,0.5729749202728271,-0.7132393717765808
57.15000128746033,2.0350635051727295,-2.0275750160217285,-0.9438780570809963,-0.3595922589302063,1.8756129741668701,0.7616069316864014,0.19838936626911163,1.8185014724731445,-1.3771530389785767,0.5988218188285828,-0.6889750361442566
57.19951057434082,2.038987398147583,-2.0323007106781006,-0.9495731081453024,-0.36801522970199585,1.832223653793335,0.7213560342788696,0.19468776881694794,1.7901216745376587,-1.3651540279388428,0.6258237957954407,-0.6653475761413574
57.250266551971436,2.045058488845825,-2.03965425491333,-0.9551865729537335,-0.38018783926963806,1.7893818616867065,0.6805342435836792,0.18826694786548615,1.7664401531219482,-1.3535401821136475,0.6526497602462769,-0.6423446536064148
57.29949498176575,2.050248622894287,-2.0465192794799805,-0.9593097946745853,-0.396401047706604,1.7472655773162842,0.6394631266593933,0.17946632206439972,1.7457572221755981,-1.3413325548171997,0.6799176931381226,-0.6200968027114868
57.34921216964722,2.0559446811676025,-2.0543758869171143,-0.9623613468579214,-0.4156128466129303,1.7047092914581299,0.5987399816513062,0.1698056310415268,1.7246938943862915,-1.3291274309158325,0.7076764106750488,-0.5986759662628174
57.39950776100159,2.0620055198669434,-2.0632762908935547,-0.964545477361048,-0.4372519850730896,1.6623317003250122,0.5588651299476624,0.16080538928508759,1.7017408609390259,-1.3190205097198486,0.7362596988677979,-0.577992856502533
57.44906783103943,2.0685412883758545,-2.0731377601623535,-0.9648993506442572,-0.46134263277053833,1.6197417974472046,0.5196458101272583,0.15408384799957275,1.6747585535049438,-1.3144761323928833,0.7661610841751099,-0.5584166646003723
57.50119709968567,2.0742902755737305,-2.0825858116149902,-0.9634855329349228,-0.48742443323135376,1.5780274868011475,0.48029443621635437,0.1494528353214264,1.644398808479309,-1.316224455833435,0.7961208820343018,-0.5405036807060242
57.54936122894287,2.0819175243377686,-2.0949628353118896,-0.9615025207215357,-0.5161874890327454,1.536770224571228,0.4406737685203552,0.1462230384349823,1.6125476360321045,-1.3245527744293213,0.8275272846221924,-0.5241554975509644
57.599807262420654,2.089932680130005,-2.1076080799102783,-0.9605312784594312,-0.5477334856987,1.496544361114502,0.4016842246055603,0.14340656995773315,1.5804497003555298,-1.3390629291534424,0.8585382699966431,-0.5085310339927673
57.649441719055176,2.099202871322632,-2.121757984161377,-0.9602029420604162,-0.581294059753418,1.4582700729370117,0.3638310432434082,0.14043781161308289,1.5490247011184692,-1.35857355594635,0.8854585289955139,-0.4929465651512146
57.699859619140625,2.1091742515563965,-2.1366379261016846,-0.9601571808088333,-0.6143604516983032,1.4210423231124878,0.32574883103370667,0.1373017579317093,1.5197161436080933,-1.3822070360183716,0.9122441411018372,-0.47520408034324646
57.749287843704224,2.1187949180603027,-2.150939702987671,-0.9603819607478122,-0.6448481678962708,1.3821624517440796,0.28646692633628845,0.1340772807598114,1.4925872087478638,-1.40883469581604,0.939996600151062,-0.45498257875442505
57.79998540878296,2.1286752223968506,-2.1654598712921143,-0.9609580896672656,-0.6703935861587524,1.3461248874664307,0.24807515740394592,0.13109685480594635,1.4695580005645752,-1.4365078210830688,0.9660031795501709,-0.43429121375083923
57.84952259063721,2.1383705139160156,-2.1802327632904053,-0.9598390712417695,-0.6937888860702515,1.310194730758667,0.20671628415584564,0.12822102010250092,1.4486329555511475,-1.4680535793304443,0.9911388754844666,-0.41166067123413086
57.90006971359253,2.148672580718994,-2.1958861351013184,-0.9587706714778109,-0.7125530242919922,1.2736302614212036,0.16511231660842896,0.1263788789510727,1.431662917137146,-1.5006076097488403,1.0138940811157227,-0.38821396231651306
57.950519323349,2.1604015827178955,-2.2131171226501465,-0.9576463476111993,-0.72678542137146,1.2334353923797607,0.12181441485881805,0.12521964311599731,1.415267825126648,-1.5366759300231934,1.0370705127716064,-0.3618040680885315
58.00005507469177,2.1705498695373535,-2.228788137435913,-0.9547968229486006,-0.7353527545928955,1.1954805850982666,0.08139415830373764,0.12407799065113068,1.3985484838485718,-1.5723801851272583,1.0586835145950317,-0.334871768951416
58.050368785858154,2.180858850479126,-2.24487566947937,-0.9514950346242781,-0.7402240633964539,1.1593199968338013,0.04104786366224289,0.12267903238534927,1.3799469470977783,-1.6078579425811768,1.0793827772140503,-0.305940181016922
58.09947395324707,2.1904778480529785,-2.260157346725464,-0.9474947960977743,-0.7416102290153503,1.1266281604766846,0.0031721186824142933,0.12025334686040878,1.35995352268219,-1.6417545080184937,1.0986729860305786,-0.27648186683654785
58.14972448348999,2.2004621028900146,-2.276700735092163,-0.9418942425272848,-0.7384836077690125,1.0908491611480713,-0.038112398236989975,0.11523616313934326,1.3336812257766724,-1.680713415145874,1.1197036504745483,-0.24142995476722717
58.199445724487305,2.211185932159424,-2.293416738510132,-0.936568723078637,-0.7308303713798523,1.0562043190002441,-0.07712586224079132,0.10848100483417511,1.3068044185638428,-1.717199444770813,1.1386722326278687,-0.20819920301437378
58.24924612045288,2.2211806774139404,-2.3093314170837402,-0.9300292290628528,-0.7179911136627197,1.0209567546844482,-0.11536338925361633,0.09931963682174683,1.2815711498260498,-1.7506122589111328,1.1565828323364258,-0.17538422346115112
58.300638914108276,2.230363368988037,-2.3240694999694824,-0.921946809094549,-0.7011886835098267,0.9869517087936401,-0.15010511875152588,0.08957446366548538,1.25949227809906,-1.7796645164489746,1.172541618347168,-0.14592385292053223
58.349634885787964,2.2402889728546143,-2.339970350265503,-0.9121542893133292,-0.6773886680603027,0.9480021595954895,-0.18661260604858398,0.0782708078622818,1.2347533702850342,-1.8109140396118164,1.191555142402649,-0.11658039689064026
58.40052342414856,2.250044345855713,-2.3563053607940674,-0.899850331393215,-0.6500774025917053,0.9116944670677185,-0.2200406789779663,0.06669643521308899,1.210445761680603,-1.8407002687454224,1.2123334407806396,-0.09142568707466125
58.449137687683105,2.259538412094116,-2.371170997619629,-0.8882890687187015,-0.6210924983024597,0.8805580139160156,-0.2509472370147705,0.05454733222723007,1.1862692832946777,-1.8679503202438354,1.2333215475082397,-0.06981274485588074
58.49941921234131,2.268860340118408,-2.3867299556732178,-0.872428461310888,-0.585737943649292,0.8482548594474792,-0.2841843366622925,0.03867490962147713,1.1581112146377563,-1.8979036808013916,1.2563172578811646,-0.04734904691576958
58.55058670043945,2.278012752532959,-2.401467800140381,-0.8554269959795006,-0.5522226691246033,0.8190133571624756,-0.3135930299758911,0.020562980324029922,1.12997305393219,-1.9260324239730835,1.2773776054382324,-0.02553488314151764
58.59952926635742,2.2853527069091797,-2.413878917694092,-0.8372420950005838,-0.5233654975891113,0.7937288880348206,-0.33925724029541016,0.0006835598614998162,1.1017330884933472,-1.951990008354187,1.2978774309158325,-0.004133451730012894
58.64961004257202,2.293426036834717,-2.427584648132324,-0.8129505505091862,-0.4930589497089386,0.7666786909103394,-0.36535462737083435,-0.02413482777774334,1.067987322807312,-1.9803225994110107,1.3219008445739746,0.0207428690046072
58.6997504234314,2.3003289699554443,-2.4391398429870605,-0.7895709118130609,-0.46661797165870667,0.7420492768287659,-0.3867444396018982,-0.04756107181310654,1.0369888544082642,-2.0052645206451416,1.3442108631134033,0.043073199689388275
58.74972677230835,2.3076047897338867,-2.450963258743286,-0.7612159524010835,-0.4387741684913635,0.713731050491333,-0.41086581349372864,-0.07414033263921738,1.0026745796203613,-2.031161308288574,1.3705710172653198,0.06713453680276871
58.79943656921387,2.3134984970092773,-2.461324453353882,-0.7296577430090005,-0.41397371888160706,0.6864736080169678,-0.4345012903213501,-0.09818124771118164,0.9708402752876282,-2.054398775100708,1.397354006767273,0.08875220268964767
58.84910535812378,2.31903338432312,-2.4705810546875,-0.6954404791163367,-0.39081406593322754,0.6589643955230713,-0.4588898718357086,-0.12038547545671463,0.9406468272209167,-2.079651355743408,1.4266252517700195,0.10870808362960815
58.899901390075684,2.323362350463867,-2.4786553382873535,-0.6618599276595797,-0.36819446086883545,0.6293985247612,-0.4840365946292877,-0.14241939783096313,0.9140612483024597,-2.109328269958496,1.45599365234375,0.1295301616191864
58.95043730735779,2.3288941383361816,-2.487330436706543,-0.6256662533802493,-0.3452719748020172,0.5962616801261902,-0.510089635848999,-0.16354386508464813,0.8930415511131287,-2.141892433166504,1.4817153215408325,0.15272609889507294
58.99923658370972,2.3338582515716553,-2.494804859161377,-0.5918929223595375,-0.32222917675971985,0.559484601020813,-0.535158097743988,-0.1837042272090912,0.8764812350273132,-2.17415714263916,1.507053017616272,0.1790114790201187
59.05053997039795,2.3397905826568604,-2.5021533966064453,-0.5586032466794741,-0.29948535561561584,0.5193892121315002,-0.5598635077476501,-0.2033509612083435,0.8627052903175354,-2.2052981853485107,1.5328019857406616,0.20907211303710938
59.099995136260986,2.345198631286621,-2.508486032485962,-0.5280141860276921,-0.27856922149658203,0.4763987064361572,-0.5858171582221985,-0.22340168058872223,0.851635217666626,-2.2354307174682617,1.5577974319458008,0.24203458428382874
59.15098595619202,2.3544366359710693,-2.517242431640625,-0.4947121184271002,-0.2588858902454376,0.431046724319458,-0.613950788974762,-0.24402101337909698,0.8431926369667053,-2.2647321224212646,1.580396056175232,0.2763281464576721
59.20048642158508,2.3608322143554688,-2.524015426635742,-0.46459645598897564,-0.23898829519748688,0.3850758969783783,-0.6441038250923157,-0.26486143469810486,0.8361896276473999,-2.2933223247528076,1.6010468006134033,0.31148961186408997
59.250791788101196,2.3672420978546143,-2.5304174423217773,-0.4361705600069235,-0.21870653331279755,0.3405437171459198,-0.6758910417556763,-0.28584712743759155,0.83119136095047,-2.321159601211548,1.6198649406433105,0.34778162837028503
59.29991912841797,2.37490177154541,-2.5373692512512207,-0.4038795894414265,-0.19630655646324158,0.29880809783935547,-0.7096145153045654,-0.3060252070426941,0.8289884924888611,-2.3478634357452393,1.6380562782287598,0.3857007920742035
59.34946823120117,2.381824493408203,-2.5434656143188477,-0.3754549015349979,-0.17101521790027618,0.26146048307418823,-0.742644727230072,-0.32463884353637695,0.8298668265342712,-2.371978282928467,1.6551860570907593,0.4232877492904663
59.401287317276,2.390073537826538,-2.549748659133911,-0.3458699879050178,-0.13753743469715118,0.22293943166732788,-0.7798061966896057,-0.3454381227493286,0.8343789577484131,-2.398063898086548,1.6757173538208008,0.4672105610370636
59.45114207267761,2.3977463245391846,-2.5553362369537354,-0.32016241944646573,-0.10237012803554535,0.18972177803516388,-0.8138527274131775,-0.3656136691570282,0.8418023586273193,-2.422401189804077,1.693562626838684,0.5095764398574829
59.499651193618774,2.4067771434783936,-2.5608627796173096,-0.2943713065366618,-0.06718280166387558,0.16145087778568268,-0.8448123335838318,-0.38553327322006226,0.8486787676811218,-2.4458117485046387,1.7099343538284302,0.5478599667549133
59.55186414718628,2.416513204574585,-2.5668201446533203,-0.26711553432537755,-0.025193994864821434,0.13306717574596405,-0.8772651553153992,-0.4091012477874756,0.8550716638565063,-2.4728853702545166,1.7278879880905151,0.5858730673789978
59.5998637676239,2.4262301921844482,-2.5721688270568848,-0.24353087807924967,0.017407303676009178,0.10902414470911026,-0.9066625833511353,-0.43268588185310364,0.8603938221931458,-2.5004184246063232,1.7454153299331665,0.6151289939880371
59.64930748939514,2.4367499351501465,-2.5771520137786865,-0.2219073771798496,0.06238769739866257,0.08821780979633331,-0.9339889287948608,-0.45791611075401306,0.8649029731750488,-2.529881715774536,1.7668167352676392,0.6398635506629944
59.699397563934326,2.447136163711548,-2.581972599029541,-0.20214098844919462,0.10815759748220444,0.07108718901872635,-0.9593089818954468,-0.48379507660865784,0.8673447370529175,-2.5595688819885254,1.7914111614227295,0.6619963645935059
59.750200033187866,2.459223747253418,-2.5870068073272705,-0.1812347471441762,0.15365497767925262,0.057113826274871826,-0.982163667678833,-0.5093066096305847,0.866387665271759,-2.5883378982543945,1.8165113925933838,0.6820218563079834
59.80008411407471,2.4714601039886475,-2.5916810035705566,-0.1619051694145195,0.19975607097148895,0.04521087557077408,-1.0036932229995728,-0.5348658561706543,0.8631395101547241,-2.616285562515259,1.8398545980453491,0.7013077139854431
59.85035490989685,2.4835658073425293,-2.596123695373535,-0.1432871939325657,0.24121494591236115,0.03561514988541603,-1.0232939720153809,-0.5602834820747375,0.8595643639564514,-2.642285108566284,1.860932469367981,0.719943642616272
59.899736166000366,2.497619867324829,-2.6003592014312744,-0.12653115953461974,0.2832691967487335,0.02597857639193535,-1.044507384300232,-0.5898768305778503,0.8557885885238647,-2.6731889247894287,1.885259985923767,0.7418721914291382
59.950334548950195,2.5122251510620117,-2.6044769287109375,-0.1085472820212217,0.3219585418701172,0.01602158509194851,-1.0629633665084839,-0.6195365786552429,0.8535547256469727,-2.704827308654785,1.9097983837127686,0.7626598477363586
59.99947118759155,2.5274789333343506,-2.6084511280059814,-0.09152729800765354,0.3604372441768646,0.0038857441395521164,-1.0795360803604126,-0.650969922542572,0.852959930896759,-2.73844575881958,1.9364290237426758,0.7815458178520203
60.05072379112244,2.543267011642456,-2.6121773719787598,-0.07370446289837003,0.3985559344291687,-0.010165086947381496,-1.0944799184799194,-0.6832289695739746,0.8536574840545654,-2.773700475692749,1.965029001235962,0.7974368929862976
60.09958600997925,2.5607540607452393,-2.615886688232422,-0.05634998191511977,0.43634042143821716,-0.02489880658686161,-1.1077771186828613,-0.7160685658454895,0.853351891040802,-2.807828426361084,1.995393991470337,0.8091395497322083
60.14932560920715,2.5779013633728027,-2.619065999984741,-0.041296031845849075,0.47474610805511475,-0.04034626856446266,-1.1198853254318237,-0.7485809922218323,0.8509030342102051,-2.8388671875,2.0262651443481445,0.8195394277572632
60.19974160194397,2.595315456390381,-2.621680736541748,-0.027765247363390276,0.5146351456642151,-0.05755481868982315,-1.1316417455673218,-0.7805392742156982,0.8464128971099854,-2.8666841983795166,2.052189350128174,0.8329114317893982
60.25268578529358,2.6122536659240723,-2.623828649520874,-0.015782706220217563,0.5567335486412048,-0.07800114154815674,-1.1436353921890259,-0.8115133047103882,0.8391337394714355,-2.8919081687927246,2.07646107673645,0.8501757979393005
60.300715923309326,2.630429983139038,-2.625763177871704,-0.004019728810680501,0.5982945561408997,-0.1015598326921463,-1.1552553176879883,-0.8407548069953918,0.829519510269165,-2.9157354831695557,2.100977659225464,0.8687968254089355
60.35100269317627,2.649667501449585,-2.627638578414917,0.0073310904500723814,0.6457662582397461,-0.13177600502967834,-1.168526291847229,-0.8741952776908875,0.8201966881752014,-2.943471670150757,2.129673480987549,0.8907524943351746
60.39943885803223,2.6682188510894775,-2.6291706562042236,0.016820580889179745,0.6915259957313538,-0.1618259698152542,-1.1812725067138672,-0.9053491950035095,0.8158982396125793,-2.9697813987731934,2.1558783054351807,0.9113503098487854
60.451236963272095,2.687107801437378,-2.6305301189422607,0.026221304735862795,0.7379332780838013,-0.1909400075674057,-1.1937202215194702,-0.935793399810791,0.8157325983047485,-2.9956068992614746,2.1816141605377197,0.9329782724380493
60.499545097351074,2.7045183181762695,-2.631660223007202,0.03471824759574625,0.7838939428329468,-0.21743141114711761,-1.2062621116638184,-0.9662307500839233,0.8193957805633545,-3.0188698768615723,2.207573175430298,0.9564923644065857
60.550822734832764,2.7229747772216797,-2.6326215267181396,0.042879042553565255,0.828869104385376,-0.24078962206840515,-1.219257116317749,-0.9976356625556946,0.8256348967552185,-3.03883695602417,2.233377695083618,0.9819765090942383
60.599515199661255,2.741959571838379,-2.633363723754883,0.05120252024621536,0.8746213316917419,-0.2598852217197418,-1.2325128316879272,-1.0304688215255737,0.8341482281684875,-3.0562446117401123,2.2582802772521973,1.00955331325531
60.64937877655029,2.759516477584839,-2.6337764263153076,0.059750832127687864,0.9223887920379639,-0.27320465445518494,-1.2458665370941162,-1.0636940002441406,0.8447055816650391,-3.0697691440582275,2.283115863800049,1.0385057926177979
60.70000624656677,2.7769203186035156,-2.634270191192627,0.06838169158064988,0.9716419577598572,-0.2814236879348755,-1.2591203451156616,-1.0971637964248657,0.8563879132270813,-3.080981492996216,2.3075613975524902,1.0685489177703857
60.749077796936035,2.794567108154297,-2.6344895362854004,0.07680235148097139,1.0214474201202393,-0.2866021692752838,-1.2728899717330933,-1.12974214553833,0.8696321845054626,-3.0889956951141357,2.3323941230773926,1.097548246383667
60.800127267837524,2.812007188796997,-2.6343610286712646,0.08556570782232027,1.0714209079742432,-0.28877076506614685,-1.2869516611099243,-1.1619911193847656,0.8850248456001282,-3.093186378479004,2.357881546020508,1.1260027885437012
60.85029458999634,2.8292129039764404,-2.6341817378997803,0.09405852755674447,1.1214046478271484,-0.2869088351726532,-1.3004440069198608,-1.1941936016082764,0.9010044932365417,-3.0948610305786133,2.382321357727051,1.1529675722122192
60.899152517318726,2.8461482524871826,-2.633653402328491,0.10232879491010789,1.1717203855514526,-0.2810118794441223,-1.3142964839935303,-1.2263553142547607,0.9173088669776917,-3.0932564735412598,2.406363010406494,1.1757875680923462
60.95213747024536,2.8631107807159424,-2.633272886276245,0.1099995258482639,1.2218050956726074,-0.271122008562088,-1.32876455783844,-1.2591801881790161,0.9345465302467346,-3.0885586738586426,2.4320576190948486,1.1943200826644897
60.99966597557068,2.8772988319396973,-2.6327273845672607,0.11780114198097845,1.2657146453857422,-0.2590004801750183,-1.340798258781433,-1.2890528440475464,0.9501869678497314,-3.0831713676452637,2.4561734199523926,1.2084996700286865
61.050262212753296,2.8953819274902344,-2.631967544555664,0.12764344308839717,1.3194903135299683,-0.24007798731327057,-1.3525141477584839,-1.3270224332809448,0.9708883762359619,-3.0739309787750244,2.4856512546539307,1.2248934507369995
61.099451303482056,2.911444902420044,-2.6312649250030518,0.13549990796152417,1.3669759035110474,-0.2219151258468628,-1.3602651357650757,-1.361721158027649,0.9895505309104919,-3.0621986389160156,2.5110132694244385,1.2401542663574219
61.15036725997925,2.925496816635132,-2.6304712295532227,0.1426381203201192,1.4052568674087524,-0.20589719712734222,-1.3652548789978027,-1.3928192853927612,1.0055235624313354,-3.049541473388672,2.5341877937316895,1.253679871559143
61.199788331985474,2.9432575702667236,-2.6293976306915283,0.15109014221586117,1.4478596448898315,-0.18855230510234833,-1.3693956136703491,-1.4312530755996704,1.025025725364685,-3.033104658126831,2.5655453205108643,1.270616054534912
61.250056743621826,2.959211826324463,-2.628206253051758,0.15934870989472721,1.4860175848007202,-0.17623893916606903,-1.3717050552368164,-1.4652224779129028,1.0423164367675781,-3.0187251567840576,2.5960144996643066,1.284199595451355
61.30037999153137,2.975257635116577,-2.6274008750915527,0.16503359765580503,1.525446891784668,-0.16673970222473145,-1.3728468418121338,-1.497679352760315,1.0594205856323242,-3.0048766136169434,2.629229784011841,1.2946500778198242
61.34982490539551,2.9902591705322266,-2.6261346340179443,0.17286463495495366,1.5661777257919312,-0.15929952263832092,-1.3723984956741333,-1.5295566320419312,1.0765976905822754,-2.9916582107543945,2.665503740310669,1.301635980606079
61.399556159973145,3.0074546337127686,-2.6245546340942383,0.18189854565404764,1.607559323310852,-0.15289615094661713,-1.370694637298584,-1.5607788562774658,1.0942912101745605,-2.97993540763855,2.7048144340515137,1.3049720525741577
61.44937753677368,3.0240650177001953,-2.623103618621826,0.19008033583316042,1.6507755517959595,-0.1481359899044037,-1.3666023015975952,-1.5910202264785767,1.1127910614013672,-2.9692695140838623,2.743777275085449,1.3096935749053955
61.49926137924194,3.039346933364868,-2.6215953826904297,0.1983136207179519,1.6968151330947876,-0.14577652513980865,-1.3603366613388062,-1.6201573610305786,1.131654143333435,-2.959834575653076,2.7768967151641846,1.3195356130599976
61.549931049346924,3.0568528175354004,-2.619690418243408,0.20734799662806047,1.7459588050842285,-0.14589644968509674,-1.3511382341384888,-1.6479754447937012,1.1504873037338257,-2.951004981994629,2.809392213821411,1.331706166267395
61.60139298439026,3.0729081630706787,-2.617706537246704,0.21518639463769348,1.797634482383728,-0.14805449545383453,-1.3400118350982666,-1.6744725704193115,1.1691843271255493,-2.943091869354248,2.842923641204834,1.345832347869873
61.649977922439575,3.087395191192627,-2.6157212257385254,0.2225920010983793,1.8481738567352295,-0.15159878134727478,-1.3277510404586792,-1.7000210285186768,1.185497522354126,-2.9373276233673096,2.874173164367676,1.3603044748306274
61.69969582557678,3.1063218116760254,-2.6129653453826904,0.2314820634156857,1.905922770500183,-0.15764078497886658,-1.3134781122207642,-1.7290903329849243,1.2031925916671753,-2.9316446781158447,2.9072721004486084,1.3766757249832153
61.75039839744568,3.122828245162964,-2.610424041748047,0.23858910372918704,1.9614901542663574,-0.1646096557378769,-1.3001937866210938,-1.7554309368133545,1.2210203409194946,-2.9264962673187256,2.9379568099975586,1.3923929929733276
61.80018162727356,3.1354596614837646,-2.608319044113159,0.24467042952106835,2.004096746444702,-0.16981413960456848,-1.2903575897216797,-1.775408148765564,1.2361561059951782,-2.922370672225952,2.9625065326690674,1.405095100402832
61.84958600997925,3.156085729598999,-2.6046946048736572,0.2533885767174221,2.068431854248047,-0.17618431150913239,-1.2742583751678467,-1.8081167936325073,1.2615880966186523,-2.9153835773468018,3.00154709815979,1.4273957014083862
61.89904975891113,3.172896146774292,-2.6016995906829834,0.25901424029892817,2.121429681777954,-0.17752796411514282,-1.2609028816223145,-1.8352683782577515,1.2831981182098389,-2.909886360168457,3.0320589542388916,1.4488461017608643
61.94928026199341,3.1894829273223877,-2.598381996154785,0.2637816704426538,2.175912380218506,-0.17470546066761017,-1.2474918365478516,-1.8613475561141968,1.3060344457626343,-2.904546022415161,3.0605366230010986,1.4741699695587158
62.001139879226685,3.2051491737365723,-2.5949292182922363,0.2668407229122234,2.2270562648773193,-0.16849832236766815,-1.2337658405303955,-1.8851230144500732,1.3285911083221436,-2.900250196456909,3.0859360694885254,1.500757098197937
62.04911804199219,3.2219340801239014,-2.591121196746826,0.26991029828210295,2.2794241905212402,-0.15975017845630646,-1.2186304330825806,-1.910766363143921,1.3541450500488281,-2.8967342376708984,3.1124255657196045,1.5293461084365845
62.09982466697693,3.2390105724334717,-2.5871922969818115,0.2732230328941164,2.329785108566284,-0.14915716648101807,-1.2027509212493896,-1.9377473592758179,1.3803492784500122,-2.895247459411621,3.1400561332702637,1.5571165084838867
62.15013122558594,3.256269931793213,-2.583207607269287,0.2769598577166691,2.3797061443328857,-0.1374138593673706,-1.186556339263916,-1.965773582458496,1.4063785076141357,-2.8952624797821045,3.1663949489593506,1.5825649499893188
62.19987773895264,3.27299427986145,-2.5795187950134277,0.27950318692079223,2.43328595161438,-0.12419036775827408,-1.1695207357406616,-1.9961439371109009,1.4328471422195435,-2.8950796127319336,3.192044496536255,1.6047422885894775
62.24930191040039,3.2911908626556396,-2.575409412384033,0.28171696892344955,2.4842114448547363,-0.11065322905778885,-1.1534042358398438,-2.0248806476593018,1.4572192430496216,-2.8912410736083984,3.2172887325286865,1.6201348304748535
62.30003595352173,3.30772066116333,-2.5711545944213867,0.28380498614993294,2.5320839881896973,-0.0964578241109848,-1.1380810737609863,-2.051513671875,1.4791089296340942,-2.883059024810791,3.242236614227295,1.6310601234436035
62.3501513004303,3.3267576694488525,-2.5662150382995605,0.2865210539350788,2.585332155227661,-0.07882426679134369,-1.1209059953689575,-2.081282377243042,1.5035932064056396,-2.8701422214508057,3.2691290378570557,1.6405911445617676
62.401304960250854,3.342434883117676,-2.5623514652252197,0.2879717144782858,2.631988048553467,-0.06288045644760132,-1.1047837734222412,-2.1064696311950684,1.5284185409545898,-2.8554017543792725,3.290544033050537,1.6492986679077148
62.44954800605774,3.361029863357544,-2.557691812515259,0.29099470902498314,2.6809892654418945,-0.047022972255945206,-1.0856667757034302,-2.134129524230957,1.5581467151641846,-2.83545184135437,3.313232660293579,1.6595277786254883
62.50079655647278,3.3773810863494873,-2.553741455078125,0.29331954276370864,2.7257080078125,-0.03499782457947731,-1.0662752389907837,-2.159628391265869,1.5825026035308838,-2.8138883113861084,3.3352558612823486,1.6686207056045532
62.54974293708801,3.3944077491760254,-2.54919695854187,0.2958298886305895,2.768852472305298,-0.027199633419513702,-1.0459990501403809,-2.1834208965301514,1.60015070438385,-2.792325735092163,3.356462240219116,1.675749659538269
62.599690675735474,3.4123640060424805,-2.544567108154297,0.29787316263408997,2.818024158477783,-0.02084548957645893,-1.021084189414978,-2.2087607383728027,1.6163630485534668,-2.767328977584839,3.379213333129883,1.6816754341125488
62.64911770820618,3.429290533065796,-2.540031671524048,0.3001026554235844,2.8644680976867676,-0.01620955765247345,-0.9951051473617554,-2.232116937637329,1.6296783685684204,-2.7425358295440674,3.3984298706054688,1.6855708360671997
62.69987511634827,3.4483745098114014,-2.5349576473236084,0.303810045162213,2.9104557037353516,-0.012414396740496159,-0.9674779176712036,-2.2528858184814453,1.6424658298492432,-2.7164642810821533,3.4158143997192383,1.686702847480774
62.7499737739563,3.464832305908203,-2.530637264251709,0.30662668037907087,2.9546079635620117,-0.010065922513604164,-0.940458357334137,-2.271214008331299,1.6539942026138306,-2.689652919769287,3.431767702102661,1.6850917339324951
62.79952025413513,3.483384847640991,-2.52582049369812,0.309485397208037,3.006427764892578,-0.009388161823153496,-0.9105281829833984,-2.2890961170196533,1.665940523147583,-2.656245231628418,3.4491114616394043,1.6846212148666382
62.84981918334961,3.5008749961853027,-2.5212321281433105,0.31190500308175717,3.0583255290985107,-0.011012321338057518,-0.881624162197113,-2.3053133487701416,1.675682783126831,-2.6202824115753174,3.4647605419158936,1.6883888244628906
62.89960336685181,3.518094062805176,-2.516648292541504,0.3142536266182201,3.111769199371338,-0.015563011169433594,-0.8518439531326294,-2.3214192390441895,1.6816848516464233,-2.581937313079834,3.4815406799316406,1.696033239364624
62.94929122924805,3.5332190990448,-2.512566089630127,0.31589188281323516,3.1587162017822266,-0.02178763598203659,-0.8243646621704102,-2.3342809677124023,1.6841531991958618,-2.546133041381836,3.4978716373443604,1.704856276512146
63.000593423843384,3.552098035812378,-2.5075130462646484,0.31753960123108743,3.2177648544311523,-0.03132980689406395,-0.7886431813240051,-2.347360372543335,1.6876541376113892,-2.500303268432617,3.517975091934204,1.7172696590423584
63.04909896850586,3.568588972091675,-2.502948760986328,0.3184496710359764,3.269073486328125,-0.04051081836223602,-0.7550185918807983,-2.3556456565856934,1.6917883157730103,-2.4610395431518555,3.534372329711914,1.7299877405166626
63.10038661956787,3.584360122680664,-2.4983932971954346,0.3197593912901975,3.3160040378570557,-0.048264190554618835,-0.720363974571228,-2.3601396083831787,1.696575403213501,-2.424917221069336,3.5494589805603027,1.7455332279205322
63.14967679977417,3.602083444595337,-2.493313789367676,0.32090676428652826,3.3616697788238525,-0.05313987284898758,-0.6848706603050232,-2.3622918128967285,1.7025108337402344,-2.3915328979492188,3.5648021697998047,1.7638750076293945
63.20042419433594,3.6178174018859863,-2.4887757301330566,0.32196794415186536,3.405383348464966,-0.05422304943203926,-0.6514565944671631,-2.364039897918701,1.7090486288070679,-2.361119508743286,3.5797269344329834,1.782915711402893
63.24902963638306,3.635951280593872,-2.4835121631622314,0.3228392425402594,3.4543652534484863,-0.05129016190767288,-0.6159255504608154,-2.366940975189209,1.7172755002975464,-2.3289339542388916,3.5976200103759766,1.8043614625930786
63.299413442611694,3.65252423286438,-2.4788551330566406,0.3240588753345875,3.4995386600494385,-0.044954873621463776,-0.5838420391082764,-2.370692014694214,1.7253588438034058,-2.3005495071411133,3.616163969039917,1.826542854309082
63.34984612464905,3.669215679168701,-2.4743540287017822,0.32564757191613264,3.5440356731414795,-0.03647209703922272,-0.5518538951873779,-2.374833583831787,1.7335456609725952,-2.273185968399048,3.6346330642700195,1.8487472534179688
63.40027356147766,3.6855130195617676,-2.469752788543701,0.32712127766114646,3.5889830589294434,-0.026332329958677292,-0.520405113697052,-2.37910532951355,1.7418475151062012,-2.24573016166687,3.6523449420928955,1.8688229322433472
63.44962239265442,3.7016546726226807,-2.465186834335327,0.32916154046504126,3.634974241256714,-0.014473858289420605,-0.48985570669174194,-2.3832449913024902,1.7508304119110107,-2.2178781032562256,3.6679484844207764,1.8851507902145386
63.49974346160889,3.717764377593994,-2.460533618927002,0.3305079078659675,3.682154655456543,-4.842394992010668e-05,-0.45927900075912476,-2.3870303630828857,1.7609314918518066,-2.188838481903076,3.679476499557495,1.8980792760849
63.549354791641235,3.7333803176879883,-2.455840587615967,0.33251434590779727,3.7307705879211426,0.017830846831202507,-0.42733585834503174,-2.3909363746643066,1.772761344909668,-2.1578733921051025,3.687932252883911,1.9093984365463257
63.59935426712036,3.749311685562134,-2.4514784812927246,0.3344687077841343,3.7802481651306152,0.0396987609565258,-0.393875390291214,-2.3950741291046143,1.7876381874084473,-2.125913381576538,3.6929726600646973,1.9208706617355347
63.64994502067566,3.764733076095581,-2.4468719959259033,0.33688316611409785,3.830449104309082,0.06526259332895279,-0.35952022671699524,-2.3991446495056152,1.8062180280685425,-2.0941531658172607,3.695202589035034,1.9330428838729858
63.69906520843506,3.781914472579956,-2.441807508468628,0.33831164462258934,3.879302978515625,0.09288259595632553,-0.32508382201194763,-2.403677225112915,1.8253417015075684,-2.0625882148742676,3.6943905353546143,1.9439475536346436
63.75000858306885,3.798494338989258,-2.4369266033172607,0.34002084199912114,3.922744035720825,0.11965683102607727,-0.29055941104888916,-2.409317970275879,1.841396450996399,-2.031101703643799,3.6911275386810303,1.9529560804367065
63.79923939704895,3.8127315044403076,-2.432666063308716,0.3415398905095798,3.9553089141845703,0.14062859117984772,-0.2615416646003723,-2.4147720336914062,1.8554811477661133,-2.0033366680145264,3.686856508255005,1.9590572118759155
63.84982633590698,3.832319498062134,-2.4269824028015137,0.3436544944142907,3.99859619140625,0.16763374209403992,-0.22106537222862244,-2.423081398010254,1.8775371313095093,-1.963504672050476,3.6792094707489014,1.966480016708374
63.899086475372314,3.8496906757354736,-2.421314239501953,0.3462302957637021,4.0335869789123535,0.18853409588336945,-0.1858300268650055,-2.4306437969207764,1.897241473197937,-1.9293553829193115,3.67098331451416,1.9717612266540527
63.949174642562866,3.866804838180542,-2.415813446044922,0.3489076024087533,4.06756067276001,0.2075825035572052,-0.15015864372253418,-2.4383625984191895,1.9170445203781128,-1.894379734992981,3.6612608432769775,1.9763431549072266
63.999545097351074,3.8825831413269043,-2.410957098007202,0.3512341200824292,4.101839542388916,0.2256018966436386,-0.11432035267353058,-2.444859027862549,1.936741828918457,-1.8560296297073364,3.649732828140259,1.980729579925537
64.05018973350525,3.900441884994507,-2.405240535736084,0.35478917397597326,4.13815450668335,0.24360845983028412,-0.07822968810796738,-2.4489974975585938,1.9539934396743774,-1.8150157928466797,3.6364123821258545,1.9848122596740723
64.09950685501099,3.917377471923828,-2.399651527404785,0.3579198918673934,4.1778106689453125,0.2617923319339752,-0.04175477847456932,-2.4514412879943848,1.969022274017334,-1.772707223892212,3.6209399700164795,1.988266110420227
64.15077424049377,3.9345638751983643,-2.3941545486450195,0.36049133684571943,4.220306873321533,0.2808159589767456,-0.005314985290169716,-2.4518637657165527,1.9820644855499268,-1.7295504808425903,3.6034247875213623,1.9907907247543335
64.19989728927612,3.9512429237365723,-2.3887195587158203,0.3641412166530583,4.264906406402588,0.29996344447135925,0.030378639698028564,-2.450836181640625,1.9934923648834229,-1.6852209568023682,3.5850226879119873,1.9932787418365479
64.2497911453247,3.964475154876709,-2.384422779083252,0.367080429005416,4.2993927001953125,0.31461429595947266,0.0570845901966095,-2.4492712020874023,2.0011839866638184,-1.6503676176071167,3.570681095123291,1.9953306913375854
64.29991483688354,3.985482931137085,-2.3775360584259033,0.3729903249631444,4.352834701538086,0.33948513865470886,0.09890995919704437,-2.44579815864563,2.0108749866485596,-1.5956236124038696,3.547907829284668,1.996799111366272
64.34950304031372,4.000659465789795,-2.3729708194732666,0.37801374302270946,4.392702102661133,0.36023151874542236,0.1310923993587494,-2.441927671432495,2.0164806842803955,-1.5555071830749512,3.529947280883789,1.9963783025741577
64.39965486526489,4.01910924911499,-2.3671157360076904,0.3850043373144252,4.433119773864746,0.38326379656791687,0.16640837490558624,-2.435943603515625,2.023226737976074,-1.5111796855926514,3.5103704929351807,1.9945687055587769
64.44924879074097,4.034728527069092,-2.362549066543579,0.39362833543442505,4.463613510131836,0.4046233296394348,0.19697177410125732,-2.428109884262085,2.0291621685028076,-1.4684674739837646,3.4931037425994873,1.9919888973236084
64.4991090297699,4.052944660186768,-2.3567516803741455,0.4054311094895666,4.493090629577637,0.43241992592811584,0.2295776903629303,-2.415593147277832,2.0340051651000977,-1.4144463539123535,3.473950147628784,1.9880560636520386
64.54907822608948,4.06777811050415,-2.3523707389831543,0.4189042702867099,4.516178607940674,0.4604496359825134,0.257813960313797,-2.40147066116333,2.0388996601104736,-1.363632082939148,3.4570844173431396,1.9832993745803833
64.59926342964172,4.083377361297607,-2.347545623779297,0.43578244130956795,4.539403438568115,0.4921518564224243,0.28951165080070496,-2.3839023113250732,2.0448005199432373,-1.3092936277389526,3.4385085105895996,1.9760807752609253
64.65005397796631,4.097374439239502,-2.3437399864196777,0.4572413758982755,4.558892726898193,0.5215358734130859,0.3193065822124481,-2.3672754764556885,2.052557945251465,-1.2618001699447632,3.421226978302002,1.9669767618179321
64.70044684410095,4.109889507293701,-2.340310573577881,0.47966198441811103,4.575910568237305,0.5520735383033752,0.34767505526542664,-2.3533506393432617,2.0632455348968506,-1.217606782913208,3.404400110244751,1.9557386636734009
64.74937868118286,4.121247291564941,-2.337541103363037,0.5060731033677944,4.589858055114746,0.5861889719963074,0.3752470016479492,-2.3420069217681885,2.0766794681549072,-1.1770857572555542,3.3885562419891357,1.9425359964370728
64.79960465431213,4.1316094398498535,-2.335014581680298,0.5363510689961014,4.600136756896973,0.6247645616531372,0.4034239649772644,-2.3316876888275146,2.093163013458252,-1.1404362916946411,3.3741726875305176,1.9281669855117798
64.84919357299805,4.140527725219727,-2.3333218097686768,0.5695775652183425,4.605862617492676,0.6670669317245483,0.43218740820884705,-2.3222222328186035,2.1119132041931152,-1.1066391468048096,3.36165189743042,1.912187933921814
64.8992166519165,4.148522853851318,-2.3315200805664062,0.5999553998350805,4.606927394866943,0.711537778377533,0.46009305119514465,-2.3139798641204834,2.1325924396514893,-1.073244571685791,3.3505873680114746,1.8944668769836426
64.94971680641174,4.157190322875977,-2.3289828300476074,0.6337514656615995,4.60283088684082,0.7577909231185913,0.48709356784820557,-2.3060638904571533,2.1551101207733154,-1.038824439048767,3.340327024459839,1.874545693397522
65.00079917907715,4.165091037750244,-2.326401472091675,0.665069913428608,4.593575477600098,0.8064966201782227,0.5147830843925476,-2.2987353801727295,2.1800520420074463,-1.0036497116088867,3.3303515911102295,1.8534061908721924
65.04925298690796,4.172224998474121,-2.324648380279541,0.6985744421437531,4.582544803619385,0.8531329035758972,0.5439897775650024,-2.2917544841766357,2.206867218017578,-0.9689841866493225,3.319282293319702,1.832010269165039
65.09960174560547,4.18159294128418,-2.320117235183716,0.7345129571728052,4.573009490966797,0.8959050178527832,0.5750941634178162,-2.285217761993408,2.235245943069458,-0.9365633130073547,3.306981325149536,1.8113524913787842
65.15045499801636,4.188308238983154,-2.3177449703216553,0.7719127435644013,4.566405773162842,0.9381529092788696,0.6076356768608093,-2.279531478881836,2.264692783355713,-0.9060497879981995,3.2939038276672363,1.7920331954956055
65.20080590248108,4.194905757904053,-2.315612316131592,0.809460519376022,4.56282901763916,0.9812711477279663,0.6409969925880432,-2.2754297256469727,2.295032024383545,-0.8759833574295044,3.279412031173706,1.7731695175170898
65.24998641014099,4.20045280456543,-2.3141114711761475,0.8465942489515164,4.560596466064453,1.024750828742981,0.6738379001617432,-2.272437334060669,2.3270559310913086,-0.8462173342704773,3.2630436420440674,1.7547640800476074
65.30107116699219,4.206122875213623,-2.3129422664642334,0.8905369761726439,4.558277130126953,1.067909598350525,0.7054398655891418,-2.269315719604492,2.3608286380767822,-0.818117082118988,3.2453794479370117,1.7374275922775269
65.35002374649048,4.2108073234558105,-2.3122997283935547,0.9306666651117362,4.5559892654418945,1.1101819276809692,0.7343809008598328,-2.2658298015594482,2.3938400745391846,-0.7912724018096924,3.2279601097106934,1.7224791049957275
65.39943861961365,4.215484142303467,-2.311816930770874,0.9741874771032258,4.553169250488281,1.1584571599960327,0.7654818296432495,-2.2618558406829834,2.428476333618164,-0.759825587272644,3.2088968753814697,1.7071152925491333
65.44951701164246,4.2193989753723145,-2.311155080795288,1.0201770632450722,4.550806045532227,1.2141178846359253,0.7989681363105774,-2.256953239440918,2.461597442626953,-0.7224803566932678,3.186913013458252,1.6906414031982422
65.5005669593811,4.223385810852051,-2.310405731201172,1.063461995982808,4.550574779510498,1.2700709104537964,0.8312840461730957,-2.250654935836792,2.4893813133239746,-0.6855219006538391,3.1650009155273438,1.6753392219543457
65.54953002929688,4.2270050048828125,-2.30989670753479,1.1086217104398757,4.553696155548096,1.3266956806182861,0.8633053302764893,-2.2430129051208496,2.515376091003418,-0.6487525105476379,3.1419243812561035,1.6613656282424927
65.60082340240479,4.230855464935303,-2.309044599533081,1.1541290620633453,4.55917501449585,1.382617712020874,0.8962815403938293,-2.233247756958008,2.549020767211914,-0.6135678291320801,3.117913246154785,1.6494948863983154
65.64984059333801,4.23505973815918,-2.30794620513916,1.2005574755803297,4.563156604766846,1.439028263092041,0.9292243123054504,-2.2214174270629883,2.5925707817077637,-0.5780583620071411,3.093474864959717,1.6397247314453125
65.69977951049805,4.239319801330566,-2.3070778846740723,1.248770446962965,4.5650434494018555,1.4934651851654053,0.9611719250679016,-2.207918882369995,2.632004976272583,-0.5400914549827576,3.068711996078491,1.6309618949890137
65.74949645996094,4.243497371673584,-2.305760622024536,1.2987230549380182,4.563817501068115,1.5429372787475586,0.9914605021476746,-2.193099021911621,2.6646921634674072,-0.5003435611724854,3.0426206588745117,1.6223735809326172
65.79994416236877,4.247539043426514,-2.3034560680389404,1.346488158257071,4.556916236877441,1.586990237236023,1.0192605257034302,-2.1784024238586426,2.692169666290283,-0.46184539794921875,3.018524408340454,1.6142017841339111
