t,chair_x,chair_y,chair_yaw,human5_x,human5_y,human6_x,human6_y,human7_x,human7_y,human8_x,human8_y
0.0,-0.9491921067237854,1.7447506189346313,0.016820129299113053,1.7740674018859863,-3.259965181350708,1.5830808877944946,3.081105947494507,3.3809094429016113,0.27608522772789,-0.930900514125824,-1.5236985683441162
0.049627065658569336,-0.949181318283081,1.744760513305664,0.016738277497939543,1.7740674018859863,-3.259965181350708,1.5782959461212158,3.0879998207092285,3.3902201652526855,0.2775436043739319,-0.9301590323448181,-1.52382493019104
0.10062003135681152,-0.9492008090019226,1.744613528251648,0.016786606760499808,1.7740674018859863,-3.259965181350708,1.5755552053451538,3.0949149131774902,3.3962249755859375,0.2764507234096527,-0.9294452667236328,-1.5239521265029907
0.14976119995117188,-0.9494378566741943,1.7445796728134155,0.016970305353550163,1.7740674018859863,-3.259965181350708,1.5742261409759521,3.1028263568878174,3.399521589279175,0.2722412049770355,-0.9288408756256104,-1.5242336988449097
0.20062661170959473,-0.9494937062263489,1.7445555925369263,0.016918409496075953,1.6760588884353638,-3.2569117546081543,1.5743504762649536,3.1107289791107178,3.400118350982666,0.2621783912181854,-0.9284031391143799,-1.5245630741119385
0.25002527236938477,-0.949397623538971,1.7448394298553467,0.0168522518769589,1.6766523122787476,-3.2525718212127686,1.5755527019500732,3.1173298358917236,3.4031732082366943,0.24689416587352753,-0.928097128868103,-1.524854302406311
0.3004305362701416,-0.949188768863678,1.744741678237915,0.015911003982657115,1.6791857481002808,-3.2511212825775146,1.5780309438705444,3.1229896545410156,3.4098384380340576,0.22740010917186737,-0.9278837442398071,-1.525015115737915
0.3504064083099365,-0.9487051367759705,1.7451225519180298,0.01435406856614876,1.6822526454925537,-3.2504286766052246,1.5809531211853027,3.1267406940460205,3.415952682495117,0.2085956633090973,-0.9277297854423523,-1.5249717235565186
0.4000406265258789,-0.9481028318405151,1.7453726530075073,0.012426061782246834,1.6858258247375488,-3.2485640048980713,1.5827043056488037,3.1286802291870117,3.4197099208831787,0.18885332345962524,-0.9276114106178284,-1.524704098701477
0.45061826705932617,-0.947243332862854,1.7454957962036133,0.010722613160868507,1.6894409656524658,-3.245410203933716,1.5831547975540161,3.128770589828491,3.420325994491577,0.17374441027641296,-0.9275828003883362,-1.52440345287323
0.5002658367156982,-0.9458956122398376,1.7456568479537964,0.008910128906090053,1.693482518196106,-3.2379109859466553,1.5825132131576538,3.1267218589782715,3.4177796840667725,0.15399117767810822,-0.9276853203773499,-1.5236707925796509
0.5497310161590576,-0.9446937441825867,1.7455238103866577,0.004613771078814485,1.6969157457351685,-3.2282609939575195,1.581465721130371,3.1228983402252197,3.412477493286133,0.13556115329265594,-0.9278149604797363,-1.5227949619293213
0.6001367568969727,-0.9433391094207764,1.7458325624465942,-0.0001471812022086457,1.700759768486023,-3.216477394104004,1.5807996988296509,3.1188037395477295,3.4055447578430176,0.11855632811784744,-0.9281612634658813,-1.521719217300415
0.6501011848449707,-0.9417941570281982,1.746112585067749,-0.005252692342596564,1.7058708667755127,-3.203773260116577,1.580604076385498,3.1142752170562744,3.3982534408569336,0.10288044065237045,-0.9285436868667603,-1.520743727684021
0.7007522583007812,-0.93985915184021,1.7465860843658447,-0.011420284861152258,1.7133275270462036,-3.1893928050994873,1.5811330080032349,3.109316110610962,3.3901185989379883,0.0865563154220581,-0.9292334914207458,-1.5202888250350952
0.7510497570037842,-0.9378382563591003,1.7472450733184814,-0.01753265620687242,1.724193811416626,-3.176561117172241,1.582053780555725,3.104400634765625,3.3818421363830566,0.07123807817697525,-0.9298187494277954,-1.519163966178894
0.8010220527648926,-0.934627890586853,1.7474160194396973,-0.026752813185645832,1.7367967367172241,-3.165637731552124,1.5836206674575806,3.0987770557403564,3.3718011379241943,0.05440526083111763,-0.9306280612945557,-1.5175782442092896
0.8501472473144531,-0.935051679611206,1.7486724853515625,-0.040340740674782084,1.7494052648544312,-3.1567280292510986,1.5853320360183716,3.093740701675415,3.3619322776794434,0.04032361879944801,-0.9314299821853638,-1.515944242477417
0.8999931812286377,-0.9282979369163513,1.7487616539001465,-0.048484185609585013,1.763911247253418,-3.1479239463806152,1.5877485275268555,3.0885190963745117,3.3502447605133057,0.02625155821442604,-0.9322918653488159,-1.514115571975708
0.9503383636474609,-0.9277018904685974,1.7500931024551392,-0.06508387853075014,1.775977611541748,-3.142110824584961,1.5902937650680542,3.084099769592285,3.339017629623413,0.014340496622025967,-0.9332242608070374,-1.512007713317871
0.9998996257781982,-0.9237089157104492,1.7509182691574097,-0.07953391702144662,1.7919303178787231,-3.1325345039367676,1.5935108661651611,3.0800938606262207,3.327065944671631,0.0037569543346762657,-0.9343058466911316,-1.5098081827163696
1.0499846935272217,-0.9194642901420593,1.7517017126083374,-0.09521940530767987,1.8070088624954224,-3.1229665279388428,1.5971890687942505,3.07650089263916,3.314239025115967,-0.005389043129980564,-0.9355785250663757,-1.5074224472045898
1.1008243560791016,-0.9146204590797424,1.7524839639663696,-0.11305315772161915,1.8229961395263672,-3.112339973449707,1.6014118194580078,3.0730373859405518,3.301295042037964,-0.012754268944263458,-0.9368427395820618,-1.504548192024231
1.1516342163085938,-0.9096110463142395,1.7531193494796753,-0.13138423129554844,1.839372158050537,-3.1032257080078125,1.6059585809707642,3.069519281387329,3.2886836528778076,-0.017898613587021828,-0.9382718801498413,-1.5010489225387573
1.2001540660858154,-0.9032812714576721,1.7538294792175293,-0.15327079637403274,1.8551325798034668,-3.095688581466675,1.6102745532989502,3.06569242477417,3.2758498191833496,-0.02159120887517929,-0.9398250579833984,-1.4969115257263184
1.250208854675293,-0.8968946933746338,1.7544488906860352,-0.1755028108536071,1.870073914527893,-3.089367628097534,1.6141306161880493,3.0611658096313477,3.262082815170288,-0.02396978996694088,-0.9418942332267761,-1.4920525550842285
1.3007900714874268,-0.8890756964683533,1.755092978477478,-0.20078768303004427,1.8849776983261108,-3.0822958946228027,1.6181018352508545,3.055840492248535,3.2470991611480713,-0.02532850205898285,-0.9446128606796265,-1.4862650632858276
1.3500349521636963,-0.883095383644104,1.755618929862976,-0.2252227873806443,1.899709701538086,-3.074082136154175,1.6222652196884155,3.0496275424957275,3.23091459274292,-0.02564218081533909,-0.9480526447296143,-1.4797728061676025
1.4007799625396729,-0.8753919005393982,1.7559814453125,-0.2548804665375796,1.9148452281951904,-3.0639588832855225,1.6266674995422363,3.041822910308838,3.2130587100982666,-0.02470490150153637,-0.9522227644920349,-1.4717473983764648
1.450754165649414,-0.8671272397041321,1.7562487125396729,-0.2846913511521363,1.927964210510254,-3.05348801612854,1.6305484771728516,3.0337517261505127,3.1963627338409424,-0.022444888949394226,-0.9562618732452393,-1.4642351865768433
1.500331163406372,-0.858296275138855,1.7562416791915894,-0.3160614726762355,1.94130539894104,-3.0427675247192383,1.634826898574829,3.0237720012664795,3.1778130531311035,-0.01798589900135994,-0.9605486989021301,-1.456299901008606
1.5497932434082031,-0.8490114808082581,1.7560802698135376,-0.3478658665564408,1.9545267820358276,-3.030752182006836,1.639042854309082,3.012381076812744,3.158419609069824,-0.011337307281792164,-0.9652398824691772,-1.4484864473342896
1.600592851638794,-0.8397713899612427,1.7552449703216553,-0.3806215968437657,1.9680497646331787,-3.0183966159820557,1.642956256866455,2.999138593673706,3.1380655765533447,-0.0027432963252067566,-0.9690420627593994,-1.4402271509170532
1.6507940292358398,-0.8296520709991455,1.7538182735443115,-0.41270546561035953,1.9819432497024536,-3.005272626876831,1.645925760269165,2.9833357334136963,3.1167964935302734,0.006983049679547548,-0.9712486863136292,-1.430785059928894
1.7008094787597656,-0.8201092481613159,1.7521933317184448,-0.44584262198717883,1.9953540563583374,-2.9914793968200684,1.6475646495819092,2.9652183055877686,3.094691753387451,0.017751401290297508,-0.9713039398193359,-1.4219489097595215
1.7501177787780762,-0.810663104057312,1.7502098083496094,-0.47798504736313985,2.00724720954895,-2.9773926734924316,1.6475129127502441,2.9453840255737305,3.071847438812256,0.029228858649730682,-0.9696360230445862,-1.4149394035339355
1.800785779953003,-0.80357825756073,1.7487201690673828,-0.5054358600125941,2.01546573638916,-2.9662039279937744,1.6461455821990967,2.927583932876587,3.0523831844329834,0.03936615213751793,-0.9671655893325806,-1.409796953201294
1.8501436710357666,-0.7933595776557922,1.7457636594772339,-0.5410777979316918,2.0242974758148193,-2.9506306648254395,1.6424566507339478,2.898808240890503,3.022700786590576,0.05482211709022522,-0.9618661999702454,-1.4023756980895996
1.900876760482788,-0.7850890159606934,1.742875099182129,-0.5712144516037804,2.028825521469116,-2.938023567199707,1.6379101276397705,2.8749277591705322,2.9989027976989746,0.06673688441514969,-0.9567063450813293,-1.3965766429901123
1.9502110481262207,-0.7767378687858582,1.7398905754089355,-0.5998889565292638,2.0308237075805664,-2.9230620861053467,1.6313477754592896,2.8484647274017334,2.972929000854492,0.07865661382675171,-0.9501346349716187,-1.3899548053741455
2.000476598739624,-0.7687970399856567,1.7368106842041016,-0.6282456993624614,2.0302233695983887,-2.904949426651001,1.6225773096084595,2.8199219703674316,2.9448580741882324,0.0892367735505104,-0.9419298768043518,-1.3816440105438232
2.050288438796997,-0.7607741355895996,1.7331819534301758,-0.655367408560689,2.026848793029785,-2.886522054672241,1.6129056215286255,2.7944211959838867,2.919358968734741,0.09695283323526382,-0.9338145852088928,-1.374239444732666
2.1003365516662598,-0.7536184787750244,1.7305203676223755,-0.6816788802638052,2.020461082458496,-2.865361213684082,1.6006124019622803,2.7675764560699463,2.8929309844970703,0.10272370278835297,-0.9244971871376038,-1.367113471031189
2.1497912406921387,-0.746131956577301,1.7272443771362305,-0.7070999779671342,2.010852098464966,-2.842411994934082,1.5871145725250244,2.7402396202087402,2.8678879737854004,0.10610249638557434,-0.9148478507995605,-1.359078049659729
2.2003228664398193,-0.7388852834701538,1.7238506078720093,-0.733187661311843,1.9969712495803833,-2.8165838718414307,1.572277545928955,2.711021900177002,2.8428828716278076,0.10730338841676712,-0.9053537845611572,-1.3485726118087769
2.2496464252471924,-0.7313545942306519,1.7200860977172852,-0.7579748906010848,1.9809538125991821,-2.791271448135376,1.5591429471969604,2.6825451850891113,2.8196163177490234,0.10766821354627609,-0.8982747197151184,-1.3362513780593872
2.3010191917419434,-0.7234434485435486,1.7158522605895996,-0.7839196187526444,1.9644063711166382,-2.766065835952759,1.5489145517349243,2.654909610748291,2.797276258468628,0.10789066553115845,-0.8934575915336609,-1.3233107328414917
2.3498826026916504,-0.7155705094337463,1.7113666534423828,-0.8099615345807002,1.9467183351516724,-2.7385971546173096,1.5410339832305908,2.624182939529419,2.773892641067505,0.10816032439470291,-0.8907346725463867,-1.3102471828460693
2.4019110202789307,-0.7074336409568787,1.70610511302948,-0.8363262733906998,1.929768681526184,-2.7118356227874756,1.5357617139816284,2.592073440551758,2.750354051589966,0.10806625336408615,-0.8898181319236755,-1.2978901863098145
2.4497601985931396,-0.6990488171577454,1.7005199193954468,-0.8631787114857378,1.9143403768539429,-2.685971260070801,1.533515453338623,2.5592684745788574,2.726546287536621,0.10795295238494873,-0.890242338180542,-1.2848330736160278
2.5002167224884033,-0.6903256177902222,1.694267988204956,-0.8907316308580567,1.9005283117294312,-2.6598339080810547,1.5337048768997192,2.526771306991577,2.7013425827026367,0.10729094594717026,-0.8917365670204163,-1.2707031965255737
2.550137996673584,-0.6816089153289795,1.6875391006469727,-0.9195611704638993,1.8887946605682373,-2.6330225467681885,1.5354716777801514,2.4939396381378174,2.675261974334717,0.1062251403927803,-0.8946629166603088,-1.2553194761276245
2.5995326042175293,-0.6721286177635193,1.6802213191986084,-0.948842548928883,1.8794159889221191,-2.60545015335083,1.5389736890792847,2.4604055881500244,2.648643732070923,0.10416308790445328,-0.8997299075126648,-1.2378361225128174
2.65156626701355,-0.6630920767784119,1.6724780797958374,-0.9809620753001868,1.8730684518814087,-2.5784714221954346,1.5438865423202515,2.426403760910034,2.6219770908355713,0.10036434233188629,-0.9065115451812744,-1.217228651046753
2.700287103652954,-0.654053270816803,1.6648755073547363,-1.00844408616544,1.8709869384765625,-2.555922269821167,1.5495139360427856,2.396080493927002,2.5985474586486816,0.09534269571304321,-0.9129111170768738,-1.1970280408859253
2.7495596408843994,-0.6430014967918396,1.6536859273910522,-1.0418516145555186,1.8723610639572144,-2.5263755321502686,1.5597045421600342,2.3558056354522705,2.567373275756836,0.08642584085464478,-0.9211530685424805,-1.1682157516479492
2.801988363265991,-0.6349913477897644,1.6454670429229736,-1.0770755979123405,1.877050757408142,-2.498281240463257,1.5703458786010742,2.3214094638824463,2.539318084716797,0.07725223153829575,-0.9282407760620117,-1.1433522701263428
2.8512182235717773,-0.6252265572547913,1.6332035064697266,-1.1106238789177019,1.8846068382263184,-2.469027519226074,1.580661416053772,2.2891957759857178,2.5124847888946533,0.06787420064210892,-0.9350659251213074,-1.1196036338806152
2.90049147605896,-0.6157886981964111,1.6223950386047363,-1.1413704700124923,1.8957535028457642,-2.4376397132873535,1.5908241271972656,2.257481813430786,2.4861419200897217,0.058273762464523315,-0.9423847198486328,-1.0966609716415405
2.9502484798431396,-0.6063241362571716,1.6090043783187866,-1.1720196630031858,1.912109375,-2.3997697830200195,1.6015028953552246,2.222860097885132,2.4569618701934814,0.0480639711022377,-0.9516750574111938,-1.0727252960205078
2.999793291091919,-0.5983618497848511,1.5963867902755737,-1.1972026423886497,1.930942177772522,-2.3636794090270996,1.609432578086853,2.192405939102173,2.430014133453369,0.040786080062389374,-0.9600300192832947,-1.0524282455444336
3.0503716468811035,-0.5899564027786255,1.5817292928695679,-1.222002597474644,1.9561042785644531,-2.3218533992767334,1.6160155534744263,2.1581690311431885,2.3983218669891357,0.03532581403851509,-0.9682161211967468,-1.0323415994644165
3.1006624698638916,-0.582254946231842,1.5663121938705444,-1.242653252249476,1.9829199314117432,-2.2822768688201904,1.6202534437179565,2.124770164489746,2.3675429821014404,0.03328683227300644,-0.9736852645874023,-1.0151329040527344
3.150927782058716,-0.5752403140068054,1.5505239963531494,-1.261500856095485,2.0113515853881836,-2.2415969371795654,1.6226919889450073,2.090750217437744,2.3382372856140137,0.034048452973365784,-0.9772741794586182,-0.9976062178611755
3.2012650966644287,-0.5682380795478821,1.534037470817566,-1.279061707004669,2.0394434928894043,-2.1993203163146973,1.6237558126449585,2.0567634105682373,2.31046199798584,0.03636245056986809,-0.9791819453239441,-0.9779985547065735
3.2507078647613525,-0.5621671676635742,1.518394947052002,-1.295799164947386,2.0663390159606934,-2.1561429500579834,1.6238887310028076,2.0207326412200928,2.281879186630249,0.03981168568134308,-0.9798406958580017,-0.9550997018814087
3.3005549907684326,-0.5561699867248535,1.5028682947158813,-1.3119873484779894,2.0850210189819336,-2.123850107192993,1.6236690282821655,1.991605520248413,2.25925612449646,0.04331490769982338,-0.9793447852134705,-0.9357938170433044
3.351386308670044,-0.549803614616394,1.4845129251480103,-1.3315297056792703,2.1076502799987793,-2.0791985988616943,1.6227192878723145,1.949051856994629,2.226393461227417,0.04906384274363518,-0.9770408868789673,-0.9085277318954468
3.400315523147583,-0.5441775321960449,1.468332290649414,-1.3492254479348385,2.123049020767212,-2.043255567550659,1.6210758686065674,1.9135814905166626,2.1988894939422607,0.05472363159060478,-0.973025381565094,-0.8866491317749023
3.451611042022705,-0.5391449928283691,1.45228111743927,-1.3668497613851396,2.1360673904418945,-2.006584644317627,1.6181031465530396,1.875314712524414,2.169480085372925,0.06191638112068176,-0.966537356376648,-0.8642580509185791
3.500232696533203,-0.5344423651695251,1.4361289739608765,-1.3832342248716991,2.1452250480651855,-1.97178316116333,1.613847017288208,1.8369132280349731,2.14005184173584,0.07083126902580261,-0.957722008228302,-0.8407694101333618
3.55087947845459,-0.5300053358078003,1.4201470613479614,-1.3985654041426485,2.1516191959381104,-1.937660574913025,1.608850121498108,1.7991790771484375,2.1113879680633545,0.08137697726488113,-0.9473075270652771,-0.8172722458839417
3.6007726192474365,-0.5261006355285645,1.403806209564209,-1.4127779091932013,2.1556479930877686,-1.903059720993042,1.603473424911499,1.7619919776916504,2.083385944366455,0.09353519976139069,-0.9368109703063965,-0.7940143942832947
3.6509387493133545,-0.5227870941162109,1.3878687620162964,-1.4282169282882278,2.1577725410461426,-1.865046501159668,1.5980689525604248,1.7238235473632812,2.0537829399108887,0.10752961784601212,-0.9268442392349243,-0.7669664025306702
3.700941324234009,-0.5196471214294434,1.3714920282363892,-1.441954175409629,2.158050775527954,-1.829428791999817,1.594687819480896,1.6900122165679932,2.0281143188476562,0.1203867569565773,-0.9196650981903076,-0.7398669719696045
3.7504849433898926,-0.5166279673576355,1.3551089763641357,-1.455115001450063,2.1565356254577637,-1.7894924879074097,1.593003273010254,1.6541712284088135,2.002002000808716,0.13360725343227386,-0.9138677716255188,-0.7091407775878906
3.8010215759277344,-0.513883113861084,1.338547706604004,-1.4670467441832487,2.1528239250183105,-1.747375726699829,1.5932018756866455,1.6187751293182373,1.976572036743164,0.1463059037923813,-0.9094704389572144,-0.679512619972229
3.8501572608947754,-0.5114011764526367,1.321720004081726,-1.477729100491109,2.146703004837036,-1.7038123607635498,1.5946094989776611,1.5845327377319336,1.9503649473190308,0.15779145061969757,-0.9069924354553223,-0.6519649624824524
3.9001448154449463,-0.5092106461524963,1.30449640750885,-1.4876737593562464,2.1371920108795166,-1.6573421955108643,1.59623122215271,1.54954195022583,1.9203108549118042,0.16798518598079681,-0.9067175984382629,-0.6226251125335693
3.9509270191192627,-0.5071285367012024,1.2872755527496338,-1.4975093549041476,2.127437114715576,-1.6107721328735352,1.5977848768234253,1.5167385339736938,1.8898379802703857,0.17524787783622742,-0.9082300662994385,-0.5938103199005127
4.000647783279419,-0.5051904916763306,1.2695643901824951,-1.5070582901633547,2.1183605194091797,-1.5654388666152954,1.5998436212539673,1.4834489822387695,1.8589555025100708,0.18014775216579437,-0.9108491539955139,-0.5653613209724426
4.04982590675354,-0.503646731376648,1.2516483068466187,-1.515688092197073,2.1102283000946045,-1.523710012435913,1.6026842594146729,1.4504374265670776,1.8290387392044067,0.18318204581737518,-0.9147183895111084,-0.5361064076423645
4.100338697433472,-0.5019533634185791,1.2324460744857788,-1.5238347518754942,2.1044862270355225,-1.4865940809249878,1.6067956686019897,1.4195764064788818,1.8008995056152344,0.1847601681947708,-0.9204174876213074,-0.508012592792511
4.150114297866821,-0.5005918145179749,1.2141671180725098,-1.5321078048990178,2.1012697219848633,-1.4479387998580933,1.6130197048187256,1.386973261833191,1.7707839012145996,0.18533487617969513,-0.9286853671073914,-0.47805890440940857
4.200925588607788,-0.49965447187423706,1.1982566118240356,-1.5418526468155047,2.1001031398773193,-1.4092156887054443,1.6211843490600586,1.3543825149536133,1.7397432327270508,0.18497805297374725,-0.9379891753196716,-0.44714778661727905
4.249923944473267,-0.49893975257873535,1.1802934408187866,-1.5498515646899538,2.1005897521972656,-1.3685903549194336,1.6308377981185913,1.3201929330825806,1.7054182291030884,0.1836545318365097,-0.9478425979614258,-0.41342899203300476
4.299886465072632,-0.4978935420513153,1.1599289178848267,-1.557254466298361,2.1021506786346436,-1.3323607444763184,1.6390352249145508,1.289458990097046,1.6738831996917725,0.18146519362926483,-0.9560618996620178,-0.38495904207229614
4.350543737411499,-0.49758338928222656,1.1433584690093994,-1.5665296715747923,2.1048669815063477,-1.2927401065826416,1.6462786197662354,1.2569382190704346,1.6401817798614502,0.17718732357025146,-0.9632412791252136,-0.3553706407546997
4.4012110233306885,-0.497199147939682,1.1245083808898926,-1.574767987850458,2.1093697547912598,-1.2504888772964478,1.6515710353851318,1.2248804569244385,1.6067330837249756,0.17052502930164337,-0.9685237407684326,-0.3247908353805542
4.4500977993011475,-0.496986448764801,1.1058762073516846,-1.5832332976482277,2.1162729263305664,-1.2052607536315918,1.6550236940383911,1.1927053928375244,1.572961449623108,0.16196364164352417,-0.9719829559326172,-0.2947808504104614
4.500528335571289,-0.49692025780677795,1.08674156665802,-1.5922486088403875,2.1264429092407227,-1.157630443572998,1.6566438674926758,1.1595425605773926,1.5384012460708618,0.15286388993263245,-0.9741114377975464,-0.268472284078598
4.5497870445251465,-0.4967062473297119,1.0667864084243774,-1.601019040024795,2.1397054195404053,-1.1090028285980225,1.656778335571289,1.126083493232727,1.5029319524765015,0.1442154198884964,-0.9752657413482666,-0.24467802047729492
4.600067377090454,-0.4969747066497803,1.0472160577774048,-1.6099358522775598,2.1569442749023438,-1.0581403970718384,1.6558599472045898,1.0918971300125122,1.465531587600708,0.1359553337097168,-0.9753314256668091,-0.2195076197385788
4.650081396102905,-0.4972933530807495,1.0282872915267944,-1.6191498437704972,2.1744742393493652,-1.0128573179244995,1.654184341430664,1.0618579387664795,1.4328851699829102,0.12992650270462036,-0.9740973114967346,-0.19659912586212158
4.718703508377075,-0.4976060390472412,1.0089218616485596,-1.6281838838849456,2.194112777709961,-0.9636600613594055,1.6514841318130493,1.0292984247207642,1.3988689184188843,0.12578709423542023,-0.9706894755363464,-0.17302709817886353
4.751505374908447,-0.4982106387615204,0.993600070476532,-1.6357038346530446,2.209723711013794,-0.9238215088844299,1.6483912467956543,1.0017602443695068,1.3704829216003418,0.12400925159454346,-0.9661056399345398,-0.15549685060977936
4.800569772720337,-0.49922874569892883,0.9708938598632812,-1.6452561712730338,2.228330612182617,-0.8708797693252563,1.6428362131118774,0.962530255317688,1.3325482606887817,0.12300065904855728,-0.9573968052864075,-0.1334841251373291
4.8507866859436035,-0.5004223585128784,0.9528040885925293,-1.6528248665200653,2.2412679195404053,-0.821586012840271,1.6360723972320557,0.9272186756134033,1.3027061223983765,0.12316994369029999,-0.9484238624572754,-0.11149295419454575
4.900036334991455,-0.5016438364982605,0.9342942237854004,-1.6602151342132752,2.2492661476135254,-0.7712278366088867,1.6286983489990234,0.8953918218612671,1.2774834632873535,0.12415816634893417,-0.9393128752708435,-0.08932045847177505
4.950127601623535,-0.5029662847518921,0.9170103669166565,-1.6672274448741606,2.253293514251709,-0.7255211472511292,1.6216784715652466,0.8679927587509155,1.2557090520858765,0.1259603053331375,-0.9319394826889038,-0.06978296488523483
5.000803470611572,-0.5046422481536865,0.899407684803009,-1.6710409522158345,2.2556445598602295,-0.6730985045433044,1.613343596458435,0.8357987403869629,1.2294374704360962,0.12925739586353302,-0.9253198504447937,-0.047461919486522675
5.049965858459473,-0.5064469575881958,0.8845539689064026,-1.6728254562876566,2.2563581466674805,-0.6292624473571777,1.607043981552124,0.8069387674331665,1.20517897605896,0.13319870829582214,-0.9217557907104492,-0.02881993167102337
5.099727153778076,-0.5084772109985352,0.8697986602783203,-1.6720901453601753,2.25589919090271,-0.5806649327278137,1.6012001037597656,0.7744453549385071,1.1774019002914429,0.13880959153175354,-0.921217143535614,-0.008554459549486637
5.149676322937012,-0.510385274887085,0.8572350740432739,-1.6689145198129454,2.254180669784546,-0.5354117155075073,1.5965571403503418,0.7441199421882629,1.1519752740859985,0.1451018899679184,-0.9240525960922241,0.009351322427392006
5.200012445449829,-0.5125638842582703,0.8467522263526917,-1.6624959875502379,2.2501609325408936,-0.48309454321861267,1.591477870941162,0.7090277671813965,1.1228700876235962,0.15351688861846924,-0.9305830597877502,0.029135530814528465
5.2500574588775635,-0.5149251222610474,0.837242841720581,-1.6531134239102152,2.2449941635131836,-0.4337756335735321,1.587077260017395,0.6755039095878601,1.0944240093231201,0.16242456436157227,-0.9396869540214539,0.047402266412973404
5.300386905670166,-0.5169795155525208,0.8289214968681335,-1.6406508481356779,2.2390382289886475,-0.3852228820323944,1.5829788446426392,0.641984760761261,1.0657166242599487,0.17222657799720764,-0.9519721865653992,0.06450645625591278
5.3500635623931885,-0.5192258954048157,0.8242393732070923,-1.6254399398606194,2.232252836227417,-0.3369225263595581,1.5791841745376587,0.6074938774108887,1.036497950553894,0.18276503682136536,-0.967427134513855,0.07955881953239441
5.400313377380371,-0.5210543870925903,0.8194814920425415,-1.6077095388022642,2.225515842437744,-0.28797152638435364,1.5766242742538452,0.5716925263404846,1.0073803663253784,0.19370509684085846,-0.9867757558822632,0.09144311398267746
5.450436353683472,-0.522879421710968,0.8159322142601013,-1.5899752802125997,2.219510555267334,-0.241828054189682,1.5752731561660767,0.534818172454834,0.9777236580848694,0.20481818914413452,-1.009687066078186,0.10212989151477814
5.501018524169922,-0.5241481065750122,0.812408447265625,-1.572940808490616,2.214586019515991,-0.19553624093532562,1.5757559537887573,0.4946204125881195,0.9456436634063721,0.21624580025672913,-1.0374031066894531,0.11228460818529129
5.549823522567749,-0.5252993106842041,0.8088391423225403,-1.5555376112279387,2.2116916179656982,-0.1532670110464096,1.577691912651062,0.4579545855522156,0.9160905480384827,0.22560785710811615,-1.0637444257736206,0.12072846293449402
5.600918531417847,-0.5268694758415222,0.805944561958313,-1.5375815895908322,2.210582971572876,-0.10729958117008209,1.581207513809204,0.41878196597099304,0.8849705457687378,0.23400264978408813,-1.0907857418060303,0.13008636236190796
5.649802923202515,-0.528202474117279,0.8019333481788635,-1.5178334362323675,2.211236000061035,-0.05870173126459122,1.5856411457061768,0.3783953785896301,0.8540136814117432,0.2405528724193573,-1.1169438362121582,0.14308208227157593
5.700116872787476,-0.5300979018211365,0.798549473285675,-1.4963033365139908,2.2123043537139893,-0.015050781890749931,1.5885158777236938,0.3434382975101471,0.8274503350257874,0.24437656998634338,-1.138005256652832,0.15748736262321472
5.749762296676636,-0.5316922664642334,0.7947679758071899,-1.4748260083359557,2.2135732173919678,0.03123951144516468,1.589329481124878,0.30757156014442444,0.8009509444236755,0.24661637842655182,-1.1578086614608765,0.17347760498523712
5.800963640213013,-0.5336016416549683,0.7911022901535034,-1.452247223111264,2.216026782989502,0.08300620317459106,1.5875389575958252,0.27030089497566223,0.7735441327095032,0.24712903797626495,-1.1763180494308472,0.19182255864143372
5.8508851528167725,-0.5352030992507935,0.7879718542098999,-1.42837947513026,2.2194910049438477,0.13290847837924957,1.5843685865402222,0.2374095767736435,0.7483615279197693,0.2467905431985855,-1.1911803483963013,0.21037445962429047
5.903384208679199,-0.5366562008857727,0.7840278148651123,-1.4029089681071771,2.22487473487854,0.18907257914543152,1.5811328887939453,0.20364345610141754,0.7206962704658508,0.24603880941867828,-1.2055505514144897,0.2324521243572235
5.951143741607666,-0.5384237170219421,0.7806743383407593,-1.3742537712589498,2.232492685317993,0.24606730043888092,1.5781680345535278,0.1703599989414215,0.6929654479026794,0.2445177435874939,-1.2180978059768677,0.2551942765712738
6.001760721206665,-0.5402418375015259,0.7773696780204773,-1.3425091204869106,2.2420530319213867,0.30669644474983215,1.5747932195663452,0.13467125594615936,0.6647247076034546,0.24149750173091888,-1.2297691106796265,0.2798007130622864
6.105775833129883,-0.5417455434799194,0.7715442180633545,-1.3069110951574714,2.2511110305786133,0.3621324896812439,1.5711395740509033,0.10141274333000183,0.6403046250343323,0.23709091544151306,-1.2387573719024658,0.3030487298965454
6.146568536758423,-0.5417455434799194,0.7715442180633545,-1.3069110951574714,2.2511110305786133,0.3621324896812439,1.5711395740509033,0.10141274333000183,0.6403046250343323,0.23709091544151306,-1.2387573719024658,0.3030487298965454
6.218703269958496,-0.5440590381622314,0.7672150135040283,-1.2600117349263797,2.261136054992676,0.43057724833488464,1.5651823282241821,0.057012468576431274,0.6100103855133057,0.2291068136692047,-1.2480171918869019,0.33553993701934814
6.287288188934326,-0.5463818907737732,0.763522744178772,-1.2153728540546516,2.2653398513793945,0.4855685830116272,1.5580729246139526,0.017267584800720215,0.5853639245033264,0.22027434408664703,-1.2534887790679932,0.3652471601963043
6.3531880378723145,-0.5493057370185852,0.7583646774291992,-1.1548049400575797,2.261995792388916,0.5564044117927551,1.5461540222167969,-0.036458417773246765,0.5547064542770386,0.20584440231323242,-1.257389783859253,0.4081495404243469
6.416848421096802,-0.5518578290939331,0.7528870701789856,-1.0940208361506598,2.249555826187134,0.6257528066635132,1.5336567163467407,-0.09087324142456055,0.5260670185089111,0.18961907923221588,-1.2603141069412231,0.45016106963157654
6.446721792221069,-0.5535188913345337,0.7478936314582825,-1.0418576182506505,2.2324562072753906,0.683610737323761,1.5231599807739258,-0.1387922763824463,0.5002661943435669,0.17596280574798584,-1.2644014358520508,0.48218801617622375
6.4980597496032715,-0.553607165813446,0.7438995242118835,-1.003975165579674,2.2185914516448975,0.7243090867996216,1.5169175863265991,-0.17334815859794617,0.480428546667099,0.16780205070972443,-1.2682145833969116,0.5057342052459717
6.563153505325317,-0.5552193522453308,0.7410025596618652,-0.9755919221622327,2.204796552658081,0.7621697187423706,1.5122036933898926,-0.20567168295383453,0.4609667956829071,0.162272110581398,-1.2721097469329834,0.5278216004371643
6.625132083892822,-0.5551976561546326,0.7353512048721313,-0.9305808461608179,2.182591676712036,0.8186318278312683,1.5062299966812134,-0.25348931550979614,0.43220216035842896,0.1578206866979599,-1.2785694599151611,0.55998694896698
6.6872594356536865,-0.5548189282417297,0.7306703925132751,-0.8955137677582653,2.156482696533203,0.8760209083557129,1.501893162727356,-0.3013615608215332,0.4067477881908417,0.15622875094413757,-1.2864567041397095,0.5922375321388245
6.74932074546814,-0.5539560317993164,0.7253271341323853,-0.8600946719741772,2.1277377605438232,0.9317559599876404,1.499334692955017,-0.34857597947120667,0.3856188952922821,0.15576042234897614,-1.295691967010498,0.6259951591491699
6.809296607971191,-0.5528103113174438,0.7203885316848755,-0.8305171870254773,2.0954794883728027,0.9910709857940674,1.4981505870819092,-0.39844661951065063,0.36558735370635986,0.1564268320798874,-1.3060635328292847,0.6634225249290466
6.869417667388916,-0.5514280200004578,0.716133713722229,-0.807659445781612,2.0703647136688232,1.0470658540725708,1.4978537559509277,-0.44800424575805664,0.3464323878288269,0.15908363461494446,-1.317225456237793,0.7001323699951172
6.872657060623169,-0.549517035484314,0.7117894887924194,-0.7877169245647999,2.0512332916259766,1.101942539215088,1.498230218887329,-0.49894872307777405,0.328119695186615,0.16286258399486542,-1.3302748203277588,0.7383373379707336
6.95990777015686,-0.5471574664115906,0.7071645259857178,-0.7676766241172706,2.0322647094726562,1.1775026321411133,1.5013302564620972,-0.5684093236923218,0.3063894808292389,0.16913515329360962,-1.3486639261245728,0.7911155819892883
7.0220115184783936,-0.5471574664115906,0.7071645259857178,-0.7676766241172706,2.0322647094726562,1.1775026321411133,1.5013302564620972,-0.5684093236923218,0.3063894808292389,0.16913515329360962,-1.3486639261245728,0.7911155819892883
7.088013172149658,-0.5446685552597046,0.7032744884490967,-0.7554784868636557,2.0200862884521484,1.247031807899475,1.5066097974777222,-0.6315045356750488,0.2922624349594116,0.17649686336517334,-1.3641897439956665,0.8396446704864502
7.147340297698975,-0.5422099828720093,0.70002281665802,-0.7468893667415962,2.0128986835479736,1.308767318725586,1.5113188028335571,-0.6861335635185242,0.2850738763809204,0.18396657705307007,-1.3746287822723389,0.8787951469421387
7.1751885414123535,-0.5396762490272522,0.6967487931251526,-0.73798097984641,2.0083322525024414,1.3697049617767334,1.5129481554031372,-0.7363272309303284,0.27939751744270325,0.19149228930473328,-1.3771947622299194,0.9171386957168579
7.18267822265625,-0.5384778380393982,0.6950627565383911,-0.7336550924464718,2.007085084915161,1.3990192413330078,1.5122133493423462,-0.7586877942085266,0.2765459716320038,0.19492262601852417,-1.3759396076202393,0.9346745610237122
7.20055365562439,-0.535033106803894,0.6901422739028931,-0.7232246989123374,2.0070202350616455,1.4773106575012207,1.5070500373840332,-0.8166181445121765,0.26790282130241394,0.20326204597949982,-1.3674999475479126,0.9777917265892029
7.250297546386719,-0.5314540863037109,0.6854426264762878,-0.7140490028230857,2.011192798614502,1.534053921699524,1.5019545555114746,-0.8582955002784729,0.26109251379966736,0.20883949100971222,-1.3601195812225342,1.005932331085205
7.3001768589019775,-0.5279717445373535,0.6810466647148132,-0.7065717396805651,2.0177581310272217,1.58525550365448,1.4967964887619019,-0.8955190777778625,0.25433558225631714,0.2134159505367279,-1.3521945476531982,1.0318737030029297
7.349672555923462,-0.5234860777854919,0.6756518483161926,-0.6990533989791052,2.026535987854004,1.6413531303405762,1.4899858236312866,-0.9380149245262146,0.24645166099071503,0.2181764841079712,-1.341840386390686,1.0614625215530396
7.400259971618652,-0.518213152885437,0.6700059175491333,-0.6929102924925029,2.033916711807251,1.6896106004714966,1.4822628498077393,-0.9796893000602722,0.2387928068637848,0.22218796610832214,-1.3300389051437378,1.0888162851333618
7.451950550079346,-0.5123565793037415,0.6640520691871643,-0.6882408481415979,2.038600206375122,1.7368453741073608,1.4734667539596558,-1.022484540939331,0.23241493105888367,0.2253587692975998,-1.3148900270462036,1.1162493228912354
7.5007712841033936,-0.5054445862770081,0.6575847268104553,-0.6844039979381097,2.0384695529937744,1.7885332107543945,1.4628369808197021,-1.068939208984375,0.22705651819705963,0.22766122221946716,-1.295818567276001,1.1445363759994507
7.550194025039673,-0.4989602565765381,0.651642918586731,-0.6827334209770237,2.035565137863159,1.828516960144043,1.4538198709487915,-1.1069345474243164,0.22350874543190002,0.2288452684879303,-1.27882981300354,1.165830373764038
7.600015163421631,-0.49007633328437805,0.6439240574836731,-0.6820295293012602,2.030324935913086,1.8782320022583008,1.4412143230438232,-1.1580603122711182,0.21882420778274536,0.22903798520565033,-1.2547062635421753,1.194437026977539
7.649744510650635,-0.481430321931839,0.6364235281944275,-0.682921503138882,2.025904893875122,1.9201172590255737,1.4302430152893066,-1.2036244869232178,0.21476289629936218,0.2284540832042694,-1.237025499343872,1.2176622152328491
7.70262598991394,-0.47238287329673767,0.6288533806800842,-0.688161868695444,2.0204918384552,1.9649760723114014,1.420577883720398,-1.2497594356536865,0.21116125583648682,0.2271232008934021,-1.2218698263168335,1.2419378757476807
7.750747919082642,-0.4636882543563843,0.6223357319831848,-0.6970310087894337,2.014561414718628,2.0047545433044434,1.4142862558364868,-1.2873321771621704,0.2087107002735138,0.22581098973751068,-1.2087228298187256,1.2650864124298096
7.801102638244629,-0.4539554715156555,0.6152846217155457,-0.711129597587532,2.0053694248199463,2.055069923400879,1.4083729982376099,-1.3319424390792847,0.20611418783664703,0.22398348152637482,-1.1937110424041748,1.2953596115112305
7.850559949874878,-0.44508233666419983,0.6091113686561584,-0.728011925209389,1.9950153827667236,2.1042490005493164,1.40438973903656,-1.3739598989486694,0.20426690578460693,0.2221057265996933,-1.1818078756332397,1.3239543437957764
7.900302171707153,-0.43646591901779175,0.6035674810409546,-0.7491036175957899,1.9834338426589966,2.15549898147583,1.4023540019989014,-1.417690396308899,0.20342732965946198,0.22021673619747162,-1.1716538667678833,1.353629231452942
7.950043439865112,-0.4293629229068756,0.5995810031890869,-0.770761083330008,1.9741904735565186,2.2010486125946045,1.4021373987197876,-1.4559911489486694,0.20306819677352905,0.21844442188739777,-1.162945032119751,1.3810088634490967
8.000380516052246,-0.4211043119430542,0.5952475666999817,-0.802555667641275,1.966619849205017,2.2474637031555176,1.40289306640625,-1.4959495067596436,0.20291660726070404,0.21650861203670502,-1.1532652378082275,1.41209876537323
8.110228538513184,-0.4144403040409088,0.5918981432914734,-0.8314793687803583,1.9614421129226685,2.2872085571289062,1.403395175933838,-1.5335683822631836,0.20288632810115814,0.2146165668964386,-1.1450074911117554,1.4426238536834717
8.178064107894897,-0.4144403040409088,0.5918981432914734,-0.8314793687803583,1.9614421129226685,2.2872085571289062,1.403395175933838,-1.5335683822631836,0.20288632810115814,0.2146165668964386,-1.1450074911117554,1.4426238536834717
8.24307632446289,-0.405142605304718,0.586336076259613,-0.8729701487475681,1.958152413368225,2.3397023677825928,1.404601812362671,-1.5867687463760376,0.2029147446155548,0.21134336292743683,-1.1359813213348389,1.487554907798767
8.307554960250854,-0.39580079913139343,0.5796325206756592,-0.9155453234114233,1.9619102478027344,2.391408920288086,1.409447193145752,-1.642602801322937,0.20368671417236328,0.20670993626117706,-1.1276755332946777,1.5372042655944824
8.31581711769104,-0.38650986552238464,0.571905791759491,-0.9575775943574505,1.972841501235962,2.4404215812683105,1.4198068380355835,-1.7007015943527222,0.20557008683681488,0.20106804370880127,-1.1178295612335205,1.5886799097061157
8.350706100463867,-0.3761463761329651,0.5620154738426208,-1.00419981881723,1.9982924461364746,2.5010454654693604,1.437414526939392,-1.7724597454071045,0.20772016048431396,0.1932247281074524,-1.104892611503601,1.6469535827636719
8.462680339813232,-0.37353575229644775,0.5593349933624268,-1.0170558908905212,2.008758544921875,2.5192131996154785,1.4419682025909424,-1.7925864458084106,0.2080444097518921,0.19100593030452728,-1.10001802444458,1.6615759134292603
8.51533579826355,-0.37353575229644775,0.5593349933624268,-1.0170558908905212,2.008758544921875,2.5192131996154785,1.4419682025909424,-1.7925864458084106,0.2080444097518921,0.19100593030452728,-1.10001802444458,1.6615759134292603
8.585663795471191,-0.36646267771720886,0.5521458387374878,-1.052918847894658,2.0519113540649414,2.5784037113189697,1.452407717704773,-1.853447437286377,0.20843814313411713,0.185297429561615,-1.078842043876648,1.7055598497390747
8.649271965026855,-0.36163049936294556,0.5476374626159668,-1.0775075206220823,2.0993270874023438,2.6280152797698975,1.4575828313827515,-1.9038989543914795,0.20691238343715668,0.18114852905273438,-1.0594772100448608,1.73927903175354
8.668911933898926,-0.35824060440063477,0.544406533241272,-1.0968564020751,2.14247989654541,2.666271448135376,1.4621763229370117,-1.9435526132583618,0.20498792827129364,0.1781272143125534,-1.0444976091384888,1.765016794204712
8.704699039459229,-0.3535222113132477,0.5403541326522827,-1.1302055843670347,2.223849058151245,2.740565538406372,1.4739185571670532,-2.0175325870513916,0.20029467344284058,0.17332518100738525,-1.0084624290466309,1.8138295412063599
8.755583763122559,-0.35244956612586975,0.5399830341339111,-1.1468770360300196,2.262965440750122,2.770307779312134,1.4803799390792847,-2.052966594696045,0.1983722299337387,0.17160937190055847,-0.9892457723617554,1.8365838527679443
8.822884321212769,-0.3505622446537018,0.5388248562812805,-1.1659089242618328,2.298646926879883,2.796957492828369,1.4871996641159058,-2.086991548538208,0.1961427628993988,0.1697365939617157,-0.969546377658844,1.857336163520813
8.862613439559937,-0.347606897354126,0.5357012152671814,-1.1867543546647998,2.3339171409606934,2.8236606121063232,1.4947364330291748,-2.1237080097198486,0.1935891956090927,0.1671307235956192,-0.9469084739685059,1.8782157897949219
8.90458345413208,-0.3460083305835724,0.5360454320907593,-1.2105988154711926,2.3681912422180176,2.850048065185547,1.5036568641662598,-2.1635537147521973,0.19051234424114227,0.1634056717157364,-0.9211121797561646,1.8986846208572388
8.954636335372925,-0.34240201115608215,0.5327874422073364,-1.2364904652914352,2.397763252258301,2.8715317249298096,1.5119224786758423,-2.199195623397827,0.18598826229572296,0.15854689478874207,-0.8959364295005798,1.9153176546096802
9.002077341079712,-0.3394536077976227,0.5336509346961975,-1.2671781308822916,2.4299333095550537,2.8930857181549072,1.5213688611984253,-2.2362611293792725,0.18000127375125885,0.15102888643741608,-0.8697589039802551,1.9329791069030762
9.050150156021118,-0.3366618752479553,0.532364010810852,-1.297848389417113,2.4595537185668945,2.912362575531006,1.530426025390625,-2.2684528827667236,0.1747351735830307,0.1421106904745102,-0.8498244881629944,1.9485453367233276
9.100669145584106,-0.33374103903770447,0.5301787257194519,-1.3447706548842937,2.4988036155700684,2.9364635944366455,1.5436182022094727,-2.307705879211426,0.1692357063293457,0.12855607271194458,-0.8250787258148193,1.9703214168548584
9.1497061252594,-0.33027464151382446,0.528329610824585,-1.3885409832760542,2.5362846851348877,2.9577579498291016,1.5574907064437866,-2.342454433441162,0.1649148166179657,0.11435722559690475,-0.8022642135620117,1.9923038482666016
9.200428247451782,-0.32663217186927795,0.5266382098197937,-1.4357641280171507,2.574453115463257,2.978114128112793,1.571894645690918,-2.377272129058838,0.16159400343894958,0.09828350692987442,-0.7800045609474182,2.014303207397461
9.251767635345459,-0.3226397633552551,0.5255252122879028,-1.484088908548684,2.612807512283325,2.9981658458709717,1.5867352485656738,-2.4117188453674316,0.15874871611595154,0.08069387078285217,-0.7594580054283142,2.0348684787750244
9.300167798995972,-0.31851011514663696,0.5237855315208435,-1.5352922819874342,2.6512691974639893,3.018129587173462,1.603908896446228,-2.4452171325683594,0.15622903406620026,0.061483822762966156,-0.7391363978385925,2.055328607559204
9.350455284118652,-0.3147551417350769,0.5222367644309998,-1.5855887920761578,2.6894185543060303,3.0368776321411133,1.6224123239517212,-2.4753286838531494,0.1544477939605713,0.04261517897248268,-0.7193166017532349,2.0755116939544678
9.400832176208496,-0.3104167580604553,0.5204908847808838,-1.6437085695442848,2.7328999042510986,3.055637836456299,1.6458194255828857,-2.50748348236084,0.15231572091579437,0.021843209862709045,-0.6970136761665344,2.099602222442627
9.450002908706665,-0.30629441142082214,0.5179265141487122,-1.699400097551982,2.7720439434051514,3.068878173828125,1.6702479124069214,-2.5364716053009033,0.14860734343528748,0.0034626952838152647,-0.6765930652618408,2.1240499019622803
9.500011920928955,-0.30225151777267456,0.5172559022903442,-1.7546711818167209,2.810792922973633,3.0771024227142334,1.6964184045791626,-2.5632495880126953,0.14302846789360046,-0.012918375432491302,-0.6561329960823059,2.15047025680542
9.550857782363892,-0.29857170581817627,0.5132150650024414,-1.8128640192877294,2.8498942852020264,3.080355644226074,1.7253153324127197,-2.586686611175537,0.13529707491397858,-0.027689693495631218,-0.6345602869987488,2.1791329383850098
9.600372791290283,-0.29477959871292114,0.5113333463668823,-1.8699935913207102,2.886564016342163,3.080179214477539,1.7573717832565308,-2.6060361862182617,0.12700973451137543,-0.04152274876832962,-0.6106875538825989,2.2084925174713135
9.65054965019226,-0.2912628948688507,0.5077260732650757,-1.9263427016514703,2.9210665225982666,3.078341007232666,1.7913368940353394,-2.6221323013305664,0.11873167008161545,-0.054982032626867294,-0.5864202976226807,2.237452507019043
9.702071189880371,-0.2877579927444458,0.5048642158508301,-1.9829596194136359,2.9560530185699463,3.0738909244537354,1.826923131942749,-2.6359260082244873,0.1094505563378334,-0.06820237636566162,-0.5622827410697937,2.265686511993408
9.750281572341919,-0.28355151414871216,0.5017444491386414,-2.0375034329154857,2.9936423301696777,3.065566062927246,1.8623783588409424,-2.649470329284668,0.09743070602416992,-0.08180472999811172,-0.5388069152832031,2.2915711402893066
9.800312757492065,-0.28160691261291504,0.4978441298007965,-2.092473373548475,3.032576560974121,3.0539162158966064,1.8945574760437012,-2.662747383117676,0.08253468573093414,-0.09548253566026688,-0.5156972408294678,2.312424898147583
9.85069465637207,-0.2784065008163452,0.4937252700328827,-2.150811773447863,3.077572822570801,3.0360875129699707,1.928437352180481,-2.678548812866211,0.061441343277692795,-0.11111177504062653,-0.4883570969104767,2.3328449726104736
9.899634838104248,-0.2755601108074188,0.49012428522109985,-2.205775972922112,3.119553327560425,3.0141701698303223,1.9597340822219849,-2.6936593055725098,0.037591688334941864,-0.12569262087345123,-0.4623900353908539,2.349635601043701
9.951146364212036,-0.2731856107711792,0.4860405921936035,-2.260373944448394,3.1598961353302,2.9872236251831055,1.990390658378601,-2.7079741954803467,0.011377939954400063,-0.1394008994102478,-0.43576499819755554,2.365906238555908
10.000482082366943,-0.2708802819252014,0.48224937915802,-2.31401921125735,3.199711561203003,2.955540895462036,2.0206458568573,-2.721505641937256,-0.015108607709407806,-0.15107937157154083,-0.41105592250823975,2.380847692489624
10.051180124282837,-0.2698136568069458,0.4767419695854187,-2.3644771459823564,3.236670970916748,2.9229774475097656,2.0501317977905273,-2.735166311264038,-0.041328150779008865,-0.1611475944519043,-0.38543450832366943,2.3956432342529297
10.100571393966675,-0.26826179027557373,0.4727187752723694,-2.415891332664451,3.269456624984741,2.895806312561035,2.0789711475372314,-2.7498841285705566,-0.06825706362724304,-0.17015454173088074,-0.3588566482067108,2.4102983474731445
10.150119543075562,-0.2686886787414551,0.4682259261608124,-2.467992894977118,3.3015682697296143,2.873197555541992,2.108541250228882,-2.7653591632843018,-0.09641658514738083,-0.17905007302761078,-0.33145713806152344,2.4247610569000244
10.200153827667236,-0.2670871615409851,0.46399393677711487,-2.5188100190782134,3.3348746299743652,2.852311372756958,2.1399686336517334,-2.7807328701019287,-0.12583233416080475,-0.18843083083629608,-0.30346837639808655,2.439202308654785
10.250981330871582,-0.2664732038974762,0.4602805972099304,-2.5664908053428457,3.3676114082336426,2.832744598388672,2.1733741760253906,-2.7959346771240234,-0.15415237843990326,-0.19847391545772552,-0.27358278632164,2.452678918838501
10.302940607070923,-0.26562997698783875,0.4559469521045685,-2.621611698933825,3.3997156620025635,2.8153011798858643,2.2087929248809814,-2.811415195465088,-0.18007400631904602,-0.2089625597000122,-0.24178221821784973,2.4652152061462402
10.350038051605225,-0.26523059606552124,0.4517730176448822,-2.674783319650851,3.431748867034912,2.798818588256836,2.2450709342956543,-2.826875686645508,-0.20556870102882385,-0.220882385969162,-0.20728477835655212,2.4757320880889893
10.401195526123047,-0.2651577591896057,0.44766369462013245,-2.7275007892403282,3.4649252891540527,2.7815394401550293,2.282127618789673,-2.8413467407226562,-0.23129355907440186,-0.23508647084236145,-0.1759262979030609,2.4868762493133545
10.450240135192871,-0.26532772183418274,0.44357624650001526,-2.7804118366997104,3.5001091957092285,2.7629027366638184,2.319955587387085,-2.8538694381713867,-0.25593605637550354,-0.25108394026756287,-0.14868198335170746,2.4992880821228027
10.50043511390686,-0.26478543877601624,0.43906715512275696,-2.831908042795641,3.538968801498413,2.741054058074951,2.3606247901916504,-2.8647401332855225,-0.2800242602825165,-0.2688755691051483,-0.11704719811677933,2.514774799346924
10.549991130828857,-0.26564013957977295,0.43420785665512085,-2.884574909257517,3.5757641792297363,2.7210047245025635,2.39725661277771,-2.871509075164795,-0.30104464292526245,-0.28477802872657776,-0.08665920048952103,2.5310215950012207
10.601304292678833,-0.266387939453125,0.4298579692840576,-2.9389377336790603,3.6150715351104736,2.6997342109680176,2.436436414718628,-2.8768107891082764,-0.3242996335029602,-0.3026462495326996,-0.055867452174425125,2.549182891845703
10.650062322616577,-0.26736629009246826,0.42555615305900574,-2.9928836973554325,3.654568910598755,2.679485321044922,2.4764912128448486,-2.879060983657837,-0.3496167063713074,-0.32203829288482666,-0.02778562158346176,2.5670359134674072
10.699798822402954,-0.26825469732284546,0.4212440252304077,-3.046181727775992,3.6957201957702637,2.656564235687256,2.5183780193328857,-2.8795411586761475,-0.37825286388397217,-0.343542218208313,0.0010245400480926037,2.5864105224609375
10.750846147537231,-0.26880306005477905,0.4166162312030792,-3.0987274707292194,3.7335619926452637,2.6331491470336914,2.5574519634246826,-2.8780627250671387,-0.4068536162376404,-0.3653872311115265,0.02901000902056694,2.60534930229187
10.800104141235352,-0.27098920941352844,0.41240936517715454,3.1302819677917575,3.7669010162353516,2.610211133956909,2.593686819076538,-2.874941825866699,-0.4338501989841461,-0.38690710067749023,0.055147357285022736,2.624774932861328
10.850199699401855,-0.2731437087059021,0.40849581360816956,3.07727571452795,3.7990145683288574,2.582637310028076,2.6305761337280273,-2.869744062423706,-0.4623105525970459,-0.4116528332233429,0.08267644792795181,2.6466774940490723
10.901698350906372,-0.27517130970954895,0.4045550227165222,3.024736435888998,3.827657461166382,2.5507609844207764,2.6658263206481934,-2.862682580947876,-0.4891737103462219,-0.43778151273727417,0.11133948713541031,2.6699869632720947
10.949901580810547,-0.2778974175453186,0.4008825421333313,2.972830715085842,3.8521041870117188,2.5165915489196777,2.699542760848999,-2.852635622024536,-0.5151805877685547,-0.46432340145111084,0.14152617752552032,2.6935603618621826
11.000560998916626,-0.28039008378982544,0.39756840467453003,2.92255218089016,3.8735640048980713,2.482135057449341,2.732069492340088,-2.839984178543091,-0.5401773452758789,-0.4907056391239166,0.17204438149929047,2.715871572494507
11.049886703491211,-0.2832343578338623,0.3945077955722809,2.8734114669238764,3.891813278198242,2.4470505714416504,2.7643282413482666,-2.825072765350342,-0.5636978149414062,-0.5163005590438843,0.20196452736854553,2.7360751628875732
11.100124835968018,-0.2860462963581085,0.3917992413043976,2.825105481059082,3.9065184593200684,2.4094948768615723,2.7969486713409424,-2.8098254203796387,-0.584613025188446,-0.5410487055778503,0.22987700998783112,2.752089262008667
11.149706602096558,-0.28880488872528076,0.3890880048274994,2.7779738186788436,3.91733980178833,2.3682992458343506,2.829387903213501,-2.7952523231506348,-0.6028649806976318,-0.5642327666282654,0.2588772773742676,2.7627177238464355
11.200573444366455,-0.29140326380729675,0.38605648279190063,2.732532982871447,3.923285484313965,2.3236470222473145,2.861506700515747,-2.7826013565063477,-0.624065101146698,-0.5850483179092407,0.2891836166381836,2.7684266567230225
11.250161409378052,-0.2944033741950989,0.38371169567108154,2.687029105006641,3.9244511127471924,2.276233434677124,2.894073724746704,-2.7709155082702637,-0.6511784195899963,-0.6037399172782898,0.31860825419425964,2.7717533111572266
11.300173997879028,-0.2971998453140259,0.3814709186553955,2.6453965910165547,3.9227519035339355,2.2303264141082764,2.925264596939087,-2.760504961013794,-0.6803081035614014,-0.6188051700592041,0.344513863325119,2.7748007774353027
11.350786209106445,-0.30116066336631775,0.3797959089279175,2.5998756403895174,3.9183192253112793,2.17887806892395,2.960388422012329,-2.7493369579315186,-0.7145391702651978,-0.6317111253738403,0.3742050528526306,2.778384208679199
11.399698495864868,-0.3044660687446594,0.3782135546207428,2.56095294067574,3.9122743606567383,2.1318984031677246,2.991255044937134,-2.738929510116577,-0.7453906536102295,-0.6399181485176086,0.4025392532348633,2.7809832096099854
11.449742078781128,-0.3087504208087921,0.37725716829299927,2.5175611668909066,3.906334161758423,2.0808422565460205,3.026196241378784,-2.7277355194091797,-0.7799416780471802,-0.6462143063545227,0.43562614917755127,2.783297300338745
11.501573085784912,-0.31284067034721375,0.37651994824409485,2.4783191870180588,3.903961181640625,2.0378355979919434,3.058145761489868,-2.7170238494873047,-0.8102530837059021,-0.6494094729423523,0.46632885932922363,2.7847836017608643
11.550296783447266,-0.3174841105937958,0.37595948576927185,2.433537385998346,3.904545545578003,1.9893611669540405,3.0952563285827637,-2.7052533626556396,-0.8426944613456726,-0.6511480212211609,0.50191730260849,2.7838220596313477
11.601632356643677,-0.32268255949020386,0.37642669677734375,2.3899992350103165,3.907864570617676,1.9438889026641846,3.131429672241211,-2.6943624019622803,-0.8726955652236938,-0.6523629426956177,0.5363149046897888,2.7806708812713623
11.650926351547241,-0.328076034784317,0.3767825961112976,2.3463255663270517,3.9136791229248047,1.9000812768936157,3.168639659881592,-2.6828246116638184,-0.9022296667098999,-0.6522195935249329,0.5724141001701355,2.7748405933380127
11.6996750831604,-0.3328697979450226,0.3765571117401123,2.302174635368183,3.9226388931274414,1.8574762344360352,3.2068545818328857,-2.671020746231079,-0.9315295815467834,-0.6482648253440857,0.6071111559867859,2.7701196670532227
11.750142812728882,-0.3404398560523987,0.37971216440200806,2.2562478842049902,3.9345412254333496,1.8173521757125854,3.242556571960449,-2.6593823432922363,-0.9578763842582703,-0.6416063904762268,0.636328935623169,2.769108295440674
11.800194501876831,-0.3473357558250427,0.38232195377349854,2.2064036470956663,3.950547456741333,1.7723381519317627,3.2812743186950684,-2.6460585594177246,-0.9855998754501343,-0.6338974237442017,0.6709657907485962,2.7689054012298584
11.851217031478882,-0.35324665904045105,0.38546472787857056,2.1599326720860117,3.9659314155578613,1.7274342775344849,3.318763494491577,-2.631481647491455,-1.0125187635421753,-0.6278334259986877,0.7086217403411865,2.7698378562927246
11.899887561798096,-0.3592502772808075,0.38930103182792664,2.1146535991727355,3.9800281524658203,1.6871463060379028,3.35143780708313,-2.6170315742492676,-1.0361950397491455,-0.6241159439086914,0.7423458695411682,2.7715182304382324
11.950252294540405,-0.3649558424949646,0.3931730091571808,2.070189036916501,3.9968979358673096,1.6441320180892944,3.3856754302978516,-2.6002912521362305,-1.0604238510131836,-0.6228225827217102,0.7759174704551697,2.7742161750793457
12.001272678375244,-0.37039628624916077,0.39734238386154175,2.0283405223954256,4.015188217163086,1.60373854637146,3.4180238246917725,-2.5829081535339355,-1.0821127891540527,-0.6233444213867188,0.8071386814117432,2.7767696380615234
12.049840927124023,-0.37592899799346924,0.40284332633018494,1.983883443839283,4.038748264312744,1.5553206205368042,3.4557583332061768,-2.560133457183838,-1.1068830490112305,-0.6255322098731995,0.8454912900924683,2.7797446250915527
12.100776672363281,-0.380954384803772,0.40837207436561584,1.9437053439654302,4.058861255645752,1.5123640298843384,3.486717462539673,-2.5393972396850586,-1.127682089805603,-0.6281163096427917,0.8793244957923889,2.783186674118042
12.150406122207642,-0.3856829106807709,0.41441649198532104,1.905950978646138,4.078789710998535,1.4678202867507935,3.517518997192383,-2.5162699222564697,-1.1500086784362793,-0.6309109926223755,0.9154512882232666,2.788198947906494
12.200109720230103,-0.390162855386734,0.42115727066993713,1.8711109755923137,4.096095085144043,1.4256267547607422,3.54666805267334,-2.491976499557495,-1.1733124256134033,-0.6338946223258972,0.952514111995697,2.7943363189697266
12.250222444534302,-0.39426732063293457,0.4280920922756195,1.8374355440931625,4.110497951507568,1.3833225965499878,3.574636459350586,-2.466109037399292,-1.1961292028427124,-0.6374639272689819,0.9909145832061768,2.800889015197754
12.301703214645386,-0.3980400562286377,0.43527546525001526,1.8072174032497978,4.122320175170898,1.34003746509552,3.6006526947021484,-2.439527988433838,-1.218988060951233,-0.6410752534866333,1.0304125547409058,2.806098461151123
12.352148056030273,-0.40136903524398804,0.4430899918079376,1.7780966247288073,4.131814479827881,1.2958500385284424,3.6245460510253906,-2.4112722873687744,-1.2415878772735596,-0.6444398164749146,1.0698193311691284,2.81003999710083
12.400294065475464,-0.4049645960330963,0.45126739144325256,1.7508360137203058,4.13952112197876,1.2481105327606201,3.6474671363830566,-2.3797693252563477,-1.2632429599761963,-0.646978497505188,1.1078016757965088,2.8133668899536133
12.45167064666748,-0.40808168053627014,0.4601476192474365,1.7236076890318295,4.1450910568237305,1.201401948928833,3.6687655448913574,-2.3483991622924805,-1.279720425605774,-0.6480391025543213,1.141705870628357,2.8124921321868896
12.499629974365234,-0.41115838289260864,0.468893438577652,1.6930646808830283,4.148754596710205,1.155437707901001,3.6893699169158936,-2.318277597427368,-1.2908505201339722,-0.6483765244483948,1.1743972301483154,2.8075225353240967
12.551331996917725,-0.41452524065971375,0.47909438610076904,1.6642722848839488,4.150618553161621,1.100460171699524,3.7134151458740234,-2.2867050170898438,-1.2982752323150635,-0.6480374932289124,1.209646224975586,2.798722267150879
12.600196838378906,-0.4175105094909668,0.48975855112075806,1.6335804737523878,4.149008750915527,1.0493539571762085,3.73525333404541,-2.2607059478759766,-1.3004472255706787,-0.6471493244171143,1.2373695373535156,2.7908623218536377
12.650801181793213,-0.4206729233264923,0.5015917420387268,1.6017871079882842,4.143305778503418,0.994858980178833,3.7587194442749023,-2.233643054962158,-1.2984789609909058,-0.6468140482902527,1.265122652053833,2.7824742794036865
12.699788808822632,-0.4225482940673828,0.5139003396034241,1.5702743952898364,4.133306980133057,0.941087007522583,3.7832000255584717,-2.2066876888275146,-1.292837381362915,-0.6474840044975281,1.2936569452285767,2.7723190784454346
12.749836444854736,-0.4249318242073059,0.5271170139312744,1.539967138278887,4.118936061859131,0.8834142088890076,3.809410810470581,-2.1793367862701416,-1.2835370302200317,-0.649121880531311,1.3250806331634521,2.7594690322875977
12.79945421218872,-0.4262371063232422,0.539677619934082,1.5120223773745245,4.105620861053467,0.8315929770469666,3.8322958946228027,-2.1557517051696777,-1.2725669145584106,-0.6507914066314697,1.3534857034683228,2.7460010051727295
12.850271940231323,-0.42751187086105347,0.5557703971862793,1.4864755012511333,4.094141483306885,0.7791283130645752,3.857030153274536,-2.130652904510498,-1.2577717304229736,-0.6538299918174744,1.3833532333374023,2.730015993118286
12.90000319480896,-0.42776304483413696,0.5708679556846619,1.462023928090622,4.086551189422607,0.7275176644325256,3.882821559906006,-2.1051104068756104,-1.2396926879882812,-0.6590118408203125,1.4128497838974,2.712034225463867
12.950845718383789,-0.42763257026672363,0.586617648601532,1.4398874456895772,4.083316802978516,0.6736433506011963,3.911436080932617,-2.0779361724853516,-1.2172378301620483,-0.6668341755867004,1.4442014694213867,2.6901493072509766
13.00021481513977,-0.4268721044063568,0.6027026772499084,1.420681472867897,4.08367919921875,0.6273549199104309,3.939279079437256,-2.0528721809387207,-1.1956433057785034,-0.675094485282898,1.4715118408203125,2.668374538421631
13.050572633743286,-0.42570960521698,0.6190876364707947,1.4023082461527583,4.085747241973877,0.5784152746200562,3.9719128608703613,-2.024360179901123,-1.1711958646774292,-0.6849460005760193,1.4999080896377563,2.6448473930358887
13.100497007369995,-0.4238756000995636,0.6358675956726074,1.385232923497064,4.08718729019165,0.5359815359115601,4.00255823135376,-1.9989538192749023,-1.1487679481506348,-0.6929488778114319,1.52507483959198,2.624547004699707
13.149983406066895,-0.4217280447483063,0.6520852446556091,1.3718287260260353,4.0878400802612305,0.4904039204120636,4.0355939865112305,-1.9715946912765503,-1.1237072944641113,-0.7003188133239746,1.5542091131210327,2.602705955505371
13.200383186340332,-0.4188780188560486,0.6704501509666443,1.3570848926155898,4.088202476501465,0.4429034888744354,4.068460464477539,-1.9439176321029663,-1.0968953371047974,-0.7058395147323608,1.5849474668502808,2.5816502571105957
13.25038743019104,-0.4159344434738159,0.6880175471305847,1.3443562797953925,4.088737964630127,0.39283454418182373,4.099508285522461,-1.914918065071106,-1.0689036846160889,-0.7098224759101868,1.6146798133850098,2.562629222869873
13.300028800964355,-0.4127280116081238,0.7061038017272949,1.3324687409262361,4.090360641479492,0.3404708802700043,4.129552841186523,-1.884312629699707,-1.0402559041976929,-0.712006151676178,1.6446155309677124,2.5450804233551025
13.350775480270386,-0.40957364439964294,0.7211413979530334,1.323202228650329,4.092668056488037,0.29625770449638367,4.154018878936768,-1.857969880104065,-1.0157536268234253,-0.712851881980896,1.670123815536499,2.530294895172119
13.400661706924438,-0.4050154983997345,0.7423442006111145,1.3104918410142814,4.097108364105225,0.23388436436653137,4.187110424041748,-1.819417119026184,-0.9793960452079773,-0.7129474878311157,1.707494854927063,2.509633779525757
13.450935125350952,-0.40077266097068787,0.7603797912597656,1.3007397216062349,4.100881099700928,0.1801297515630722,4.214014053344727,-1.7854801416397095,-0.9461545944213867,-0.7119564414024353,1.7406377792358398,2.493237257003784
13.502499103546143,-0.39628365635871887,0.7773240804672241,1.293251678835162,4.103755474090576,0.12749366462230682,4.2393107414245605,-1.7511929273605347,-0.9113326668739319,-0.7099696397781372,1.7750558853149414,2.477773666381836
13.550219774246216,-0.3914633095264435,0.7949178218841553,1.285588932081771,4.103906154632568,0.07732871919870377,4.263096809387207,-1.7167361974716187,-0.875288724899292,-0.7064270377159119,1.811774730682373,2.462174892425537
13.599725008010864,-0.38618889451026917,0.8130576610565186,1.2783761662199464,4.098933219909668,0.025737164542078972,4.286874294281006,-1.6805922985076904,-0.8367555141448975,-0.7009080648422241,1.8518874645233154,2.4449362754821777
13.650377750396729,-0.38153815269470215,0.8288766145706177,1.2727631321001807,4.091251850128174,-0.01648589037358761,4.305532932281494,-1.6505460739135742,-0.80459064245224,-0.6947261095046997,1.8863654136657715,2.42887806892395
13.699671983718872,-0.3765137493610382,0.8461336493492126,1.266234427024454,4.079709529876709,-0.06499096006155014,4.325808525085449,-1.6145457029342651,-0.766686737537384,-0.685637891292572,1.9267736673355103,2.4096481800079346
13.750402212142944,-0.3719315826892853,0.8611593842506409,1.2613160886262456,4.068653583526611,-0.10790706425905228,4.34188985824585,-1.5808384418487549,-0.7324822545051575,-0.6758714914321899,1.9596879482269287,2.3928141593933105
13.800104141235352,-0.3667159080505371,0.8772937059402466,1.256555253534233,4.055549144744873,-0.15617293119430542,4.357682704925537,-1.540960431098938,-0.6927472352981567,-0.663546621799469,1.9945361614227295,2.370657205581665
13.85012412071228,-0.36176133155822754,0.8926342725753784,1.2524706723776073,4.0415730476379395,-0.2028476893901825,4.371193885803223,-1.501386046409607,-0.6548125147819519,-0.6514835953712463,2.0264639854431152,2.346937894821167
13.900319337844849,-0.3566212058067322,0.9075755476951599,1.2497117262783612,4.025478363037109,-0.2504903972148895,4.384302616119385,-1.4628574848175049,-0.6193315982818604,-0.6395699977874756,2.055508613586426,2.3226137161254883
13.951974868774414,-0.35176700353622437,0.9212467670440674,1.248075672611997,4.006679058074951,-0.29877805709838867,4.39804220199585,-1.4266297817230225,-0.5856833457946777,-0.6292470097541809,2.080739974975586,2.2996392250061035
14.001022100448608,-0.3460735082626343,0.9365188479423523,1.2471204094090491,3.9853992462158203,-0.3455033302307129,4.412753582000732,-1.391325831413269,-0.5513402223587036,-0.6223200559616089,2.1037096977233887,2.275794506072998
14.051278829574585,-0.3407832086086273,0.9508565664291382,1.2463659832790528,3.9608354568481445,-0.3895057737827301,4.42831563949585,-1.356275200843811,-0.5156252384185791,-0.6190341114997864,2.1261019706726074,2.2486722469329834
14.10098385810852,-0.3355003595352173,0.9655187129974365,1.2467151566859804,3.9301912784576416,-0.43675851821899414,4.444422721862793,-1.3197357654571533,-0.4777144491672516,-0.6183716654777527,2.1491270065307617,2.217970609664917
14.1501944065094,-0.3300946056842804,0.9802283048629761,1.246746818193431,3.9014387130737305,-0.4793761372566223,4.458592414855957,-1.286816954612732,-0.4445994794368744,-0.6192640662193298,2.1690187454223633,2.189037799835205
14.199990510940552,-0.32470959424972534,0.9950125217437744,1.2489944340881989,3.8750996589660645,-0.5220123529434204,4.473845481872559,-1.2512577772140503,-0.4102381765842438,-0.6215340495109558,2.1888980865478516,2.1573846340179443
14.24986457824707,-0.31860148906707764,1.0096988677978516,1.251908691050998,3.853844165802002,-0.5635961890220642,4.489649295806885,-1.2145651578903198,-0.3755735754966736,-0.6250484585762024,2.2083194255828857,2.1251401901245117
14.299865245819092,-0.3129715621471405,1.0248255729675293,1.255136369906195,3.837444305419922,-0.6074172854423523,4.505407810211182,-1.1767349243164062,-0.33993449807167053,-0.6295599937438965,2.229006767272949,2.0929739475250244
14.350516319274902,-0.30661144852638245,1.0399682521820068,1.2582792052040281,3.8268344402313232,-0.6525252461433411,4.521478652954102,-1.1382981538772583,-0.3031472861766815,-0.6351658701896667,2.2515432834625244,2.0606932640075684
14.40067195892334,-0.3011018633842468,1.0559576749801636,1.2617697058554354,3.821712017059326,-0.6999488472938538,4.538835525512695,-1.0972954034805298,-0.26346689462661743,-0.6428810358047485,2.2761573791503906,2.029055595397949
14.451085567474365,-0.29472455382347107,1.071534514427185,1.2654375602190882,3.819766044616699,-0.7450657486915588,4.555525302886963,-1.0582128763198853,-0.22463926672935486,-0.6522315740585327,2.303036689758301,2.0002331733703613
14.500854969024658,-0.28853359818458557,1.0877773761749268,1.2691044840410866,3.81937313079834,-0.7889711260795593,4.571828842163086,-1.0217039585113525,-0.18690146505832672,-0.6623695492744446,2.3302369117736816,1.9766395092010498
14.550641536712646,-0.28257855772972107,1.1038222312927246,1.2720161754820445,3.820672035217285,-0.8369240760803223,4.589166641235352,-0.9835354089736938,-0.14504988491535187,-0.673833966255188,2.3599090576171875,1.9558168649673462
14.601089000701904,-0.27649855613708496,1.1200239658355713,1.2747276603449362,3.824564218521118,-0.8869132399559021,4.60512113571167,-0.9456174969673157,-0.10274374485015869,-0.6857520341873169,2.3896756172180176,1.9393492937088013
14.650346517562866,-0.27051714062690735,1.1360900402069092,1.2777854698308861,3.830528497695923,-0.9379834532737732,4.618760585784912,-0.9073496460914612,-0.06013410910964012,-0.6975555419921875,2.419940948486328,1.9260402917861938
14.70056962966919,-0.2646044194698334,1.1525297164916992,1.2807421313696608,3.838420867919922,-0.991295576095581,4.630495548248291,-0.8656962513923645,-0.01320092473179102,-0.7087382078170776,2.4528753757476807,1.9146591424942017
14.750136375427246,-0.2588564157485962,1.168890357017517,1.282810670231547,3.845081329345703,-1.0380492210388184,4.638713836669922,-0.8278369307518005,0.03150038421154022,-0.7167300581932068,2.4828386306762695,1.9060851335525513
14.80023741722107,-0.2529035806655884,1.185316801071167,1.2840591936698014,3.851078510284424,-1.0880521535873413,4.645716667175293,-0.785521388053894,0.08357083797454834,-0.7225787043571472,2.517833709716797,1.8966858386993408
14.85029673576355,-0.24720683693885803,1.201908826828003,1.2844670254090005,3.8542325496673584,-1.130327820777893,4.650479316711426,-0.7477759122848511,0.13146163523197174,-0.7253578901290894,2.551461935043335,1.8889926671981812
14.901809692382812,-0.24180752038955688,1.2182772159576416,1.283958971035424,3.8530330657958984,-1.175453543663025,4.653899192810059,-0.7055027484893799,0.18456576764583588,-0.7257232666015625,2.5926260948181152,1.8827462196350098
14.950062274932861,-0.23667478561401367,1.2347146272659302,1.282306438215078,3.8477084636688232,-1.2161823511123657,4.6554670333862305,-0.6677152514457703,0.2305789738893509,-0.723781168460846,2.631819248199463,1.8788647651672363
15.000635147094727,-0.23152926564216614,1.2512511014938354,1.2798825656408732,3.839916467666626,-1.2606004476547241,4.655337333679199,-0.6281603574752808,0.2775301933288574,-0.720671534538269,2.668558359146118,1.8752213716506958
15.050163507461548,-0.22637374699115753,1.2678015232086182,1.2770455475813387,3.831552267074585,-1.3062852621078491,4.65225076675415,-0.5889924168586731,0.3235461413860321,-0.7159693837165833,2.7005112171173096,1.8719274997711182
15.100072622299194,-0.22133678197860718,1.2841739654541016,1.271751579306787,3.823641061782837,-1.3521192073822021,4.645805358886719,-0.5506355166435242,0.36855223774909973,-0.7101791501045227,2.730794668197632,1.8682861328125
15.150104999542236,-0.21671169996261597,1.2989832162857056,1.2658016996861343,3.8135287761688232,-1.3979411125183105,4.636819362640381,-0.5129294395446777,0.4128832519054413,-0.7027411460876465,2.7595772743225098,1.8653614521026611
15.200871229171753,-0.21168415248394012,1.3160197734832764,1.256785018997714,3.800344228744507,-1.444841742515564,4.6267218589782715,-0.47598031163215637,0.457253634929657,-0.6927782297134399,2.7863290309906006,1.8645341396331787
15.251259326934814,-0.2071315050125122,1.3316819667816162,1.2485346569674618,3.7839624881744385,-1.4927527904510498,4.617607116699219,-0.4398936927318573,0.5019894242286682,-0.6805753111839294,2.813307046890259,1.8658562898635864
15.29957628250122,-0.202484592795372,1.3473387956619263,1.2387182189005792,3.7646543979644775,-1.541216492652893,4.610084533691406,-0.4041726589202881,0.5472609400749207,-0.6670992374420166,2.8414885997772217,1.8693193197250366
15.350047588348389,-0.19768819212913513,1.3631020784378052,1.2281438977148793,3.7440176010131836,-1.5901148319244385,4.604252815246582,-0.36829647421836853,0.5913101434707642,-0.6533792018890381,2.86995005607605,1.8741017580032349
15.40061616897583,-0.19264380633831024,1.378587007522583,1.2172331713909308,3.7231521606445312,-1.6404136419296265,4.599623680114746,-0.3327953517436981,0.6340662837028503,-0.6407943964004517,2.898061990737915,1.8794665336608887
15.451457977294922,-0.1875791847705841,1.39350426197052,1.2075568466626567,3.70229434967041,-1.6893720626831055,4.595641136169434,-0.297631174325943,0.6778236627578735,-0.6309695839881897,2.9257140159606934,1.8853851556777954
15.500081777572632,-0.1816951036453247,1.4098527431488037,1.1971150415547436,3.679058790206909,-1.7372233867645264,4.591704845428467,-0.26069533824920654,0.7259320616722107,-0.6244300007820129,2.953237771987915,1.892915964126587
15.551315546035767,-0.17597141861915588,1.4254566431045532,1.1862107090985252,3.658216953277588,-1.782145380973816,4.5883049964904785,-0.22690510749816895,0.7675726413726807,-0.6214374303817749,2.9758331775665283,1.9033846855163574
15.600109815597534,-0.17051073908805847,1.4399313926696777,1.1757198165627738,3.638232469558716,-1.8265615701675415,4.585134983062744,-0.19192086160182953,0.8048946857452393,-0.620262622833252,2.9964332580566406,1.9141489267349243
15.650195360183716,-0.16432631015777588,1.4560661315917969,1.1627690691490449,3.6183085441589355,-1.8770414590835571,4.582369327545166,-0.14952141046524048,0.8440951108932495,-0.6197606325149536,3.0200448036193848,1.93015456199646
15.699738264083862,-0.1592274159193039,1.4695364236831665,1.1524944351652189,3.6050007343292236,-1.9106816053390503,4.581630229949951,-0.1168183758854866,0.8726086616516113,-0.6196486353874207,3.0382020473480225,1.947143793106079
15.749840497970581,-0.1521953046321869,1.4867465496063232,1.1388896407722235,3.58758807182312,-1.9530384540557861,4.582324504852295,-0.07246899604797363,0.9119099378585815,-0.620198667049408,3.058875560760498,1.974981427192688
15.800859451293945,-0.14611199498176575,1.5011285543441772,1.1274223868857451,3.572700023651123,-1.9903604984283447,4.583822250366211,-0.034035518765449524,0.9467397332191467,-0.6215797066688538,3.0705554485321045,1.999124526977539
15.850389957427979,-0.13946086168289185,1.5165327787399292,1.1156274589306268,3.5565786361694336,-2.0334088802337646,4.5863494873046875,0.008726105093955994,0.9870466589927673,-0.624369740486145,3.0790319442749023,2.026003360748291
15.899894714355469,-0.13202254474163055,1.5331448316574097,1.10224554189599,3.541853189468384,-2.0771050453186035,4.588775634765625,0.04883446916937828,1.0263664722442627,-0.6285067200660706,3.084174633026123,2.0518956184387207
15.950208187103271,-0.12463891506195068,1.5491039752960205,1.0889254098311305,3.527247428894043,-2.1223948001861572,4.590326309204102,0.08844954520463943,1.0657854080200195,-0.6342243552207947,3.087193489074707,2.077070474624634
16.00128436088562,-0.11682745814323425,1.5650585889816284,1.075751682052384,3.5111446380615234,-2.167097568511963,4.590019226074219,0.12789039313793182,1.1053611040115356,-0.6415776014328003,3.085130453109741,2.1018238067626953
16.049827098846436,-0.10888325423002243,1.5812350511550903,1.0631613740817354,3.4930808544158936,-2.2105391025543213,4.58768367767334,0.1670827567577362,1.1453255414962769,-0.6500931978225708,3.076245069503784,2.129133701324463
16.100807905197144,-0.10072038322687149,1.5974304676055908,1.0496465960133432,3.473865270614624,-2.253945827484131,4.583502292633057,0.20559139549732208,1.186586618423462,-0.6589679718017578,3.065124988555908,2.1567575931549072
16.150840282440186,-0.09259621053934097,1.612916111946106,1.0374879998934865,3.4537546634674072,-2.293168544769287,4.578680515289307,0.24085867404937744,1.2257884740829468,-0.6674245595932007,3.0549936294555664,2.1792845726013184
16.20010495185852,-0.0833299309015274,1.6297742128372192,1.0229411663545527,3.4284887313842773,-2.333805561065674,4.573063373565674,0.2788218855857849,1.2686408758163452,-0.6772611737251282,3.0462138652801514,2.2006356716156006
16.25003957748413,-0.07486745715141296,1.6451085805892944,1.0097061966182246,3.40212082862854,-2.3707830905914307,4.567471027374268,0.3144108057022095,1.3103752136230469,-0.6870924830436707,3.0403764247894287,2.2206215858459473
16.300222396850586,-0.06513392925262451,1.6618632078170776,0.9944532659415689,3.3758912086486816,-2.4055099487304688,4.560937881469727,0.3502548038959503,1.3544379472732544,-0.6955509781837463,3.034964084625244,2.2413816452026367
16.352240085601807,-0.05608898401260376,1.6775480508804321,0.9792356455397274,3.347395420074463,-2.4385807514190674,4.552816390991211,0.38577067852020264,1.3993233442306519,-0.7007758617401123,3.028974771499634,2.2629451751708984
16.400160789489746,-0.04771001636981964,1.6931613683700562,0.9654976172589296,3.315643787384033,-2.470243215560913,4.542173385620117,0.4211426079273224,1.4430944919586182,-0.7025314569473267,3.021613597869873,2.2850453853607178
16.450316429138184,-0.03765706717967987,1.708238124847412,0.9506788622323668,3.27847957611084,-2.5028295516967773,4.5276665687561035,0.458301842212677,1.487794280052185,-0.7021323442459106,3.0121521949768066,2.3094534873962402
16.49997878074646,-0.0283442884683609,1.7227307558059692,0.9365031641700645,3.2415060997009277,-2.532161235809326,4.512049198150635,0.4911397695541382,1.5269532203674316,-0.7008957266807556,3.003754138946533,2.332261085510254
16.550549507141113,-0.02046927437186241,1.7349129915237427,0.9228001551657592,3.1949427127838135,-2.564288854598999,4.493056774139404,0.5266238451004028,1.5711872577667236,-0.6992604732513428,2.9970545768737793,2.357813835144043
16.600083112716675,-0.009389877319335938,1.75069260597229,0.9071390132349364,3.150773286819458,-2.590745687484741,4.475956916809082,0.5572694540023804,1.6118956804275513,-0.6975807547569275,2.9953296184539795,2.380293130874634
16.649962425231934,0.00047325342893600464,1.7645845413208008,0.8929950067372758,3.1024789810180664,-2.616225004196167,4.458355903625488,0.5895057320594788,1.6555620431900024,-0.6950631737709045,2.9978837966918945,2.4032676219940186
16.700809955596924,0.010496869683265686,1.7783159017562866,0.878287632500739,3.0514299869537354,-2.6394691467285156,4.441312313079834,0.6216390132904053,1.6993024349212646,-0.6913643479347229,3.0014145374298096,2.425135850906372
16.75088906288147,0.020502975210547447,1.7919906377792358,0.8636730853323961,3.0029289722442627,-2.6592509746551514,4.424602031707764,0.6535821557044983,1.7434066534042358,-0.6861391067504883,3.003408908843994,2.44842267036438
16.800698041915894,0.031186869367957115,1.8056399822235107,0.8492667418135159,2.958813428878784,-2.677427053451538,4.407818794250488,0.6846170425415039,1.7873598337173462,-0.6788563132286072,3.0071353912353516,2.4713332653045654
16.850192546844482,0.04191213846206665,1.819193959236145,0.8341672137207398,2.915065050125122,-2.699284791946411,4.388452529907227,0.7161384224891663,1.8334051370620728,-0.6688727736473083,3.0064024925231934,2.496185064315796
16.901623725891113,0.053082745522260666,1.8327572345733643,0.8195150421725221,2.8775482177734375,-2.7207891941070557,4.36976432800293,0.7445783615112305,1.8740732669830322,-0.6581083536148071,2.9991250038146973,2.5185656547546387
16.95046901702881,0.06390190869569778,1.846360445022583,0.8060162634845895,2.8380672931671143,-2.744961738586426,4.348513126373291,0.7753031253814697,1.9177868366241455,-0.646156370639801,2.987314462661743,2.5388381481170654
17.000184535980225,0.07530605792999268,1.8593684434890747,0.7916123220605715,2.7989888191223145,-2.7703256607055664,4.326531887054443,0.8068334460258484,1.962113857269287,-0.6346436142921448,2.9749667644500732,2.5541532039642334
17.050209045410156,0.08640612661838531,1.8722271919250488,0.7777242311922952,2.7598345279693604,-2.796196222305298,4.304282188415527,0.839333713054657,2.0061655044555664,-0.6239578723907471,2.961841344833374,2.565829277038574
17.10031795501709,0.0978972539305687,1.8846385478973389,0.7632030956314293,2.717348575592041,-2.8255615234375,4.280228137969971,0.8740696310997009,2.0540506839752197,-0.6134655475616455,2.9447858333587646,2.576392889022827
17.151339530944824,0.10930777341127396,1.8967125415802002,0.7491081289372766,2.675821304321289,-2.8550264835357666,4.256632328033447,0.9067482948303223,2.1006624698638916,-0.6061282753944397,2.9254813194274902,2.5855109691619873
17.20023012161255,0.12066049873828888,1.9084769487380981,0.7355163234645598,2.6358237266540527,-2.883770227432251,4.233434677124023,0.9367731809616089,2.1441080570220947,-0.6022641658782959,2.9059226512908936,2.59303879737854
17.25008463859558,0.1321144849061966,1.9200189113616943,0.7226008150668441,2.594081163406372,-2.915114164352417,4.207474708557129,0.9670801162719727,2.1870388984680176,-0.6009353399276733,2.884639024734497,2.599771738052368
17.300198554992676,0.14376361668109894,1.9311364889144897,0.7094068036199965,2.5510332584381104,-2.948763608932495,4.17831563949585,0.9973504543304443,2.2293970584869385,-0.6011025309562683,2.860931396484375,2.6054720878601074
17.34962821006775,0.15527236461639404,1.9421864748001099,0.6951660511204975,2.5144567489624023,-2.9768004417419434,4.15057373046875,1.0227220058441162,2.265941858291626,-0.6015788912773132,2.837418556213379,2.6094934940338135
17.401914358139038,0.16710975766181946,1.9531996250152588,0.6815512551591411,2.477411985397339,-3.007192373275757,4.1190876960754395,1.0476460456848145,2.304332971572876,-0.6015894412994385,2.810292959213257,2.61270809173584
17.450854778289795,0.17946471273899078,1.9641772508621216,0.6682245591753618,2.4423656463623047,-3.0355637073516846,4.085347652435303,1.0702615976333618,2.343068838119507,-0.6018961071968079,2.781532049179077,2.6151721477508545
17.50023365020752,0.19201980531215668,1.9752041101455688,0.6545674346492442,2.4043161869049072,-3.0602974891662598,4.050318717956543,1.0905256271362305,2.3825814723968506,-0.6033138632774353,2.755305528640747,2.618257999420166
17.550081253051758,0.20507080852985382,1.9860284328460693,0.6413428802774134,2.364821195602417,-3.0813047885894775,4.015064716339111,1.107897162437439,2.4230377674102783,-0.6063328385353088,2.7316389083862305,2.6230099201202393
17.600274801254272,0.21790948510169983,1.996488332748413,0.6289563784513825,2.3250346183776855,-3.09956431388855,3.980151653289795,1.1220345497131348,2.4647297859191895,-0.6110208630561829,2.7063207626342773,2.6296017169952393
17.650349617004395,0.23027664422988892,2.0065371990203857,0.6164819561161964,2.2880237102508545,-3.1152408123016357,3.946577548980713,1.1326357126235962,2.5047097206115723,-0.6172652840614319,2.6807267665863037,2.636852502822876
17.700323820114136,0.24364635348320007,2.0169055461883545,0.6035733327911772,2.246734142303467,-3.130669355392456,3.908656120300293,1.1410081386566162,2.5501112937927246,-0.6248643398284912,2.652060031890869,2.6451375484466553
17.75250744819641,0.2548385262489319,2.0255699157714844,0.5920047088438827,2.210700273513794,-3.1408915519714355,3.8762621879577637,1.1448025703430176,2.5880770683288574,-0.630744218826294,2.6285319328308105,2.65187668800354
17.799818515777588,0.2684965431690216,2.036207437515259,0.5777613726860649,2.160318374633789,-3.1496315002441406,3.8324484825134277,1.1460459232330322,2.636812210083008,-0.6377893686294556,2.5960988998413086,2.6610584259033203
17.850260257720947,0.2803095877170563,2.045189619064331,0.5651742714470477,2.119734525680542,-3.1532461643218994,3.797764539718628,1.1454215049743652,2.6736841201782227,-0.6430619955062866,2.5700387954711914,2.668466806411743
17.90028214454651,0.2940368056297302,2.0550663471221924,0.5514071518732788,2.0713720321655273,-3.1545658111572266,3.755382776260376,1.143842339515686,2.7170300483703613,-0.6474268436431885,2.53871750831604,2.678494453430176
17.949848413467407,0.3067709803581238,2.0637316703796387,0.5384106421903343,2.0290637016296387,-3.152536153793335,3.7176730632781982,1.1427948474884033,2.755279541015625,-0.6478828191757202,2.510751247406006,2.688868999481201
18.000164270401,0.3214744031429291,2.0732061862945557,0.5242314602590267,1.9808686971664429,-3.1479954719543457,3.677037000656128,1.1429113149642944,2.796968460083008,-0.6436308026313782,2.4812896251678467,2.701712131500244
18.05151891708374,0.3355042040348053,2.0821268558502197,0.510923145655936,1.9365414381027222,-3.144008159637451,3.639235258102417,1.1429444551467896,2.834336996078491,-0.6359062790870667,2.4539105892181396,2.714195489883423
18.09967350959778,0.34963783621788025,2.091485023498535,0.49618913268086495,1.8946934938430786,-3.141507863998413,3.6013877391815186,1.1431604623794556,2.868555784225464,-0.625621497631073,2.4240024089813232,2.7271947860717773
18.149538278579712,0.36420661211013794,2.100632429122925,0.4826669675930454,1.8509395122528076,-3.1415469646453857,3.563941478729248,1.1429170370101929,2.899627447128296,-0.6136795282363892,2.396115303039551,2.7391648292541504
18.19983220100403,0.37921783328056335,2.1099307537078857,0.46865471893927163,1.8022171258926392,-3.144325017929077,3.524848461151123,1.141904592514038,2.9297378063201904,-0.5986891388893127,2.3670196533203125,2.7494187355041504
18.250203609466553,0.39476898312568665,2.119051694869995,0.45476215688661464,1.7578601837158203,-3.149256944656372,3.4893910884857178,1.140729546546936,2.9548158645629883,-0.5832472443580627,2.3385283946990967,2.757399320602417
18.29983925819397,0.40968143939971924,2.127389669418335,0.4418401863306373,1.7137796878814697,-3.1554317474365234,3.4527366161346436,1.1390411853790283,2.977915048599243,-0.5659137964248657,2.309044599533081,2.763610601425171
18.349995613098145,0.42646682262420654,2.136422634124756,0.427874906885327,1.6619280576705933,-3.1637678146362305,3.408407211303711,1.1366440057754517,3.0027153491973877,-0.5430728197097778,2.2791028022766113,2.769336700439453
18.399462461471558,0.4426897466182709,2.1452133655548096,0.4126297606038407,1.616768479347229,-3.1713292598724365,3.3698713779449463,1.1347734928131104,3.021669626235962,-0.5213243365287781,2.2564303874969482,2.7730038166046143
18.450955867767334,0.4591297209262848,2.153170108795166,0.4000215932785041,1.5681818723678589,-3.1802244186401367,3.32812762260437,1.133030652999878,3.039762496948242,-0.49622291326522827,2.230567455291748,2.7754740715026855
18.499820232391357,0.4753376841545105,2.160724639892578,0.3878653614329652,1.518226981163025,-3.1899096965789795,3.2852530479431152,1.131772518157959,3.0560944080352783,-0.469655305147171,2.202425479888916,2.7765285968780518
18.550252437591553,0.4913950264453888,2.1681995391845703,0.3751360464044372,1.4696649312973022,-3.2008185386657715,3.2419049739837646,1.1305838823318481,3.070847988128662,-0.4418965280056,2.1733808517456055,2.7760009765625
18.59972882270813,0.507430374622345,2.175323247909546,0.3634643023523119,1.4214787483215332,-3.213677167892456,3.1962711811065674,1.128716230392456,3.0852317810058594,-0.4108121395111084,2.142549514770508,2.7733371257781982
18.651989221572876,0.5235766768455505,2.1822988986968994,0.35215091334337634,1.378404974937439,-3.2242672443389893,3.1560378074645996,1.1260026693344116,3.098567247390747,-0.38299816846847534,2.1142470836639404,2.7691988945007324
18.700040578842163,0.5397992134094238,2.188926935195923,0.3421494099628542,1.3343044519424438,-3.2349205017089844,3.114300012588501,1.1215802431106567,3.114423990249634,-0.3545241057872772,2.082716703414917,2.7631311416625977
18.750182390213013,0.5562427639961243,2.195239305496216,0.33286912022023635,1.2917715311050415,-3.243136167526245,3.0729095935821533,1.1150195598602295,3.132033348083496,-0.32540977001190186,2.049450159072876,2.7559704780578613
18.800273656845093,0.5727540254592896,2.2014105319976807,0.3236707681744868,1.2500431537628174,-3.2476987838745117,3.0323333740234375,1.1065125465393066,3.150348424911499,-0.2956501245498657,2.0160269737243652,2.749023914337158
18.85104274749756,0.5891255736351013,2.207217216491699,0.3156746068422676,1.2064244747161865,-3.2470481395721436,2.993104934692383,1.0966037511825562,3.168353319168091,-0.26587772369384766,1.9839568138122559,2.742328405380249
18.97378420829773,0.6054438948631287,2.2128212451934814,0.30855543026081145,1.1621448993682861,-3.240466356277466,2.9555470943450928,1.086199402809143,3.1856460571289062,-0.23639725148677826,1.9514461755752563,2.736283540725708
19.050055027008057,0.6054438948631287,2.2128212451934814,0.30855543026081145,1.1621448993682861,-3.240466356277466,2.9555470943450928,1.086199402809143,3.1856460571289062,-0.23639725148677826,1.9514461755752563,2.736283540725708
19.127388954162598,0.6371648907661438,2.2230377197265625,0.2973749626906187,1.0782430171966553,-3.214184284210205,2.88140606880188,1.0628278255462646,3.215721368789673,-0.17340467870235443,1.8845139741897583,2.727956533432007
19.201253414154053,0.6596292853355408,2.2291324138641357,0.2950269974529128,1.0134745836257935,-3.1842567920684814,2.824038028717041,1.0408432483673096,3.2355844974517822,-0.11903999745845795,1.841049313545227,2.7243459224700928
19.27352547645569,0.6806216835975647,2.234628915786743,0.2936197495344706,0.9539693593978882,-3.1504740715026855,2.775179862976074,1.0170997381210327,3.2520835399627686,-0.06764450669288635,1.8054126501083374,2.7223587036132812
19.34439730644226,0.7019960284233093,2.2401978969573975,0.292800325180941,0.8919897079467773,-3.107576370239258,2.723853588104248,0.9880886077880859,3.2704641819000244,-0.01232613530009985,1.766134262084961,2.723036527633667
19.41650629043579,0.7218754291534424,2.2454915046691895,0.2925227933507673,0.8373673558235168,-3.0602850914001465,2.674736738204956,0.9585297107696533,3.2880334854125977,0.040302351117134094,1.730136752128601,2.727475643157959
19.41835904121399,0.7410909533500671,2.2507176399230957,0.2911925720196136,0.7882640957832336,-3.009276866912842,2.6279687881469727,0.9328065514564514,3.3035013675689697,0.09106971323490143,1.6978192329406738,2.736360788345337
19.450098037719727,0.7650474905967712,2.2573678493499756,0.289594917818768,0.7291196584701538,-2.958747148513794,2.570216655731201,0.9056394696235657,3.3205432891845703,0.1538076102733612,1.6611623764038086,2.7526988983154297
19.49968695640564,0.7787564396858215,2.261275053024292,0.2879494450047349,0.6900781393051147,-2.933354139328003,2.5343668460845947,0.8905211091041565,3.330012559890747,0.19459596276283264,1.638002634048462,2.7648632526397705
19.551453113555908,0.7905979156494141,2.264803171157837,0.2876898068376541,0.6546516418457031,-2.913252353668213,2.5025057792663574,0.8773030042648315,3.334343910217285,0.23361894488334656,1.6165122985839844,2.7774651050567627
19.599889278411865,0.8055666089057922,2.2688233852386475,0.2848549735307966,0.6182745695114136,-2.89406418800354,2.4689931869506836,0.8634948134422302,3.3331286907196045,0.2764374315738678,1.594543218612671,2.7913215160369873
19.650574207305908,0.8199008107185364,2.2730610370635986,0.2818337904454894,0.5812451243400574,-2.8741707801818848,2.433037757873535,0.8490046858787537,3.3266987800598145,0.3209756910800934,1.5722026824951172,2.8058016300201416
19.701162099838257,0.829635739326477,2.275245189666748,0.28033664364914296,0.5559306740760803,-2.8603320121765137,2.4080536365509033,0.8390030264854431,3.319956064224243,0.35060620307922363,1.55670964717865,2.815981864929199
19.750579118728638,0.8414685726165771,2.27874493598938,0.2751572271698641,0.512149453163147,-2.837388277053833,2.365121841430664,0.8225749731063843,3.3052175045013428,0.39882227778434753,1.5288931131362915,2.833721876144409
19.800560235977173,0.8559728860855103,2.2830777168273926,0.266016428455377,0.47457289695739746,-2.8186018466949463,2.3294150829315186,0.8105481863021851,3.2906484603881836,0.4372536242008209,1.5071401596069336,2.8476479053497314
19.84968066215515,0.8654364943504333,2.2863306999206543,0.2573747079268815,0.4346085786819458,-2.799624443054199,2.293020009994507,0.8002137541770935,3.2737550735473633,0.4750082790851593,1.4882149696350098,2.860607862472534
19.900228261947632,0.8705056309700012,2.288012742996216,0.24872991544886017,0.39977219700813293,-2.7845818996429443,2.2623202800750732,0.7923276424407959,3.257943868637085,0.5052444338798523,1.4736710786819458,2.869997262954712
19.950719594955444,0.8795922994613647,2.292240619659424,0.23193328415905337,0.3504050076007843,-2.7645561695098877,2.219062089920044,0.7816848754882812,3.232933282852173,0.5452371835708618,1.4533275365829468,2.880624294281006
19.99971866607666,0.8861242532730103,2.2950668334960938,0.21326750996022592,0.3104061484336853,-2.7473530769348145,2.18428373336792,0.7729009389877319,3.2103769779205322,0.5757178664207458,1.4375483989715576,2.887788772583008
20.050093173980713,0.8900571465492249,2.297590732574463,0.19198823260590236,0.26978743076324463,-2.728573799133301,2.148130178451538,0.7624502778053284,3.184851884841919,0.6071824431419373,1.4225449562072754,2.89274525642395
20.100162744522095,0.8926863670349121,2.2993526458740234,0.17253626396380656,0.23308958113193512,-2.7112293243408203,2.114009380340576,0.7515343427658081,3.1592586040496826,0.6372150778770447,1.4103400707244873,2.895508289337158
20.15001678466797,0.8990832567214966,2.303264617919922,0.14625966907986157,0.19078972935676575,-2.687969446182251,2.073164939880371,0.7375481128692627,3.129495143890381,0.6716764569282532,1.3974671363830566,2.8979194164276123
20.201528310775757,0.9037455916404724,2.30513072013855,0.12456867492376944,0.1528148353099823,-2.6612794399261475,2.035932779312134,0.723895788192749,3.1040613651275635,0.7024682760238647,1.3856478929519653,2.9006123542785645
20.25066900253296,0.9063618183135986,2.307234764099121,0.10337559781499098,0.1164935976266861,-2.6296796798706055,1.9992717504501343,0.7100086212158203,3.0792462825775146,0.7351470589637756,1.3710509538650513,2.904707670211792
20.301586389541626,0.9123325347900391,2.308872699737549,0.07447259309512763,0.08195485174655914,-2.594647169113159,1.9631187915802002,0.6956810355186462,3.0546276569366455,0.7699148654937744,1.3534502983093262,2.910604238510132
20.351046800613403,0.9152113795280457,2.311574697494507,0.048039015495204604,0.050006888806819916,-2.5590977668762207,1.9268282651901245,0.6806260943412781,3.030163049697876,0.8057814240455627,1.3347541093826294,2.918550491333008
20.39990520477295,0.9180917739868164,2.3138115406036377,0.01979365935213395,0.019562644883990288,-2.521169662475586,1.890238881111145,0.6646230220794678,3.0068166255950928,0.8409900665283203,1.3145934343338013,2.928525924682617
20.45023488998413,0.9227873086929321,2.3154561519622803,-0.01031523809772487,-0.00940186157822609,-2.479621648788452,1.8542006015777588,0.6474652290344238,2.984088659286499,0.8754347562789917,1.2927428483963013,2.9408321380615234
20.5005304813385,0.9256045818328857,2.317286729812622,-0.038270587403558334,-0.03534635901451111,-2.4348273277282715,1.8187241554260254,0.6285726428031921,2.961158275604248,0.9101358652114868,1.2706656455993652,2.9551477432250977
20.55058789253235,0.927887499332428,2.3190934658050537,-0.0663997599592749,-0.056225549429655075,-2.3882765769958496,1.7836443185806274,0.6076257824897766,2.938079833984375,0.9452022910118103,1.2496343851089478,2.9709367752075195
20.60107398033142,0.9313916563987732,2.32078218460083,-0.09770547223001252,-0.07223621755838394,-2.3409178256988525,1.7486759424209595,0.5848835706710815,2.9153223037719727,0.9808071851730347,1.2279924154281616,2.9881832599639893
20.65010929107666,0.9329738020896912,2.323070526123047,-0.1294523982575188,-0.08531355112791061,-2.29132342338562,1.7146590948104858,0.5619935393333435,2.893876552581787,1.0165801048278809,1.2065609693527222,3.005704402923584
20.700210094451904,0.9341880679130554,2.325681209564209,-0.1617754081488728,-0.09810750186443329,-2.2372562885284424,1.6794945001602173,0.5394195914268494,2.8734323978424072,1.0541305541992188,1.1850969791412354,3.0224568843841553
20.749645233154297,0.93671715259552,2.3274004459381104,-0.19604440115758096,-0.10902804881334305,-2.193103790283203,1.6484906673431396,0.5212419033050537,2.856682538986206,1.0872552394866943,1.1657849550247192,3.0350329875946045
20.800390243530273,0.9392972588539124,2.329231023788452,-0.22741300732262082,-0.1223708763718605,-2.15169358253479,1.615547776222229,0.5041043758392334,2.8395750522613525,1.121475338935852,1.1427685022354126,3.0469954013824463
20.849746704101562,0.941930890083313,2.330721139907837,-0.2585932214106535,-0.1404121369123459,-2.1099650859832764,1.5800739526748657,0.4874128997325897,2.8215110301971436,1.1563843488693237,1.114903450012207,3.0578575134277344
20.900437355041504,0.9448001384735107,2.331932544708252,-0.2888467501244043,-0.15939360857009888,-2.0732486248016357,1.5482566356658936,0.47367942333221436,2.8043484687805176,1.1865593194961548,1.0906918048858643,3.064423084259033
20.95028018951416,0.9482491612434387,2.333064317703247,-0.319324458917915,-0.18261760473251343,-2.033407688140869,1.5138520002365112,0.4592248201370239,2.781285524368286,1.2197765111923218,1.062949776649475,3.0680534839630127
21.000120639801025,0.9519085884094238,2.3338818550109863,-0.350826519812039,-0.20545841753482819,-1.9968523979187012,1.4815397262573242,0.44596683979034424,2.755305051803589,1.2492141723632812,1.0339664220809937,3.0687174797058105
21.049811363220215,0.9555884599685669,2.3348493576049805,-0.3823058855473032,-0.22718670964241028,-1.962708592414856,1.4509642124176025,0.43388664722442627,2.729062557220459,1.2736726999282837,1.0050060749053955,3.0668468475341797
21.100370407104492,0.9605906009674072,2.334965944290161,-0.4133268722208868,-0.2505435645580292,-1.9261554479599,1.4184167385101318,0.4212329089641571,2.701444149017334,1.296548843383789,0.9743965864181519,3.0618791580200195
21.149802446365356,0.9653031826019287,2.3353970050811768,-0.44626215730268826,-0.274646520614624,-1.8885740041732788,1.3856348991394043,0.4096890091896057,2.673858165740967,1.3173048496246338,0.9439697861671448,3.053798198699951
21.200198650360107,0.9704189300537109,2.3355391025543213,-0.47873232277490635,-0.3002547025680542,-1.8495171070098877,1.3518075942993164,0.3998703360557556,2.6452085971832275,1.3362023830413818,0.9121797680854797,3.0424671173095703
21.250269651412964,0.9762998819351196,2.3347628116607666,-0.5100436575783786,-0.3275514841079712,-1.8098119497299194,1.3169113397598267,0.391715943813324,2.614563226699829,1.3532423973083496,0.8788690567016602,3.0292460918426514
21.29996967315674,0.983227550983429,2.333028793334961,-0.5381945410441954,-0.35591500997543335,-1.771186351776123,1.2810237407684326,0.3851073980331421,2.581897020339966,1.3681749105453491,0.8472064137458801,3.0167737007141113
21.34957528114319,0.9901358485221863,2.3308427333831787,-0.5670542800730209,-0.38498780131340027,-1.733033537864685,1.2444839477539062,0.3794846534729004,2.547948122024536,1.3806294202804565,0.8209337592124939,3.0073204040527344
21.40034008026123,0.9975594878196716,2.328840494155884,-0.5983017185206095,-0.4139012396335602,-1.6959830522537231,1.207430124282837,0.37409165501594543,2.5130181312561035,1.3900030851364136,0.7943527102470398,3.001796007156372
21.450181484222412,1.0058324337005615,2.325310707092285,-0.6289562879102156,-0.44140058755874634,-1.6616262197494507,1.1710273027420044,0.36827871203422546,2.4780187606811523,1.3965272903442383,0.7654935121536255,2.998579502105713
21.500174045562744,1.0147053003311157,2.3218190670013428,-0.6608263519254647,-0.46492239832878113,-1.6284760236740112,1.1353446245193481,0.3612082600593567,2.443147897720337,1.4010252952575684,0.7357771396636963,2.99607253074646
21.549694061279297,1.0237300395965576,2.3179097175598145,-0.6934191266828169,-0.48494479060173035,-1.590855598449707,1.0986181497573853,0.35263317823410034,2.4066545963287354,1.4045987129211426,0.7051573395729065,2.9931750297546387
21.600475072860718,1.0329408645629883,2.313080310821533,-0.7242259423638757,-0.49992433190345764,-1.55446195602417,1.0669752359390259,0.34398847818374634,2.3747434616088867,1.4072167873382568,0.6776940822601318,2.9910964965820312
21.651712656021118,1.042159914970398,2.3079192638397217,-0.7531632179267636,-0.5134627223014832,-1.5148911476135254,1.0355290174484253,0.3340335488319397,2.34262752532959,1.4100099802017212,0.6474923491477966,2.989621877670288
21.699987411499023,1.051244854927063,2.302924871444702,-0.7808250006557448,-0.5259824395179749,-1.475479245185852,1.0056827068328857,0.3234844207763672,2.3115580081939697,1.4141587018966675,0.6168001890182495,2.9892804622650146
21.750163316726685,1.0603655576705933,2.2957653999328613,-0.8045021755230074,-0.5378545522689819,-1.4349522590637207,0.976199209690094,0.3119264543056488,2.2806220054626465,1.420308232307434,0.5864301919937134,2.9909284114837646
21.80111575126648,1.0695056915283203,2.288203716278076,-0.8256311908440261,-0.5489756464958191,-1.3913313150405884,0.9469908475875854,0.2989557981491089,2.2509145736694336,1.4270811080932617,0.5564960837364197,2.9949636459350586
21.91478967666626,1.077985405921936,2.280400037765503,-0.8417309822525233,-0.5575405955314636,-1.3497885465621948,0.9216732978820801,0.2861011028289795,2.2268223762512207,1.4327064752578735,0.5312942266464233,3.0007457733154297
21.98108673095703,1.077985405921936,2.280400037765503,-0.8417309822525233,-0.5575405955314636,-1.3497885465621948,0.9216732978820801,0.2861011028289795,2.2268223762512207,1.4327064752578735,0.5312942266464233,3.0007457733154297
22.04745626449585,1.0947892665863037,2.2645671367645264,-0.8680656946279839,-0.5670125484466553,-1.2648587226867676,0.8768733143806458,0.2559177577495575,2.1873340606689453,1.4409458637237549,0.4823823571205139,3.0126709938049316
22.116899251937866,1.1069836616516113,2.252302646636963,-0.8831387729536138,-0.5669481754302979,-1.2023935317993164,0.8464692831039429,0.22923357784748077,2.158703327178955,1.4462100267410278,0.4488788843154907,3.019036293029785
22.183327436447144,1.1220849752426147,2.2364118099212646,-0.8966474597116311,-0.5623218417167664,-1.1338914632797241,0.8120535016059875,0.19669654965400696,2.124121904373169,1.452710509300232,0.411435604095459,3.0181467533111572
22.251258611679077,1.1351161003112793,2.221111297607422,-0.9049256249716765,-0.5594839453697205,-1.076911449432373,0.7808698415756226,0.16829484701156616,2.0927815437316895,1.4593815803527832,0.3749956488609314,3.0099573135375977
22.318469524383545,1.1485576629638672,2.204730272293091,-0.9107828021731903,-0.5610044002532959,-1.0201520919799805,0.747226357460022,0.14096948504447937,2.0612404346466064,1.467799425125122,0.34007588028907776,2.997394323348999
22.335728645324707,1.1628172397613525,2.185469150543213,-0.9101079746089183,-0.5695905685424805,-0.9570111036300659,0.7083914875984192,0.11424476653337479,2.0325701236724854,1.4785897731781006,0.30566084384918213,2.9791178703308105
22.415102005004883,1.1785825490951538,2.162964105606079,-0.9043218564455283,-0.5845076441764832,-0.8850800395011902,0.6605268120765686,0.08712425082921982,2.0046422481536865,1.4924284219741821,0.26624059677124023,2.951357126235962
22.480748414993286,1.1785825490951538,2.162964105606079,-0.9043218564455283,-0.5845076441764832,-0.8850800395011902,0.6605268120765686,0.08712425082921982,2.0046422481536865,1.4924284219741821,0.26624059677124023,2.951357126235962
22.546983003616333,1.1921343803405762,2.1432955265045166,-0.8937974407285737,-0.6002944707870483,-0.8194800615310669,0.6145192384719849,0.06532533466815948,1.978004813194275,1.506324291229248,0.23039865493774414,2.9196510314941406
22.61505103111267,1.2054567337036133,2.1239326000213623,-0.8787978127024969,-0.6166356205940247,-0.7588692903518677,0.5706027746200562,0.04694823548197746,1.9516369104385376,1.5176786184310913,0.1971084326505661,2.883272409439087
22.682632446289062,1.2165595293045044,2.106849193572998,-0.8624024376217283,-0.6366869211196899,-0.6936616897583008,0.5222232937812805,0.027295490726828575,1.9260761737823486,1.5256950855255127,0.1639258712530136,2.841488838195801
22.684582948684692,1.2270503044128418,2.0916452407836914,-0.8467581573158526,-0.6573350429534912,-0.6369295120239258,0.4800879955291748,0.011118163354694843,1.9045895338058472,1.5298151969909668,0.13769152760505676,2.8098180294036865
22.70044708251953,1.2372682094573975,2.077481746673584,-0.8302946349198674,-0.6866652965545654,-0.5699097514152527,0.4296070635318756,-0.006529771722853184,1.8816924095153809,1.5313284397125244,0.10797528922557831,2.781672239303589
22.751391172409058,1.24354088306427,2.068523645401001,-0.8171750033701095,-0.708706796169281,-0.5225764513015747,0.3943600058555603,-0.01857873983681202,1.8676272630691528,1.5309360027313232,0.08592943102121353,2.764355182647705
22.8000910282135,1.2488675117492676,2.0609683990478516,-0.8043475237018428,-0.730080783367157,-0.4744034707546234,0.35887449979782104,-0.03158749267458916,1.8546690940856934,1.5296746492385864,0.06338424980640411,2.7481210231781006
22.85027503967285,1.2533539533615112,2.0541253089904785,-0.7892236464578045,-0.7498810291290283,-0.4275144934654236,0.3234972059726715,-0.04500451683998108,1.8429138660430908,1.5277490615844727,0.04155534878373146,2.73248291015625
22.90013885498047,1.2563458681106567,2.0491890907287598,-0.7737359896860283,-0.7669728398323059,-0.38102275133132935,0.28911203145980835,-0.058875396847724915,1.8323591947555542,1.5250473022460938,0.02016369067132473,2.7167398929595947
22.950079917907715,1.2585843801498413,2.0446534156799316,-0.756330744037088,-0.7808944582939148,-0.3331984281539917,0.2552681267261505,-0.07386767119169235,1.8233722448349,1.5215167999267578,-0.0019698897376656532,2.700732946395874
22.999967575073242,1.2601044178009033,2.040867328643799,-0.7389510495894,-0.7925476431846619,-0.28488394618034363,0.22183626890182495,-0.09021303802728653,1.8157680034637451,1.5167981386184692,-0.024791426956653595,2.6857662200927734
23.05027151107788,1.2617461681365967,2.0375571250915527,-0.7234802123832181,-0.8032093644142151,-0.23635567724704742,0.18941561877727509,-0.10796256363391876,1.8090428113937378,1.5109895467758179,-0.04786698892712593,2.6723952293395996
23.10063076019287,1.2633196115493774,2.034946918487549,-0.7098019765529675,-0.8133161664009094,-0.18842439353466034,0.15860718488693237,-0.1258654147386551,1.8028308153152466,1.5041754245758057,-0.07088898122310638,2.660895824432373
23.151662349700928,1.2648953199386597,2.031930685043335,-0.6947460093732581,-0.8234182000160217,-0.14054077863693237,0.1289362609386444,-0.14437903463840485,1.7968463897705078,1.496908187866211,-0.09338299930095673,2.6522562503814697
23.200062036514282,1.2658411264419556,2.029756784439087,-0.6790704166143525,-0.8321115970611572,-0.09723937511444092,0.10273947566747665,-0.1620938628911972,1.7920305728912354,1.490323781967163,-0.11319976300001144,2.645000696182251
23.250256776809692,1.2666984796524048,2.0269696712493896,-0.6606603022812843,-0.8413314819335938,-0.041453707963228226,0.07025967538356781,-0.18625999987125397,1.7860803604125977,1.482487440109253,-0.13880915939807892,2.6370956897735596
23.30066680908203,1.2668063640594482,2.025287389755249,-0.6463007822184914,-0.8465168476104736,0.00755414180457592,0.04335639625787735,-0.20873694121837616,1.7810909748077393,1.4766998291015625,-0.15999215841293335,2.62996244430542
23.35051941871643,1.2667471170425415,2.023159980773926,-0.630104327999,-0.8498572111129761,0.06322746723890305,0.01461232453584671,-0.23674637079238892,1.7769074440002441,1.471972107887268,-0.18155214190483093,2.6199429035186768
23.40007519721985,1.2671009302139282,2.0207056999206543,-0.6082445283255302,-0.8527426719665527,0.12116672843694687,-0.012209486216306686,-0.2675647437572479,1.7735037803649902,1.4698737859725952,-0.2019502818584442,2.605299472808838
23.449915647506714,1.2677357196807861,2.018531322479248,-0.5791289216055936,-0.8564806580543518,0.17244796454906464,-0.034013476222753525,-0.29655876755714417,1.770843744277954,1.4699300527572632,-0.21768523752689362,2.5898478031158447
23.500064611434937,1.268017053604126,2.015239953994751,-0.5454511133512795,-0.862133800983429,0.22392670810222626,-0.054957665503025055,-0.32715386152267456,1.7679848670959473,1.470933198928833,-0.23221981525421143,2.5732648372650146
23.551166772842407,1.2684357166290283,2.0103871822357178,-0.506242794371072,-0.8702547550201416,0.2739807665348053,-0.0754973515868187,-0.35639145970344543,1.7649269104003906,1.4718055725097656,-0.244180828332901,2.557018756866455
23.600050449371338,1.2687556743621826,2.0060646533966064,-0.4633989493469116,-0.8826891183853149,0.3266811966896057,-0.09772791713476181,-0.3862816393375397,1.760396122932434,1.47361421585083,-0.25543296337127686,2.5381572246551514
23.651260137557983,1.2688490152359009,2.0021162033081055,-0.41749941012917097,-0.8956974148750305,0.3726515471935272,-0.11824245005846024,-0.4128211736679077,1.7550705671310425,1.4754492044448853,-0.26463598012924194,2.5191094875335693
23.70050024986267,1.2693122625350952,1.999232530593872,-0.3847611030785825,-0.9055358171463013,0.4046962857246399,-0.132868692278862,-0.4314151108264923,1.7510384321212769,1.4769240617752075,-0.2702828347682953,2.505084753036499
23.75031876564026,1.2704042196273804,1.9932464361190796,-0.3152702808319772,-0.9258650541305542,0.46730244159698486,-0.1617838740348816,-0.4693182408809662,1.7426308393478394,1.4788044691085815,-0.2789252698421478,2.476383924484253
23.799822330474854,1.271380066871643,1.9886268377304077,-0.26054889369858886,-0.9410383105278015,0.5130379796028137,-0.18337541818618774,-0.498616099357605,1.7359528541564941,1.4788870811462402,-0.28232309222221375,2.4530389308929443
23.851147890090942,1.2726778984069824,1.983757495880127,-0.20474698480312561,-0.9564273357391357,0.5591287016868591,-0.20513206720352173,-0.5292922258377075,1.7286865711212158,1.4776782989501953,-0.2836094796657562,2.4278781414031982
23.89982557296753,1.2737574577331543,1.9800727367401123,-0.16080693013996514,-0.9692688584327698,0.594963014125824,-0.221784770488739,-0.5543689131736755,1.7230000495910645,1.4760220050811768,-0.28389251232147217,2.4098072052001953
23.95029044151306,1.2752437591552734,1.9741065502166748,-0.0933651143897098,-0.9916691780090332,0.6505052447319031,-0.24775861203670502,-0.5948339104652405,1.7144945859909058,1.4726742506027222,-0.285341739654541,2.383600950241089
24.00012469291687,1.2776349782943726,1.970231056213379,-0.04119461209793923,-1.0097440481185913,0.6903387308120728,-0.2663721740245819,-0.6247802972793579,1.7082947492599487,1.4694139957427979,-0.287899374961853,2.366870164871216
24.050098419189453,1.2800140380859375,1.9651193618774414,0.020445883491280983,-1.0341768264770508,0.7416211366653442,-0.28980737924575806,-0.6628962755203247,1.6989823579788208,1.4647878408432007,-0.2928880751132965,2.3463542461395264
24.10037398338318,1.2821546792984009,1.9608796834945679,0.07413962636018166,-1.0546410083770752,0.7869582772254944,-0.31060153245925903,-0.6977449655532837,1.6910368204116821,1.4595731496810913,-0.2979799807071686,2.3290064334869385
24.15060591697693,1.2849414348602295,1.957175850868225,0.1285109313421966,-1.0722227096557617,0.8301326036453247,-0.3304480314254761,-0.7326142191886902,1.68362557888031,1.4537625312805176,-0.30266454815864563,2.3125970363616943
24.200525760650635,1.2879897356033325,1.953413486480713,0.17869842388524138,-1.0861209630966187,0.8716164827346802,-0.3480610251426697,-0.7659739851951599,1.67633855342865,1.448183298110962,-0.30701974034309387,2.297334909439087
24.250226736068726,1.2903345823287964,1.9492871761322021,0.23172682087331975,-1.0983202457427979,0.919909656047821,-0.36620888113975525,-0.8044216632843018,1.6666792631149292,1.4423078298568726,-0.31238341331481934,2.278977632522583
24.300042867660522,1.2935534715652466,1.946346402168274,0.28122960530893715,-1.1068145036697388,0.963869571685791,-0.38076773285865784,-0.8404372930526733,1.656671404838562,1.4374475479125977,-0.3180660009384155,2.2621679306030273
24.351430416107178,1.2974095344543457,1.9423670768737793,0.3334563871608824,-1.1152924299240112,1.012813925743103,-0.3945881426334381,-0.8821719884872437,1.6446396112442017,1.4321430921554565,-0.32550451159477234,2.2447569370269775
24.399847507476807,1.3012754917144775,1.939403772354126,0.38408208156559465,-1.1231613159179688,1.0584490299224854,-0.40451252460479736,-0.9225471615791321,1.6320791244506836,1.4275873899459839,-0.33421164751052856,2.229098320007324
24.45085310935974,1.304481863975525,1.9367704391479492,0.4340363634780763,-1.130524754524231,1.1041067838668823,-0.41178566217422485,-0.9617944955825806,1.617437720298767,1.424161434173584,-0.3443906903266907,2.215402603149414
24.50056791305542,1.3081101179122925,1.9341896772384644,0.4804519234681046,-1.13665771484375,1.150420069694519,-0.41640186309814453,-0.9995834231376648,1.600204348564148,1.4219088554382324,-0.35585641860961914,2.204023599624634
24.551023483276367,1.3119535446166992,1.9318393468856812,0.5341092433129921,-1.1398351192474365,1.1971242427825928,-0.41847288608551025,-1.0365524291992188,1.5797381401062012,1.4209243059158325,-0.36827558279037476,2.193525791168213
24.600088119506836,1.3150771856307983,1.930065631866455,0.5819413666913317,-1.1393102407455444,1.2431683540344238,-0.4175732731819153,-1.0726134777069092,1.5563328266143799,1.4211633205413818,-0.38150811195373535,2.1837880611419678
24.650283575057983,1.318684458732605,1.9276447296142578,0.6305019700332835,-1.1364331245422363,1.2864737510681152,-0.41350898146629333,-1.1055994033813477,1.5327239036560059,1.422605037689209,-0.3925045430660248,2.1727092266082764
24.699591398239136,1.3221708536148071,1.926155924797058,0.6796838946967142,-1.132785677909851,1.3361060619354248,-0.4050227105617523,-1.1416714191436768,1.5057454109191895,1.4263235330581665,-0.40504857897758484,2.1581313610076904
24.749871730804443,1.3254497051239014,1.9248861074447632,0.7222425896248424,-1.1299583911895752,1.380514144897461,-0.3936022222042084,-1.1756073236465454,1.4796050786972046,1.43224036693573,-0.414500892162323,2.1421046257019043
24.799715042114258,1.3286293745040894,1.924143671989441,0.7600523652029051,-1.1286877393722534,1.4231029748916626,-0.3801615536212921,-1.2088639736175537,1.4531923532485962,1.439763069152832,-0.4225732982158661,2.124307155609131
24.8513925075531,1.3322409391403198,1.9232196807861328,0.7985583860133928,-1.1301628351211548,1.4676233530044556,-0.36577433347702026,-1.2408511638641357,1.425953984260559,1.4490488767623901,-0.42994794249534607,2.1050965785980225
24.899579286575317,1.3360594511032104,1.9238734245300293,0.8307439494286291,-1.134954571723938,1.513045310974121,-0.35156410932540894,-1.2719734907150269,1.3967070579528809,1.4601799249649048,-0.4365244209766388,2.0848710536956787
24.95081090927124,1.340030312538147,1.9257867336273193,0.8596259947026037,-1.141223669052124,1.556833028793335,-0.3381448984146118,-1.3026494979858398,1.3658812046051025,1.4721503257751465,-0.44233983755111694,2.0626609325408936
24.99983525276184,1.3437775373458862,1.9269376993179321,0.8855821151022374,-1.1476397514343262,1.5984505414962769,-0.325420081615448,-1.33309805393219,1.3338909149169922,1.4830889701843262,-0.4477046728134155,2.038818597793579
25.049535512924194,1.3474504947662354,1.9272273778915405,0.9106364248175303,-1.15346360206604,1.6395165920257568,-0.31277287006378174,-1.364152431488037,1.3008599281311035,1.491746187210083,-0.4520627558231354,2.013457775115967
25.09989619255066,1.3521597385406494,1.9305229187011719,0.9302837078014758,-1.1579601764678955,1.6815147399902344,-0.29994699358940125,-1.3951634168624878,1.2674247026443481,1.4972023963928223,-0.45539242029190063,1.9864660501480103
25.1501522064209,1.3567472696304321,1.9338527917861938,0.947161782543599,-1.161607027053833,1.7251384258270264,-0.2869441509246826,-1.425470232963562,1.233704924583435,1.499909520149231,-0.45705538988113403,1.9573944807052612
25.199811220169067,1.3614803552627563,1.937373161315918,0.9639865778821999,-1.1654359102249146,1.7700550556182861,-0.27355504035949707,-1.455138087272644,1.2011421918869019,1.5006378889083862,-0.45768630504608154,1.9250731468200684
25.250220775604248,1.364804744720459,1.9400265216827393,0.9781981514644039,-1.169695496559143,1.8154404163360596,-0.25941094756126404,-1.4851371049880981,1.1705513000488281,1.500001072883606,-0.45672738552093506,1.8902275562286377
25.30004119873047,1.369475245475769,1.944473147392273,0.9917995228022154,-1.174352765083313,1.8598309755325317,-0.24406687915325165,-1.5161058902740479,1.1402475833892822,1.4987714290618896,-0.45529428124427795,1.8564940690994263
25.350469827651978,1.3747546672821045,1.95017671585083,1.001388925509611,-1.1779179573059082,1.901630163192749,-0.2291697859764099,-1.5462623834609985,1.1102182865142822,1.4969068765640259,-0.4545394480228424,1.825042724609375
25.39980387687683,1.380841851234436,1.9568992853164673,1.009879205149433,-1.1799852848052979,1.9470951557159424,-0.21218787133693695,-1.5811612606048584,1.0754485130310059,1.4929250478744507,-0.45512738823890686,1.790386438369751
25.449630737304688,1.3875612020492554,1.9651696681976318,1.0172027026777632,-1.1792887449264526,1.987936019897461,-0.1957278847694397,-1.6155740022659302,1.0421857833862305,1.4868674278259277,-0.4588346481323242,1.7588005065917969
25.499995231628418,1.394179105758667,1.9753979444503784,1.0232395067354862,-1.1743427515029907,2.0275630950927734,-0.17873571813106537,-1.6506099700927734,1.0091794729232788,1.4785740375518799,-0.4642128646373749,1.7274996042251587
25.5495924949646,1.401255488395691,1.9842320680618286,1.0311647384322182,-1.1649599075317383,2.0663652420043945,-0.161180779337883,-1.6855058670043945,0.9754132032394409,1.4686062335968018,-0.4711516201496124,1.6948431730270386
25.601040840148926,1.408257246017456,1.9946532249450684,1.0343069087429344,-1.1524311304092407,2.103584051132202,-0.14303511381149292,-1.7199630737304688,0.9396241903305054,1.4572726488113403,-0.4792543947696686,1.6634817123413086
25.6497585773468,1.4154058694839478,2.0031700134277344,1.0365010536665682,-1.1387548446655273,2.139234781265259,-0.12404541671276093,-1.7541667222976685,0.901143491268158,1.4457905292510986,-0.48789116740226746,1.6328272819519043
25.70110845565796,1.4235198497772217,2.0148227214813232,1.0380463362472268,-1.1247823238372803,2.173377752304077,-0.10393424332141876,-1.7871613502502441,0.8610520958900452,1.4351463317871094,-0.49734166264533997,1.6014117002487183
25.74978756904602,1.4315680265426636,2.027601480484009,1.0362606863873456,-1.1088839769363403,2.207991361618042,-0.08190778642892838,-1.8184139728546143,0.8218851089477539,1.4253911972045898,-0.5071701407432556,1.5691723823547363
25.800318241119385,1.4401180744171143,2.0432655811309814,1.0322418988476572,-1.0895097255706787,2.2431414127349854,-0.05787063390016556,-1.8479784727096558,0.7845442891120911,1.4175264835357666,-0.518628716468811,1.5364795923233032
25.85074806213379,1.448714256286621,2.0580294132232666,1.0262230807440775,-1.0656578540802002,2.277700424194336,-0.03229394182562828,-1.8747378587722778,0.7480546832084656,1.4147131443023682,-0.5317723751068115,1.503788709640503
25.900547981262207,1.45734703540802,2.0733861923217773,1.0168167396737224,-1.03708815574646,2.3098957538604736,-0.0067638009786605835,-1.8985010385513306,0.7121452689170837,1.4177325963974,-0.5471606850624084,1.4712246656417847
25.95045495033264,1.4659889936447144,2.0889089107513428,1.0053129536434016,-1.006346583366394,2.338676929473877,0.01874394342303276,-1.920211672782898,0.6778903007507324,1.424189805984497,-0.5644019842147827,1.4405728578567505
26.000359058380127,1.4747240543365479,2.1046128273010254,0.9907587892061445,-0.9727988243103027,2.3644814491271973,0.04475006088614464,-1.9405477046966553,0.6447286009788513,1.4322254657745361,-0.5821041464805603,1.4084268808364868
26.0501492023468,1.483578085899353,2.119839668273926,0.9740267042163434,-0.9374189972877502,2.3889658451080322,0.07178565859794617,-1.959641456604004,0.6117069721221924,1.4411600828170776,-0.5989781618118286,1.377814769744873
26.101251125335693,1.4921671152114868,2.1352171897888184,0.9537944324439732,-0.9042707681655884,2.412013292312622,0.10010666400194168,-1.9770225286483765,0.5785151124000549,1.4517862796783447,-0.6126620173454285,1.3492915630340576
26.15023183822632,1.4991486072540283,2.1462960243225098,0.9373990718469616,-0.8773128986358643,2.43200945854187,0.1261470913887024,-1.989993691444397,0.5488764047622681,1.4628920555114746,-0.622734010219574,1.3214926719665527
26.20042133331299,1.5081357955932617,2.161508798599243,0.916233420004531,-0.8444387912750244,2.4586682319641113,0.16010044515132904,-2.0026047229766846,0.5107719302177429,1.4795271158218384,-0.6329617500305176,1.2835074663162231
26.24998641014099,1.5177247524261475,2.178697109222412,0.8929227562711909,-0.8150244355201721,2.4830453395843506,0.19200673699378967,-2.0102550983428955,0.4756395220756531,1.4973134994506836,-0.6404916644096375,1.249759316444397
26.301113843917847,1.526989221572876,2.1923255920410156,0.869663964258225,-0.7865241169929504,2.506476640701294,0.22416441142559052,-2.016263723373413,0.44022130966186523,1.516954779624939,-0.6468790173530579,1.2182765007019043
26.34986686706543,1.5332601070404053,2.2011308670043945,0.8530547940680828,-0.7662716507911682,2.5222978591918945,0.24755656719207764,-2.020334005355835,0.4148254990577698,1.5323257446289062,-0.6506467461585999,1.195272445678711
26.40117073059082,1.5423617362976074,2.212557554244995,0.8245679098176977,-0.7296556830406189,2.5482826232910156,0.2871353328227997,-2.0283539295196533,0.3713131844997406,1.5623698234558105,-0.6559885144233704,1.1522164344787598
26.450347185134888,1.5496164560317993,2.2232956886291504,0.7986473933585666,-0.6988435387611389,2.5677850246429443,0.3163051903247833,-2.0357444286346436,0.3381640315055847,1.5898561477661133,-0.6586400866508484,1.1172682046890259
26.500462770462036,1.5542832612991333,2.2316229343414307,0.7719630430927616,-0.6661520004272461,2.5866305828094482,0.34531909227371216,-2.0433223247528076,0.30696630477905273,1.619052529335022,-0.6593869924545288,1.0810776948928833
26.549949169158936,1.559038758277893,2.24013614654541,0.7402774856157811,-0.6339556574821472,2.6045114994049072,0.3720882833003998,-2.0503036975860596,0.2799665927886963,1.643975019454956,-0.6585817933082581,1.0448509454727173
26.600178003311157,1.5632914304733276,2.248124599456787,0.7052766362158555,-0.5981200933456421,2.6250953674316406,0.4011669158935547,-2.057016372680664,0.25211068987846375,1.6681652069091797,-0.6560304164886475,1.0015138387680054
26.65016746520996,1.567571759223938,2.255023241043091,0.6739284815734301,-0.5645655989646912,2.645197868347168,0.42884141206741333,-2.062204122543335,0.22560542821884155,1.6875381469726562,-0.6533198952674866,0.9580133557319641
26.700831651687622,1.5716712474822998,2.261202812194824,0.6438923528494482,-0.5320847630500793,2.665510654449463,0.45736804604530334,-2.0666894912719727,0.19792981445789337,1.704355239868164,-0.6527804136276245,0.9169977903366089
26.750212907791138,1.5775099992752075,2.26835560798645,0.6133286559058971,-0.49885955452919006,2.6857693195343018,0.4871329069137573,-2.0711467266082764,0.17055882513523102,1.720034122467041,-0.6554775834083557,0.8802068829536438
26.800678253173828,1.5814334154129028,2.273527145385742,0.5834374426367406,-0.46723321080207825,2.7039952278137207,0.5160106420516968,-2.075474500656128,0.1448073536157608,1.7343019247055054,-0.6602144241333008,0.8454545140266418
26.85002613067627,1.586609959602356,2.2797763347625732,0.5476021120330774,-0.4327981472015381,2.7223381996154785,0.549340009689331,-2.080310344696045,0.11608651280403137,1.7485384941101074,-0.6666556000709534,0.8068987131118774
26.900401830673218,1.5906717777252197,2.2846622467041016,0.5131429430621147,-0.3988124430179596,2.735759735107422,0.5821060538291931,-2.0848464965820312,0.08815091103315353,1.7599475383758545,-0.6722586154937744,0.772287130355835
26.950109243392944,1.5935407876968384,2.2894697189331055,0.47742167251027573,-0.3623964786529541,2.74478816986084,0.6160788536071777,-2.0890989303588867,0.05870134383440018,1.7695591449737549,-0.6768924593925476,0.7384591698646545
26.99990749359131,1.598292350769043,2.2946057319641113,0.4381355530631665,-0.3251194655895233,2.749765396118164,0.6505503058433533,-2.093078851699829,0.02684079110622406,1.7785395383834839,-0.6814016699790955,0.7035343647003174
27.050184726715088,1.6017011404037476,2.299494981765747,0.3975103426762183,-0.28674647212028503,2.750892162322998,0.6876749992370605,-2.0966827869415283,-0.00863026361912489,1.787811040878296,-0.6869620084762573,0.6655939221382141
27.09983730316162,1.6057286262512207,2.3043525218963623,0.3537543686920003,-0.2541756331920624,2.7491133213043213,0.7215180993080139,-2.0994646549224854,-0.04219374060630798,1.7955946922302246,-0.6929445862770081,0.6311317086219788
27.15054678916931,1.6098357439041138,2.3093180656433105,0.3071120750361029,-0.21963506937026978,2.744013547897339,0.7577047348022461,-2.1015419960021973,-0.07866092026233673,1.8039758205413818,-0.7005196213722229,0.5942879915237427
27.199960947036743,1.6144789457321167,2.3142271041870117,0.25730883848752845,-0.18468430638313293,2.734815835952759,0.7937252521514893,-2.101471185684204,-0.11522717773914337,1.81149160861969,-0.709084153175354,0.5580307841300964
27.24987483024597,1.6200422048568726,2.319039821624756,0.20490906233849812,-0.14938205480575562,2.721224308013916,0.8297853469848633,-2.099086284637451,-0.15118686854839325,1.8186050653457642,-0.7173559665679932,0.5211398601531982
27.299702644348145,1.6244325637817383,2.3238136768341064,0.15429521607576763,-0.11470083147287369,2.7030160427093506,0.865793764591217,-2.094329357147217,-0.18609555065631866,1.8246066570281982,-0.7263537049293518,0.4838959276676178
27.350795030593872,1.629694938659668,2.328031063079834,0.10077694198206574,-0.08116813004016876,2.6807992458343506,0.9010893702507019,-2.08705735206604,-0.218642920255661,1.8288569450378418,-0.7352534532546997,0.4490894377231598
27.400035858154297,1.634680986404419,2.3320443630218506,0.049788895523051456,-0.04958808422088623,2.655529022216797,0.934863269329071,-2.0782172679901123,-0.24772198498249054,1.8314987421035767,-0.7409359812736511,0.41366416215896606
27.450306177139282,1.6425572633743286,2.336397409439087,-0.010085416988462706,-0.01621853932738304,2.6255269050598145,0.9686740040779114,-2.0668201446533203,-0.2752678096294403,1.832693099975586,-0.742615282535553,0.3737437427043915
27.49998712539673,1.6481502056121826,2.3397982120513916,-0.06355763915569575,0.012759494595229626,2.597848415374756,0.9973136782646179,-2.0546350479125977,-0.2974390685558319,1.8327966928482056,-0.7415850162506104,0.3375113010406494
27.55091404914856,1.6547046899795532,2.3429172039031982,-0.11357202161403103,0.04110985994338989,2.5706279277801514,1.0256017446517944,-2.0394387245178223,-0.3191385567188263,1.8314950466156006,-0.7397598028182983,0.30066215991973877
27.600314378738403,1.6637179851531982,2.344580888748169,-0.16147210903341191,0.06975174695253372,2.5447239875793457,1.0519801378250122,-2.0222883224487305,-0.33970269560813904,1.8287307024002075,-0.7368901968002319,0.26456931233406067
27.650235414505005,1.673640251159668,2.3459532260894775,-0.20514894962670624,0.10030005127191544,2.5197997093200684,1.076111078262329,-2.0032331943511963,-0.360365629196167,1.8252087831497192,-0.7325791120529175,0.22759594023227692
27.699710369110107,1.68224036693573,2.3467202186584473,-0.2473453933448973,0.13212420046329498,2.4961695671081543,1.098960280418396,-1.9834764003753662,-0.3800898790359497,1.8217530250549316,-0.7269904017448425,0.18938356637954712
27.750392198562622,1.6911299228668213,2.3473665714263916,-0.28825147919561234,0.16383422911167145,2.4734668731689453,1.1215978860855103,-1.9644057750701904,-0.39777296781539917,1.81919527053833,-0.7194841504096985,0.14954690635204315
27.79986310005188,1.7002017498016357,2.347093105316162,-0.3288753566659421,0.19463902711868286,2.450838565826416,1.1442999839782715,-1.9473122358322144,-0.4132446050643921,1.8169312477111816,-0.7092244625091553,0.10783657431602478
27.850889921188354,1.7098208665847778,2.3470191955566406,-0.36785605389543163,0.22495023906230927,2.426708698272705,1.1679662466049194,-1.933182716369629,-0.42758116126060486,1.8146363496780396,-0.6954302787780762,0.06385649740695953
27.90000605583191,1.7206807136535645,2.345682144165039,-0.405492635772737,0.2555166482925415,2.4000489711761475,1.1936445236206055,-1.9211632013320923,-0.4405038356781006,1.8128046989440918,-0.6782642006874084,0.016854392364621162
27.95050072669983,1.7314248085021973,2.3436338901519775,-0.4417578727097462,0.2876262962818146,2.37148118019104,1.221207857131958,-1.9106676578521729,-0.45245563983917236,1.8108404874801636,-0.6606769561767578,-0.030869415029883385
28.000605583190918,1.7427650690078735,2.34100341796875,-0.47858902026470457,0.3215661942958832,2.3427791595458984,1.2496062517166138,-1.9014155864715576,-0.46264171600341797,1.8085800409317017,-0.6459603309631348,-0.07583024352788925
28.05132293701172,1.7542178630828857,2.3379604816436768,-0.5147220794091916,0.357734739780426,2.3157570362091064,1.2783361673355103,-1.8939017057418823,-0.4715995192527771,1.8054068088531494,-0.6341645121574402,-0.11975724995136261
28.10133457183838,1.765146255493164,2.3342244625091553,-0.5486264581561726,0.3954346477985382,2.290364980697632,1.3077901601791382,-1.8882486820220947,-0.47996270656585693,1.8016414642333984,-0.6241119503974915,-0.16402365267276764
28.149906396865845,1.7772328853607178,2.329803943634033,-0.5842362049059349,0.4350429177284241,2.265296697616577,1.3384801149368286,-1.8845539093017578,-0.48969006538391113,1.7977746725082397,-0.6144599318504333,-0.20915710926055908
28.19980001449585,1.7889434099197388,2.324887990951538,-0.6147207320979998,0.4729019105434418,2.2414419651031494,1.3684666156768799,-1.8832072019577026,-0.4988597631454468,1.792054533958435,-0.6046748161315918,-0.25205087661743164
28.25058674812317,1.8016655445098877,2.3185250759124756,-0.6458324711646779,0.5123783946037292,2.215489625930786,1.4025253057479858,-1.8845975399017334,-0.50849848985672,1.7818506956100464,-0.5925049781799316,-0.3004278242588043
28.30042266845703,1.8119487762451172,2.3134255409240723,-0.6705211633602601,0.541128933429718,2.1937718391418457,1.4295761585235596,-1.887837290763855,-0.5143702030181885,1.7693027257919312,-0.5821101069450378,-0.3395427167415619
28.350371837615967,1.8267648220062256,2.3050427436828613,-0.704942538885436,0.5776539444923401,2.159827947616577,1.468061923980713,-1.8948454856872559,-0.5204998254776001,1.7463804483413696,-0.5668358206748962,-0.39634257555007935
28.400405406951904,1.8389884233474731,2.2976624965667725,-0.7332969074633963,0.6043994426727295,2.129622459411621,1.4999855756759644,-1.9020025730133057,-0.5268516540527344,1.7251882553100586,-0.5542035102844238,-0.444139301776886
28.450204610824585,1.8531417846679688,2.2889349460601807,-0.7636844651112191,0.6318610906600952,2.095015287399292,1.5360249280929565,-1.9110456705093384,-0.5367603898048401,1.700278878211975,-0.539492666721344,-0.499845415353775
28.500831365585327,1.8659764528274536,2.280611276626587,-0.7916178017022165,0.6557310819625854,2.0628392696380615,1.5697121620178223,-1.9199138879776,-0.548805296421051,1.675206184387207,-0.5236378908157349,-0.553856611251831
28.550198793411255,1.8792556524276733,2.27097749710083,-0.8199732566102673,0.6781871914863586,2.030160427093506,1.602643370628357,-1.928122639656067,-0.5638543367385864,1.6479661464691162,-0.5071970224380493,-0.607105016708374
28.601235389709473,1.8912084102630615,2.261784076690674,-0.8461821441357001,0.6972640156745911,1.9991183280944824,1.6317862272262573,-1.9349191188812256,-0.5789455771446228,1.621873378753662,-0.4921535551548004,-0.6525287628173828
28.649672508239746,1.905317783355713,2.2501964569091797,-0.8788637577683807,0.7197883725166321,1.956845998764038,1.6691129207611084,-1.9433449506759644,-0.5999186635017395,1.5884547233581543,-0.46782901883125305,-0.7091532349586487
28.701664209365845,1.9060213565826416,2.2495341300964355,-0.8807279327833263,0.7208188772201538,1.9546974897384644,1.6709703207015991,-1.9437530040740967,-0.6010190844535828,1.5867199897766113,-0.46639737486839294,-0.7119636535644531
28.749695777893066,1.930284023284912,2.227658748626709,-0.9375816763594753,0.7531725168228149,1.871754765510559,1.7376978397369385,-1.9574015140533447,-0.640933096408844,1.5308674573898315,-0.41125068068504333,-0.8051623702049255
28.800483465194702,1.9416468143463135,2.2163732051849365,-0.9658954885022293,0.7650649547576904,1.829426646232605,1.7696934938430786,-1.9633146524429321,-0.6603845953941345,1.5038478374481201,-0.3833065629005432,-0.847406268119812
28.850421667099,1.9533747434616089,2.2035739421844482,-0.9947427607714482,0.7755880951881409,1.7827796936035156,1.8042035102844238,-1.9690027236938477,-0.6803281903266907,1.4744818210601807,-0.3533484935760498,-0.8919445276260376
28.90139126777649,1.9650020599365234,2.1903984546661377,-1.0249132744091296,0.7862575054168701,1.7329620122909546,1.8418514728546143,-1.974565863609314,-0.7004983425140381,1.4400336742401123,-0.3204326033592224,-0.9398503303527832
28.95081400871277,1.9756072759628296,2.1774024963378906,-1.0523194338419453,0.7957924008369446,1.68873131275177,1.877731442451477,-1.9789791107177734,-0.7173880934715271,1.4031251668930054,-0.28842252492904663,-0.9841643571853638
29.001003742218018,1.9859492778778076,2.16412615776062,-1.0795370365416606,0.8063504695892334,1.6471891403198242,1.9141595363616943,-1.9816069602966309,-0.7312059998512268,1.3642197847366333,-0.25487208366394043,-1.0268030166625977
29.050257444381714,1.994731068611145,2.1520731449127197,-1.1055329287243354,0.8186794519424438,1.6053838729858398,1.9511953592300415,-1.9823229312896729,-0.7428613305091858,1.325423240661621,-0.21708406507968903,-1.069645881652832
29.099961042404175,2.0044167041778564,2.138216495513916,-1.1334350076638933,0.8328381776809692,1.563606858253479,1.9890488386154175,-1.981418490409851,-0.7524760365486145,1.288815975189209,-0.17426882684230804,-1.114169955253601
29.149654150009155,2.012742519378662,2.125386953353882,-1.15867314701104,0.8478710055351257,1.5227049589157104,2.0274438858032227,-1.979850172996521,-0.7602380514144897,1.2528966665267944,-0.13026437163352966,-1.158921718597412
29.200080394744873,2.020678758621216,2.1123387813568115,-1.1808601302079849,0.8627731204032898,1.482792854309082,2.065683603286743,-1.9787567853927612,-0.7661356329917908,1.215898871421814,-0.09105611592531204,-1.1997785568237305
29.2507266998291,2.027822971343994,2.099148988723755,-1.201982807382781,0.8768850564956665,1.4427014589309692,2.1032166481018066,-1.9794026613235474,-0.7704086303710938,1.177411675453186,-0.05690279230475426,-1.2407478094100952
29.300512552261353,2.034187078475952,2.086646795272827,-1.2202861618037137,0.8896174430847168,1.4035145044326782,2.1385977268218994,-1.982344627380371,-0.7728449106216431,1.1402297019958496,-0.02911720611155033,-1.28029203414917
29.34990096092224,2.0405428409576416,2.072493553161621,-1.2391500961971098,0.9034613966941833,1.3582510948181152,2.1786205768585205,-1.9883887767791748,-0.7737820148468018,1.0975757837295532,-0.0016117303166538477,-1.3245131969451904
29.400033473968506,2.046372413635254,2.059086561203003,-1.2560125773436537,0.9168034195899963,1.3143736124038696,2.215879201889038,-1.9958957433700562,-0.772636353969574,1.056445598602295,0.023479286581277847,-1.3657881021499634
29.4505832195282,2.0517404079437256,2.0461068153381348,-1.271722481867231,0.9313885569572449,1.270545244216919,2.2524869441986084,-2.0040533542633057,-0.7695121169090271,1.013134241104126,0.04922733083367348,-1.4074149131774902
29.50113272666931,2.056812286376953,2.032712936401367,-1.2858011561016893,0.9470839500427246,1.2275058031082153,2.2893731594085693,-2.012674331665039,-0.765313446521759,0.9682118892669678,0.07647653669118881,-1.4495630264282227
29.550859212875366,2.0612823963165283,2.0196990966796875,-1.2966276324919197,0.9643175601959229,1.185203194618225,2.3274950981140137,-2.021552085876465,-0.7615857720375061,0.9232860207557678,0.10422798991203308,-1.492009162902832
29.60052466392517,2.06512451171875,2.0071396827697754,-1.305356794413668,0.9831911325454712,1.142706036567688,2.3669936656951904,-2.030940532684326,-0.758800208568573,0.8768444061279297,0.13253968954086304,-1.5349401235580444
29.650869131088257,2.0684690475463867,1.9949761629104614,-1.3121719684965498,1.0025509595870972,1.0987322330474854,2.4090144634246826,-2.0415966510772705,-0.7592177987098694,0.825588583946228,0.16314765810966492,-1.5817058086395264
29.700207710266113,2.0714874267578125,1.98319411277771,-1.3164188420990945,1.0168625116348267,1.0631669759750366,2.4443562030792236,-2.05172061920166,-0.7629046440124512,0.7820045948028564,0.18971601128578186,-1.6210236549377441
29.75091552734375,2.0744752883911133,1.9706059694290161,-1.3191819459402183,1.0302269458770752,1.0192687511444092,2.4860646724700928,-2.0648064613342285,-0.7701091766357422,0.7311991453170776,0.21995708346366882,-1.6657966375350952
29.800737380981445,2.0771124362945557,1.95901358127594,-1.3195780476571832,1.0396718978881836,0.976082980632782,2.5259268283843994,-2.0775835514068604,-0.7779983878135681,0.6842843294143677,0.2476274073123932,-1.7059972286224365
29.850324630737305,2.079346179962158,1.9476523399353027,-1.3166053968936386,1.046511173248291,0.9323531985282898,2.5658843517303467,-2.090036630630493,-0.7858777046203613,0.6381140947341919,0.2802048325538635,-1.7457488775253296
29.901079177856445,2.0815682411193848,1.936465859413147,-1.3111175389812229,1.0526915788650513,0.8867670297622681,2.607780694961548,-2.101668357849121,-0.7939321398735046,0.5896985530853271,0.31993257999420166,-1.7847157716751099
29.950385332107544,2.0833377838134766,1.9254586696624756,-1.302424433911503,1.0577476024627686,0.8458867073059082,2.6457314491271973,-2.1100900173187256,-0.801311194896698,0.5469624996185303,0.35650840401649475,-1.8149737119674683
30.00044822692871,2.084848642349243,1.9146702289581299,-1.2906222489730825,1.062518835067749,0.8006228804588318,2.6867988109588623,-2.117558717727661,-0.809461772441864,0.502206027507782,0.39408251643180847,-1.8436789512634277
30.050050973892212,2.086153984069824,1.9048391580581665,-1.2766692978598295,1.066379189491272,0.7558028101921082,2.7256100177764893,-2.123204231262207,-0.8183420896530151,0.46064871549606323,0.42938002943992615,-1.869799017906189
30.100817918777466,2.0875205993652344,1.8936657905578613,-1.2598189419953816,1.0694221258163452,0.7005906105041504,2.7709596157073975,-2.128425359725952,-0.8300946950912476,0.41198426485061646,0.471827894449234,-1.900253176689148
30.15045714378357,2.0891449451446533,1.8832005262374878,-1.2442837945613519,1.069623351097107,0.6526302695274353,2.808772563934326,-2.1314022541046143,-0.8399098515510559,0.37041929364204407,0.5086552500724792,-1.9252609014511108
30.199825763702393,2.091161012649536,1.872128963470459,-1.2278588068732499,1.0674692392349243,0.6023383736610413,2.8487040996551514,-2.1328208446502686,-0.8500348329544067,0.3270626366138458,0.5493258833885193,-1.9501373767852783
30.25072717666626,2.0933644771575928,1.8607810735702515,-1.2102285132456982,1.0635309219360352,0.5493629574775696,2.891474485397339,-2.1321890354156494,-0.8601778149604797,0.2823643386363983,0.5966622829437256,-1.9756680727005005
30.300103902816772,2.0957796573638916,1.8494634628295898,-1.1931263411695607,1.060355305671692,0.5057482719421387,2.9271602630615234,-2.1298983097076416,-0.8690618276596069,0.24447807669639587,0.6409661173820496,-1.9966354370117188
30.3503839969635,2.0989177227020264,1.8362785577774048,-1.1744996698222925,1.0579400062561035,0.45739758014678955,2.9689390659332275,-2.1242377758026123,-0.8781614899635315,0.19728140532970428,0.6950046420097351,-2.019885540008545
30.399911642074585,2.1018805503845215,1.8239556550979614,-1.1565413221485379,1.0575023889541626,0.4164431393146515,3.0058281421661377,-2.1171019077301025,-0.8831364512443542,0.15263362228870392,0.7392289042472839,-2.0387561321258545
30.452858209609985,2.1053779125213623,1.8098257780075073,-1.135484466892046,1.0599569082260132,0.37029311060905457,3.046572208404541,-2.1076529026031494,-0.8848835825920105,0.10179247707128525,0.7857967615127563,-2.061281442642212
30.500676155090332,2.1091952323913574,1.7963368892669678,-1.1147775298281748,1.0654547214508057,0.3260667622089386,3.085212469100952,-2.099074125289917,-0.8834970593452454,0.0548531673848629,0.8282667994499207,-2.0855519771575928
30.55003809928894,2.1128644943237305,1.784168004989624,-1.0951401948011072,1.073059320449829,0.2852957546710968,3.120523691177368,-2.0932233333587646,-0.8806198239326477,0.01194726675748825,0.8658269643783569,-2.1094868183135986
30.60036039352417,2.117898941040039,1.7690813541412354,-1.0694214133306021,1.083174705505371,0.24180112779140472,3.158550500869751,-2.089221239089966,-0.875977098941803,-0.03533535450696945,0.9047669768333435,-2.1357779502868652
30.650826692581177,2.1217575073242188,1.7568913698196411,-1.0501489467588707,1.0923981666564941,0.2066049426794052,3.190200090408325,-2.087385892868042,-0.8710544109344482,-0.07486166805028915,0.937715470790863,-2.157381296157837
30.699548959732056,2.1274142265319824,1.7416043281555176,-1.0243916982044945,1.1050357818603516,0.16225601732730865,3.229750394821167,-2.0863566398620605,-0.8636093139648438,-0.12329418957233429,0.9804102182388306,-2.184199333190918
30.750526189804077,2.1328506469726562,1.728725790977478,-1.0030961188619045,1.117100715637207,0.1237637847661972,3.262665271759033,-2.0855515003204346,-0.855932891368866,-0.16363200545310974,1.017848253250122,-2.2072858810424805
30.801811695098877,2.139268398284912,1.7138051986694336,-0.9785710091783415,1.1328855752944946,0.07954452931880951,3.298877239227295,-2.08486270904541,-0.8447463512420654,-0.20872420072555542,1.0606985092163086,-2.2334446907043457
30.849944353103638,2.1456708908081055,1.699623703956604,-0.9548523739549659,1.1508152484893799,0.03751774877309799,3.3334009647369385,-2.084918737411499,-0.8309983611106873,-0.2508685886859894,1.1025068759918213,-2.25917911529541
30.900439023971558,2.1522421836853027,1.6853326559066772,-0.9299687066815097,1.1716593503952026,-0.0038187315221875906,3.3684990406036377,-2.085695743560791,-0.8139473795890808,-0.29363545775413513,1.1436792612075806,-2.284749746322632
30.949691772460938,2.159175157546997,1.671383023262024,-0.9053487896103969,1.194654107093811,-0.04486144334077835,3.4040374755859375,-2.0876524448394775,-0.7951434850692749,-0.3366772532463074,1.1843671798706055,-2.3097751140594482
31.001351833343506,2.1658499240875244,1.6583893299102783,-0.8813132291419535,1.218673586845398,-0.08645239472389221,3.4398386478424072,-2.0914766788482666,-0.7775779962539673,-0.37929463386535645,1.2241191864013672,-2.3336198329925537
31.04957389831543,2.1732935905456543,1.6453732252120972,-0.8562446376678122,1.2412145137786865,-0.1263626217842102,3.4761009216308594,-2.097313404083252,-0.7623977661132812,-0.4237423241138458,1.264214038848877,-2.354858636856079
31.09994101524353,2.1802964210510254,1.6329373121261597,-0.8297033404582044,1.260941982269287,-0.16412103176116943,3.5127358436584473,-2.1037914752960205,-0.7499596476554871,-0.4691089391708374,1.3078919649124146,-2.373075008392334
31.150129795074463,2.187203884124756,1.6210365295410156,-0.8016613119392981,1.2782849073410034,-0.2028401643037796,3.5502026081085205,-2.109888792037964,-0.7403939366340637,-0.5132350921630859,1.3532705307006836,-2.387296199798584
31.199838161468506,2.1939189434051514,1.6102516651153564,-0.7712141090755256,1.2932562828063965,-0.24380692839622498,3.587587594985962,-2.1145389080047607,-0.732696533203125,-0.5554478764533997,1.3975454568862915,-2.397815227508545
31.24950671195984,2.1997945308685303,1.6001636981964111,-0.7388080037979217,1.3067814111709595,-0.2858518362045288,3.6248056888580322,-2.117995023727417,-0.7259648442268372,-0.597320020198822,1.440447449684143,-2.4058563709259033
31.3002290725708,2.2061524391174316,1.590224027633667,-0.7075595970845052,1.3198028802871704,-0.3275548219680786,3.6604597568511963,-2.120149612426758,-0.7189860939979553,-0.6391991376876831,1.4834169149398804,-2.411885976791382
31.351297855377197,2.2122201919555664,1.5811004638671875,-0.6758117477841865,1.3325867652893066,-0.3687102794647217,3.6955316066741943,-2.120229959487915,-0.7117756605148315,-0.6816958785057068,1.5267611742019653,-2.4161250591278076
31.399978399276733,2.2185707092285156,1.5723626613616943,-0.6449810227196444,1.3454753160476685,-0.4106375575065613,3.728956937789917,-2.1181631088256836,-0.7041292190551758,-0.7251346707344055,1.5696431398391724,-2.4179863929748535
31.44991445541382,2.225461006164551,1.5639020204544067,-0.6137877139465903,1.3587414026260376,-0.45374396443367004,3.759171962738037,-2.113687515258789,-0.6962099075317383,-0.7696497440338135,1.613582730293274,-2.4175362586975098
31.499874591827393,2.2323215007781982,1.5553284883499146,-0.5831299112637035,1.3717542886734009,-0.49806809425354004,3.785980224609375,-2.1073951721191406,-0.6884094476699829,-0.8145231604576111,1.6598033905029297,-2.4140007495880127
31.550997972488403,2.239804267883301,1.5468945503234863,-0.5501172636297091,1.383636236190796,-0.5436222553253174,3.8100228309631348,-2.0994770526885986,-0.6806086897850037,-0.8606294989585876,1.7092233896255493,-2.4077723026275635
31.599759578704834,2.247386932373047,1.5384000539779663,-0.5195531732360379,1.3930134773254395,-0.5901401042938232,3.8318138122558594,-2.0900721549987793,-0.6722780466079712,-0.9067559242248535,1.7589246034622192,-2.400817394256592
31.650699377059937,2.255507707595825,1.5300524234771729,-0.4898614055066082,1.3998380899429321,-0.6367559432983398,3.850400924682617,-2.0785951614379883,-0.6636922359466553,-0.9518962502479553,1.8040131330490112,-2.395785093307495
31.70059561729431,2.26408314704895,1.5218807458877563,-0.46149995671267846,1.4049580097198486,-0.6854596734046936,3.865077018737793,-2.065577507019043,-0.655127763748169,-0.9960777759552002,1.8475837707519531,-2.3940320014953613
31.750130653381348,2.2722601890563965,1.5143475532531738,-0.43543424206998244,1.4094990491867065,-0.7333634495735168,3.87593150138855,-2.0525002479553223,-0.6442394852638245,-1.039386510848999,1.8917373418807983,-2.394911050796509
31.801542282104492,2.2816779613494873,1.5065518617630005,-0.4095446968593671,1.4134869575500488,-0.7752951383590698,3.884401798248291,-2.0385475158691406,-0.630669355392456,-1.07930326461792,1.9324324131011963,-2.3977770805358887
31.850449562072754,2.2915573120117188,1.4991415739059448,-0.3844836593749538,1.4190820455551147,-0.8204370141029358,3.8929052352905273,-2.0220789909362793,-0.6110730171203613,-1.122502088546753,1.9749499559402466,-2.402421236038208
31.900237798690796,2.3012638092041016,1.4924222230911255,-0.36206868778715257,1.4270938634872437,-0.8632916808128357,3.901611566543579,-2.007219076156616,-0.5896525382995605,-1.1605985164642334,2.014131784439087,-2.4062485694885254
31.94989252090454,2.311427116394043,1.4858518838882446,-0.34025957029720283,1.4378050565719604,-0.9049477577209473,3.9098002910614014,-1.9925830364227295,-0.5666576623916626,-1.1960455179214478,2.0534615516662598,-2.4092423915863037
31.999891757965088,2.3217055797576904,1.4797683954238892,-0.3190678085895074,1.4495803117752075,-0.9452160596847534,3.9179394245147705,-1.9768893718719482,-0.5419779419898987,-1.2296984195709229,2.0930862426757812,-2.411712884902954
32.05019998550415,2.3326828479766846,1.4733054637908936,-0.2962757970654511,1.4605664014816284,-0.9845260977745056,3.925877094268799,-1.960039734840393,-0.5152739882469177,-1.261828064918518,2.132899761199951,-2.4143457412719727
32.101146936416626,2.3438045978546143,1.4670029878616333,-0.2745392024442686,1.4701021909713745,-1.024840235710144,3.932656764984131,-1.941812515258789,-0.4871217608451843,-1.2915953397750854,2.1730539798736572,-2.417597770690918
32.15099620819092,2.355637788772583,1.4607737064361572,-0.25319812603699093,1.478767991065979,-1.0673950910568237,3.9379303455352783,-1.923094391822815,-0.45773884654045105,-1.318310022354126,2.213334560394287,-2.421311616897583
32.199825286865234,2.3677210807800293,1.454763412475586,-0.23223309960082472,1.486847162246704,-1.112189769744873,3.9431357383728027,-1.9032535552978516,-0.4268789291381836,-1.3418654203414917,2.2530226707458496,-2.4244544506073
32.2502224445343,2.378448009490967,1.4493000507354736,-0.21028133211045102,1.4948081970214844,-1.1580815315246582,3.9480161666870117,-1.881042718887329,-0.3952677547931671,-1.3623944520950317,2.2913575172424316,-2.4273810386657715
32.29973268508911,2.394198417663574,1.4431310892105103,-0.1900485184185318,1.5035934448242188,-1.2039908170700073,3.9527411460876465,-1.8558118343353271,-0.3623286485671997,-1.3813410997390747,2.327069044113159,-2.4292643070220947
32.349709272384644,2.4084274768829346,1.438227653503418,-0.17031316226660598,1.513213038444519,-1.2493140697479248,3.957717180252075,-1.827873706817627,-0.3286934792995453,-1.3999592065811157,2.364619731903076,-2.427940607070923
32.39960479736328,2.4220974445343018,1.433408498764038,-0.15237789316043673,1.5239577293395996,-1.2938814163208008,3.9627249240875244,-1.7975784540176392,-0.29666948318481445,-1.4187480211257935,2.402153730392456,-2.4233524799346924
32.45031523704529,2.4378793239593506,1.428444266319275,-0.13402317412361342,1.5361769199371338,-1.3392304182052612,3.9675135612487793,-1.764927625656128,-0.26636743545532227,-1.438154697418213,2.4365732669830322,-2.4179744720458984
32.500704765319824,2.453411817550659,1.4240344762802124,-0.11783146574223782,1.548088550567627,-1.38386070728302,3.971752166748047,-1.7303149700164795,-0.23623664677143097,-1.4596284627914429,2.46919322013855,-2.4132540225982666
32.54969000816345,2.468949317932129,1.4200842380523682,-0.10283350105801309,1.5583267211914062,-1.426241159439087,3.9752392768859863,-1.6948691606521606,-0.20620492100715637,-1.4820828437805176,2.501356840133667,-2.4087038040161133
32.60121035575867,2.4851620197296143,1.4166680574417114,-0.08936242026074381,1.5668845176696777,-1.4690730571746826,3.9778239727020264,-1.659435510635376,-0.17699868977069855,-1.5049381256103516,2.5342459678649902,-2.403378963470459
32.64981722831726,2.5018064975738525,1.4134856462478638,-0.07767494599230737,1.5732392072677612,-1.5131322145462036,3.9790265560150146,-1.6233503818511963,-0.14943163096904755,-1.5276787281036377,2.568413734436035,-2.3965067863464355
32.700379610061646,2.518894672393799,1.4108284711837769,-0.06847088146292815,1.5775456428527832,-1.5574450492858887,3.9783716201782227,-1.5870119333267212,-0.12280555814504623,-1.5505985021591187,2.603625774383545,-2.3878986835479736
32.74981737136841,2.5362660884857178,1.408059000968933,-0.05847787167392581,1.5809643268585205,-1.6009808778762817,3.975026845932007,-1.5516114234924316,-0.09641285985708237,-1.5739545822143555,2.640399217605591,-2.377041816711426
32.79988360404968,2.551760196685791,1.4060534238815308,-0.05114672433332956,1.584233045578003,-1.638938069343567,3.969238519668579,-1.5212111473083496,-0.07267722487449646,-1.5953165292739868,2.6743977069854736,-2.365241050720215
32.851035594940186,2.5709433555603027,1.403538703918457,-0.0416774244567286,1.588686227798462,-1.6872880458831787,3.958289623260498,-1.4849376678466797,-0.04235362634062767,-1.623593807220459,2.716665506362915,-2.349384307861328
32.89995789527893,2.5879902839660645,1.4015873670578003,-0.035330436399128716,1.5931456089019775,-1.7300035953521729,3.9467110633850098,-1.455335259437561,-0.01658964343369007,-1.6495473384857178,2.751791477203369,-2.3367936611175537
32.95046353340149,2.60670804977417,1.399925947189331,-0.028701382289143835,1.5986639261245728,-1.7800052165985107,3.931490421295166,-1.4235161542892456,0.01162626501172781,-1.6803494691848755,2.788980484008789,-2.3260490894317627
33.00190591812134,2.6245267391204834,1.3983906507492065,-0.022527022823724666,1.6034131050109863,-1.8290821313858032,3.9144227504730225,-1.3940670490264893,0.037445757538080215,-1.710221767425537,2.824570417404175,-2.3184783458709717
33.0499107837677,2.6426727771759033,1.3968303203582764,-0.016295963663948993,1.6064927577972412,-1.878352403640747,3.8942394256591797,-1.365427851676941,0.06220950558781624,-1.7399394512176514,2.86250638961792,-2.311910390853882
33.100624322891235,2.6597740650177,1.3959262371063232,-0.009378520603225934,1.6079436540603638,-1.9268553256988525,3.8705389499664307,-1.3380910158157349,0.0866125300526619,-1.7692621946334839,2.9022035598754883,-2.306305170059204
33.149508476257324,2.678429126739502,1.3950473070144653,-0.0051484829110407596,1.609457015991211,-1.9762966632843018,3.843165874481201,-1.312211275100708,0.11054141819477081,-1.7973928451538086,2.940458297729492,-2.3026795387268066
33.20048213005066,2.694154977798462,1.3940727710723877,0.002798176256370648,1.6117185354232788,-2.0218758583068848,3.8143832683563232,-1.2890715599060059,0.13370399177074432,-1.8222577571868896,2.975433826446533,-2.3000659942626953
33.25044822692871,2.71228289604187,1.3927875757217407,0.008830938586059595,1.6157941818237305,-2.068241834640503,3.7802834510803223,-1.2644950151443481,0.16286815702915192,-1.8467955589294434,3.0149500370025635,-2.2968459129333496
33.30044198036194,2.728579521179199,1.3921630382537842,0.015312306429326517,1.6218301057815552,-2.10970401763916,3.74678635597229,-1.2412724494934082,0.1939132660627365,-1.8666179180145264,3.0531930923461914,-2.293626546859741
33.34961724281311,2.7454614639282227,1.3915342092514038,0.02051643237175113,1.6312981843948364,-2.151638984680176,3.7147176265716553,-1.2180064916610718,0.2273065596818924,-1.8844436407089233,3.0917346477508545,-2.2904586791992188
33.401639461517334,2.760829210281372,1.391075849533081,0.026098099557303644,1.6429306268692017,-2.190617799758911,3.686223030090332,-1.196112036705017,0.26035091280937195,-1.8989595174789429,3.129176616668701,-2.2877047061920166
33.44979476928711,2.7784383296966553,1.3905640840530396,0.03242504483775962,1.6584564447402954,-2.2322323322296143,3.6550869941711426,-1.1715993881225586,0.2988770604133606,-1.9130973815917969,3.173234701156616,-2.2845239639282227
33.500484466552734,2.7949600219726562,1.3900519609451294,0.03795576299604924,1.6745712757110596,-2.269680976867676,3.6264150142669678,-1.1482576131820679,0.33760684728622437,-1.924580693244934,3.215296506881714,-2.2818350791931152
33.55037212371826,2.811805248260498,1.3898277282714844,0.04317926199605494,1.691602110862732,-2.305835485458374,3.5985805988311768,-1.1255775690078735,0.37856531143188477,-1.9339045286178589,3.2543089389801025,-2.2789416313171387
33.60219073295593,2.828187942504883,1.38924241065979,0.04910249356797075,1.7096768617630005,-2.3415865898132324,3.5709502696990967,-1.10342538356781,0.4202236533164978,-1.9411985874176025,3.2890384197235107,-2.273524045944214
33.64961123466492,2.8447530269622803,1.3892717361450195,0.053522265040833954,1.7296334505081177,-2.377622127532959,3.5421292781829834,-1.080626368522644,0.4624156653881073,-1.9457701444625854,3.3240439891815186,-2.2638821601867676
33.70020937919617,2.8611106872558594,1.3891377449035645,0.05827654432255172,1.7522588968276978,-2.4130783081054688,3.512382984161377,-1.057066559791565,0.5052098035812378,-1.9467370510101318,3.357682228088379,-2.2509069442749023
33.75032162666321,2.877225160598755,1.3894046545028687,0.0622825391665697,1.7781157493591309,-2.4479615688323975,3.4815330505371094,-1.0323176383972168,0.548540472984314,-1.9448717832565308,3.389082431793213,-2.2365167140960693
33.80201005935669,2.8934476375579834,1.3895354270935059,0.06791787678596214,1.806534767150879,-2.481245517730713,3.450120210647583,-1.00621497631073,0.5926810503005981,-1.9420114755630493,3.419891357421875,-2.220181941986084
33.851166009902954,2.909829616546631,1.3896371126174927,0.0732053936000136,1.8372130393981934,-2.5142688751220703,3.418381452560425,-0.9780825972557068,0.6374141573905945,-1.9399601221084595,3.4497008323669434,-2.2010974884033203
33.90133762359619,2.9259369373321533,1.3896849155426025,0.07812909563521382,1.8685823678970337,-2.546400785446167,3.3858821392059326,-0.948294460773468,0.6814058423042297,-1.9398691654205322,3.4778497219085693,-2.179788589477539
33.95165514945984,2.9424498081207275,1.3900494575500488,0.08278003989537007,1.8985813856124878,-2.576645612716675,3.352567672729492,-0.9176631569862366,0.7244293093681335,-1.9420701265335083,3.503863573074341,-2.1573190689086914
34.00174593925476,2.9591424465179443,1.3904234170913696,0.08723711221371792,1.9265406131744385,-2.6052916049957275,3.31887149810791,-0.8875687718391418,0.7672632336616516,-1.9465186595916748,3.5287749767303467,-2.1328325271606445
34.04999113082886,2.9748709201812744,1.3909251689910889,0.09167583583034199,1.9525742530822754,-2.6341700553894043,3.286726713180542,-0.8597890138626099,0.8074467778205872,-1.9518944025039673,3.552030086517334,-2.10689115524292
34.10204100608826,2.992591142654419,1.391701340675354,0.09621088878245825,1.980796217918396,-2.6690022945404053,3.2494091987609863,-0.8293784856796265,0.8515633344650269,-1.9599263668060303,3.577770709991455,-2.074662923812866
34.15179944038391,3.0096523761749268,1.3924776315689087,0.10102545764571642,2.0065510272979736,-2.702284097671509,3.2126026153564453,-0.801831841468811,0.8931894898414612,-1.9693169593811035,3.602806329727173,-2.0426506996154785
34.20066833496094,3.026642084121704,1.3934247493743896,0.10535585976044504,2.0325002670288086,-2.7343332767486572,3.1753089427948,-0.7765933871269226,0.935021698474884,-1.9806920289993286,3.6246910095214844,-2.0153520107269287
34.24975323677063,3.0433883666992188,1.3942644596099854,0.10929778451606302,2.0594136714935303,-2.765023946762085,3.138334035873413,-0.7536726593971252,0.9775932431221008,-1.9932212829589844,3.6444079875946045,-1.9942896366119385
34.29994797706604,3.0598762035369873,1.3951756954193115,0.11318878862034647,2.088390588760376,-2.7959649562835693,3.1007227897644043,-0.7325547337532043,1.020399570465088,-2.007920742034912,3.666905164718628,-1.9735541343688965
34.350581645965576,3.0766220092773438,1.3961008787155151,0.11763466301695286,2.11961030960083,-2.8272573947906494,3.062208414077759,-0.7125920653343201,1.0634722709655762,-2.024658441543579,3.691798448562622,-1.951451301574707
34.401506662368774,3.0936198234558105,1.3973995447158813,0.12184552900722322,2.1525626182556152,-2.8595242500305176,3.0216221809387207,-0.6937915086746216,1.106733798980713,-2.0438172817230225,3.715919017791748,-1.9305564165115356
34.44968509674072,3.1107122898101807,1.39833402633667,0.1259472687189472,2.1861698627471924,-2.8926162719726562,2.979755163192749,-0.6771293878555298,1.1507294178009033,-2.0638911724090576,3.738422155380249,-1.9102492332458496
34.50041127204895,3.127763509750366,1.3994890451431274,0.12991489515566976,2.2189621925354004,-2.9259531497955322,2.937028646469116,-0.6621381640434265,1.195319652557373,-2.083923816680908,3.7612011432647705,-1.8886871337890625
34.55075407028198,3.14530611038208,1.4005098342895508,0.13536230150008105,2.2504000663757324,-2.958369016647339,2.8937463760375977,-0.649595320224762,1.2393862009048462,-2.103191614151001,3.7852935791015625,-1.86648690700531
34.60128307342529,3.1626064777374268,1.4021862745285034,0.1392084433686686,2.2830255031585693,-2.9902453422546387,2.850433111190796,-0.639090895652771,1.2818351984024048,-2.1213648319244385,3.809558868408203,-1.8448266983032227
34.650896072387695,3.1800131797790527,1.403620958328247,0.14334059165255925,2.316260576248169,-3.0188889503479004,2.808290719985962,-0.6294286251068115,1.3249609470367432,-2.137136459350586,3.8348388671875,-1.8247286081314087
34.70060658454895,3.1973159313201904,1.4048537015914917,0.1482378125422885,2.347898006439209,-3.0449163913726807,2.7665345668792725,-0.6193264722824097,1.3705456256866455,-2.149567127227783,3.8603527545928955,-1.8081326484680176
34.75031113624573,3.2141361236572266,1.4066873788833618,0.15396795049401538,2.378767490386963,-3.0677692890167236,2.72795033454895,-0.6084486246109009,1.4153772592544556,-2.15788197517395,3.884046792984009,-1.7927511930465698
34.80197048187256,3.232206344604492,1.4084763526916504,0.15938865507101171,2.4168145656585693,-3.0914359092712402,2.6854257583618164,-0.5938291549682617,1.466444969177246,-2.16506028175354,3.9114720821380615,-1.7739216089248657
34.84999442100525,3.247004747390747,1.409831166267395,0.16337744061701379,2.4522206783294678,-3.1093788146972656,2.6481082439422607,-0.5791425108909607,1.511574625968933,-2.1699399948120117,3.935178518295288,-1.7570183277130127
34.89996409416199,3.265183687210083,1.4119385480880737,0.16693208561361858,2.492910146713257,-3.1248488426208496,2.607325553894043,-0.5626471638679504,1.5605131387710571,-2.1742918491363525,3.9588840007781982,-1.7382543087005615
34.95238518714905,3.280726671218872,1.4137099981307983,0.17036356507404712,2.5285370349884033,-3.1350936889648438,2.5710058212280273,-0.5475298762321472,1.602618932723999,-2.1775290966033936,3.978879451751709,-1.7179006338119507
35.00054335594177,3.2980353832244873,1.4158976078033447,0.17335110150497537,2.567033529281616,-3.1447908878326416,2.529405117034912,-0.5307033658027649,1.647645115852356,-2.180124521255493,4.00001859664917,-1.692214012145996
35.050517559051514,3.313828229904175,1.4178926944732666,0.1758309821223042,2.602651834487915,-3.151857614517212,2.4914944171905518,-0.514991819858551,1.6868315935134888,-2.180682897567749,4.016911506652832,-1.6693546772003174
35.10224914550781,3.3315131664276123,1.4203765392303467,0.1773092498838682,2.644834518432617,-3.1572086811065674,2.4496052265167236,-0.4961208701133728,1.7297192811965942,-2.1772773265838623,4.033092975616455,-1.645760178565979
35.150497913360596,3.348820924758911,1.4227203130722046,0.1789203309001334,2.6876420974731445,-3.158884048461914,2.4104554653167725,-0.47615694999694824,1.769492745399475,-2.1699113845825195,4.046683311462402,-1.6223125457763672
35.200316190719604,3.3661367893218994,1.425191879272461,0.18014653574972317,2.7306201457977295,-3.1569979190826416,2.371009111404419,-0.4544118046760559,1.8097002506256104,-2.161743402481079,4.059699058532715,-1.5962896347045898
35.25051259994507,3.3830718994140625,1.4273802042007446,0.18213359492362222,2.7741806507110596,-3.1509475708007812,2.3309366703033447,-0.43170949816703796,1.8496838808059692,-2.156337022781372,4.072025775909424,-1.5690197944641113
35.30071425437927,3.4020519256591797,1.4299253225326538,0.18395971219785123,2.818490743637085,-3.1420063972473145,2.290943145751953,-0.4089655578136444,1.8890684843063354,-2.1557343006134033,4.0834269523620605,-1.5409629344940186
35.35022592544556,3.4203989505767822,1.4324729442596436,0.18649016399288337,2.858214855194092,-3.134316921234131,2.2520558834075928,-0.3872356116771698,1.9302664995193481,-2.1566362380981445,4.0938544273376465,-1.5116195678710938
35.40127921104431,3.438866376876831,1.4350461959838867,0.1889179979416278,2.8931386470794678,-3.1303584575653076,2.2133190631866455,-0.3668774664402008,1.973279595375061,-2.156303882598877,4.103825569152832,-1.4794397354125977
35.44974207878113,3.457097291946411,1.4376431703567505,0.19131696069929874,2.9281747341156006,-3.1291139125823975,2.175206184387207,-0.3474225401878357,2.0163938999176025,-2.1543123722076416,4.113399505615234,-1.444749355316162
35.500272035598755,3.4748330116271973,1.4404501914978027,0.19421376935932655,2.9648373126983643,-3.129605531692505,2.1375229358673096,-0.3288908004760742,2.0586419105529785,-2.151949167251587,4.1228766441345215,-1.411722183227539
35.54966759681702,3.4926841259002686,1.4430925846099854,0.19823125525956817,3.002072811126709,-3.1304287910461426,2.0999832153320312,-0.31104084849357605,2.0993690490722656,-2.1502835750579834,4.133554458618164,-1.3835670948028564
35.60066533088684,3.5092411041259766,1.4455759525299072,0.20226502803529328,3.0371100902557373,-3.130455732345581,2.064455986022949,-0.29468920826911926,2.1371636390686035,-2.1495232582092285,4.145237922668457,-1.358038306236267
35.65074801445007,3.527778148651123,1.4480640888214111,0.20800743929970325,3.077291488647461,-3.1291699409484863,2.0237245559692383,-0.27688315510749817,2.17895770072937,-2.149782657623291,4.1602559089660645,-1.3277298212051392
35.70154905319214,3.5445556640625,1.4505304098129272,0.21205050662261996,3.116163492202759,-3.126826047897339,1.9838215112686157,-0.26088976860046387,2.2182488441467285,-2.1507110595703125,4.17518949508667,-1.2983070611953735
35.74986028671265,3.561128616333008,1.4528595209121704,0.21637179332939324,3.155923843383789,-3.123523712158203,1.9426548480987549,-0.2462775558233261,2.2558186054229736,-2.15553879737854,4.1902174949646,-1.2695298194885254
35.8005154132843,3.576647996902466,1.4553005695343018,0.2195845505085211,3.1971981525421143,-3.120096206665039,1.9002774953842163,-0.2327781766653061,2.2907803058624268,-2.1667230129241943,4.204645156860352,-1.2405390739440918
35.85014748573303,3.5904767513275146,1.4577996730804443,0.22278286645962914,3.2377350330352783,-3.117506504058838,1.8592336177825928,-0.22080251574516296,2.3273074626922607,-2.1748392581939697,4.218174457550049,-1.21293306350708
35.89958477020264,3.604914665222168,1.4603713750839233,0.22565282201918901,3.2839550971984863,-3.116025686264038,1.812813401222229,-0.2080712616443634,2.371711015701294,-2.178901195526123,4.23373556137085,-1.1826118230819702
35.9501006603241,3.617804765701294,1.4629688262939453,0.22815191569224483,3.327280044555664,-3.1159896850585938,1.7692009210586548,-0.19578802585601807,2.4154906272888184,-2.1799986362457275,4.249290466308594,-1.1555333137512207
36.00217247009277,3.629389524459839,1.465255618095398,0.22814989450665601,3.3708083629608154,-3.115821599960327,1.7275092601776123,-0.1820751130580902,2.4598464965820312,-2.1804380416870117,4.26469612121582,-1.133270025253296
36.05020999908447,3.6392476558685303,1.4670175313949585,0.22612245644385345,3.414180278778076,-3.115009307861328,1.6885334253311157,-0.16630086302757263,2.503613233566284,-2.1804845333099365,4.280515670776367,-1.112938404083252
36.10081171989441,3.6481845378875732,1.4690502882003784,0.22443589238763026,3.454597234725952,-3.114243268966675,1.651830792427063,-0.14816170930862427,2.5468363761901855,-2.177675247192383,4.296975135803223,-1.0916439294815063
36.150723695755005,3.6557457447052,1.471069097518921,0.22093030373664704,3.4921255111694336,-3.1108901500701904,1.6168838739395142,-0.1273815929889679,2.5886597633361816,-2.1703150272369385,4.3115949630737305,-1.07114577293396
36.200597047805786,3.661703109741211,1.472867488861084,0.2163126800933921,3.5272367000579834,-3.102299213409424,1.5836588144302368,-0.10478471219539642,2.628154993057251,-2.159125804901123,4.32321834564209,-1.0499428510665894
36.24978995323181,3.666548013687134,1.474473237991333,0.2086343880659788,3.558718681335449,-3.0878872871398926,1.551900863647461,-0.08123432099819183,2.6656739711761475,-2.145533800125122,4.3323516845703125,-1.0263375043869019
36.30096244812012,3.6698081493377686,1.4762696027755737,0.19837179264078833,3.5856518745422363,-3.0689730644226074,1.521133542060852,-0.056415997445583344,2.700482130050659,-2.129972457885742,4.33958625793457,-1.0012632608413696
36.349817514419556,3.6720712184906006,1.4776562452316284,0.18582450028073674,3.6091949939727783,-3.048191785812378,1.4911425113677979,-0.030303917825222015,2.733532428741455,-2.1123528480529785,4.344773292541504,-0.9777035713195801
36.4005606174469,3.673593521118164,1.4790865182876587,0.1735601085518304,3.6290273666381836,-3.0259594917297363,1.4621095657348633,-0.0028983079828321934,2.7653281688690186,-2.0928549766540527,4.348199844360352,-0.956052303314209
36.451788902282715,3.676436424255371,1.4805965423583984,0.1637497744978151,3.6456844806671143,-3.0014102458953857,1.4348872900009155,0.026620542630553246,2.795322895050049,-2.070976734161377,4.350240230560303,-0.9337009787559509
36.50166702270508,3.6784706115722656,1.481746792793274,0.1502338726218497,3.6580677032470703,-2.9736812114715576,1.410049557685852,0.0588199682533741,2.823268175125122,-2.0460243225097656,4.350839138031006,-0.9103416204452515
36.55070352554321,3.680767059326172,1.482917308807373,0.1353847076107816,3.664677143096924,-2.942782402038574,1.3872431516647339,0.09348364919424057,2.8488707542419434,-2.0182180404663086,4.349618434906006,-0.8870589137077332
36.59999966621399,3.682804584503174,1.4843889474868774,0.11828620190870821,3.665795087814331,-2.911508321762085,1.3671488761901855,0.12785878777503967,2.8714301586151123,-1.989124059677124,4.346660614013672,-0.8656033277511597
36.65012454986572,3.6853365898132324,1.4863452911376953,0.09621593895749413,3.661949396133423,-2.874040126800537,1.345827341079712,0.16617801785469055,2.8956737518310547,-1.954874873161316,4.340879440307617,-0.8423083424568176
36.70003628730774,3.687854290008545,1.4885164499282837,0.07262077794202311,3.654306173324585,-2.8363265991210938,1.3257991075515747,0.20089660584926605,2.9183151721954346,-1.9235022068023682,4.333437919616699,-0.8203132152557373
36.75154948234558,3.690490245819092,1.491186261177063,0.04582533053201911,3.6443288326263428,-2.800551414489746,1.304789662361145,0.23363694548606873,2.941622257232666,-1.8944694995880127,4.325358867645264,-0.7973361611366272
36.799686670303345,3.6922175884246826,1.4933042526245117,0.01818425527523714,3.6351847648620605,-2.7735164165496826,1.2853648662567139,0.26207804679870605,2.9634132385253906,-1.8699535131454468,4.31862211227417,-0.7757065892219543
36.849963903427124,3.695833444595337,1.496347427368164,-0.016164549079795868,3.6256818771362305,-2.7432427406311035,1.2610948085784912,0.29644346237182617,2.992295265197754,-1.8398088216781616,4.3113813400268555,-0.7481599450111389
36.90009927749634,3.6991610527038574,1.4988644123077393,-0.048995433603705535,3.619009494781494,-2.7189760208129883,1.2415298223495483,0.3252190947532654,3.01696515083313,-1.8141872882843018,4.307027816772461,-0.725678563117981
36.95075249671936,3.702664852142334,1.5016875267028809,-0.08977905171110445,3.611685037612915,-2.6932265758514404,1.2208802700042725,0.3576221168041229,3.0425264835357666,-1.7868908643722534,4.304338455200195,-0.700412929058075
36.99971127510071,3.705803394317627,1.504499912261963,-0.13043834371718374,3.604388952255249,-2.6715641021728516,1.2026605606079102,0.3877086639404297,3.0638482570648193,-1.7634233236312866,4.303255081176758,-0.6764017939567566
37.05090808868408,3.709275722503662,1.5076243877410889,-0.17891237152808007,3.5949273109436035,-2.6473371982574463,1.1817747354507446,0.422317236661911,3.08699107170105,-1.7367196083068848,4.3032097816467285,-0.6491442322731018
37.100592851638794,3.7125742435455322,1.5103349685668945,-0.22416311680519596,3.5850861072540283,-2.624600410461426,1.1624536514282227,0.45397481322288513,3.107404947280884,-1.7111871242523193,4.303816318511963,-0.6259769201278687
37.15043902397156,3.7156386375427246,1.513764500617981,-0.2779668457139414,3.573467493057251,-2.596097469329834,1.1393883228302002,0.48970383405685425,3.130260705947876,-1.6806151866912842,4.305334091186523,-0.6006379723548889
37.2003116607666,3.7186279296875,1.5169097185134888,-0.32777844070859363,3.5609166622161865,-2.56699538230896,1.1159236431121826,0.5241466760635376,3.1527633666992188,-1.6505126953125,4.308126449584961,-0.5758758783340454
37.24986004829407,3.7220468521118164,1.5197080373764038,-0.38303166658642346,3.548224687576294,-2.536716938018799,1.0908399820327759,0.5587537884712219,3.175718069076538,-1.6214611530303955,4.312262058258057,-0.5507240891456604
37.29984259605408,3.724473714828491,1.5225579738616943,-0.43724418425011147,3.537001132965088,-2.5061047077178955,1.0654489994049072,0.5937378406524658,3.198723793029785,-1.595231056213379,4.317863941192627,-0.5259969830513
37.352073192596436,3.727154493331909,1.5256843566894531,-0.4940718552267118,3.528313398361206,-2.4754152297973633,1.040706753730774,0.628872275352478,3.221548080444336,-1.571305513381958,4.325013637542725,-0.5013319253921509
37.3997848033905,3.7305221557617188,1.5286338329315186,-0.5459769275988915,3.5216240882873535,-2.4437782764434814,1.018784761428833,0.664566159248352,3.2440996170043945,-1.5480999946594238,4.333727836608887,-0.47706371545791626
37.45102787017822,3.734027624130249,1.5315154790878296,-0.6039862565681134,3.5135910511016846,-2.4103147983551025,1.0002400875091553,0.701229989528656,3.265742063522339,-1.5253751277923584,4.3436150550842285,-0.45315805077552795
37.500877141952515,3.737292528152466,1.5339113473892212,-0.6550795974118204,3.503103256225586,-2.3767952919006348,0.984653115272522,0.7384162545204163,3.2864527702331543,-1.502811312675476,4.353799343109131,-0.4291379451751709
37.549951791763306,3.739579677581787,1.5362484455108643,-0.709392077994822,3.489814281463623,-2.3455820083618164,0.9713937044143677,0.7754529118537903,3.305255889892578,-1.4788823127746582,4.362521171569824,-0.4065343737602234
37.59977340698242,3.742499828338623,1.5396435260772705,-0.7590312905013787,3.471069574356079,-2.3163912296295166,0.9594640731811523,0.8117278814315796,3.3217742443084717,-1.4508246183395386,4.3687968254089355,-0.3840062618255615
37.65003848075867,3.74566388130188,1.5420407056808472,-0.8068177346124967,3.4459402561187744,-2.2889273166656494,0.9484659433364868,0.8480673432350159,3.3353374004364014,-1.4190208911895752,4.372520446777344,-0.3602546453475952
37.70102834701538,3.751962423324585,1.5405888557434082,-0.8543879920582077,3.41615629196167,-2.2646894454956055,0.9381809234619141,0.8851892352104187,3.3455941677093506,-1.3859827518463135,4.373895645141602,-0.3361751437187195
37.75012755393982,3.755499839782715,1.5411169528961182,-0.8993478532878975,3.383392333984375,-2.244328498840332,0.9287827610969543,0.9224106073379517,3.3517911434173584,-1.3538717031478882,4.373371601104736,-0.31341519951820374
37.80009150505066,3.7595019340515137,1.5410816669464111,-0.9439876529184315,3.34870982170105,-2.2278242111206055,0.9211294054985046,0.9601845145225525,3.354430675506592,-1.322487711906433,4.371172904968262,-0.2912128269672394
37.8501513004303,3.7637510299682617,1.5407453775405884,-0.9894055368754956,3.3108432292938232,-2.215043067932129,0.9156543016433716,0.9991564750671387,3.353874444961548,-1.290463924407959,4.367299556732178,-0.2684863805770874
37.89998984336853,3.7680513858795166,1.540022373199463,-1.0357372719821205,3.26992130279541,-2.2061095237731934,0.9121472239494324,1.0396291017532349,3.350411891937256,-1.2575074434280396,4.361977577209473,-0.24496543407440186
37.95071005821228,3.7724268436431885,1.5391404628753662,-1.0836447953689328,3.2261438369750977,-2.2020812034606934,0.9100329875946045,1.0809060335159302,3.343712329864502,-1.2236679792404175,4.355123996734619,-0.22102031111717224
38.000454902648926,3.7768356800079346,1.5375776290893555,-1.1251135829512642,3.1857545375823975,-2.2025883197784424,0.9085319638252258,1.1176477670669556,3.334338665008545,-1.1932669878005981,4.347253799438477,-0.20004454255104065
38.050137519836426,3.782059669494629,1.5351518392562866,-1.177819853902074,3.1338698863983154,-2.2079708576202393,0.9061344861984253,1.1626051664352417,3.31848406791687,-1.1549320220947266,4.335416793823242,-0.1739172339439392
38.09982895851135,3.7869222164154053,1.5326606035232544,-1.2265673545569333,3.083589792251587,-2.2151575088500977,0.901811957359314,1.2027653455734253,3.301112174987793,-1.119573712348938,4.32390022277832,-0.14924758672714233
38.14974594116211,3.7916066646575928,1.5293978452682495,-1.2746158916772663,3.033384323120117,-2.222540855407715,0.8951632380485535,1.2425967454910278,3.281897783279419,-1.0836338996887207,4.31239128112793,-0.12308631837368011
38.20103669166565,3.796088218688965,1.525611162185669,-1.322077699384683,2.9902284145355225,-2.229130268096924,0.8867197632789612,1.281276822090149,3.2613556385040283,-1.0473908185958862,4.301765441894531,-0.09554365277290344
38.251532316207886,3.8001880645751953,1.521466851234436,-1.3692559382646365,2.9513683319091797,-2.234041213989258,0.8777377605438232,1.3188427686691284,3.2403945922851562,-1.0104776620864868,4.293209552764893,-0.06892497092485428
38.30006980895996,3.8043808937072754,1.5164684057235718,-1.4160624000121245,2.912794351577759,-2.237145185470581,0.8682519793510437,1.355958342552185,3.2199888229370117,-0.9733247756958008,4.286840438842773,-0.04158863425254822
38.349995136260986,3.8082926273345947,1.5113223791122437,-1.462773570184966,2.873772144317627,-2.2398314476013184,0.8579515218734741,1.3935227394104004,3.20084285736084,-0.9357982277870178,4.282036304473877,-0.012742053717374802
38.40008878707886,3.8119044303894043,1.5054659843444824,-1.50776070292269,2.8345372676849365,-2.243022918701172,0.8458954095840454,1.4318450689315796,3.1843152046203613,-0.8969075083732605,4.278402328491211,0.01616332121193409
38.45078468322754,3.8153927326202393,1.4987891912460327,-1.5503490795045187,2.7950170040130615,-2.2470316886901855,0.8318403363227844,1.4703489542007446,3.1714611053466797,-0.8563367128372192,4.275852680206299,0.04451431706547737
38.50020790100098,3.81811785697937,1.49195396900177,-1.592122147494626,2.7544236183166504,-2.251582145690918,0.815514862537384,1.5088882446289062,3.1621081829071045,-0.8162083625793457,4.274323463439941,0.0730525329709053
38.550179958343506,3.8206586837768555,1.484198808670044,-1.628331175503047,2.7122604846954346,-2.256293535232544,0.7975094318389893,1.5473933219909668,3.155672550201416,-0.7784395217895508,4.274318695068359,0.10214265435934067
38.60002088546753,3.8219735622406006,1.4756991863250732,-1.6609261222496219,2.668015718460083,-2.2609035968780518,0.7785032391548157,1.5851064920425415,3.1504032611846924,-0.7432219386100769,4.27587366104126,0.13124072551727295
38.65038275718689,3.8229496479034424,1.4669302701950073,-1.6893661260739237,2.622119426727295,-2.265510320663452,0.7596906423568726,1.6208215951919556,3.145805835723877,-0.7086383104324341,4.279242992401123,0.16002468764781952
38.700342655181885,3.8234479427337646,1.4582552909851074,-1.716659594892957,2.575575590133667,-2.2686431407928467,0.742725133895874,1.6554272174835205,3.141737461090088,-0.673393964767456,4.284591197967529,0.18738074600696564
38.75035548210144,3.8238635063171387,1.449565052986145,-1.7423409481921484,2.5296213626861572,-2.269153594970703,0.7278422713279724,1.6898363828659058,3.1383423805236816,-0.6375256180763245,4.291464328765869,0.21524205803871155
38.80027222633362,3.8238160610198975,1.4406648874282837,-1.7669044506790799,2.4826714992523193,-2.2673633098602295,0.7140557765960693,1.7249524593353271,3.1359357833862305,-0.6015061736106873,4.2989726066589355,0.24307648837566376
38.85037970542908,3.823927164077759,1.4319067001342773,-1.7884095130672095,2.4338815212249756,-2.2647762298583984,0.7006083130836487,1.760605812072754,3.1350455284118652,-0.5662658214569092,4.305474281311035,0.26951223611831665
38.89973497390747,3.8235435485839844,1.421506404876709,-1.8097370288061847,2.3864023685455322,-2.2626891136169434,0.6869286298751831,1.7959206104278564,3.1356749534606934,-0.5325597524642944,4.31005859375,0.29508447647094727
38.95036268234253,3.822740316390991,1.4131783246994019,-1.8257347701520945,2.3470706939697266,-2.263308048248291,0.674583375453949,1.8269269466400146,3.137575387954712,-0.5033894181251526,4.3122663497924805,0.31860804557800293
38.99997520446777,3.821536064147949,1.4018374681472778,-1.8456026409040691,2.2984697818756104,-2.2697136402130127,0.6587425470352173,1.865626573562622,3.1412010192871094,-0.46514827013015747,4.313449859619141,0.34773510694503784
39.05128192901611,3.820084810256958,1.3925172090530396,-1.8632583112173968,2.2551145553588867,-2.280332088470459,0.6443946957588196,1.9015918970108032,3.1452927589416504,-0.4285542964935303,4.31374979019165,0.3712746202945709
39.10081887245178,3.8184871673583984,1.3827232122421265,-1.8835731513033118,2.2122581005096436,-2.293910264968872,0.6296249032020569,1.9387818574905396,3.1487317085266113,-0.391522616147995,4.313243865966797,0.39275848865509033
39.149895668029785,3.817495346069336,1.3743468523025513,-1.9020858953867004,2.172116756439209,-2.3084607124328613,0.615838885307312,1.9748032093048096,3.1508519649505615,-0.355520099401474,4.311508655548096,0.4129430055618286
39.20027184486389,3.816007375717163,1.3654686212539673,-1.9217393574054984,2.127476692199707,-2.3255295753479004,0.6010107398033142,2.0155961513519287,3.150550365447998,-0.3153310716152191,4.308398246765137,0.43521782755851746
39.25023889541626,3.8148930072784424,1.3588625192642212,-1.9388822638661136,2.086214780807495,-2.34100341796875,0.588217556476593,2.052582263946533,3.1483123302459717,-0.28067195415496826,4.304422378540039,0.4543383717536926
39.30020332336426,3.813314199447632,1.3509976863861084,-1.9582486063713873,2.0393526554107666,-2.359071969985962,0.5740520358085632,2.093764305114746,3.1453335285186768,-0.24246825277805328,4.298117637634277,0.4741855561733246
39.34998822212219,3.8122832775115967,1.3445581197738647,-1.9782330383724727,1.9945127964019775,-2.3776772022247314,0.5603789687156677,2.1320807933807373,3.143136978149414,-0.20747528970241547,4.290246486663818,0.49185219407081604
39.400551319122314,3.811664342880249,1.338263988494873,-1.9974268447773564,1.9498629570007324,-2.3984837532043457,0.5460615754127502,2.1692183017730713,3.1412599086761475,-0.1734534502029419,4.2810258865356445,0.5088018178939819
39.449584007263184,3.8103203773498535,1.3327573537826538,-2.0173610969591427,1.905825138092041,-2.421703338623047,0.5303233861923218,2.205512285232544,3.139220714569092,-0.14040768146514893,4.270785331726074,0.5257757306098938
39.50049328804016,3.8096117973327637,1.327146053314209,-2.0370568496300314,1.860811710357666,-2.4456393718719482,0.5123451948165894,2.2409722805023193,3.1368329524993896,-0.1069144532084465,4.25978422164917,0.5434660911560059
39.54976272583008,3.8082823753356934,1.3221135139465332,-2.0581665666025053,1.8169426918029785,-2.4666690826416016,0.4923318326473236,2.2745461463928223,3.1333117485046387,-0.07200983166694641,4.248128890991211,0.560386061668396
39.599722385406494,3.807194232940674,1.3172255754470825,-2.0775835090067196,1.776004672050476,-2.4831314086914062,0.47086459398269653,2.3055362701416016,3.127420425415039,-0.03642008826136589,4.236242771148682,0.5765689611434937
39.65040326118469,3.8062424659729004,1.311934471130371,-2.101201677734255,1.7344061136245728,-2.4958693981170654,0.44837576150894165,2.3338205814361572,3.1179862022399902,-0.0009419005364179611,4.224985599517822,0.5910946726799011
39.700681924819946,3.806001663208008,1.3076508045196533,-2.12542235188872,1.6911239624023438,-2.505453586578369,0.4239732623100281,2.360264539718628,3.1051509380340576,0.03487864509224892,4.215328216552734,0.6046907305717468
39.75002336502075,3.8060057163238525,1.3036829233169556,-2.15144665057022,1.6471316814422607,-2.51228666305542,0.39716604351997375,2.384857177734375,3.0900142192840576,0.0709570124745369,4.207394599914551,0.6179122924804688
39.800448417663574,3.805912971496582,1.2989095449447632,-2.18421744862901,1.6035375595092773,-2.5178604125976562,0.36750495433807373,2.4069697856903076,3.073559284210205,0.10614542663097382,4.20125150680542,0.6287174224853516
39.85013294219971,3.8057782649993896,1.2949628829956055,-2.216502532421232,1.5606809854507446,-2.522904634475708,0.3352017104625702,2.4264070987701416,3.0568768978118896,0.14045947790145874,4.197124481201172,0.6376190781593323
39.90025520324707,3.805959939956665,1.291094422340393,-2.2495727597789847,1.517522931098938,-2.527714252471924,0.3007109761238098,2.443394184112549,3.040698766708374,0.1744556725025177,4.194984436035156,0.6470325589179993
39.95008301734924,3.806023597717285,1.2871755361557007,-2.28481027723692,1.4725574254989624,-2.531602144241333,0.26488760113716125,2.4578073024749756,3.0262248516082764,0.2080954611301422,4.194965362548828,0.6580432653427124
40.00031590461731,3.8061797618865967,1.2833137512207031,-2.3217894488121877,1.4259228706359863,-2.533419370651245,0.22898121178150177,2.470294952392578,3.014601469039917,0.24121171236038208,4.1966986656188965,0.6678757071495056
40.05023646354675,3.8063528537750244,1.2796878814697266,-2.3619522818753467,1.3787721395492554,-2.5320825576782227,0.19398394227027893,2.4824230670928955,3.005664587020874,0.27319297194480896,4.199608325958252,0.6750456094741821
40.100868701934814,3.8066704273223877,1.2758426666259766,-2.403839272514064,1.3324106931686401,-2.5279335975646973,0.16073137521743774,2.4939212799072266,2.9990017414093018,0.30305594205856323,4.202183246612549,0.6810851693153381
40.15066456794739,3.8073294162750244,1.2720580101013184,-2.448339915741411,1.285649299621582,-2.521777868270874,0.12882888317108154,2.504385471343994,2.9933056831359863,0.3286725580692291,4.204429626464844,0.6870742440223694
40.200865030288696,3.808192491531372,1.267884612083435,-2.4956368579948394,1.2394607067108154,-2.514414072036743,0.09725676476955414,2.5130820274353027,2.988354444503784,0.3505924642086029,4.2060546875,0.6932178139686584
40.250449895858765,3.808582305908203,1.2637829780578613,-2.5446058967511775,1.1962831020355225,-2.5062646865844727,0.06620089709758759,2.519774913787842,2.984497547149658,0.3704584240913391,4.207353591918945,0.6983166337013245
40.300328969955444,3.8089964389801025,1.2595751285552979,-2.594433815080612,1.1561179161071777,-2.499070167541504,0.03578225523233414,2.5241918563842773,2.9815940856933594,0.38956260681152344,4.207680702209473,0.702404797077179
40.349997997283936,3.809300184249878,1.2553173303604126,-2.645513269552848,1.1163183450698853,-2.4948341846466064,0.004759977106004953,2.5260555744171143,2.9794743061065674,0.40914812684059143,4.207370281219482,0.7048699259757996
40.40019154548645,3.809244394302368,1.2508883476257324,-2.694730608505112,1.0769156217575073,-2.493346929550171,-0.027117261663079262,2.5259532928466797,2.9783287048339844,0.43067505955696106,4.207290172576904,0.7073258757591248
40.45139765739441,3.808342695236206,1.2465317249298096,-2.7458469505413237,1.037463903427124,-2.4936301708221436,-0.06003197282552719,2.5238492488861084,2.9776721000671387,0.4547368884086609,4.207817077636719,0.709282636642456
40.49982047080994,3.8064634799957275,1.242234468460083,-2.797128417909192,0.9978857040405273,-2.494473934173584,-0.09352560341358185,2.5198025703430176,2.9766547679901123,0.48094767332077026,4.209968090057373,0.7118958830833435
40.55004906654358,3.8046023845672607,1.23801589012146,-2.8475822139374314,0.9580847024917603,-2.49532151222229,-0.1272893249988556,2.513974905014038,2.9755747318267822,0.5085590481758118,4.214319705963135,0.7156272530555725
40.600677490234375,3.8021111488342285,1.2338287830352783,-2.8956462743278615,0.9168176651000977,-2.4968137741088867,-0.161533385515213,2.5062122344970703,2.97417950630188,0.5368430614471436,4.220882892608643,0.7202562689781189
40.650397300720215,3.7993640899658203,1.2296448945999146,-2.9395102190339784,0.8736518621444702,-2.500114679336548,-0.19660885632038116,2.4971699714660645,2.9730100631713867,0.5649088621139526,4.230286121368408,0.7261954545974731
40.69988417625427,3.796142101287842,1.2260935306549072,-2.981241412278935,0.8286563754081726,-2.5057132244110107,-0.2321680784225464,2.4883012771606445,2.9724881649017334,0.5928855538368225,4.242838382720947,0.732105016708374
40.74966764450073,3.79154634475708,1.2230428457260132,-3.0197851646979204,0.7828265428543091,-2.514124631881714,-0.2678612470626831,2.478830337524414,2.972698211669922,0.6207437515258789,4.25861120223999,0.7381271719932556
40.802061319351196,3.7862143516540527,1.2201037406921387,-3.0552938112266625,0.7374387383460999,-2.5246787071228027,-0.30303755402565,2.4679036140441895,2.9741926193237305,0.6498616337776184,4.277289867401123,0.7453171014785767
40.85060501098633,3.7808074951171875,1.2171834707260132,-3.091699978567486,0.6928002238273621,-2.5355305671691895,-0.33691132068634033,2.454472541809082,2.977503538131714,0.6804329752922058,4.298626899719238,0.7529768943786621
40.90064740180969,3.7755322456359863,1.2149304151535034,-3.126496366306725,0.6523252129554749,-2.5449154376983643,-0.3671925961971283,2.438743829727173,2.9819679260253906,0.7103840708732605,4.321404457092285,0.7604803442955017
40.95037055015564,3.7700650691986084,1.2121495008468628,3.1177379823997278,0.6105725169181824,-2.554547071456909,-0.3993314504623413,2.416635274887085,2.986976146697998,0.7445541620254517,4.348629951477051,0.7692906260490417
41.00162220001221,3.7643837928771973,1.209246039390564,3.0813686814074295,0.5747774839401245,-2.561167001724243,-0.42717745900154114,2.3933348655700684,2.9908525943756104,0.7777314782142639,4.376164436340332,0.7777692079544067
41.04983592033386,3.759380578994751,1.207221508026123,3.0424517392894566,0.5395426750183105,-2.563021659851074,-0.4523797035217285,2.368532419204712,2.9936606884002686,0.8116459250450134,4.403685569763184,0.786282479763031
41.101372718811035,3.754455804824829,1.2050360441207886,3.0047754552911115,0.5036144256591797,-2.560556173324585,-0.4740143418312073,2.342362403869629,2.995051622390747,0.8449508547782898,4.429632186889648,0.7936895489692688
41.150044679641724,3.7497451305389404,1.203148603439331,2.9672612341640954,0.4669867157936096,-2.5547618865966797,-0.493582546710968,2.3151004314422607,2.9952585697174072,0.876871645450592,4.453948497772217,0.8035529255867004
41.1996853351593,3.745192050933838,1.2015000581741333,2.9295154138286623,0.43039780855178833,-2.546743154525757,-0.5112074017524719,2.2861244678497314,2.9939355850219727,0.9077033400535583,4.476922035217285,0.8159380555152893
41.25029182434082,3.740732192993164,1.19989013671875,2.890737060909691,0.3937114179134369,-2.5372672080993652,-0.5258634090423584,2.255582094192505,2.9913909435272217,0.9380096197128296,4.4983954429626465,0.8288992643356323
41.30008625984192,3.7369544506073,1.198585867881775,2.855501084156911,0.3575432002544403,-2.5266387462615967,-0.5368178486824036,2.2260804176330566,2.9882311820983887,0.9673905372619629,4.517078399658203,0.8425471186637878
41.349772691726685,3.7319302558898926,1.196854591369629,2.8106670296816354,0.31481796503067017,-2.5116195678710938,-0.5458709597587585,2.191964864730835,2.9836673736572266,1.0016801357269287,4.536037445068359,0.8585248589515686
41.400479316711426,3.7279837131500244,1.1958098411560059,2.7696600228088335,0.2745497226715088,-2.4947831630706787,-0.5521141886711121,2.160349130630493,2.9785664081573486,1.0332249402999878,4.551392555236816,0.875453770160675
41.44965744018555,3.7227203845977783,1.1945751905441284,2.7235425321381985,0.22811219096183777,-2.472254991531372,-0.5585599541664124,2.1234781742095947,2.9714057445526123,1.068904995918274,4.566771507263184,0.8975424766540527
41.500057220458984,3.7167625427246094,1.1935639381408691,2.6795142524003683,0.1844911426305771,-2.4480812549591064,-0.5649051070213318,2.088728666305542,2.962651252746582,1.1034096479415894,4.579568386077881,0.9209431409835815
41.550431966781616,3.711179256439209,1.1926555633544922,2.6304626812651803,0.1426399052143097,-2.4223859310150146,-0.5727269053459167,2.0557634830474854,2.9513602256774902,1.13815438747406,4.590423583984375,0.9462689161300659
41.59993529319763,3.705097198486328,1.1921862363815308,2.5809421271696564,0.10151113569736481,-2.394174337387085,-0.5815203785896301,2.0237503051757812,2.937757730484009,1.1726775169372559,4.600034236907959,0.9746760725975037
41.65022826194763,3.699002265930176,1.1921759843826294,2.53319052183133,0.06338196992874146,-2.368218183517456,-0.5901437401771545,1.9930822849273682,2.9234237670898438,1.2052900791168213,4.608160972595215,1.0051637887954712
41.69984412193298,3.6927943229675293,1.1912609338760376,2.481093212419061,0.02287621796131134,-2.3421144485473633,-0.5995133519172668,1.9584197998046875,2.906766653060913,1.2410262823104858,4.61593770980835,1.0415226221084595
41.74985432624817,3.6865086555480957,1.1914074420928955,2.4312021132299755,-0.01609518751502037,-2.3196027278900146,-0.6079323887825012,1.925438404083252,2.8922088146209717,1.2748208045959473,4.622082233428955,1.0755754709243774
41.80116891860962,3.680731773376465,1.1921924352645874,2.3859451738232806,-0.055421169847249985,-2.3004708290100098,-0.6162844300270081,1.8933544158935547,2.879974365234375,1.3060277700424194,4.628037452697754,1.105290174484253
41.849849700927734,3.672804117202759,1.194636344909668,2.3436815040853656,-0.09781476855278015,-2.2831978797912598,-0.6255136132240295,1.8576899766921997,2.8696298599243164,1.337981104850769,4.635676860809326,1.1329684257507324
41.9000027179718,3.667365789413452,1.196152687072754,2.297971184697611,-0.14135092496871948,-2.267575740814209,-0.6360495686531067,1.8184442520141602,2.862574338912964,1.3699723482131958,4.646798610687256,1.160032033920288
41.94993257522583,3.6635007858276367,1.1975423097610474,2.2615678781788633,-0.18073821067810059,-2.253204822540283,-0.64668208360672,1.7802766561508179,2.8590939044952393,1.3979705572128296,4.659928321838379,1.1857353448867798
42.000739097595215,3.660118579864502,1.1987626552581787,2.2316836792436123,-0.21927540004253387,-2.2382616996765137,-0.6581825613975525,1.7412761449813843,2.857964277267456,1.4235252141952515,4.675013542175293,1.2111542224884033
42.050333738327026,3.657438039779663,1.200080394744873,2.2076019598275685,-0.25804272294044495,-2.222325563430786,-0.6707295179367065,1.7019158601760864,2.8592722415924072,1.4474389553070068,4.6914544105529785,1.2347133159637451
42.099793672561646,3.6555521488189697,1.2011921405792236,2.190261486366602,-0.29733651876449585,-2.2064807415008545,-0.683918833732605,1.6623902320861816,2.863532066345215,1.4703190326690674,4.709070205688477,1.257982611656189
42.15034079551697,3.654228925704956,1.201692819595337,2.1770141687739946,-0.33805710077285767,-2.191859722137451,-0.6970049142837524,1.6223267316818237,2.8707804679870605,1.4924253225326538,4.7274088859558105,1.282702922821045
42.200748682022095,3.653247356414795,1.2021045684814453,2.1701904592574506,-0.3792647123336792,-2.1776647567749023,-0.7093883752822876,1.5824830532073975,2.8796098232269287,1.5125826597213745,4.746264457702637,1.307159662246704
42.25015997886658,3.6528735160827637,1.2023595571517944,2.167335602234319,-0.42044880986213684,-2.1633777618408203,-0.7200915217399597,1.5426075458526611,2.889472723007202,1.5303231477737427,4.765656471252441,1.3302754163742065
42.29981327056885,3.6528892517089844,1.2023283243179321,2.1679828691766776,-0.4606276750564575,-2.14799427986145,-0.7290551066398621,1.5027461051940918,2.9003865718841553,1.5454074144363403,4.784905433654785,1.3505021333694458
42.350993156433105,3.6531693935394287,1.202032446861267,2.1696547580689134,-0.49986061453819275,-2.1315765380859375,-0.7364545464515686,1.4628159999847412,2.913179636001587,1.5581310987472534,4.802829265594482,1.3684886693954468
42.400405168533325,3.653660774230957,1.2013723850250244,2.1709122915161982,-0.5379483103752136,-2.1140832901000977,-0.7418103814125061,1.4230990409851074,2.9278926849365234,1.5694806575775146,4.819229602813721,1.3893985748291016
42.4500412940979,3.6535801887512207,1.2011518478393555,2.1698831885654295,-0.5742270350456238,-2.096079111099243,-0.7457419633865356,1.3851202726364136,2.94405460357666,1.5800024271011353,4.832676887512207,1.4131410121917725
42.49970102310181,3.653365135192871,1.2005178928375244,2.1670927160319815,-0.6102334856987,-2.074846029281616,-0.7486190795898438,1.347301959991455,2.9608583450317383,1.590928316116333,4.841801166534424,1.437516212463379
42.55119299888611,3.653019905090332,1.2004400491714478,2.1649082434452502,-0.6449141502380371,-2.0506348609924316,-0.7505455017089844,1.3093194961547852,2.9777474403381348,1.6020562648773193,4.846982479095459,1.4615916013717651
42.60039019584656,3.652616262435913,1.2008602619171143,2.1623422699359196,-0.6782664656639099,-2.0245625972747803,-0.7514565587043762,1.2707144021987915,2.993816375732422,1.613084316253662,4.8508453369140625,1.4879333972930908
42.65004801750183,3.652128219604492,1.201298475265503,2.1573480803362868,-0.7098013758659363,-1.9977192878723145,-0.750467836856842,1.2320826053619385,3.0078237056732178,1.6237682104110718,4.852166652679443,1.5167279243469238
42.70001268386841,3.651273250579834,1.201870322227478,2.149538213115122,-0.7396653294563293,-1.969182014465332,-0.7468799352645874,1.1933462619781494,3.0198962688446045,1.6348153352737427,4.851149559020996,1.5463886260986328
42.7504723072052,3.6502444744110107,1.2023414373397827,2.1395079755710706,-0.7687570452690125,-1.937609076499939,-0.7406941056251526,1.1549915075302124,3.029719352722168,1.6467111110687256,4.847671985626221,1.5754603147506714
42.80025386810303,3.649019956588745,1.202622413635254,2.127129829967147,-0.796996533870697,-1.9024920463562012,-0.7332097291946411,1.1172553300857544,3.036884069442749,1.6594427824020386,4.8422369956970215,1.60500168800354
42.84991192817688,3.647650718688965,1.2029575109481812,2.1134127856817377,-0.8215693831443787,-1.8665671348571777,-0.7261317372322083,1.0825164318084717,3.0417582988739014,1.6720532178878784,4.83506965637207,1.6359635591506958
42.899911642074585,3.645573139190674,1.2035411596298218,2.094118725248912,-0.8464227318763733,-1.824517846107483,-0.719632089138031,1.0437215566635132,3.0456438064575195,1.687019944190979,4.825004577636719,1.673677921295166
42.95082402229309,3.6432623863220215,1.2045224905014038,2.0728473432101215,-0.8669913411140442,-1.7836170196533203,-0.7147226929664612,1.0069743394851685,3.0482115745544434,1.7016388177871704,4.813638687133789,1.7093459367752075
43.00013566017151,3.64119553565979,1.2052453756332397,2.0500677558629445,-0.8848564624786377,-1.739447832107544,-0.7107711434364319,0.9698682427406311,3.0500168800354004,1.716999888420105,4.802727222442627,1.7423280477523804
43.050243854522705,3.638601064682007,1.2060444355010986,2.0244459248940303,-0.9007092714309692,-1.6942111253738403,-0.7074734568595886,0.9329725503921509,3.0513103008270264,1.732227087020874,4.794053554534912,1.7728486061096191
43.10001540184021,3.635812759399414,1.2072570323944092,1.9960755537572306,-0.915234386920929,-1.6513980627059937,-0.704306960105896,0.8964815735816956,3.053250312805176,1.747166395187378,4.786838531494141,1.8042134046554565
43.15090250968933,3.6328697204589844,1.2084606885910034,1.9653972332188854,-0.9302561283111572,-1.611208438873291,-0.7008863687515259,0.8591945767402649,3.0533721446990967,1.7614705562591553,4.780593395233154,1.836701512336731
43.20069360733032,3.630748987197876,1.2072499990463257,1.9314107065902677,-0.9482314586639404,-1.5711805820465088,-0.6974096894264221,0.8202083110809326,3.053171157836914,1.7751556634902954,4.775230407714844,1.8676711320877075
43.25139379501343,3.6276581287384033,1.2082942724227905,1.8993007615316924,-0.9675891995429993,-1.5342637300491333,-0.6941765546798706,0.7818816900253296,3.05353045463562,1.7877334356307983,4.770102024078369,1.8942655324935913
43.3009307384491,3.62420654296875,1.2101763486862183,1.8636466155924758,-0.9887732863426208,-1.4968856573104858,-0.6916409730911255,0.7404235601425171,3.0552446842193604,1.800564169883728,4.766036033630371,1.9225025177001953
43.34980297088623,3.621429443359375,1.2107415199279785,1.830924228508162,-1.0097111463546753,-1.461154580116272,-0.6904193758964539,0.6981078386306763,3.0588443279266357,1.8136334419250488,4.7620320320129395,1.9525562524795532
43.400126218795776,3.6186792850494385,1.2119522094726562,1.7899221925558357,-1.0312248468399048,-1.423006534576416,-0.6906940937042236,0.6523262858390808,3.0622174739837646,1.8270362615585327,4.75919771194458,1.9844162464141846
43.45060753822327,3.615410327911377,1.213458776473999,1.756019755698468,-1.048957109451294,-1.3896628618240356,-0.6913534998893738,0.6130568385124207,3.064954996109009,1.8383511304855347,4.7580156326293945,2.0103046894073486
43.4997296333313,3.6117212772369385,1.2148107290267944,1.7132278167758863,-1.0715327262878418,-1.3466482162475586,-0.6918185353279114,0.5639998316764832,3.0690455436706543,1.8528929948806763,4.759605884552002,2.0409507751464844
43.55106997489929,3.6084327697753906,1.2156879901885986,1.676068574377753,-1.0922683477401733,-1.309950590133667,-0.691536009311676,0.5227454304695129,3.073117971420288,1.865747332572937,4.764103889465332,2.0650455951690674
43.600645542144775,3.6048991680145264,1.2188421487808228,1.6333952177027058,-1.1172329187393188,-1.268086552619934,-0.6902042627334595,0.4774028956890106,3.0784685611724854,1.8808907270431519,4.770998001098633,2.0902814865112305
43.65040421485901,3.601454019546509,1.2197164297103882,1.5880943812369321,-1.1410739421844482,-1.227881908416748,-0.6872323155403137,0.4343298077583313,3.0854263305664062,1.896435022354126,4.777245998382568,2.1156678199768066
43.699830770492554,3.5975005626678467,1.2205121517181396,1.5475694303994258,-1.1641939878463745,-1.187869668006897,-0.6821765303611755,0.3916873335838318,3.0946755409240723,1.9134140014648438,4.782943248748779,2.14133882522583
43.75071954727173,3.5938360691070557,1.2230364084243774,1.4967712867760419,-1.1863467693328857,-1.1477447748184204,-0.6753013134002686,0.34992122650146484,3.1060335636138916,1.9318633079528809,4.7851338386535645,2.1655449867248535
43.80008363723755,3.590273380279541,1.2255630493164062,1.448402789457164,-1.2085853815078735,-1.1093249320983887,-0.6676287055015564,0.30941858887672424,3.1200296878814697,1.951185703277588,4.783688545227051,2.1899213790893555
43.850725173950195,3.586838722229004,1.2280523777008057,1.398275239028488,-1.2299069166183472,-1.0736043453216553,-0.6595519185066223,0.26967066526412964,3.1366894245147705,1.9719436168670654,4.78014612197876,2.214770793914795
43.90181088447571,3.5835120677948,1.2302049398422241,1.3506256244358994,-1.2474687099456787,-1.0381438732147217,-0.6512360572814941,0.23133748769760132,3.1547491550445557,1.9923826456069946,4.775341033935547,2.2370619773864746
43.95054078102112,3.5796916484832764,1.2339372634887695,1.298520021908145,-1.2625153064727783,-0.9951903820037842,-0.6402256488800049,0.18803417682647705,3.174999713897705,2.015615940093994,4.768782615661621,2.2600159645080566
43.9998414516449,3.5766613483428955,1.236167550086975,1.2461862479292927,-1.2722491025924683,-0.9520774483680725,-0.6279448866844177,0.14676019549369812,3.192931890487671,2.0373001098632812,4.760529518127441,2.281369209289551
44.05043697357178,3.573887348175049,1.240002155303955,1.1968180224855365,-1.2784475088119507,-0.9092910289764404,-0.613876223564148,0.10822315514087677,3.208336591720581,2.056330680847168,4.751123428344727,2.3025307655334473
44.10035157203674,3.570335865020752,1.2431877851486206,1.1411642257001393,-1.2829543352127075,-0.8592368364334106,-0.5955104827880859,0.06628527492284775,3.22558856010437,2.0767335891723633,4.738022804260254,2.3264718055725098
44.15011191368103,3.567410469055176,1.2467886209487915,1.0880392187865626,-1.2849202156066895,-0.8082890510559082,-0.5768457055091858,0.02722395956516266,3.2430853843688965,2.097113609313965,4.723689556121826,2.349902391433716
44.200382232666016,3.564946174621582,1.251984715461731,1.0385916654318719,-1.284505844116211,-0.7557622194290161,-0.558979332447052,-0.010719945654273033,3.262476921081543,2.1199629306793213,4.706477642059326,2.373408555984497
44.25041747093201,3.562671422958374,1.2556047439575195,0.9905359851900336,-1.2822850942611694,-0.70453280210495,-0.5441567897796631,-0.047490838915109634,3.2823238372802734,2.1470112800598145,4.687381267547607,2.3975636959075928
44.30003809928894,3.560638904571533,1.2595016956329346,0.9367917905309469,-1.2786056995391846,-0.6568695306777954,-0.5326950550079346,-0.08450443297624588,3.2999656200408936,2.1772139072418213,4.6681671142578125,2.420881986618042
44.350170850753784,3.5587306022644043,1.2630544900894165,0.8870167494544793,-1.27374267578125,-0.6120129823684692,-0.5231218934059143,-0.12263353168964386,3.3106470108032227,2.206493377685547,4.649496078491211,2.44267201423645
44.40133571624756,3.557126522064209,1.26656973361969,0.8378610353085953,-1.2677030563354492,-0.5675289630889893,-0.5152240991592407,-0.16124327480793,3.314293622970581,2.232309341430664,4.631006240844727,2.465151309967041
44.4502809047699,3.5558528900146484,1.270385980606079,0.7884381623082413,-1.2601128816604614,-0.5204493403434753,-0.5083913207054138,-0.19959279894828796,3.314098834991455,2.257552146911621,4.614442825317383,2.488694190979004
44.49951457977295,3.5539915561676025,1.2741398811340332,0.7407971523035238,-1.2533507347106934,-0.473947137594223,-0.5023828744888306,-0.23839880526065826,3.3113625049591064,2.285252571105957,4.599847793579102,2.5146405696868896
44.549652099609375,3.5520870685577393,1.2779594659805298,0.6924405651026633,-1.2481952905654907,-0.43142226338386536,-0.49749839305877686,-0.2788505554199219,3.306182384490967,2.317161798477173,4.585465908050537,2.5424797534942627
44.601818799972534,3.551546812057495,1.2814189195632935,0.6422492065384888,-1.2447820901870728,-0.38988372683525085,-0.49431392550468445,-0.3211624324321747,3.2977957725524902,2.3524861335754395,4.571500301361084,2.5708541870117188
44.650211572647095,3.5504186153411865,1.2851065397262573,0.5934984107619657,-1.24320387840271,-0.34764283895492554,-0.49329057335853577,-0.3643968403339386,3.2858076095581055,2.387237310409546,4.557509422302246,2.5992064476013184
44.699965953826904,3.548901319503784,1.2890383005142212,0.5458264833142372,-1.2431546449661255,-0.3066871166229248,-0.49397245049476624,-0.40833866596221924,3.270406723022461,2.418402910232544,4.543282985687256,2.627937078475952
44.750154972076416,3.5485215187072754,1.2927764654159546,0.4996626503021008,-1.2435581684112549,-0.2676292955875397,-0.49580880999565125,-0.4527054727077484,3.2519919872283936,2.4462697505950928,4.528859615325928,2.656843423843384
44.80023503303528,3.5479371547698975,1.296547293663025,0.45365545757900017,-1.2432663440704346,-0.22922466695308685,-0.4970351457595825,-0.49711668491363525,3.230126142501831,2.4740216732025146,4.515710353851318,2.6850624084472656
44.85010504722595,3.5474886894226074,1.3001086711883545,0.4069887967150354,-1.242676854133606,-0.19044610857963562,-0.4968726634979248,-0.5415173768997192,3.20563006401062,2.502873182296753,4.503765106201172,2.712496519088745
44.901347637176514,3.547271490097046,1.3037643432617188,0.36061469945185404,-1.242067575454712,-0.15025755763053894,-0.49494633078575134,-0.5850412249565125,3.180004358291626,2.5318241119384766,4.493841648101807,2.7386653423309326
44.95047664642334,3.5472865104675293,1.3071589469909668,0.31365447010043457,-1.2421375513076782,-0.10866889357566833,-0.49123531579971313,-0.6277048587799072,3.154937505722046,2.559333562850952,4.484272480010986,2.7638094425201416
45.00105261802673,3.5475094318389893,1.3113934993743896,0.26600972269361406,-1.243326187133789,-0.06544890254735947,-0.48640498518943787,-0.6700000166893005,3.130899429321289,2.5858170986175537,4.474987983703613,2.7894389629364014
45.04995775222778,3.5482821464538574,1.3156590461730957,0.21974386224057046,-1.246260643005371,-0.02165151759982109,-0.48034775257110596,-0.7114943265914917,3.1085541248321533,2.61110520362854,4.46649694442749,2.8132071495056152
45.099711656570435,3.548816442489624,1.3195273876190186,0.17257520230360385,-1.2503647804260254,0.022207675501704216,-0.4737778306007385,-0.7518417239189148,3.0885543823242188,2.63384747505188,4.455476760864258,2.8334505558013916
45.14998912811279,3.549391746520996,1.3231054544448853,0.12452834769182822,-1.2547873258590698,0.06817109882831573,-0.46584177017211914,-0.7905191779136658,3.069882392883301,2.654343843460083,4.43917989730835,2.853518486022949
45.20091509819031,3.5507819652557373,1.3263312578201294,0.07902730941601309,-1.2587471008300781,0.11409378051757812,-0.4566583037376404,-0.8289810419082642,3.050973653793335,2.6737401485443115,4.418724060058594,2.8712732791900635
45.25059223175049,3.5511491298675537,1.3292207717895508,0.036954302188311014,-1.2615022659301758,0.15001508593559265,-0.44766995310783386,-0.861023485660553,3.034583568572998,2.689898729324341,4.401157855987549,2.8841288089752197
45.30021119117737,3.553605318069458,1.333436369895935,-0.016602060729193187,-1.262511134147644,0.19799281656742096,-0.4327417314052582,-0.9052427411079407,3.009533166885376,2.7128562927246094,4.376286506652832,2.8993964195251465
45.349905014038086,3.5564637184143066,1.3361824750900269,-0.05946516446000439,-1.2601401805877686,0.2401736080646515,-0.4171701669692993,-0.9424549341201782,2.9853079319000244,2.7330195903778076,4.353717803955078,2.910651206970215
45.40175771713257,3.5596582889556885,1.3388298749923706,-0.10034134986777472,-1.2550947666168213,0.28252431750297546,-0.39902549982070923,-0.9780704975128174,2.9574034214019775,2.7539830207824707,4.329620361328125,2.921264410018921
45.44984793663025,3.563241958618164,1.3410377502441406,-0.13817912079441702,-1.249013066291809,0.32408952713012695,-0.378740131855011,-1.0121694803237915,2.9263274669647217,2.7753055095672607,4.304050445556641,2.9313273429870605
45.49976110458374,3.5673534870147705,1.3428350687026978,-0.1723790531378581,-1.2425198554992676,0.36461228132247925,-0.35752928256988525,-1.0448755025863647,2.8939712047576904,2.797482967376709,4.277683734893799,2.9392220973968506
45.54989051818848,3.5719330310821533,1.3440594673156738,-0.2018713217005064,-1.2354286909103394,0.4054284691810608,-0.3372967839241028,-1.0768468379974365,2.861642837524414,2.8193399906158447,4.24862003326416,2.945631504058838
45.600797176361084,3.5757839679718018,1.3444076776504517,-0.21980805847535584,-1.229634404182434,0.43538448214530945,-0.32419970631599426,-1.0996161699295044,2.838036298751831,2.83404803276062,4.225200176239014,2.948256254196167
45.64993095397949,3.582648992538452,1.3444597721099854,-0.24643734686455115,-1.2182087898254395,0.48675304651260376,-0.3040692210197449,-1.1378735303878784,2.7992124557495117,2.8581326007843018,4.184479713439941,2.9509217739105225
45.70099425315857,3.588874340057373,1.3436355590820312,-0.26622340530162497,-1.2068861722946167,0.5286355018615723,-0.28877073526382446,-1.1696757078170776,2.7691421508789062,2.877598524093628,4.151574611663818,2.951327323913574
45.75104331970215,3.5957822799682617,1.3429604768753052,-0.2858939773273177,-1.1924550533294678,0.5721394419670105,-0.2736268937587738,-1.202614426612854,2.737259864807129,2.896124839782715,4.119588851928711,2.952413558959961
45.7999541759491,3.6027369499206543,1.3422573804855347,-0.30448647984902916,-1.1767160892486572,0.6127104163169861,-0.25984370708465576,-1.2328602075576782,2.7047712802886963,2.9103739261627197,4.091468811035156,2.9543447494506836
45.8500816822052,3.6094751358032227,1.3414969444274902,-0.32189730665779565,-1.1596438884735107,0.6548507213592529,-0.24595414102077484,-1.2631852626800537,2.669262170791626,2.9197731018066406,4.063667297363281,2.9586026668548584
45.89975452423096,3.617868185043335,1.340440034866333,-0.34101205819299235,-1.1434489488601685,0.6965513825416565,-0.2314223349094391,-1.2947051525115967,2.6325948238372803,2.924901247024536,4.035508155822754,2.9633007049560547
45.95047616958618,3.625967264175415,1.3392711877822876,-0.3617492101132178,-1.12923264503479,0.7353895306587219,-0.2160649597644806,-1.3274744749069214,2.596156358718872,2.926738977432251,4.008771896362305,2.9682652950286865
46.00096106529236,3.634995698928833,1.3378468751907349,-0.38424738415211823,-1.1178932189941406,0.7720080018043518,-0.20062679052352905,-1.3617510795593262,2.560471296310425,2.926419734954834,3.9816036224365234,2.9727671146392822
46.0508131980896,3.644272804260254,1.33626389503479,-0.4088994825074068,-1.1096980571746826,0.809142529964447,-0.18590040504932404,-1.397700309753418,2.525019645690918,2.9240806102752686,3.9534506797790527,2.9778733253479004
46.099942207336426,3.653782367706299,1.3345279693603516,-0.4345705659433177,-1.1046475172042847,0.846282958984375,-0.17198599874973297,-1.435426950454712,2.489813804626465,2.9196462631225586,3.9247217178344727,2.9837772846221924
46.15040349960327,3.6630423069000244,1.332404375076294,-0.4617381859862557,-1.10202956199646,0.88316410779953,-0.15842436254024506,-1.4738612174987793,2.454662561416626,2.91271710395813,3.896512746810913,2.9903855323791504
46.20155620574951,3.6722753047943115,1.3299574851989746,-0.48891349981947846,-1.1011772155761719,0.9196549654006958,-0.14453335106372833,-1.5116323232650757,2.4195263385772705,2.9030745029449463,3.8694119453430176,2.999166488647461
46.2517511844635,3.681433916091919,1.3273111581802368,-0.5175795986044317,-1.1023961305618286,0.9563426375389099,-0.13019733130931854,-1.5482674837112427,2.3867151737213135,2.8901901245117188,3.843064785003662,3.010578155517578
46.300246715545654,3.690368890762329,1.324855923652649,-0.5471242977096236,-1.1057969331741333,0.9939307570457458,-0.11541959643363953,-1.5842311382293701,2.3552451133728027,2.8737359046936035,3.8186142444610596,3.0236856937408447
46.350446701049805,3.697935104370117,1.3225160837173462,-0.5725104787769603,-1.1112697124481201,1.0303541421890259,-0.10001952201128006,-1.6176763772964478,2.3248541355133057,2.857391834259033,3.7971856594085693,3.036557197570801
46.40149974822998,3.706939697265625,1.3196088075637817,-0.604480224751319,-1.1206955909729004,1.0720689296722412,-0.080490343272686,-1.6548510789871216,2.290364980697632,2.841438055038452,3.7719156742095947,3.0510427951812744
46.45210123062134,3.714570999145508,1.317078948020935,-0.6331740424515586,-1.1332231760025024,1.1121392250061035,-0.05947978422045708,-1.6894567012786865,2.2578790187835693,2.8290438652038574,3.748225450515747,3.0640499591827393
46.5001859664917,3.7221460342407227,1.314285397529602,-0.6619039696182426,-1.1486139297485352,1.153014063835144,-0.036921657621860504,-1.7221884727478027,2.224526882171631,2.817758321762085,3.7247097492218018,3.074240207672119
46.55037760734558,3.7298898696899414,1.3112144470214844,-0.6907336580384271,-1.1653188467025757,1.1955991983413696,-0.01398427039384842,-1.7530651092529297,2.1908445358276367,2.806884288787842,3.698004722595215,3.080578327178955
46.60091853141785,3.7371232509613037,1.307879090309143,-0.7187431647523236,-1.1814898252487183,1.237869143486023,0.009425531141459942,-1.7826145887374878,2.1571097373962402,2.7966063022613525,3.66951584815979,3.084705114364624
46.64972519874573,3.741133451461792,1.3052583932876587,-0.744487014704355,-1.1960968971252441,1.2786129713058472,0.03386440500617027,-1.8117502927780151,2.124446392059326,2.787843704223633,3.642263650894165,3.087615966796875
46.70024347305298,3.748875617980957,1.3004010915756226,-0.7707301891825601,-1.2079986333847046,1.3176189661026,0.05903274565935135,-1.839974284172058,2.091543197631836,2.7798566818237305,3.616262435913086,3.0898239612579346
46.74961280822754,3.756549596786499,1.2969326972961426,-0.7981725950920648,-1.2179681062698364,1.3560796976089478,0.08538110554218292,-1.866114854812622,2.057575225830078,2.771599292755127,3.588407278060913,3.0909557342529297
46.80119848251343,3.7626473903656006,1.293388843536377,-0.8264863617135365,-1.226040244102478,1.3940343856811523,0.11328484117984772,-1.889602780342102,2.021672010421753,2.762901544570923,3.558680534362793,3.091066360473633
46.849679470062256,3.768850803375244,1.2897928953170776,-0.8547797314312315,-1.2322266101837158,1.4289950132369995,0.1408616304397583,-1.9100291728973389,1.9862146377563477,2.7538883686065674,3.5300872325897217,3.0904648303985596
46.90156531333923,3.7756056785583496,1.2857246398925781,-0.8865225255175246,-1.2383629083633423,1.4676333665847778,0.17253650724887848,-1.9320039749145508,1.9448515176773071,2.742992877960205,3.4983341693878174,3.0888335704803467
46.95003938674927,3.7816684246063232,1.2817472219467163,-0.9160707785386492,-1.2438956499099731,1.5053917169570923,0.20169320702552795,-1.9531232118606567,1.9042425155639648,2.7327802181243896,3.468114137649536,3.0859124660491943
47.00005531311035,3.7879443168640137,1.2771888971328735,-0.9444700553024191,-1.2490220069885254,1.5446994304656982,0.22850771248340607,-1.9749407768249512,1.8615238666534424,2.723233222961426,3.436880111694336,3.081103563308716
47.04950761795044,3.793942451477051,1.2724084854125977,-0.9727819304504387,-1.2530137300491333,1.5855076313018799,0.2537209093570709,-1.9974311590194702,1.8165583610534668,2.71307635307312,3.4053878784179688,3.075209379196167
47.09983825683594,3.7998478412628174,1.2675013542175293,-1.0012220422274989,-1.2543643712997437,1.626943588256836,0.2787601053714752,-2.021294116973877,1.7698681354522705,2.702232599258423,3.373793601989746,3.0697438716888428
47.15075063705444,3.8058876991271973,1.2619346380233765,-1.0303158320089727,-1.252198576927185,1.6682850122451782,0.3034002184867859,-2.0461008548736572,1.723102331161499,2.6902685165405273,3.3439126014709473,3.0670652389526367
47.20028042793274,3.812152624130249,1.2562994956970215,-1.0607647733964676,-1.2465815544128418,1.7081751823425293,0.32736003398895264,-2.0705223083496094,1.678112506866455,2.6772608757019043,3.3137779235839844,3.0666797161102295
47.25002956390381,3.8186087608337402,1.2501736879348755,-1.0925650206651407,-1.2383092641830444,1.7472580671310425,0.35100704431533813,-2.0947425365448,1.6349318027496338,2.662440061569214,3.281404972076416,3.0674877166748047
47.30052137374878,3.824941873550415,1.243642807006836,-1.125646601430211,-1.2292249202728271,1.7868496179580688,0.3748723268508911,-2.1197609901428223,1.5926345586776733,2.645779609680176,3.2474679946899414,3.0691018104553223
47.352694511413574,3.8316426277160645,1.236368179321289,-1.159455938582445,-1.218315601348877,1.8265230655670166,0.39954566955566406,-2.1459686756134033,1.5510612726211548,2.626657247543335,3.2139089107513428,3.071533441543579
47.40022683143616,3.8379764556884766,1.2286092042922974,-1.194234292507674,-1.2083898782730103,1.8623777627944946,0.4249407649040222,-2.173309564590454,1.5113242864608765,2.60539174079895,3.180643320083618,3.074193239212036
47.449692726135254,3.8443539142608643,1.219937801361084,-1.2279906173182338,-1.199419617652893,1.8985874652862549,0.4505142867565155,-2.202230215072632,1.4736417531967163,2.5834054946899414,3.1460399627685547,3.0763683319091797
47.50017023086548,3.8502261638641357,1.210845708847046,-1.2607820932967313,-1.1929506063461304,1.9352104663848877,0.4764174222946167,-2.232170343399048,1.4368886947631836,2.5602500438690186,3.110957622528076,3.0783514976501465
47.55342125892639,3.85544753074646,1.2018853425979614,-1.292037948561908,-1.1886008977890015,1.9698154926300049,0.5008751749992371,-2.2598633766174316,1.4024300575256348,2.5369508266448975,3.078145742416382,3.080671787261963
47.60022163391113,3.8612847328186035,1.1921757459640503,-1.3277970171940212,-1.1850892305374146,2.007222890853882,0.5283629894256592,-2.2896220684051514,1.3639472723007202,2.5093367099761963,3.0419931411743164,3.085007429122925
47.65044569969177,3.8661892414093018,1.1825295686721802,-1.358212662967995,-1.1829304695129395,2.0378990173339844,0.5522111058235168,-2.3133628368377686,1.3314203023910522,2.484771966934204,3.012514352798462,3.0901284217834473
47.699894428253174,3.8722712993621826,1.1703386306762695,-1.3952245306199091,-1.1815248727798462,2.0765035152435303,0.5836411118507385,-2.340815544128418,1.290860652923584,2.4514713287353516,2.9748852252960205,3.095879077911377
47.75111675262451,3.876958131790161,1.1593526601791382,-1.4245450807087319,-1.1816320419311523,2.109790563583374,0.6112746596336365,-2.361963987350464,1.2572152614593506,2.4208762645721436,2.9439220428466797,3.098816394805908
47.80055260658264,3.8817713260650635,1.1461900472640991,-1.456833572192426,-1.1827563047409058,2.1481544971466064,0.6435603499412537,-2.3827388286590576,1.2206740379333496,2.384448766708374,2.9118895530700684,3.0978660583496094
47.84979605674744,3.8856914043426514,1.1339677572250366,-1.4855016355550148,-1.1855324506759644,2.1833107471466064,0.6736254692077637,-2.3984780311584473,1.1889655590057373,2.3501503467559814,2.882570266723633,3.093095064163208
47.9001898765564,3.8897790908813477,1.1198550462722778,-1.517122680454045,-1.1916264295578003,2.2225234508514404,0.7068366408348083,-2.4125540256500244,1.154766321182251,2.311009645462036,2.848015069961548,3.085442066192627
47.949936628341675,3.893209457397461,1.1064866781234741,-1.543621461564346,-1.1989046335220337,2.2607192993164062,0.7371399998664856,-2.4223520755767822,1.1229184865951538,2.275148868560791,2.814394474029541,3.0760717391967773
48.00086188316345,3.896585702896118,1.0914255380630493,-1.5727951926109145,-1.2065720558166504,2.298806667327881,0.7666776180267334,-2.428910493850708,1.0894445180892944,2.2400238513946533,2.781468629837036,3.0645017623901367
48.052979469299316,3.899033308029175,1.076343297958374,-1.6004303763190795,-1.2132362127304077,2.3356637954711914,0.7958537936210632,-2.4322712421417236,1.0533239841461182,2.20619535446167,2.7487144470214844,3.050554037094116
48.10124897956848,3.9009809494018555,1.0608775615692139,-1.6283247411506037,-1.2176655530929565,2.3710668087005615,0.8248316645622253,-2.4317855834960938,1.0155318975448608,2.1738128662109375,2.7154035568237305,3.0343661308288574
48.15116047859192,3.902270793914795,1.0450024604797363,-1.6560440828783571,-1.2197185754776,2.404362678527832,0.8535471558570862,-2.4271135330200195,0.9774511456489563,2.1426210403442383,2.681778907775879,3.016225576400757
48.200140714645386,3.903083086013794,1.0285429954528809,-1.6827533549511056,-1.2183409929275513,2.4372997283935547,0.8811578750610352,-2.417999267578125,0.9398221373558044,2.1116158962249756,2.647775888442993,2.994967460632324
48.251508474349976,3.903609275817871,1.0119619369506836,-1.708128834745677,-1.2136443853378296,2.469604969024658,0.908389687538147,-2.4052655696868896,0.9025458693504333,2.079726457595825,2.613018274307251,2.9697680473327637
48.30001950263977,3.903226613998413,0.9951978921890259,-1.7317974454446712,-1.2065707445144653,2.4999804496765137,0.9363289475440979,-2.3908259868621826,0.8657518029212952,2.047675848007202,2.577676296234131,2.940993070602417
48.35013961791992,3.9019861221313477,0.9782083034515381,-1.7542170456859338,-1.1980679035186768,2.527743339538574,0.9646153450012207,-2.376603364944458,0.8278088569641113,2.0168650150299072,2.543602705001831,2.9127261638641357
48.40008997917175,3.900341033935547,0.9612589478492737,-1.774382500937359,-1.1876477003097534,2.5536422729492188,0.9915915131568909,-2.363964319229126,0.7879080772399902,1.9873108863830566,2.511925458908081,2.8874399662017822
48.45075845718384,3.898146152496338,0.9439416527748108,-1.7934304194046196,-1.1741421222686768,2.579042673110962,1.0183697938919067,-2.351257801055908,0.7464419007301331,1.958987832069397,2.4790780544281006,2.864150285720825
48.50063872337341,3.8954195976257324,0.9267857670783997,-1.810602661373577,-1.157517671585083,2.604135036468506,1.0456994771957397,-2.3374340534210205,0.7045072913169861,1.9309138059616089,2.44350528717041,2.8415474891662598
48.55041790008545,3.8923957347869873,0.909606397151947,-1.8261951598571664,-1.1372374296188354,2.6290671825408936,1.0725237131118774,-2.322579860687256,0.662105143070221,1.9014846086502075,2.4066309928894043,2.820142984390259
48.600396156311035,3.889192581176758,0.8934869766235352,-1.8396072157641028,-1.1150249242782593,2.6515355110168457,1.0961412191390991,-2.308224678039551,0.6229520440101624,1.874055027961731,2.372854232788086,2.8014135360717773
48.650978803634644,3.885154962539673,0.8754348158836365,-1.8529935119539804,-1.087090253829956,2.6746432781219482,1.1217981576919556,-2.2913806438446045,0.5809553861618042,1.844723105430603,2.3360307216644287,2.7805943489074707
48.700124979019165,3.881152391433716,0.8583495616912842,-1.8649076708978334,-1.0583287477493286,2.6945316791534424,1.1465319395065308,-2.2745442390441895,0.5432236790657043,1.815207839012146,2.300163984298706,2.759890079498291
48.750880002975464,3.876569986343384,0.8410806059837341,-1.8753182443030538,-1.0273115634918213,2.7134175300598145,1.1720550060272217,-2.256420612335205,0.5077179074287415,1.7820276021957397,2.2631959915161133,2.7381489276885986
48.8006808757782,3.871778726577759,0.8237881660461426,-1.8848050203044144,-0.994507908821106,2.731581449508667,1.1982789039611816,-2.236720561981201,0.47415176033973694,1.744882345199585,2.22550106048584,2.7166779041290283
48.84990167617798,3.8664004802703857,0.8063728213310242,-1.893379414094056,-0.9617355465888977,2.748185157775879,1.2248857021331787,-2.215867042541504,0.44235777854919434,1.7055689096450806,2.186339855194092,2.69614839553833
48.9002571105957,3.86110258102417,0.7894145846366882,-1.9011058116935204,-0.9298754930496216,2.762237548828125,1.2517932653427124,-2.193620443344116,0.4122849702835083,1.665565848350525,2.1462137699127197,2.6760833263397217
48.9504337310791,3.860219717025757,0.7865123748779297,-1.9019902906761368,-0.924649178981781,2.7646617889404297,1.256293773651123,-2.1898601055145264,0.4075058102607727,1.658994436264038,2.1392667293548584,2.672973871231079
49.00147819519043,3.8496015071868896,0.7550219893455505,-1.9143929761814484,-0.8681216239929199,2.7900688648223877,1.3076871633529663,-2.145277500152588,0.35684269666671753,1.5849144458770752,2.0645549297332764,2.6426875591278076
49.050297021865845,3.843588352203369,0.7382524609565735,-1.9199573517167459,-0.8369606137275696,2.804441213607788,1.3363885879516602,-2.119783639907837,0.33042117953300476,1.5433681011199951,2.0246453285217285,2.628831386566162
49.09947848320007,3.8374457359313965,0.7210034132003784,-1.92597369336337,-0.8065687417984009,2.8183956146240234,1.3651633262634277,-2.0929718017578125,0.30473917722702026,1.5012409687042236,1.9837844371795654,2.611299991607666
49.15124249458313,3.831162214279175,0.7042139172554016,-1.9320600139821222,-0.776856541633606,2.831345558166504,1.3923442363739014,-2.064356565475464,0.2806423604488373,1.4587582349777222,1.942879557609558,2.5898704528808594
49.19960308074951,3.8250269889831543,0.6877107620239258,-1.9373317277762585,-0.7472097873687744,2.8446314334869385,1.416975498199463,-2.033402919769287,0.2589200437068939,1.41514253616333,1.9042139053344727,2.5671894550323486
49.24981188774109,3.818774461746216,0.6711122989654541,-1.9435174784720437,-0.7166464924812317,2.8583669662475586,1.438456654548645,-2.000304937362671,0.23909223079681396,1.3689535856246948,1.8658864498138428,2.5441813468933105
49.30070495605469,3.8124890327453613,0.6548152565956116,-1.949770963118001,-0.6854385733604431,2.8733861446380615,1.4568578004837036,-1.9665712118148804,0.2208978831768036,1.3191524744033813,1.8266730308532715,2.5197741985321045
49.351003885269165,3.8062264919281006,0.6385225653648376,-1.9548062603851675,-0.6541478037834167,2.889633893966675,1.4721299409866333,-1.9331475496292114,0.202426016330719,1.2690852880477905,1.7866699695587158,2.4940264225006104
49.40123152732849,3.7999749183654785,0.623110830783844,-1.9604624661431995,-0.623020589351654,2.907663583755493,1.4851016998291016,-1.899167776107788,0.18218348920345306,1.2213505506515503,1.7472474575042725,2.4672975540161133
49.45028281211853,3.7932119369506836,0.6063752174377441,-1.9666524257697793,-0.5925165414810181,2.9278550148010254,1.4959917068481445,-1.8630775213241577,0.1595257967710495,1.1750495433807373,1.708264946937561,2.4392004013061523
49.50065350532532,3.785846710205078,0.5888750553131104,-1.9722063375277252,-0.5631480813026428,2.950016498565674,1.504223108291626,-1.8245837688446045,0.13621047139167786,1.1298255920410156,1.6678905487060547,2.4088635444641113
49.55152988433838,3.779275894165039,0.5729002356529236,-1.9765644481417377,-0.5337071418762207,2.974184989929199,1.5090171098709106,-1.7845878601074219,0.11296313256025314,1.0860435962677002,1.6260508298873901,2.3765132427215576
49.600618839263916,3.7717502117156982,0.5561933517456055,-1.980963776830462,-0.5038761496543884,2.999249219894409,1.5101336240768433,-1.7437493801116943,0.08980224281549454,1.043310284614563,1.5828261375427246,2.342707872390747
49.65127396583557,3.7646031379699707,0.5407176613807678,-1.9829564753031605,-0.47453707456588745,3.0232491493225098,1.5083928108215332,-1.7024664878845215,0.06671743094921112,1.000842809677124,1.5399727821350098,2.3094325065612793
49.69975757598877,3.75768780708313,0.5256466865539551,-1.9860736911421226,-0.44850754737854004,3.0430855751037598,1.505631685256958,-1.6640229225158691,0.04457535594701767,0.9601505398750305,1.5005478858947754,2.2802653312683105
49.751397371292114,3.750136613845825,0.5093666315078735,-1.988717986267319,-0.4185960590839386,3.0617871284484863,1.5019868612289429,-1.621757984161377,0.018827108666300774,0.914162278175354,1.4543894529342651,2.2494215965270996
49.800265073776245,3.743748188018799,0.4957386255264282,-1.9889902302254727,-0.3901444375514984,3.075202226638794,1.4994550943374634,-1.5850099325180054,-0.005882381461560726,0.87242192029953,1.4107491970062256,2.223828077316284
49.851595878601074,3.7359442710876465,0.4797312319278717,-1.9872712034047162,-0.3567366302013397,3.0870985984802246,1.4972234964370728,-1.5445809364318848,-0.034666646271944046,0.826345682144165,1.3622552156448364,2.1987242698669434
49.90110659599304,3.729363203048706,0.46652987599372864,-1.9835348236717532,-0.3263513743877411,3.0954501628875732,1.4960066080093384,-1.5084655284881592,-0.061281718313694,0.7859350442886353,1.3201380968093872,2.1791727542877197
49.949766874313354,3.7218239307403564,0.4530029296875,-1.97816478074371,-0.2909589409828186,3.1026148796081543,1.4950624704360962,-1.4684799909591675,-0.09158067405223846,0.7409586906433105,1.2724241018295288,2.158311367034912
50.00070118904114,3.715179681777954,0.44104406237602234,-1.9728311459338104,-0.2557050883769989,3.107525110244751,1.4941667318344116,-1.431249976158142,-0.12032978981733322,0.6995103359222412,1.2261074781417847,2.139124870300293
50.05039095878601,3.70894718170166,0.4290960729122162,-1.967454302565267,-0.21847975254058838,3.1102993488311768,1.4938533306121826,-1.3939625024795532,-0.14906813204288483,0.6600853800773621,1.1790003776550293,2.121014356613159
50.10015654563904,3.703526258468628,0.4182928800582886,-1.9633122117972024,-0.17912356555461884,3.1106293201446533,1.4946397542953491,-1.355883002281189,-0.1762181967496872,0.6203821301460266,1.1305402517318726,2.1038851737976074
50.15071105957031,3.697448968887329,0.4058054983615875,-1.9587421418620092,-0.13806112110614777,3.1078920364379883,1.4969052076339722,-1.3170325756072998,-0.19957107305526733,0.5777246356010437,1.081498146057129,2.088552713394165
50.200793504714966,3.6924407482147217,0.3950379490852356,-1.9546546949253825,-0.09835739433765411,3.102444648742676,1.5007836818695068,-1.2803421020507812,-0.21720854938030243,0.534165620803833,1.035925269126892,2.0750060081481934
50.25023317337036,3.6867470741271973,0.3836781680583954,-1.9506228758463295,-0.05573854595422745,3.0942931175231934,1.5070209503173828,-1.2413321733474731,-0.23240646719932556,0.48551294207572937,0.9894705414772034,2.06201171875
50.30057072639465,3.680748224258423,0.3710761070251465,-1.9472007715117636,-0.010111047886312008,3.084437131881714,1.5158169269561768,-1.1991575956344604,-0.2458312213420868,0.43405506014823914,0.9420139789581299,2.048515558242798
50.350820541381836,3.6748623847961426,0.35930559039115906,-1.9442639728322062,0.030936287716031075,3.0747249126434326,1.5258052349090576,-1.15801203250885,-0.2560636103153229,0.385530948638916,0.8957151770591736,2.0317444801330566
50.399821758270264,3.6693878173828125,0.34723591804504395,-1.9420959929512935,0.06814762949943542,3.0654022693634033,1.5357393026351929,-1.116273283958435,-0.2641187012195587,0.33694344758987427,0.8498413562774658,2.0114474296569824
50.449923276901245,3.6638031005859375,0.3354615569114685,-1.9402827438521695,0.10334558039903641,3.0574560165405273,1.5451983213424683,-1.0747675895690918,-0.26983383297920227,0.28823554515838623,0.8069964647293091,1.9901148080825806
50.500505447387695,3.658658981323242,0.3239595592021942,-1.938523257291615,0.1390368789434433,3.051356554031372,1.5536621809005737,-1.0336018800735474,-0.273049920797348,0.23932264745235443,0.7657668590545654,1.9684547185897827
50.549583196640015,3.6533398628234863,0.31146687269210815,-1.942039232298761,0.1744670420885086,3.0471389293670654,1.5611975193023682,-0.9931768774986267,-0.2739132344722748,0.19048471748828888,0.724445641040802,1.9452791213989258
50.60033631324768,3.6481008529663086,0.29892322421073914,-1.9436307107828128,0.20912250876426697,3.0443551540374756,1.568503499031067,-0.9540436863899231,-0.27233555912971497,0.14261971414089203,0.6828963756561279,1.920501708984375
50.651875734329224,3.6429381370544434,0.2866221070289612,-1.9457703809608335,0.2424914389848709,3.0423855781555176,1.575371265411377,-0.9163224697113037,-0.2684210240840912,0.09487269818782806,0.6422669887542725,1.8944259881973267
50.70038366317749,3.6374638080596924,0.27368804812431335,-1.9483297024120516,0.2731698751449585,3.0417046546936035,1.58175528049469,-0.8793787956237793,-0.2619718909263611,0.04749242961406708,0.6021279096603394,1.8660269975662231
50.7504403591156,3.6320736408233643,0.25993555784225464,-1.9542335648502587,0.2996957004070282,3.0436534881591797,1.5875990390777588,-0.841823160648346,-0.2570513188838959,0.002196070272475481,0.5619685649871826,1.8341606855392456
50.79970145225525,3.625805616378784,0.24508792161941528,-1.9600643389270755,0.3278963267803192,3.0468790531158447,1.5926905870437622,-0.8029500842094421,-0.2541244328022003,-0.04282931238412857,0.5210634469985962,1.798449993133545
50.85078191757202,3.619842529296875,0.23028114438056946,-1.9665925767926538,0.36098065972328186,3.0504343509674072,1.5967411994934082,-0.7629982233047485,-0.25244057178497314,-0.08918317407369614,0.4811866283416748,1.7621556520462036
50.899760723114014,3.6134018898010254,0.21486692130565643,-1.974442574523025,0.39940378069877625,3.054825782775879,1.5993887186050415,-0.7229961156845093,-0.25159695744514465,-0.13588738441467285,0.44447582960128784,1.7293975353240967
50.950202226638794,3.6075174808502197,0.19962990283966064,-1.9806860882124795,0.4396136701107025,3.060450553894043,1.600007176399231,-0.684886634349823,-0.2512860596179962,-0.17940029501914978,0.4089900553226471,1.700561761856079
51.000348806381226,3.6002447605133057,0.18196868896484375,-1.991762889382332,0.4864581227302551,3.069044589996338,1.5991437435150146,-0.6414375305175781,-0.2516935467720032,-0.22713451087474823,0.36653628945350647,1.6699117422103882
51.05056428909302,3.5929372310638428,0.1654142439365387,-2.005187887839816,0.531122088432312,3.078714609146118,1.597209095954895,-0.6001320481300354,-0.2528749108314514,-0.2722319960594177,0.32546961307525635,1.6430224180221558
51.10081100463867,3.5857479572296143,0.14868900179862976,-2.0196624903680394,0.5740217566490173,3.089071035385132,1.5955207347869873,-0.5594549179077148,-0.25454026460647583,-0.31793323159217834,0.28530728816986084,1.6173453330993652
51.15004324913025,3.5784170627593994,0.13237513601779938,-2.0325597082277036,0.6147283911705017,3.0990147590637207,1.5956165790557861,-0.5198409557342529,-0.2566715180873871,-0.363725870847702,0.24602489173412323,1.5909558534622192
51.20021200180054,3.570359945297241,0.11446712911128998,-2.046240898354517,0.655179500579834,3.1071419715881348,1.5976427793502808,-0.48079976439476013,-0.2597220540046692,-0.4099777340888977,0.20635004341602325,1.563036561012268
51.250486612319946,3.561812400817871,0.09760978817939758,-2.0615618785486536,0.6968087553977966,3.1121575832366943,1.6017645597457886,-0.44208458065986633,-0.26466402411460876,-0.4569835364818573,0.16700302064418793,1.5347145795822144
51.29979944229126,3.5535073280334473,0.08099609613418579,-2.075638020566785,0.7392088174819946,3.1141891479492188,1.607718825340271,-0.40402719378471375,-0.27121275663375854,-0.5039389729499817,0.12736892700195312,1.5065516233444214
51.35062885284424,3.544409990310669,0.06428323686122894,-2.088570019693653,0.7815364003181458,3.1144251823425293,1.6144449710845947,-0.3671191930770874,-0.2780843675136566,-0.5507216453552246,0.08721399307250977,1.4782031774520874
51.40111064910889,3.5353307723999023,0.04786044359207153,-2.1025053552793462,0.8238095641136169,3.1139984130859375,1.6212886571884155,-0.3306882679462433,-0.2851811945438385,-0.5973706245422363,0.0475870706140995,1.4494562149047852
51.45042085647583,3.5267333984375,0.03247778117656708,-2.115948050389309,0.8670205473899841,3.1126580238342285,1.628779411315918,-0.29376086592674255,-0.29206332564353943,-0.6432422995567322,0.009344136342406273,1.4208033084869385
51.500274896621704,3.5172038078308105,0.01544533297419548,-2.1295845236127557,0.9115279316902161,3.1102778911590576,1.6368039846420288,-0.25632548332214355,-0.2991042137145996,-0.6890071630477905,-0.02684422768652439,1.3931968212127686
51.552324056625366,3.5077316761016846,-0.0005066384910605848,-2.1432215864347923,0.9575009346008301,3.106818675994873,1.6458888053894043,-0.21936364471912384,-0.30398231744766235,-0.7361868023872375,-0.061535999178886414,1.362268328666687
51.6003098487854,3.4981024265289307,-0.016119107604026794,-2.1574066906335907,1.0039092302322388,3.101250171661377,1.6566829681396484,-0.1832321137189865,-0.3052143454551697,-0.7838302850723267,-0.09407860785722733,1.3267631530761719
51.6506724357605,3.4912478923797607,-0.027314964681863785,-2.16780272525215,1.0375962257385254,3.0953619480133057,1.6656934022903442,-0.1571195423603058,-0.30377504229545593,-0.8183658719062805,-0.11561226099729538,1.2994568347930908
51.700567960739136,3.479020118713379,-0.04673369973897934,-2.186051853484407,1.0972627401351929,3.081373929977417,1.6834847927093506,-0.11077985912561417,-0.29815030097961426,-0.8782932758331299,-0.14943669736385345,1.2506119012832642
51.75072693824768,3.469395399093628,-0.061456918716430664,-2.200701035346152,1.146154522895813,3.068336248397827,1.6983749866485596,-0.07411415129899979,-0.29157668352127075,-0.9247232675552368,-0.17419469356536865,1.211706280708313
51.800148487091064,3.460894823074341,-0.07521414756774902,-2.213642079205608,1.194472312927246,3.055415391921997,1.7136285305023193,-0.03754740208387375,-0.28401851654052734,-0.9716001152992249,-0.19822652637958527,1.170697569847107
51.85026001930237,3.4524614810943604,-0.08788846433162689,-2.224892561574776,1.231296420097351,3.045844554901123,1.7258377075195312,-0.007366125471889973,-0.2769768536090851,-1.0108531713485718,-0.21757306158542633,1.1353336572647095
51.89982485771179,3.4417145252227783,-0.10375376790761948,-2.240332541027503,1.2809008359909058,3.035828113555908,1.7416200637817383,0.034675922244787216,-0.2661961317062378,-1.0650348663330078,-0.24310755729675293,1.0846576690673828
51.95125722885132,3.4333274364471436,-0.11563314497470856,-2.252254820844185,1.318739414215088,3.03108549118042,1.7522850036621094,0.0669017806649208,-0.2570907771587372,-1.1060574054718018,-0.26120665669441223,1.0443711280822754
51.99989938735962,3.4229421615600586,-0.1303590089082718,-2.26725472493382,1.365360975265503,3.0283546447753906,1.763408899307251,0.10745926201343536,-0.24375542998313904,-1.1565073728561401,-0.28130561113357544,0.9907704591751099
52.050384283065796,3.4146604537963867,-0.14160120487213135,-2.279374282600976,1.4018182754516602,3.0272409915924072,1.7707419395446777,0.13943445682525635,-0.23061908781528473,-1.1955963373184204,-0.2960808575153351,0.9460363388061523
52.09954810142517,3.40513014793396,-0.1547902226448059,-2.2938160931326084,1.448474645614624,3.0265064239501953,1.7786662578582764,0.17864249646663666,-0.21083329617977142,-1.2434847354888916,-0.3140086531639099,0.8917636871337891
52.150065660476685,3.3951220512390137,-0.16739490628242493,-2.309677770938285,1.4911636114120483,3.0261428356170654,1.7848037481307983,0.21417027711868286,-0.19098913669586182,-1.2854043245315552,-0.3303335905075073,0.8460002541542053
52.200942277908325,3.3856759071350098,-0.1796259582042694,-2.324068027666289,1.5348467826843262,3.026947498321533,1.7900607585906982,0.2501763105392456,-0.17275062203407288,-1.3259596824645996,-0.34912365674972534,0.8004908561706543
52.25103425979614,3.376948118209839,-0.1902466118335724,-2.338775482282685,1.5792442560195923,3.0297255516052246,1.7942081689834595,0.2863104045391083,-0.1556044965982437,-1.367007851600647,-0.3695664703845978,0.755440890789032
52.30021786689758,3.366793632507324,-0.20266996324062347,-2.354489985759443,1.6242165565490723,3.035743474960327,1.796296238899231,0.32302325963974,-0.14030492305755615,-1.4091415405273438,-0.3901582956314087,0.7127676010131836
52.350128412246704,3.357654333114624,-0.2133764922618866,-2.3701591633061114,1.6703927516937256,3.0451467037200928,1.7960786819458008,0.36070263385772705,-0.1265365183353424,-1.45208740234375,-0.41052117943763733,0.6712296009063721
52.400327920913696,3.34747314453125,-0.22510036826133728,-2.38636779172933,1.7153795957565308,3.056196928024292,1.7939527034759521,0.39660805463790894,-0.11446104198694229,-1.4929003715515137,-0.4296555519104004,0.6319369077682495
52.449976682662964,3.337383270263672,-0.23694974184036255,-2.4047688967238403,1.7664453983306885,3.069422483444214,1.7901155948638916,0.4358452260494232,-0.10202230513095856,-1.539157509803772,-0.4511532187461853,0.5866587162017822
52.50128388404846,3.3278162479400635,-0.24804222583770752,-2.423450245494642,1.8111993074417114,3.0810773372650146,1.786798119544983,0.4723582863807678,-0.0901464968919754,-1.5836176872253418,-0.47175076603889465,0.5435645580291748
52.551000356674194,3.317967653274536,-0.2590295076370239,-2.4421928603447203,1.8526564836502075,3.090029239654541,1.7851979732513428,0.5082071423530579,-0.078215092420578,-1.628597378730774,-0.4931272268295288,0.4998552203178406
52.601972579956055,3.3075413703918457,-0.27012619376182556,-2.458856673013785,1.8941302299499512,3.094568967819214,1.7859721183776855,0.5442262887954712,-0.06646709889173508,-1.6741114854812622,-0.5154234170913696,0.455930233001709
52.65068745613098,3.296844482421875,-0.2809083163738251,-2.476544129030829,1.9358521699905396,3.0950982570648193,1.7886016368865967,0.5811067819595337,-0.055641453713178635,-1.7208095788955688,-0.5367032289505005,0.4123017489910126
52.70067286491394,3.285888671875,-0.29159361124038696,-2.493341162811673,1.9777854681015015,3.0939247608184814,1.7927299737930298,0.6183574795722961,-0.046008769422769547,-1.7686526775360107,-0.5566331744194031,0.37017783522605896
52.75014567375183,3.2746098041534424,-0.3019377291202545,-2.5100955956493007,2.0200703144073486,3.0921783447265625,1.7975529432296753,0.6543517708778381,-0.03748643398284912,-1.8171453475952148,-0.5751438140869141,0.3290052115917206
52.79973745346069,3.26318097114563,-0.31221097707748413,-2.5283763855640284,2.063230037689209,3.090473175048828,1.8025403022766113,0.6898341774940491,-0.0293880607932806,-1.8650323152542114,-0.5916568636894226,0.28428930044174194
52.85081744194031,3.2512266635894775,-0.3226603865623474,-2.5457811793989915,2.1080825328826904,3.0885820388793945,1.8077682256698608,0.7257851958274841,-0.022013578563928604,-1.9112144708633423,-0.6048073172569275,0.23774223029613495
52.902140378952026,3.2390592098236084,-0.3331248164176941,-2.5647109414207847,2.1542537212371826,3.0862538814544678,1.8136159181594849,0.7630670070648193,-0.015337903052568436,-1.9556571245193481,-0.6143317818641663,0.1929791122674942
52.94975185394287,3.226940631866455,-0.3430560827255249,-2.583662302012905,2.2008798122406006,3.0825552940368652,1.820136308670044,0.8017057180404663,-0.00836141873151064,-1.999219298362732,-0.6223227381706238,0.14893507957458496
52.999486684799194,3.2150919437408447,-0.35196664929389954,-2.601283177689654,2.2445950508117676,3.077221632003784,1.8274635076522827,0.8392817974090576,0.0009000739664770663,-2.039714813232422,-0.6291874051094055,0.10646693408489227
53.050370931625366,3.2021756172180176,-0.36158841848373413,-2.6204750728011317,2.2920870780944824,3.0688271522521973,1.8377116918563843,0.881251871585846,0.015024583786725998,-2.0840091705322266,-0.6357722282409668,0.05768595635890961
53.1002938747406,3.188649892807007,-0.370990127325058,-2.639944726149329,2.335400342941284,3.05975341796875,1.8479076623916626,0.9185659885406494,0.030643006786704063,-2.1223721504211426,-0.6398780345916748,0.013845850713551044
53.15016317367554,3.1753945350646973,-0.38019710779190063,-2.6605293595551047,2.383962869644165,3.049912691116333,1.859236478805542,0.959977388381958,0.05001893639564514,-2.1635022163391113,-0.6415772438049316,-0.03603729233145714
53.19986605644226,3.1605312824249268,-0.3897487223148346,-2.6809250143873147,2.4268851280212402,3.0417444705963135,1.8688760995864868,0.9991992115974426,0.06947534531354904,-2.2004587650299072,-0.6397307515144348,-0.08525994420051575
53.251752614974976,3.1484713554382324,-0.397345632314682,-2.6983006985588607,2.4627537727355957,3.0361361503601074,1.8759804964065552,1.0341389179229736,0.08743096888065338,-2.232131004333496,-0.6361018419265747,-0.131570503115654
53.30064010620117,3.132824420928955,-0.40644291043281555,-2.719403859806438,2.50822114944458,3.0319206714630127,1.8828877210617065,1.078229308128357,0.11074665188789368,-2.271538734436035,-0.6309699416160583,-0.18848416209220886
53.35087728500366,3.118586301803589,-0.41464707255363464,-2.7390695844946644,2.5494093894958496,3.030954360961914,1.8873074054718018,1.118263602256775,0.13285613059997559,-2.3067564964294434,-0.6286413669586182,-0.23447035253047943
53.40060520172119,3.104250192642212,-0.4223604202270508,-2.7576146802461787,2.589555025100708,3.0314526557922363,1.8899562358856201,1.1589035987854004,0.15654580295085907,-2.3414416313171387,-0.6303455233573914,-0.2791302502155304
53.45021939277649,3.089592933654785,-0.42961445450782776,-2.7754612645826215,2.6290090084075928,3.032149076461792,1.8907012939453125,1.1990375518798828,0.1830526441335678,-2.3751115798950195,-0.6347894072532654,-0.3236530125141144
53.50095796585083,3.074577808380127,-0.43651601672172546,-2.791472388926072,2.6687817573547363,3.032711982727051,1.8893429040908813,1.2380958795547485,0.21236416697502136,-2.4069225788116455,-0.640349268913269,-0.3667812645435333
53.55048155784607,3.0594489574432373,-0.443316787481308,-2.8076396580629566,2.7092502117156982,3.0333292484283447,1.8857293128967285,1.2770041227340698,0.24385425448417664,-2.4364688396453857,-0.645321249961853,-0.4097006320953369
53.601845026016235,3.0439085960388184,-0.44990256428718567,-2.82334421360878,2.7507615089416504,3.0348076820373535,1.8801071643829346,1.3157814741134644,0.27711838483810425,-2.464292287826538,-0.6499528884887695,-0.45355716347694397
53.65060496330261,3.0279312133789062,-0.45588135719299316,-2.8381872065808325,2.793543815612793,3.037935256958008,1.8723026514053345,1.354204535484314,0.30846649408340454,-2.4921412467956543,-0.6549434661865234,-0.49828243255615234
53.701279163360596,3.0118181705474854,-0.4620576798915863,-2.852706649607551,2.836984157562256,3.0428900718688965,1.8612717390060425,1.391894817352295,0.3384193181991577,-2.521223545074463,-0.6607946157455444,-0.5435946583747864
53.75085687637329,2.9955556392669678,-0.46805891394615173,-2.86741150551718,2.8803460597991943,3.0491602420806885,1.847279667854309,1.429449200630188,0.3674698770046234,-2.551644802093506,-0.6673229336738586,-0.5893590450286865
53.80101752281189,2.978986978530884,-0.4738154709339142,-2.8814282805086573,2.9250428676605225,3.0558154582977295,1.8309130668640137,1.4671926498413086,0.39590129256248474,-2.5824291706085205,-0.6743802428245544,-0.6357128024101257
53.84983849525452,2.962191104888916,-0.4793511927127838,-2.8954050908913325,2.96860671043396,3.062596321105957,1.8133735656738281,1.504931926727295,0.4241482615470886,-2.6138691902160645,-0.6799381375312805,-0.6822230815887451
53.90010166168213,2.9490654468536377,-0.4834729731082916,-2.9065625807767437,3.0021889209747314,3.0669052600860596,1.79921293258667,1.5363178253173828,0.4472382068634033,-2.639700412750244,-0.6839736104011536,-0.7194065451622009
53.95030951499939,2.928352117538452,-0.4894567131996155,-2.924025877930376,3.0473058223724365,3.0689215660095215,1.780507206916809,1.5808197259902954,0.48008254170417786,-2.6753790378570557,-0.689824104309082,-0.7690633535385132
54.000834465026855,2.913088798522949,-0.4936448037624359,-2.93606138720419,3.0845983028411865,3.066495656967163,1.7661610841751099,1.6172727346420288,0.5077310800552368,-2.703784942626953,-0.6917144060134888,-0.8099015355110168
54.04980659484863,2.8940398693084717,-0.4983972907066345,-2.950160001712891,3.1262574195861816,3.0608057975769043,1.7502790689468384,1.6579575538635254,0.5399393439292908,-2.7360265254974365,-0.6892125606536865,-0.8563103079795837
54.10107111930847,2.878772497177124,-0.5021517872810364,-2.9606569298036582,3.1607706546783447,3.0546765327453613,1.737013339996338,1.6906932592391968,0.5681718587875366,-2.764697551727295,-0.6844711303710938,-0.8941627740859985
54.15256190299988,2.859464645385742,-0.5063387155532837,-2.974213695901125,3.2028536796569824,3.045825481414795,1.7204464673995972,1.7294634580612183,0.6040101051330566,-2.801849365234375,-0.6773158311843872,-0.9392331838607788
54.19999361038208,2.8434417247772217,-0.5095952749252319,-2.9852525289726395,3.2389626502990723,3.036759614944458,1.7059073448181152,1.7619014978408813,0.634659469127655,-2.8347690105438232,-0.6698094606399536,-0.9777215719223022
54.24988317489624,2.826643466949463,-0.5126132965087891,-2.997963412929312,3.2795238494873047,3.0244288444519043,1.6890602111816406,1.798795223236084,0.6684034466743469,-2.8720169067382812,-0.6596447825431824,-1.0216734409332275
54.30130171775818,2.8093862533569336,-0.5158474445343018,-3.009841294602148,3.3188414573669434,3.0103237628936768,1.6724541187286377,1.8347855806350708,0.699711799621582,-2.906935453414917,-0.6478674411773682,-1.0639457702636719
54.35054850578308,2.7937703132629395,-0.5187501907348633,-3.0228041639254886,3.3568029403686523,2.994312047958374,1.6564825773239136,1.869576334953308,0.7285735607147217,-2.9394314289093018,-0.6346153616905212,-1.1037825345993042
54.39977979660034,2.7775449752807617,-0.5217710733413696,-3.035106096371842,3.399350166320801,2.9737067222595215,1.6389180421829224,1.9092762470245361,0.7611032724380493,-2.9751031398773193,-0.616320788860321,-1.148889183998108
54.4503014087677,2.7603490352630615,-0.5245136618614197,-3.0488054390163155,3.439208984375,2.951716184616089,1.6219571828842163,1.9469853639602661,0.7931755781173706,-3.0079879760742188,-0.5944525003433228,-1.192913293838501
54.502068281173706,2.745208263397217,-0.5266024470329285,-3.062327002690232,3.4775331020355225,2.929023265838623,1.6052964925765991,1.9820584058761597,0.8265483379364014,-3.0374741554260254,-0.5700363516807556,-1.2353593111038208
54.55058550834656,2.7287604808807373,-0.5288300514221191,-3.078019601541173,3.5192198753356934,2.9032998085021973,1.586304783821106,2.02091121673584,0.866934597492218,-3.066648244857788,-0.5419201254844666,-1.281986117362976
54.60145592689514,2.7133913040161133,-0.5306445360183716,-3.0940827106448556,3.5550498962402344,2.880626916885376,1.5677891969680786,2.0572519302368164,0.907086968421936,-3.0912675857543945,-0.5176693797111511,-1.3229775428771973
54.6504442691803,2.6996545791625977,-0.5321849584579468,-3.110608644048173,3.5882551670074463,2.8601529598236084,1.5477604866027832,2.0928468704223633,0.9482027292251587,-3.1129868030548096,-0.4951895475387573,-1.363994836807251
54.70243287086487,2.6847126483917236,-0.5341405868530273,-3.129093918719777,3.621251106262207,2.84147047996521,1.5256190299987793,2.127747058868408,0.9895658493041992,-3.1335289478302,-0.47407266497612,-1.4063185453414917
54.75009369850159,2.670095682144165,-0.5356179475784302,3.1363545518870866,3.65344500541687,2.824714422225952,1.5013930797576904,2.1608951091766357,1.0309507846832275,-3.153313636779785,-0.45493102073669434,-1.4484829902648926
54.800631046295166,2.6558239459991455,-0.5370061993598938,3.11929642644066,3.683958053588867,2.8089053630828857,1.4756875038146973,2.1908915042877197,1.0732686519622803,-3.172016143798828,-0.4378814697265625,-1.4887723922729492
54.851208448410034,2.6414332389831543,-0.5380227565765381,3.102784109457082,3.7131075859069824,2.7930073738098145,1.4488873481750488,2.2176802158355713,1.1164902448654175,-3.1886041164398193,-0.42099812626838684,-1.52772057056427
54.90054249763489,2.6269655227661133,-0.5386755466461182,3.0851875807903997,3.7426087856292725,2.7761788368225098,1.4206383228302002,2.241605281829834,1.16056227684021,-3.201976776123047,-0.4033544957637787,-1.5668288469314575
54.95116209983826,2.6120846271514893,-0.5389951467514038,3.0700787491038715,3.7730395793914795,2.7585580348968506,1.3909378051757812,2.2628908157348633,1.2050666809082031,-3.2126688957214355,-0.38554632663726807,-1.6062227487564087
55.00040245056152,2.5972628593444824,-0.5387895703315735,3.0555231955973285,3.8045711517333984,2.7401328086853027,1.359642744064331,2.2807509899139404,1.2499181032180786,-3.2202908992767334,-0.36839115619659424,-1.6456726789474487
55.04977369308472,2.5845766067504883,-0.5387479066848755,3.0432304027870285,3.835421085357666,2.7222065925598145,1.3287345170974731,2.2941794395446777,1.2935230731964111,-3.225659132003784,-0.3530043363571167,-1.6836885213851929
55.100801944732666,2.5690183639526367,-0.5379888415336609,3.0292885922271005,3.8712730407714844,2.702244997024536,1.2925727367401123,2.3054676055908203,1.343253254890442,-3.2300400733947754,-0.3364487886428833,-1.7265217304229736
55.14972972869873,2.5561063289642334,-0.537155270576477,3.019593611767992,3.9057817459106445,2.6843481063842773,1.2574392557144165,2.3135385513305664,1.3892208337783813,-3.234835624694824,-0.32128310203552246,-1.7655200958251953
55.20092582702637,2.542938709259033,-0.535916268825531,3.012177934394894,3.940577268600464,2.6673710346221924,1.2221051454544067,2.320185661315918,1.4345144033432007,-3.240980386734009,-0.3071869909763336,-1.803295373916626
55.24952006340027,2.531262159347534,-0.5343120694160461,3.0079925258862925,3.9751675128936768,2.6509175300598145,1.1866480112075806,2.326704978942871,1.4794672727584839,-3.249145984649658,-0.2938445806503296,-1.8402210474014282
55.29998230934143,2.5204970836639404,-0.5325354337692261,3.006199944533017,4.009700298309326,2.6341583728790283,1.152214527130127,2.333742380142212,1.5234729051589966,-3.257476568222046,-0.2768973410129547,-1.8780171871185303
55.34988856315613,2.5105032920837402,-0.5307021737098694,3.007747620739779,4.043439865112305,2.616966724395752,1.1180505752563477,2.340559244155884,1.5659005641937256,-3.266517162322998,-0.25662750005722046,-1.9152113199234009
55.40002942085266,2.5017337799072266,-0.5286761522293091,3.013075637378183,4.076050281524658,2.5989599227905273,1.0836730003356934,2.347031593322754,1.6069717407226562,-3.2761359214782715,-0.23579031229019165,-1.948994755744934
55.44986152648926,2.4938697814941406,-0.5265195369720459,3.0206769961448865,4.108148097991943,2.577075719833374,1.0492680072784424,2.3526222705841064,1.6478666067123413,-3.285221815109253,-0.21598844230175018,-1.9798953533172607
55.50007629394531,2.4857394695281982,-0.524287760257721,3.0311407323823887,4.1384968757629395,2.552140474319458,1.0153084993362427,2.35713529586792,1.6892915964126587,-3.294692277908325,-0.19566595554351807,-2.010371208190918
55.54998302459717,2.4776182174682617,-0.522291898727417,3.0417560393704473,4.167124271392822,2.524533748626709,0.9809679388999939,2.360382318496704,1.731227159500122,-3.3044235706329346,-0.17322053015232086,-2.041816234588623
55.60098433494568,2.4696145057678223,-0.5203869342803955,3.052075808572287,4.192911624908447,2.4966890811920166,0.9454467296600342,2.3626708984375,1.7747520208358765,-3.3127920627593994,-0.14892931282520294,-2.073298692703247
55.65102291107178,2.4605584144592285,-0.5183703899383545,3.0615916127244422,4.216553688049316,2.4670932292938232,0.907882571220398,2.363983392715454,1.8195655345916748,-3.325148820877075,-0.1228342205286026,-2.103628396987915
55.70013236999512,2.45082950592041,-0.5165298581123352,3.0711179208039012,4.238629341125488,2.4344727993011475,0.8690328598022461,2.3646178245544434,1.8627712726593018,-3.338468074798584,-0.09363795071840286,-2.132889986038208
55.75011944770813,2.44270658493042,-0.5149523615837097,3.079438704208376,4.254807472229004,2.406888008117676,0.8384215235710144,2.3645682334899902,1.8940569162368774,-3.350179672241211,-0.06842946261167526,-2.155322551727295
55.80025815963745,2.4298031330108643,-0.5122319459915161,3.0910579661826025,4.276639938354492,2.362510919570923,0.7917748689651489,2.364105701446533,1.9410898685455322,-3.3644139766693115,-0.025663012638688087,-2.188790798187256
55.850231409072876,2.417419195175171,-0.5099608302116394,3.1019961720014106,4.29325532913208,2.3196258544921875,0.7484341263771057,2.3635056018829346,1.983249545097351,-3.375764846801758,0.014568912796676159,-2.2181153297424316
55.899632692337036,2.4099550247192383,-0.5086454749107361,3.109063711094698,4.30139684677124,2.293834686279297,0.7228606939315796,2.3631808757781982,2.0079915523529053,-3.382354259490967,0.0360616035759449,-2.2340383529663086
55.94990944862366,2.394651174545288,-0.5060604810714722,3.1244011834435783,4.314791202545166,2.2414181232452393,0.6741793155670166,2.3621044158935547,2.055750608444214,-3.395042896270752,0.07374250143766403,-2.2638001441955566
56.000478744506836,2.3782706260681152,-0.5035902857780457,-3.141033646375471,4.327359199523926,2.1836249828338623,0.6235671639442444,2.3597536087036133,2.10805082321167,-3.4043467044830322,0.11270579695701599,-2.2974302768707275
56.05020880699158,2.3649046421051025,-0.5015493631362915,-3.126138148794034,4.3365159034729,2.1401469707489014,0.5829378366470337,2.355131149291992,2.151745557785034,-3.4094650745391846,0.14425259828567505,-2.326409339904785
56.10112166404724,2.3505680561065674,-0.4997236430644989,-3.107589470130758,4.3452372550964355,2.1015625,0.5430027842521667,2.347700595855713,2.1947097778320312,-3.413585901260376,0.17398521304130554,-2.3553152084350586
56.150392055511475,2.3379204273223877,-0.4980572462081909,-3.090790476121886,4.35461950302124,2.066901206970215,0.5060522556304932,2.338179349899292,2.2327492237091064,-3.4118189811706543,0.2005971074104309,-2.3817901611328125
56.20073580741882,2.3233823776245117,-0.4961625635623932,-3.0686415620355123,4.365838050842285,2.030102252960205,0.46713680028915405,2.325521230697632,2.2717909812927246,-3.41003155708313,0.23066100478172302,-2.410769462585449
56.250346183776855,2.3101484775543213,-0.4947422742843628,-3.0467136256959204,4.376304626464844,1.9984599351882935,0.433992862701416,2.313246965408325,2.305171012878418,-3.405923366546631,0.25777575373649597,-2.436694622039795
56.29999232292175,2.2965471744537354,-0.49325835704803467,-3.0210193457440706,4.388669490814209,1.9638830423355103,0.39799612760543823,2.298152208328247,2.3386354446411133,-3.4012069702148438,0.2875056266784668,-2.466073513031006
56.35035729408264,2.2833218574523926,-0.4919740557670593,-2.992744212000715,4.400304317474365,1.9321335554122925,0.3663474917411804,2.282824754714966,2.3694615364074707,-3.3964288234710693,0.31323936581611633,-2.493257999420166
56.40057969093323,2.270662546157837,-0.4904794991016388,-2.9618070755415253,4.413181304931641,1.8976271152496338,0.3342522978782654,2.2643094062805176,2.4004297256469727,-3.3900818824768066,0.3401332497596741,-2.5229899883270264
56.45020842552185,2.2574357986450195,-0.4891599714756012,-2.9269395534830025,4.427359580993652,1.8602970838546753,0.3026564419269562,2.2421188354492188,2.4341535568237305,-3.3794078826904297,0.3676438331604004,-2.5534677505493164
56.500511169433594,2.2447943687438965,-0.4882964491844177,-2.891671256332065,4.4419169425964355,1.824096441268921,0.27541854977607727,2.2186291217803955,2.467855930328369,-3.3646697998046875,0.3927343189716339,-2.582225799560547
56.5526864528656,2.2323238849639893,-0.4876652956008911,-2.8567105963108466,4.458412170410156,1.787355899810791,0.25000739097595215,2.1933889389038086,2.5045154094696045,-3.347554922103882,0.4166788160800934,-2.6113789081573486
56.60045528411865,2.219578981399536,-0.48772135376930237,-2.8207488232582514,4.477322578430176,1.7504445314407349,0.22551818192005157,2.167175769805908,2.542351722717285,-3.326667308807373,0.4414554834365845,-2.639402151107788
56.650465965270996,2.2077698707580566,-0.4883231520652771,-2.7867871122102486,4.49650764465332,1.7159699201583862,0.20233884453773499,2.143606424331665,2.5793464183807373,-3.3090033531188965,0.46764075756073,-2.6644909381866455
56.7009756565094,2.194279670715332,-0.48945143818855286,-2.749998691730655,4.518383502960205,1.677225947380066,0.17686335742473602,2.1203460693359375,2.6207869052886963,-3.289979934692383,0.4989947974681854,-2.6902873516082764
56.75079894065857,2.1809496879577637,-0.4913419187068939,-2.715061443615142,4.539514541625977,1.6412088871002197,0.15267883241176605,2.0999107360839844,2.6602702140808105,-3.2732553482055664,0.527464747428894,-2.7113332748413086
56.79987597465515,2.1681599617004395,-0.49330946803092957,-2.678658055466709,4.5601420402526855,1.6062908172607422,0.12776872515678406,2.0795912742614746,2.699068546295166,-3.2573721408843994,0.5553041696548462,-2.7300281524658203
56.85057592391968,2.155482769012451,-0.4956400990486145,-2.640171611007971,4.577899932861328,1.5700879096984863,0.10304412990808487,2.059418201446533,2.7360005378723145,-3.2432749271392822,0.5857627391815186,-2.7484428882598877
56.90014886856079,2.143772840499878,-0.4974605441093445,-2.60506585182732,4.591984272003174,1.5312212705612183,0.07877684384584427,2.039271116256714,2.769439935684204,-3.230644941329956,0.618336021900177,-2.7658324241638184
56.95006275177002,2.1307051181793213,-0.5005449652671814,-2.564102719207512,4.602816581726074,1.4906086921691895,0.05441141873598099,2.018651008605957,2.8004205226898193,-3.219712495803833,0.6515597701072693,-2.7817158699035645
57.000245094299316,2.119236946105957,-0.5038290619850159,-2.5233868838114395,4.612049579620361,1.4497301578521729,0.028537165373563766,1.9971619844436646,2.829862117767334,-3.209873676300049,0.6853125691413879,-2.7958810329437256
57.04987406730652,2.1079905033111572,-0.5073477029800415,-2.482999323475821,4.6190667152404785,1.4090659618377686,0.0011225289199501276,1.9746055603027344,2.8597733974456787,-3.199244976043701,0.7205814123153687,-2.808293104171753
57.10102319717407,2.098397731781006,-0.51083904504776,-2.447829200899743,4.623180866241455,1.371511459350586,-0.024286000058054924,1.9541664123535156,2.885983467102051,-3.1890416145324707,0.7539365291595459,-2.8179776668548584
57.150113582611084,2.0865108966827393,-0.5158172845840454,-2.40398418331282,4.626860618591309,1.3232110738754272,-0.05736533924937248,1.9280200004577637,2.9191348552703857,-3.175137519836426,0.7976335287094116,-2.8285837173461914
57.201099157333374,2.075289726257324,-0.5208523273468018,-2.363413496877808,4.627673625946045,1.2789053916931152,-0.08799245953559875,1.9043728113174438,2.950425148010254,-3.163731813430786,0.8348352909088135,-2.837641716003418
57.250168800354004,2.0647523403167725,-0.5265855193138123,-2.3201339424630656,4.6253509521484375,1.2340415716171265,-0.11902519315481186,1.880623459815979,2.983750581741333,-3.1537675857543945,0.8685972094535828,-2.847013473510742
57.3003363609314,2.053694009780884,-0.5326558947563171,-2.280044991698549,4.620040416717529,1.191778540611267,-0.14827485382556915,1.8581056594848633,3.0160348415374756,-3.1454217433929443,0.9005343914031982,-2.8573873043060303
57.35209083557129,2.0415396690368652,-0.5401045680046082,-2.2345922942819425,4.611868381500244,1.1433453559875488,-0.18133550882339478,1.8324602842330933,3.0525665283203125,-3.13661527633667,0.9366016387939453,-2.8704771995544434
57.40222978591919,2.0301005840301514,-0.5479094386100769,-2.1917137619358615,4.602842807769775,1.0957667827606201,-0.21169719099998474,1.8075401782989502,3.0863475799560547,-3.1286838054656982,0.9691197276115417,-2.8845508098602295
57.45065140724182,2.0191807746887207,-0.5558678507804871,-2.152986905869072,4.59376335144043,1.0505610704421997,-0.24035398662090302,1.7823783159255981,3.11962890625,-3.121138095855713,1.0002405643463135,-2.8985300064086914
57.500730991363525,2.0083043575286865,-0.5651842355728149,-2.111826552293083,4.586446762084961,1.0086712837219238,-0.2675812244415283,1.7565193176269531,3.153956651687622,-3.1123008728027344,1.0317137241363525,-2.9117953777313232
57.54977536201477,1.9982266426086426,-0.5744120478630066,-2.0709018953440257,4.581803321838379,0.9673925638198853,-0.29276031255722046,1.7299913167953491,3.189279079437256,-3.1018786430358887,1.0629414319992065,-2.924184560775757
57.6009566783905,1.9889249801635742,-0.5837881565093994,-2.0313537603750387,4.5801310539245605,0.9262354969978333,-0.3156740367412567,1.703620433807373,3.2247583866119385,-3.0889060497283936,1.0937809944152832,-2.936725616455078
57.650190114974976,1.980148434638977,-0.5929165482521057,-1.993147367198044,4.581109046936035,0.8865963816642761,-0.3365505635738373,1.6774295568466187,3.25958514213562,-3.07281231880188,1.1242302656173706,-2.9500930309295654
57.70111346244812,1.9720993041992188,-0.6018890142440796,-1.9563905185193835,4.58408260345459,0.8480975031852722,-0.3563130795955658,1.6507573127746582,3.291010618209839,-3.0551581382751465,1.1531164646148682,-2.9644689559936523
57.75106120109558,1.9645894765853882,-0.6108044385910034,-1.9225552371383376,4.588273525238037,0.8093671798706055,-0.3749505877494812,1.6232141256332397,3.3177998065948486,-3.0375685691833496,1.1804076433181763,-2.9781100749969482
57.800474643707275,1.9575200080871582,-0.6202603578567505,-1.8876016759031071,4.5934367179870605,0.7702047824859619,-0.3922646939754486,1.5943487882614136,3.3396923542022705,-3.021749496459961,1.2076648473739624,-2.9901177883148193
57.85250735282898,1.9512457847595215,-0.6293794512748718,-1.854246920124071,4.599648952484131,0.7306439876556396,-0.4069298505783081,1.5642900466918945,3.3576009273529053,-3.0066077709198,1.2338930368423462,-3.0012779235839844
57.90131878852844,1.9456729888916016,-0.6383922100067139,-1.826151846101337,4.607170104980469,0.6904855370521545,-0.4185057282447815,1.532930612564087,3.370570659637451,-2.98972487449646,1.2592095136642456,-3.0108487606048584
57.9511661529541,1.9397640228271484,-0.6483811736106873,-1.795976115452899,4.616764545440674,0.6498901844024658,-0.4276828467845917,1.500585913658142,3.3796632289886475,-2.9699959754943848,1.2838996648788452,-3.0179390907287598
58.00058102607727,1.9352436065673828,-0.6578367352485657,-1.7686368015923342,4.629164695739746,0.6101201772689819,-0.4353932738304138,1.4676904678344727,3.385967969894409,-2.9485111236572266,1.3069454431533813,-3.0223536491394043
58.04967761039734,1.9302741289138794,-0.6674482226371765,-1.7420333628307618,4.644007682800293,0.5702670812606812,-0.44208452105522156,1.4348796606063843,3.389821767807007,-2.9252734184265137,1.3295493125915527,-3.0236337184906006
58.100871324539185,1.9257724285125732,-0.6772857904434204,-1.7175216872293777,4.659597396850586,0.53085857629776,-0.44909200072288513,1.4031307697296143,3.391038179397583,-2.901716709136963,1.3517051935195923,-3.021620988845825
58.15076279640198,1.9218530654907227,-0.6872564554214478,-1.6949582427852856,4.675058841705322,0.49230027198791504,-0.45713376998901367,1.3724079132080078,3.389183521270752,-2.877913475036621,1.3715623617172241,-3.0182671546936035
58.200305700302124,1.9189763069152832,-0.6946331858634949,-1.6796703092353802,4.685170650482178,0.46628043055534363,-0.463483989238739,1.3502826690673828,3.385831117630005,-2.8602488040924072,1.3834704160690308,-3.015045642852783
58.250524044036865,1.9146455526351929,-0.7083581686019897,-1.6561544785253806,4.699458599090576,0.4205540418624878,-0.4752920866012573,1.3106521368026733,3.3764595985412598,-2.8297958374023438,1.4009618759155273,-3.008610725402832
58.30095863342285,1.911756157875061,-0.7187812328338623,-1.6409526179195961,4.707095146179199,0.3856779932975769,-0.48388588428497314,1.2816616296768188,3.3679542541503906,-2.808518648147583,1.413197636604309,-3.0014493465423584
58.35129976272583,1.9085677862167358,-0.7311845421791077,-1.6276452661338323,4.713385105133057,0.3456410765647888,-0.4930078685283661,1.2496827840805054,3.359006881713867,-2.7844619750976562,1.4254481792449951,-2.9927327632904053
58.39991211891174,1.9061359167099,-0.7430013418197632,-1.6142146653523093,4.717527389526367,0.309639036655426,-0.5012485384941101,1.2205666303634644,3.3523268699645996,-2.762223243713379,1.4348715543746948,-2.985290765762329
58.45191287994385,1.9036306142807007,-0.7558951377868652,-1.600605523200531,4.7209367752075195,0.2688899338245392,-0.5105001926422119,1.1867090463638306,3.3470866680145264,-2.7371156215667725,1.4465831518173218,-2.976689100265503
58.50207543373108,1.9014073610305786,-0.7696880102157593,-1.5871734304819227,4.722838401794434,0.23133742809295654,-0.5189763307571411,1.1555161476135254,3.344972848892212,-2.71586012840271,1.458511471748352,-2.968595266342163
58.551278829574585,1.8990375995635986,-0.7840446829795837,-1.572818974994626,4.723917007446289,0.19031108915805817,-0.5285478234291077,1.121519923210144,3.34455943107605,-2.69577693939209,1.4720662832260132,-2.961124897003174
58.60066103935242,1.8968561887741089,-0.8002163171768188,-1.5578686930355339,4.723636627197266,0.1456374228000641,-0.5396212935447693,1.084996223449707,3.3466861248016357,-2.67742657661438,1.4845284223556519,-2.9551889896392822
58.650806188583374,1.8952271938323975,-0.8152124285697937,-1.5460148813250794,4.721489429473877,0.10273926705121994,-0.5504242181777954,1.0500763654708862,3.350207567214966,-2.661376953125,1.494884967803955,-2.948759078979492
58.699503898620605,1.8939546346664429,-0.830517053604126,-1.535759295986883,4.717258453369141,0.06218186765909195,-0.5603511929512024,1.0167975425720215,3.35377836227417,-2.6468100547790527,1.5041122436523438,-2.9410359859466553
58.75239944458008,1.8929475545883179,-0.8484375476837158,-1.5254875202382208,4.7101593017578125,0.017178582027554512,-0.5705068111419678,0.9798324704170227,3.3570497035980225,-2.6300864219665527,1.512283205986023,-2.9320969581604004
58.800482988357544,1.8925257921218872,-0.8652042150497437,-1.5165706200522358,4.701921463012695,-0.026514973491430283,-0.5790956020355225,0.9445129632949829,3.3599298000335693,-2.613795518875122,1.5177401304244995,-2.922912359237671
58.85083341598511,1.8921817541122437,-0.882027804851532,-1.5084580948024051,4.693515777587891,-0.06942085176706314,-0.5862235426902771,0.9094549417495728,3.3637068271636963,-2.597525119781494,1.5196667909622192,-2.913252592086792
58.90066576004028,1.8918545246124268,-0.8980751633644104,-1.5012329757585794,4.686516284942627,-0.10671519488096237,-0.5909968018531799,0.876045823097229,3.3685531616210938,-2.581838369369507,1.5173194408416748,-2.9039711952209473
58.95027542114258,1.891669511795044,-0.9165801405906677,-1.493230439435301,4.6809163093566895,-0.14623959362506866,-0.5935501456260681,0.8382689356803894,3.3758792877197266,-2.5643129348754883,1.5103577375411987,-2.892369508743286
59.000927209854126,1.8915586471557617,-0.9335669279098511,-1.4871121438315087,4.678822994232178,-0.18335287272930145,-0.5926841497421265,0.8022913336753845,3.3848416805267334,-2.5481467247009277,1.5003122091293335,-2.879915714263916
59.05173993110657,1.89162015914917,-0.9507859349250793,-1.4822004834324662,4.680212497711182,-0.21851518750190735,-0.5889609456062317,0.7677341103553772,3.3966281414031982,-2.533116579055786,1.4881095886230469,-2.8656225204467773
59.100764989852905,1.8920434713363647,-0.9692068099975586,-1.4738550447256717,4.683704376220703,-0.25023871660232544,-0.5828396677970886,0.7353672981262207,3.411203384399414,-2.519289970397949,1.473982810974121,-2.8498611450195312
59.150694131851196,1.8927748203277588,-0.9865949153900146,-1.4688486545482082,4.688162803649902,-0.2805328965187073,-0.5740958452224731,0.7043123841285706,3.428593873977661,-2.506254196166992,1.458418369293213,-2.8325326442718506
59.20082879066467,1.8934545516967773,-1.0040106773376465,-1.4651994827744523,4.692528247833252,-0.3130963444709778,-0.5625026822090149,0.6749448776245117,3.4477319717407227,-2.493140697479248,1.442484974861145,-2.8130123615264893
59.25079011917114,1.8943012952804565,-1.0214909315109253,-1.4621445132893764,4.696362018585205,-0.3491881489753723,-0.5476855039596558,0.6476446390151978,3.4669883251190186,-2.4791271686553955,1.4266722202301025,-2.792191743850708
59.30019521713257,1.8955612182617188,-1.039258599281311,-1.461147180892204,4.6999430656433105,-0.38852670788764954,-0.5295896530151367,0.6228591799736023,3.485349655151367,-2.4635438919067383,1.4116389751434326,-2.7709193229675293
59.34948658943176,1.8969058990478516,-1.056946873664856,-1.4599017624364174,4.705323219299316,-0.4300571382045746,-0.5086601972579956,0.6010743379592896,3.5020034313201904,-2.4466004371643066,1.397827386856079,-2.751028060913086
59.4015793800354,1.89818274974823,-1.0745652914047241,-1.4583367584110354,4.713494777679443,-0.4725481867790222,-0.48564496636390686,0.5820402503013611,3.5170860290527344,-2.429685592651367,1.3853938579559326,-2.7327911853790283
59.4528534412384,1.8993853330612183,-1.09236478805542,-1.4570376316826812,4.724066257476807,-0.5143170952796936,-0.46138304471969604,0.5641434192657471,3.5310239791870117,-2.4134576320648193,1.374255657196045,-2.7138705253601074
59.50059747695923,1.9007267951965332,-1.1102397441864014,-1.4562956516709686,4.735608100891113,-0.5563667416572571,-0.43725985288619995,0.5465021133422852,3.543118715286255,-2.397848606109619,1.3642263412475586,-2.694775342941284
59.5509569644928,1.902260184288025,-1.128481149673462,-1.4564168415216971,4.746268272399902,-0.5973745584487915,-0.41412752866744995,0.5288181304931641,3.5530898571014404,-2.3825628757476807,1.354593276977539,-2.678389072418213
59.60011148452759,1.9035131931304932,-1.1465744972229004,-1.4572886172691364,4.755243301391602,-0.6365786194801331,-0.39118877053260803,0.5106163024902344,3.5602002143859863,-2.3674304485321045,1.3461600542068481,-2.6633737087249756
59.651039361953735,1.905112624168396,-1.1649850606918335,-1.458327286783833,4.761568069458008,-0.674472987651825,-0.3678622841835022,0.4918585419654846,3.5636274814605713,-2.3524727821350098,1.338844656944275,-2.647162914276123
59.70135164260864,1.9069571495056152,-1.183396339416504,-1.459985115738367,4.764764308929443,-0.7133086323738098,-0.34396660327911377,0.4736563265323639,3.564042806625366,-2.3377692699432373,1.3329359292984009,-2.629732847213745
59.750908851623535,1.9087259769439697,-1.201719045639038,-1.4623255495534788,4.767151832580566,-0.7529827952384949,-0.3189764618873596,0.4555978775024414,3.561715841293335,-2.3240301609039307,1.3287016153335571,-2.612846612930298
59.80121350288391,1.9106292724609375,-1.2203776836395264,-1.465424771221364,4.767078399658203,-0.7924356460571289,-0.29254335165023804,0.43709796667099,3.5582966804504395,-2.3122153282165527,1.325740098953247,-2.597052812576294
59.849727392196655,1.912655234336853,-1.2389721870422363,-1.469250963221292,4.767149925231934,-0.8305202722549438,-0.2643582224845886,0.4176458716392517,3.554152727127075,-2.3027522563934326,1.3239638805389404,-2.5822880268096924
59.901227712631226,1.914392113685608,-1.2567744255065918,-1.4735787905648035,4.765829086303711,-0.8681243658065796,-0.23490755259990692,0.3979545831680298,3.548470973968506,-2.2945497035980225,1.3237580060958862,-2.5669703483581543
59.95064401626587,1.915575385093689,-1.2716026306152344,-1.4769970019038734,4.763463497161865,-0.9055544137954712,-0.20460538566112518,0.37816452980041504,3.540790319442749,-2.287926435470581,1.3241618871688843,-2.551100969314575
60.00088357925415,1.9176304340362549,-1.2960169315338135,-1.482851150435872,4.759598731994629,-0.9439030885696411,-0.17324182391166687,0.3577670753002167,3.5317625999450684,-2.2839720249176025,1.3243098258972168,-2.5329973697662354
60.05057120323181,1.9188728332519531,-1.3130617141723633,-1.4863614697516148,4.754938125610352,-0.9783343076705933,-0.14486271142959595,0.3395678699016571,3.5222387313842773,-2.2822964191436768,1.3230807781219482,-2.5163733959198
60.100847244262695,1.920290231704712,-1.333413004875183,-1.4906265912126666,4.746808052062988,-1.0215586423873901,-0.10844007134437561,0.316609263420105,3.507188558578491,-2.2819430828094482,1.3198857307434082,-2.493144989013672
60.15110397338867,1.921778917312622,-1.3537194728851318,-1.4950415604555167,4.737595081329346,-1.0592684745788574,-0.07427613437175751,0.29605215787887573,3.4905879497528076,-2.2822153568267822,1.3158011436462402,-2.4695687294006348
60.20065999031067,1.923214316368103,-1.372920036315918,-1.4989133772135403,4.726408958435059,-1.0952075719833374,-0.039339061826467514,0.2763749659061432,3.4721052646636963,-2.2826366424560547,1.3102176189422607,-2.4458072185516357
60.25031805038452,1.9241926670074463,-1.387898325920105,-1.5017447028695492,4.716031074523926,-1.1241521835327148,-0.010329910553991795,0.2615410089492798,3.455061912536621,-2.2823798656463623,1.3042829036712646,-2.4265897274017334
60.300649642944336,1.9255520105361938,-1.4097665548324585,-1.5054752991826224,4.702646255493164,-1.1642963886260986,0.030635513365268707,0.24272708594799042,3.430424213409424,-2.2808377742767334,1.2938730716705322,-2.399036169052124
60.35033392906189,1.9267393350601196,-1.4284600019454956,-1.5081704479509097,4.692182540893555,-1.1976202726364136,0.06656701862812042,0.22880974411964417,3.4092445373535156,-2.2787723541259766,1.283672571182251,-2.373868703842163
60.40010380744934,1.927653431892395,-1.4473340511322021,-1.5100363585629122,4.681338310241699,-1.2316614389419556,0.10301993042230606,0.21708066761493683,3.3875207901000977,-2.2754735946655273,1.2736023664474487,-2.3477602005004883
60.450434923172,1.9283753633499146,-1.4659613370895386,-1.511013414762108,4.670339107513428,-1.2661890983581543,0.13653555512428284,0.20805177092552185,3.3669421672821045,-2.2713985443115234,1.2646865844726562,-2.3252995014190674
60.50515627861023,1.9290891885757446,-1.4852924346923828,-1.5105735519303038,4.658491611480713,-1.3052163124084473,0.17357413470745087,0.2000148743391037,3.344069242477417,-2.2660396099090576,1.2561253309249878,-2.301893711090088
60.55034923553467,1.9293235540390015,-1.5007420778274536,-1.5077755330811873,4.650038242340088,-1.3360202312469482,0.2056913822889328,0.1946885734796524,3.324669122695923,-2.2614033222198486,1.251227855682373,-2.2831451892852783
60.60414528846741,1.929105520248413,-1.5180718898773193,-1.5016280983850399,4.640745639801025,-1.3700469732284546,0.2449859380722046,0.19093197584152222,3.3009231090545654,-2.2552649974823,1.2482044696807861,-2.2621586322784424
60.65252161026001,1.9288873672485352,-1.5329327583312988,-1.493751577794527,4.6319193840026855,-1.4013787508010864,0.2828059196472168,0.19028973579406738,3.277744770050049,-2.248176097869873,1.2474545240402222,-2.2446343898773193
60.702314138412476,1.9284896850585938,-1.546027421951294,-1.482882745284366,4.622396945953369,-1.4332846403121948,0.3214302062988281,0.19309476017951965,3.2544047832489014,-2.239567756652832,1.2478126287460327,-2.2294607162475586
60.7563157081604,1.9279859066009521,-1.5580676794052124,-1.4683352250307333,4.61144495010376,-1.4689964056015015,0.36342307925224304,0.19962242245674133,3.23126482963562,-2.229175567626953,1.2494410276412964,-2.215763807296753
60.82389569282532,1.9273468255996704,-1.5671862363815308,-1.4524777152672026,4.599813938140869,-1.5039892196655273,0.4043430685997009,0.20802855491638184,3.2125325202941895,-2.2179129123687744,1.2522536516189575,-2.204691171646118
60.86013317108154,1.9264415502548218,-1.5747982263565063,-1.432833783970393,4.588690280914307,-1.5376770496368408,0.4431602656841278,0.2166103720664978,3.1975975036621094,-2.2056174278259277,1.2556601762771606,-2.1967203617095947
60.9061439037323,1.9253816604614258,-1.581939697265625,-1.4073458563321597,4.577059268951416,-1.5760129690170288,0.4850976765155792,0.22519651055335999,3.182554006576538,-2.189274549484253,1.2602815628051758,-2.1907870769500732
60.96537756919861,1.9241697788238525,-1.5873615741729736,-1.382503323188257,4.567781925201416,-1.6117045879364014,0.5234456658363342,0.2319285273551941,3.1682980060577393,-2.1715168952941895,1.2655969858169556,-2.186854600906372
61.012932538986206,1.9234110116958618,-1.5928360223770142,-1.3590959004625272,4.5595011711120605,-1.6477054357528687,0.5616596937179565,0.23795439302921295,3.152618885040283,-2.152458667755127,1.2723876237869263,-2.182374954223633
61.06250762939453,1.9226899147033691,-1.5984656810760498,-1.3365145229697095,4.552493572235107,-1.6839240789413452,0.5993229746818542,0.24339324235916138,3.1352264881134033,-2.1333189010620117,1.2797696590423584,-2.177361488342285
61.11520051956177,1.92194402217865,-1.6032686233520508,-1.3135219173084778,4.545806407928467,-1.7198553085327148,0.6353157162666321,0.24837876856327057,3.117277145385742,-2.115467071533203,1.2866634130477905,-2.1711645126342773
61.16504430770874,1.9211487770080566,-1.609395146369934,-1.2854475590481784,4.538186550140381,-1.7551822662353516,0.6704263091087341,0.25286775827407837,3.0988693237304688,-2.0985617637634277,1.292799711227417,-2.1628079414367676
61.2065486907959,1.9202529191970825,-1.6149322986602783,-1.2566007833504307,4.527495384216309,-1.7906792163848877,0.7063245177268982,0.25699642300605774,3.0796308517456055,-2.0823731422424316,1.2973120212554932,-2.151852607727051
61.262741565704346,1.919451355934143,-1.620468258857727,-1.2255127593928654,4.513766765594482,-1.8268911838531494,0.7434538006782532,0.2607182562351227,3.059370756149292,-2.0672712326049805,1.298649787902832,-2.1393187046051025
61.31374955177307,1.9173680543899536,-1.6235740184783936,-1.1940566964370718,4.497616291046143,-1.8624439239501953,0.7811903357505798,0.26405417919158936,3.0392913818359375,-2.0539567470550537,1.2961668968200684,-2.126746416091919
61.39464831352234,1.91684091091156,-1.6288278102874756,-1.1599264708352626,4.479699611663818,-1.8959718942642212,0.8194640874862671,0.26652130484580994,3.019717216491699,-2.04240083694458,1.2900328636169434,-2.1148314476013184
61.44248723983765,1.9155365228652954,-1.631580114364624,-1.1316198224411362,4.4645514488220215,-1.9204602241516113,0.8497592210769653,0.26746779680252075,3.0042688846588135,-2.0338568687438965,1.2839152812957764,-2.1045267581939697
61.52043652534485,1.91426420211792,-1.6366952657699585,-1.0829081297478058,4.438140392303467,-1.9584147930145264,0.8984649181365967,0.267616868019104,2.9796066284179688,-2.0217032432556152,1.2713239192962646,-2.0868356227874756
61.54077410697937,1.91426420211792,-1.6366952657699585,-1.0829081297478058,4.438140392303467,-1.9584147930145264,0.8984649181365967,0.267616868019104,2.9796066284179688,-2.0217032432556152,1.2713239192962646,-2.0868356227874756
61.57897710800171,1.9111762046813965,-1.6440730094909668,-0.9958907351722465,4.388083457946777,-2.0237538814544678,0.979873776435852,0.26655447483062744,2.9385457038879395,-2.0056540966033936,1.2461779117584229,-2.060018301010132
61.669538259506226,1.9108366966247559,-1.650059461593628,-0.9433568189727225,4.358959197998047,-2.056856870651245,1.0201112031936646,0.2672845423221588,2.9173967838287354,-2.000159978866577,1.2338283061981201,-2.0472824573516846
61.73223805427551,1.9108366966247559,-1.650059461593628,-0.9433568189727225,4.358959197998047,-2.056856870651245,1.0201112031936646,0.2672845423221588,2.9173967838287354,-2.000159978866577,1.2338283061981201,-2.0472824573516846
61.80297660827637,1.906565546989441,-1.6545841693878174,-0.865964680210217,4.310848712921143,-2.1038148403167725,1.0827370882034302,0.2704688012599945,2.883485794067383,-1.9938498735427856,1.2172720432281494,-2.028270959854126
61.80541634559631,1.9049603939056396,-1.6597408056259155,-0.8030954690652281,4.268813610076904,-2.137301206588745,1.1342649459838867,0.2741660475730896,2.8550541400909424,-1.9896888732910156,1.205538272857666,-2.014965534210205
61.8499915599823,1.9037007093429565,-1.669538974761963,-0.6921976494248964,4.193480968475342,-2.1911509037017822,1.2188841104507446,0.28075000643730164,2.807868719100952,-1.981297492980957,1.1873843669891357,-1.9999432563781738
61.90003252029419,1.903113603591919,-1.6729729175567627,-0.648359761777381,4.161381721496582,-2.2161476612091064,1.2579901218414307,0.28442731499671936,2.7870633602142334,-1.9742412567138672,1.179718017578125,-1.9945991039276123
61.950989961624146,1.903089165687561,-1.6767477989196777,-0.6079454012513058,4.1285600662231445,-2.2429707050323486,1.2980200052261353,0.2888273298740387,2.7674190998077393,-1.9650533199310303,1.1729848384857178,-1.990376353263855
62.00023436546326,1.9033079147338867,-1.679962396621704,-0.5693914226407377,4.0972137451171875,-2.2724692821502686,1.3384910821914673,0.2942278981208801,2.7498202323913574,-1.9539505243301392,1.1668020486831665,-1.9879602193832397
62.051074266433716,1.9035269021987915,-1.6832118034362793,-0.5318008373024852,4.065303802490234,-2.30230712890625,1.3796194791793823,0.3010418117046356,2.734269618988037,-1.9414100646972656,1.1606234312057495,-1.985502004623413
62.100043058395386,1.903865098953247,-1.6864427328109741,-0.49432095605670523,4.03629732131958,-2.3325765132904053,1.421203851699829,0.3091453015804291,2.7197272777557373,-1.9276165962219238,1.1515659093856812,-1.9833580255508423
62.15020751953125,1.9040141105651855,-1.6896216869354248,-0.4573212392731677,4.007669448852539,-2.3632242679595947,1.4627282619476318,0.3178423345088959,2.705763339996338,-1.9128105640411377,1.1384825706481934,-1.9819483757019043
62.20116662979126,1.9011790752410889,-1.6921439170837402,-0.42426287048378636,3.9787638187408447,-2.393843412399292,1.5037604570388794,0.3270358145236969,2.693333387374878,-1.897912859916687,1.1199772357940674,-1.982696771621704
62.25084614753723,1.9006410837173462,-1.6950193643569946,-0.3885820646336289,3.948294162750244,-2.425363540649414,1.5442695617675781,0.3362081050872803,2.6831283569335938,-1.8834902048110962,1.0968328714370728,-1.9853849411010742
62.30060029029846,1.9015614986419678,-1.697951316833496,-0.35434684395904054,3.917802572250366,-2.458590269088745,1.5845551490783691,0.343482106924057,2.673976421356201,-1.8682233095169067,1.0701656341552734,-1.9888345003128052
62.34994578361511,1.9025683403015137,-1.701042652130127,-0.3222486037144906,3.889324903488159,-2.4911468029022217,1.6225849390029907,0.34873852133750916,2.666816234588623,-1.8530323505401611,1.042423129081726,-1.9920690059661865
62.400187253952026,1.9031410217285156,-1.7038278579711914,-0.2879625176442912,3.858705520629883,-2.5286874771118164,1.6656132936477661,0.3526488244533539,2.66084361076355,-1.8365607261657715,1.0089811086654663,-1.9949201345443726
62.45085906982422,1.9039678573608398,-1.7072497606277466,-0.24636764661830624,3.830094575881958,-2.5641956329345703,1.7061022520065308,0.3551822006702423,2.656924247741699,-1.8224520683288574,0.9749218821525574,-1.9964663982391357
62.49978303909302,1.9041838645935059,-1.710472583770752,-0.20797384564343843,3.801124095916748,-2.5981550216674805,1.744970679283142,0.3571465313434601,2.654175281524658,-1.809220790863037,0.9386403560638428,-1.998408555984497
62.61294746398926,1.9067384004592896,-1.7134807109832764,-0.17243946628810977,3.77209210395813,-2.6310007572174072,1.7836586236953735,0.3589114546775818,2.651700973510742,-1.79628586769104,0.903751015663147,-2.000694751739502
62.67677187919617,1.9067384004592896,-1.7134807109832764,-0.17243946628810977,3.77209210395813,-2.6310007572174072,1.7836586236953735,0.3589114546775818,2.651700973510742,-1.79628586769104,0.903751015663147,-2.000694751739502
62.74552369117737,1.9082449674606323,-1.718453288078308,-0.11551150139198076,3.7246503829956055,-2.678180694580078,1.8464285135269165,0.3603011667728424,2.6495823860168457,-1.7781416177749634,0.8576769232749939,-2.007075071334839
62.811665296554565,1.9111719131469727,-1.7222158908843994,-0.0688140236920009,3.678281545639038,-2.712656021118164,1.901914358139038,0.3594262897968292,2.6482980251312256,-1.7648159265518188,0.8256652355194092,-2.0171775817871094
62.88229179382324,1.91336989402771,-1.725682258605957,-0.03086788599447342,3.6293158531188965,-2.742738962173462,1.9584197998046875,0.3555426299571991,2.6467599868774414,-1.7529120445251465,0.7986811399459839,-2.0313992500305176
62.951597452163696,1.9169988632202148,-1.7279467582702637,0.002583354526019202,3.578037738800049,-2.7716856002807617,2.0185558795928955,0.3487963378429413,2.64469313621521,-1.7424160242080688,0.7754542827606201,-2.0460045337677
63.02322340011597,1.91945481300354,-1.7297433614730835,0.025773282977496148,3.530367851257324,-2.7965736389160156,2.071516275405884,0.34263724088668823,2.6431005001068115,-1.7353042364120483,0.7582618594169617,-2.0575597286224365
63.0926570892334,1.9232014417648315,-1.730719804763794,0.04466890628671888,3.4637680053710938,-2.8254358768463135,2.1374940872192383,0.337405800819397,2.6406705379486084,-1.7283140420913696,0.7399223446846008,-2.0697481632232666
63.161665201187134,1.9248509407043457,-1.7314820289611816,0.05521724743581157,3.402937889099121,-2.844531536102295,2.1934118270874023,0.33615630865097046,2.637436628341675,-1.7228268384933472,0.7276599407196045,-2.0794804096221924
63.230802059173584,1.9252359867095947,-1.7315800189971924,0.05578606824269167,3.3389410972595215,-2.857177257537842,2.2509517669677734,0.33602604269981384,2.633600950241089,-1.7178419828414917,0.719109833240509,-2.089862108230591
63.299233198165894,1.924646258354187,-1.7313610315322876,0.051625640114820036,3.2743115425109863,-2.863497495651245,2.304433584213257,0.3368917405605316,2.6308131217956543,-1.7135508060455322,0.7155612111091614,-2.0990042686462402
63.368720293045044,1.92325758934021,-1.7309465408325195,0.045366908064250616,3.2139670848846436,-2.8697495460510254,2.360133171081543,0.3394213020801544,2.628709316253662,-1.7088420391082764,0.711769700050354,-2.109295606613159
63.439006090164185,1.9224026203155518,-1.7303110361099243,0.03759771189181054,3.154874086380005,-2.880720615386963,2.4196972846984863,0.344582200050354,2.629359722137451,-1.704769492149353,0.7061028480529785,-2.1187777519226074
63.51138091087341,1.9213072061538696,-1.7296087741851807,0.024991254317487433,3.0934946537017822,-2.896256923675537,2.479520559310913,0.3527865409851074,2.632906913757324,-1.7013733386993408,0.6927829384803772,-2.1256086826324463
63.586965560913086,1.919697642326355,-1.728502631187439,0.008234928862080463,3.0341343879699707,-2.9130115509033203,2.5383102893829346,0.36494550108909607,2.637244939804077,-1.6988288164138794,0.6672869324684143,-2.130615472793579
63.65363430976868,1.9190295934677124,-1.726588249206543,-0.014391347484171448,2.970200777053833,-2.928823471069336,2.6003830432891846,0.3798282742500305,2.641511917114258,-1.6978871822357178,0.6328854560852051,-2.131361961364746
63.72339963912964,1.9184523820877075,-1.7247567176818848,-0.03586042992618759,2.9172403812408447,-2.939751625061035,2.6480629444122314,0.3901757597923279,2.644181966781616,-1.6976628303527832,0.6016051173210144,-2.128261089324951
63.791470527648926,1.9176158905029297,-1.7223042249679565,-0.064313351427049,2.8512027263641357,-2.952065944671631,2.7024612426757812,0.3979945480823517,2.645862102508545,-1.6974291801452637,0.5598680973052979,-2.119601011276245
63.86292099952698,1.9165749549865723,-1.7202064990997314,-0.090654305324554,2.783203125,-2.966172933578491,2.756753921508789,0.40152671933174133,2.6455914974212646,-1.698347568511963,0.5150882601737976,-2.10603928565979
63.86538600921631,1.9155094623565674,-1.717042088508606,-0.13096051693615415,2.7207248210906982,-2.9804558753967285,2.805328369140625,0.4030751883983612,2.6433613300323486,-1.7023205757141113,0.4735388159751892,-2.0899200439453125
63.90372157096863,1.91414475440979,-1.7129428386688232,-0.18205491602086943,2.6397030353546143,-2.9950037002563477,2.8720827102661133,0.4033430516719818,2.636160373687744,-1.713391900062561,0.42050012946128845,-2.063990831375122
63.95291328430176,1.9137730598449707,-1.710420846939087,-0.2109473917675232,2.600156545639038,-2.9994704723358154,2.9100899696350098,0.40211135149002075,2.6304640769958496,-1.7213460206985474,0.3956725299358368,-2.048309564590454
64.00085616111755,1.9139964580535889,-1.7079672813415527,-0.24219539631685366,2.55952525138855,-2.9996089935302734,2.948604106903076,0.4000062346458435,2.6242120265960693,-1.7297052145004272,0.37308210134506226,-2.0326449871063232
64.05134677886963,1.914150595664978,-1.7055026292800903,-0.2748487700365459,2.5172204971313477,-2.997251510620117,2.9874489307403564,0.3960919678211212,2.6181986331939697,-1.7379122972488403,0.3519538938999176,-2.0177416801452637
64.10060334205627,1.9141052961349487,-1.7026556730270386,-0.3091703563357723,2.474757432937622,-2.9929006099700928,3.026369333267212,0.3903237581253052,2.6126821041107178,-1.745396614074707,0.3326578438282013,-2.002755641937256
64.15039896965027,1.9146860837936401,-1.7000250816345215,-0.34313984574277556,2.433621644973755,-2.9882586002349854,3.0655531883239746,0.3830140233039856,2.6078662872314453,-1.751287817955017,0.3164677917957306,-1.9854096174240112
64.20003914833069,1.9154984951019287,-1.696744680404663,-0.37560401441843616,2.3929150104522705,-2.9835944175720215,3.1046106815338135,0.3747612535953522,2.6032025814056396,-1.7551218271255493,0.3030896782875061,-1.9659892320632935
64.2520182132721,1.9170937538146973,-1.6950411796569824,-0.4094985166920138,2.3506085872650146,-2.9783716201782227,3.143258571624756,0.36536705493927,2.5983057022094727,-1.7570247650146484,0.2928350567817688,-1.9443188905715942
64.30032229423523,1.9189194440841675,-1.6931178569793701,-0.4391856054971792,2.3067166805267334,-2.9718518257141113,3.1813066005706787,0.35571616888046265,2.5920145511627197,-1.7561559677124023,0.2851032018661499,-1.9215898513793945
64.35013365745544,1.9237918853759766,-1.6928187608718872,-0.4563983638852601,2.2715346813201904,-2.9656267166137695,3.2106845378875732,0.34902891516685486,2.5857105255126953,-1.753340244293213,0.2804699242115021,-1.9034953117370605
64.40064930915833,1.9227886199951172,-1.6907750368118286,-0.48453544286921835,2.2191474437713623,-2.9544897079467773,3.2541298866271973,0.34005042910575867,2.5749239921569824,-1.7456109523773193,0.27564898133277893,-1.8757506608963013
64.45123362541199,1.9248110055923462,-1.690569281578064,-0.5026463318051305,2.172626256942749,-2.9421334266662598,3.2926864624023438,0.3334091305732727,2.565373420715332,-1.7354086637496948,0.2732064425945282,-1.8496047258377075
64.50096487998962,1.9267988204956055,-1.6906371116638184,-0.515106394365893,2.1279335021972656,-2.9270832538604736,3.3274340629577637,0.3280453383922577,2.5561509132385254,-1.7222603559494019,0.27414482831954956,-1.823608636856079
64.5503978729248,1.929969310760498,-1.6916601657867432,-0.5231991456445695,2.08571457862854,-2.913917064666748,3.360333204269409,0.32326382398605347,2.54612135887146,-1.7057087421417236,0.2782730460166931,-1.7958287000656128
64.59967303276062,1.9309688806533813,-1.6922175884246826,-0.5255163397346426,2.0457377433776855,-2.9050817489624023,3.39314341545105,0.31878697872161865,2.534456253051758,-1.6856273412704468,0.27986496686935425,-1.769156575202942
64.65010523796082,1.931683897972107,-1.6927391290664673,-0.5252459032455512,2.003434658050537,-2.8979692459106445,3.4259397983551025,0.314980685710907,2.521531343460083,-1.662643313407898,0.27823159098625183,-1.743685007095337
64.70044898986816,1.931397795677185,-1.6926285028457642,-0.5244548534557169,1.961774468421936,-2.8919355869293213,3.4570810794830322,0.3126976788043976,2.5082828998565674,-1.6379308700561523,0.27523866295814514,-1.7182625532150269
64.74997210502625,1.9312301874160767,-1.692426085472107,-0.524179859570165,1.9251689910888672,-2.886927604675293,3.4847404956817627,0.3124854564666748,2.4960992336273193,-1.614727258682251,0.2723032236099243,-1.6942477226257324
64.80078029632568,1.9309788942337036,-1.692243218421936,-0.5219498508673324,1.8721437454223633,-2.8802945613861084,3.525681734085083,0.31585147976875305,2.476893663406372,-1.5780085325241089,0.26688051223754883,-1.6593549251556396
64.8496675491333,1.9309172630310059,-1.6921758651733398,-0.520761018327575,1.8332008123397827,-2.8761982917785645,3.555250644683838,0.3208651542663574,2.4620909690856934,-1.5495929718017578,0.26103469729423523,-1.6355456113815308
64.89982271194458,1.9306358098983765,-1.691789984703064,-0.5191905679733727,1.783321499824524,-2.871704578399658,3.591484785079956,0.3292807340621948,2.4439797401428223,-1.513198971748352,0.25178661942481995,-1.6055041551589966
64.95063042640686,1.930031418800354,-1.6918010711669922,-0.5169437972654467,1.7375837564468384,-2.8681745529174805,3.6243772506713867,0.3378332853317261,2.4269790649414062,-1.480485439300537,0.2424323558807373,-1.5774221420288086
65.00055074691772,1.9295414686203003,-1.6921112537384033,-0.5121212114332118,1.691130518913269,-2.8654916286468506,3.6571240425109863,0.3460783064365387,2.4112000465393066,-1.4500560760498047,0.23143744468688965,-1.5486217737197876
65.05084133148193,1.9290319681167603,-1.6926747560501099,-0.5070435642693648,1.643743872642517,-2.865373134613037,3.6885855197906494,0.35276857018470764,2.396385431289673,-1.4214049577713013,0.21797704696655273,-1.5191266536712646
65.10005760192871,1.9281429052352905,-1.6929198503494263,-0.4996399951363151,1.5964783430099487,-2.86785626411438,3.718961477279663,0.3574274480342865,2.3813719749450684,-1.3943842649459839,0.20141614973545074,-1.489076852798462
65.15025234222412,1.927567481994629,-1.6934266090393066,-0.49226181648331196,1.5528372526168823,-2.869515895843506,3.747626781463623,0.35925254225730896,2.3670878410339355,-1.3714492321014404,0.18295998871326447,-1.4603732824325562
65.20366621017456,1.925211787223816,-1.6934943199157715,-0.48288910932869616,1.5079089403152466,-2.8714993000030518,3.779531955718994,0.3582901060581207,2.351038694381714,-1.3488743305206299,0.16119441390037537,-1.4281409978866577
65.26151967048645,1.9249050617218018,-1.6939014196395874,-0.47004682620466737,1.4686503410339355,-2.8734726905822754,3.808708667755127,0.3550468683242798,2.3359487056732178,-1.3296712636947632,0.14155283570289612,-1.39693021774292
65.36439228057861,1.9237562417984009,-1.694332480430603,-0.457267856094797,1.4298986196517944,-2.8713793754577637,3.836808204650879,0.3500174582004547,2.322571039199829,-1.3127048015594482,0.12307744473218918,-1.3652961254119873
65.43350529670715,1.9237562417984009,-1.694332480430603,-0.457267856094797,1.4298986196517944,-2.8713793754577637,3.836808204650879,0.3500174582004547,2.322571039199829,-1.3127048015594482,0.12307744473218918,-1.3652961254119873
65.440110206604,1.922109603881836,-1.695961594581604,-0.434303289733127,1.3642834424972534,-2.857527732849121,3.88354754447937,0.3380318582057953,2.3040261268615723,-1.2902369499206543,0.094670370221138,-1.3168333768844604
65.45024466514587,1.9213840961456299,-1.6973570585250854,-0.41213973222497985,1.313049077987671,-2.841364622116089,3.9208340644836426,0.3247743546962738,2.291950225830078,-1.276291012763977,0.08112408965826035,-1.2796775102615356
65.50042676925659,1.9208757877349854,-1.6970058679580688,-0.3926991355127921,1.2754510641098022,-2.828327178955078,3.9477052688598633,0.3113764226436615,2.284364938735962,-1.2676409482955933,0.07498719543218613,-1.2524808645248413
65.54986453056335,1.920445442199707,-1.6983505487442017,-0.37954827425443466,1.2380950450897217,-2.812981605529785,3.973564386367798,0.295301228761673,2.277291774749756,-1.2601701021194458,0.0697314515709877,-1.2274161577224731
65.66424083709717,1.9203842878341675,-1.6993085145950317,-0.3679058757564014,1.2009849548339844,-2.7941157817840576,3.999363422393799,0.2776436507701874,2.270083427429199,-1.2534655332565308,0.06545334309339523,-1.2030599117279053
65.73149824142456,1.9203842878341675,-1.6993085145950317,-0.3679058757564014,1.2009849548339844,-2.7941157817840576,3.999363422393799,0.2776436507701874,2.270083427429199,-1.2534655332565308,0.06545334309339523,-1.2030599117279053
65.7984299659729,1.9206560850143433,-1.701096534729004,-0.3481204184178538,1.1433144807815552,-2.7553629875183105,4.040152549743652,0.24637167155742645,2.2581005096435547,-1.2456101179122925,0.06358489394187927,-1.162304162979126
65.80045104026794,1.9214670658111572,-1.7029039859771729,-0.33268686080687504,1.1018319129943848,-2.7193424701690674,4.071133136749268,0.21708466112613678,2.249976634979248,-1.2435110807418823,0.06580060720443726,-1.128800392150879
65.84989404678345,1.9238499402999878,-1.7060492038726807,-0.3122648866681173,1.0494827032089233,-2.6565299034118652,4.117276668548584,0.16893474757671356,2.2432503700256348,-1.249354362487793,0.07763557881116867,-1.0760265588760376
65.90028595924377,1.9254279136657715,-1.7070748805999756,-0.30545872173695604,1.0267505645751953,-2.6251308917999268,4.1401567459106445,0.146356999874115,2.242633581161499,-1.2560678720474243,0.08753642439842224,-1.0500073432922363
65.95013928413391,1.927528738975525,-1.708039402961731,-0.3014909488635312,1.0043178796768188,-2.5983662605285645,4.161678791046143,0.12618407607078552,2.244014263153076,-1.2639614343643188,0.09963880479335785,-1.0249040126800537
66.00011801719666,1.9282355308532715,-1.7085951566696167,-0.2967706544766121,0.9784729480743408,-2.571551561355591,4.183148384094238,0.10669945180416107,2.246992826461792,-1.2730358839035034,0.1100996732711792,-0.9996088147163391
66.04960012435913,1.92964506149292,-1.7091196775436401,-0.2932288784302444,0.9502453804016113,-2.543026924133301,4.204290866851807,0.0869118794798851,2.251634359359741,-1.282632827758789,0.11708873510360718,-0.9749854803085327
66.10013341903687,1.9304206371307373,-1.7094261646270752,-0.2902434885661259,0.9222866892814636,-2.5138299465179443,4.225338459014893,0.0661768913269043,2.2556331157684326,-1.2927192449569702,0.12399028241634369,-0.9483450055122375
66.15048885345459,1.9309121370315552,-1.7097817659378052,-0.28939741226545906,0.8967424631118774,-2.4862136840820312,4.247015476226807,0.04433393478393555,2.2603344917297363,-1.3030520677566528,0.13063044846057892,-0.9196286201477051
66.20053887367249,1.9304075241088867,-1.7097818851470947,-0.2903075102804844,0.8718685507774353,-2.4607889652252197,4.269655227661133,0.021705105900764465,2.2654762268066406,-1.3138303756713867,0.13611891865730286,-0.8909657001495361
66.2501950263977,1.9301965236663818,-1.7096436023712158,-0.29060847663257844,0.8448066711425781,-2.4363858699798584,4.2936201095581055,-0.0016259425319731236,2.2716879844665527,-1.3250436782836914,0.13910791277885437,-0.8636018633842468
66.30103778839111,1.9302828311920166,-1.709719181060791,-0.29169088321166076,0.8149158954620361,-2.4117724895477295,4.3193230628967285,-0.025581087917089462,2.2766408920288086,-1.3358670473098755,0.1401316374540329,-0.8355649709701538
66.35026097297668,1.9303456544876099,-1.709743857383728,-0.29290788495232734,0.7830240726470947,-2.387315273284912,4.346151351928711,-0.04982228949666023,2.2811508178710938,-1.3451411724090576,0.14007988572120667,-0.8062977194786072
66.40052652359009,1.930789828300476,-1.710010051727295,-0.2954771395441197,0.7492799758911133,-2.364591598510742,4.372685432434082,-0.0738980621099472,2.2855210304260254,-1.3527443408966064,0.13852348923683167,-0.7765622138977051
66.449791431427,1.9316843748092651,-1.7101776599884033,-0.29731451559969635,0.7137488126754761,-2.3437983989715576,4.397615432739258,-0.0976773351430893,2.2893218994140625,-1.358629584312439,0.13456667959690094,-0.7465628981590271
66.49984049797058,1.9331715106964111,-1.7105566263198853,-0.30004811441123036,0.6762716174125671,-2.325011730194092,4.419307708740234,-0.11994139850139618,2.2921788692474365,-1.362679123878479,0.12828560173511505,-0.7158352136611938
66.55079650878906,1.9340388774871826,-1.71065354347229,-0.30318146483822306,0.6400370001792908,-2.308091878890991,4.437076091766357,-0.13934443891048431,2.2941629886627197,-1.365020513534546,0.12023286521434784,-0.6845762729644775
66.60008025169373,1.9343386888504028,-1.7103406190872192,-0.3089042185178784,0.6042719483375549,-2.292334794998169,4.450872421264648,-0.15630435943603516,2.295177459716797,-1.3658100366592407,0.11236117780208588,-0.6531482934951782
66.65003895759583,1.9353530406951904,-1.7105095386505127,-0.318512347665715,0.5681596398353577,-2.276942014694214,4.461129665374756,-0.17056168615818024,2.29374361038208,-1.3656367063522339,0.10520753264427185,-0.6221045255661011
66.6995062828064,1.935646414756775,-1.7100470066070557,-0.32672624440718784,0.5389037728309631,-2.2630884647369385,4.467769622802734,-0.1797066330909729,2.2904200553894043,-1.3638648986816406,0.10077372193336487,-0.596744179725647
66.74985003471375,1.9360512495040894,-1.7089465856552124,-0.3407618834115154,0.5007635951042175,-2.2382102012634277,4.475148677825928,-0.18873471021652222,2.2829599380493164,-1.3582689762115479,0.0978352352976799,-0.5636349320411682
66.80033588409424,1.9366189241409302,-1.707777976989746,-0.3533063013003003,0.47417470812797546,-2.216627836227417,4.479351043701172,-0.1932864785194397,2.2753677368164062,-1.35202956199646,0.09967338293790817,-0.5401570200920105
66.85010623931885,1.938028335571289,-1.70615553855896,-0.3725775836058545,0.44405895471572876,-2.1899003982543945,4.4820356369018555,-0.19620996713638306,2.2641043663024902,-1.3419272899627686,0.10562541335821152,-0.5119789242744446
66.89975953102112,1.9382057189941406,-1.7042603492736816,-0.3880020877762611,0.42107558250427246,-2.170854091644287,4.482015132904053,-0.19550281763076782,2.2536113262176514,-1.3322021961212158,0.11198841035366058,-0.4905349016189575
66.94970750808716,1.940195918083191,-1.7039939165115356,-0.4153568889175296,0.3914504051208496,-2.146912097930908,4.480090618133545,-0.19052991271018982,2.2390215396881104,-1.3188899755477905,0.12135645002126694,-0.4654388427734375
66.99960255622864,1.9420456886291504,-1.70280122756958,-0.43976355402500833,0.3663896918296814,-2.1236791610717773,4.477357387542725,-0.1831982582807541,2.2261106967926025,-1.3074522018432617,0.13134321570396423,-0.4449067711830139
67.04969692230225,1.9458118677139282,-1.7018001079559326,-0.4622357805356531,0.3404569625854492,-2.0943164825439453,4.473676681518555,-0.1716921478509903,2.210209369659424,-1.293399453163147,0.1443457007408142,-0.4224289059638977
67.1005163192749,1.9486615657806396,-1.7012510299682617,-0.4952076630029359,0.3199107348918915,-2.0661611557006836,4.469202518463135,-0.15864825248718262,2.19423246383667,-1.280259132385254,0.15786875784397125,-0.402926504611969
67.14975762367249,1.951182246208191,-1.699248194694519,-0.5301779980265257,0.2995917797088623,-2.0331828594207764,4.462800025939941,-0.14054827392101288,2.1739165782928467,-1.2648626565933228,0.1749434769153595,-0.3828068971633911
67.20150232315063,1.9535497426986694,-1.6977835893630981,-0.5639645288860149,0.28344395756721497,-2.002779483795166,4.45634126663208,-0.12126364558935165,2.1543030738830566,-1.2501777410507202,0.19212475419044495,-0.3670842945575714
67.25060868263245,1.9583083391189575,-1.696866512298584,-0.6069689895232546,0.2686893343925476,-1.9682025909423828,4.449156284332275,-0.09699466079473495,2.130997657775879,-1.2337068319320679,0.21447113156318665,-0.35175201296806335
67.30013918876648,1.9629364013671875,-1.6965886354446411,-0.6473878647836357,0.2597890794277191,-1.9376968145370483,4.443666458129883,-0.07508757710456848,2.1094954013824463,-1.2182440757751465,0.23597732186317444,-0.33870187401771545
67.35002136230469,1.9675700664520264,-1.6964246034622192,-0.6912827476083213,0.254867821931839,-1.9050319194793701,4.438972473144531,-0.05358312278985977,2.0867044925689697,-1.2013885974884033,0.25674310326576233,-0.3244696259498596
67.40088200569153,1.9727020263671875,-1.6967121362686157,-0.7412793513008998,0.251228928565979,-1.8714823722839355,4.432799339294434,-0.03299194574356079,2.06352162361145,-1.182631254196167,0.27546316385269165,-0.3082498013973236
67.45237231254578,1.977239727973938,-1.6961482763290405,-0.7865255975032694,0.24802207946777344,-1.8439637422561646,4.42537784576416,-0.0151751060038805,2.0436110496520996,-1.1657320261001587,0.29369062185287476,-0.2912308871746063
67.50001668930054,1.9832696914672852,-1.6973391771316528,-0.8355037013057643,0.24140365421772003,-1.8128142356872559,4.41671085357666,0.004800488241016865,2.020662546157837,-1.1468831300735474,0.31637194752693176,-0.26911839842796326
67.55136489868164,1.9881584644317627,-1.698441505432129,-0.8788811708439596,0.2325848639011383,-1.7805694341659546,4.408165454864502,0.023318152874708176,1.9991042613983154,-1.1282764673233032,0.3387059271335602,-0.2464866042137146
67.60006737709045,1.9960311651229858,-1.7035048007965088,-0.9173658995029563,0.22255446016788483,-1.7460826635360718,4.398004055023193,0.04133838415145874,1.9788143634796143,-1.108354091644287,0.3607634902000427,-0.22238531708717346
67.64984917640686,2.0022695064544678,-1.7069863080978394,-0.958351496697947,0.2125551551580429,-1.7123451232910156,4.385398864746094,0.05908898264169693,1.9596583843231201,-1.0883581638336182,0.3818097412586212,-0.19480980932712555
67.7005729675293,2.0082192420959473,-1.71104097366333,-0.9925843941189947,0.20188377797603607,-1.6806362867355347,4.369884490966797,0.07641936093568802,1.941100835800171,-1.0680187940597534,0.40043503046035767,-0.1643027812242508
67.75062131881714,2.014295816421509,-1.716719388961792,-1.0220045895821217,0.18990814685821533,-1.6489834785461426,4.351649761199951,0.09307724982500076,1.9219756126403809,-1.046890377998352,0.4170955717563629,-0.13208286464214325
67.80018448829651,2.019841432571411,-1.7228643894195557,-1.0485044558112695,0.1771831512451172,-1.615394949913025,4.331571578979492,0.10967428982257843,1.9022127389907837,-1.0250545740127563,0.43161723017692566,-0.09889785200357437
67.85155606269836,2.02521014213562,-1.7291735410690308,-1.073207617596456,0.16329683363437653,-1.5797797441482544,4.309957981109619,0.12651313841342926,1.8825879096984863,-1.002385139465332,0.4439670741558075,-0.06447701156139374
67.90009093284607,2.030510902404785,-1.7357996702194214,-1.0945894039415889,0.14800693094730377,-1.5422524213790894,4.287346839904785,0.1435912698507309,1.862892508506775,-0.9787511825561523,0.4555051028728485,-0.027751976624131203
67.95030617713928,2.035445213317871,-1.7426015138626099,-1.1127385869277764,0.13125701248645782,-1.503706455230713,4.263712406158447,0.16133148968219757,1.8433674573898315,-0.9542186260223389,0.4682184159755707,0.01066626701503992
68.00087976455688,2.0406131744384766,-1.7501741647720337,-1.1281804622010745,0.11076802015304565,-1.4645447731018066,4.238284587860107,0.18010547757148743,1.824629545211792,-0.928124725818634,0.48202431201934814,0.04884352907538414
68.04982471466064,2.0459160804748535,-1.758192777633667,-1.142108921157555,0.08713562041521072,-1.4269400835037231,4.211979389190674,0.20071379840373993,1.8078835010528564,-0.9012892842292786,0.49397340416908264,0.08295977860689163
68.10088896751404,2.0508944988250732,-1.7664072513580322,-1.154230064726506,0.06310515850782394,-1.3933745622634888,4.188539981842041,0.2211427539587021,1.7931172847747803,-0.8755289912223816,0.5065841674804688,0.11106132715940475
68.15096879005432,2.0562589168548584,-1.7760725021362305,-1.1665806653655821,0.03610667213797569,-1.3566850423812866,4.164676666259766,0.24566519260406494,1.7776248455047607,-0.8467347025871277,0.5250353813171387,0.14074744284152985
68.19991755485535,2.061701536178589,-1.785832166671753,-1.1761086232958409,0.010861690156161785,-1.3235670328140259,4.1446309089660645,0.2711848020553589,1.7622756958007812,-0.8200331926345825,0.5448122024536133,0.1670362502336502
68.24986219406128,2.0666685104370117,-1.7966113090515137,-1.1834628275696906,-0.013349595479667187,-1.2920246124267578,4.127048492431641,0.29788318276405334,1.7456544637680054,-0.7935845255851746,0.5633161664009094,0.19019527733325958
68.29988098144531,2.072096586227417,-1.8078707456588745,-1.189969533006439,-0.035653840750455856,-1.2609591484069824,4.111855983734131,0.32483750581741333,1.7271009683609009,-0.7680240273475647,0.5814638137817383,0.21168389916419983
68.35038495063782,2.0770606994628906,-1.820326805114746,-1.194438794851965,-0.054718516767024994,-1.2281898260116577,4.098111152648926,0.35264846682548523,1.7048356533050537,-0.7440546154975891,0.6015692353248596,0.23336878418922424
68.40037965774536,2.0823779106140137,-1.8337135314941406,-1.1971152654016253,-0.07053637504577637,-1.1940990686416626,4.084947109222412,0.3825223445892334,1.6792879104614258,-0.7222762107849121,0.6237496733665466,0.2559073567390442
68.4498221874237,2.0878050327301025,-1.8479037284851074,-1.1989661337143955,-0.08426186442375183,-1.1599403619766235,4.072220802307129,0.4151119887828827,1.6528745889663696,-0.7031244039535522,0.6480994820594788,0.2791416645050049
68.500333070755,2.0935184955596924,-1.8620494604110718,-1.1991106196231003,-0.096657395362854,-1.1273113489151,4.060304164886475,0.45058637857437134,1.6268112659454346,-0.6866185665130615,0.67445969581604,0.3024680018424988
68.56347703933716,2.099252462387085,-1.877640724182129,-1.200265791755958,-0.10797383636236191,-1.096262812614441,4.049763202667236,0.48851582407951355,1.6005654335021973,-0.6730967164039612,0.7021128535270691,0.3245731294155121
68.6001489162445,2.1053237915039062,-1.8941799402236938,-1.2000848596565699,-0.11830553412437439,-1.0643866062164307,4.040595054626465,0.52864009141922,1.5731308460235596,-0.6617735624313354,0.7312781810760498,0.34505695104599
68.65018224716187,2.111701250076294,-1.9112036228179932,-1.1986543009311024,-0.1271875649690628,-1.030785083770752,4.032617568969727,0.5704926252365112,1.5442843437194824,-0.6518056392669678,0.762016236782074,0.3641436696052551
68.70150232315063,2.11775541305542,-1.928195595741272,-1.197128598049272,-0.1349794864654541,-0.9954858422279358,4.025552749633789,0.6131478548049927,1.5141174793243408,-0.6432446241378784,0.7911877632141113,0.38207483291625977
68.75090837478638,2.123800039291382,-1.945357322692871,-1.194134879523838,-0.1409376561641693,-0.9588484168052673,4.018570899963379,0.6550755500793457,1.482514500617981,-0.6362717747688293,0.8176720142364502,0.3995324671268463
68.80028796195984,2.129422664642334,-1.9622820615768433,-1.1895644422028127,-0.1451810747385025,-0.9209145307540894,4.010568141937256,0.6956788897514343,1.448967456817627,-0.6318626403808594,0.8442590236663818,0.4184700548648834
68.85123634338379,2.1341865062713623,-1.9769798517227173,-1.182589894331269,-0.14719460904598236,-0.8817020654678345,4.001895904541016,0.7357233762741089,1.4140381813049316,-0.6308186054229736,0.8696727752685547,0.4371435344219208
68.9016752243042,2.1393911838531494,-1.9944531917572021,-1.1726778364327537,-0.14666801691055298,-0.8410021066665649,3.992591619491577,0.7757127285003662,1.3786300420761108,-0.6328983306884766,0.892706036567688,0.45534706115722656
68.95137882232666,2.143059253692627,-2.0068182945251465,-1.162794923282572,-0.143693208694458,-0.8048174381256104,3.983405113220215,0.8105838298797607,1.3490432500839233,-0.6366457939147949,0.9115564227104187,0.4712492525577545
69.00301718711853,2.147958755493164,-2.0231006145477295,-1.1467403809987722,-0.13781684637069702,-0.7588886618614197,3.971038818359375,0.8525651097297668,1.3156025409698486,-0.6423329710960388,0.9343143105506897,0.4924297332763672
69.05146479606628,2.151630401611328,-2.0353634357452393,-1.133184671959344,-0.13248591125011444,-0.7204988598823547,3.9595425128936768,0.8879383206367493,1.2875030040740967,-0.6476314663887024,0.9529874324798584,0.5124196410179138
69.1007354259491,2.155343770980835,-2.0476760864257812,-1.1158366184065456,-0.1278817504644394,-0.678138017654419,3.9453632831573486,0.9282664656639099,1.2561075687408447,-0.6537433862686157,0.9725810289382935,0.5371643304824829
69.14997267723083,2.158534049987793,-2.0591726303100586,-1.0968703093750405,-0.12554313242435455,-0.6384924650192261,3.931518316268921,0.9647002816200256,1.228181004524231,-0.6579750776290894,0.9887607097625732,0.5614448189735413
69.20200657844543,2.1617212295532227,-2.0698909759521484,-1.0761289828323408,-0.12475176155567169,-0.5906336307525635,3.914710283279419,1.004731297492981,1.1949481964111328,-0.6617501378059387,1.0057809352874756,0.5910665988922119
69.24966382980347,2.164339542388916,-2.080293893814087,-1.0518039593620707,-0.12628613412380219,-0.5443980693817139,3.897421360015869,1.0413191318511963,1.1599369049072266,-0.6644360423088074,1.0217790603637695,0.6203646659851074
69.30046725273132,2.166398763656616,-2.0893125534057617,-1.0256847843606443,-0.129842609167099,-0.4992143511772156,3.8779184818267822,1.0767685174942017,1.1244345903396606,-0.6665724515914917,1.0378745794296265,0.6493611335754395
69.34964394569397,2.166433334350586,-2.0952084064483643,-0.9988228508874897,-0.13481566309928894,-0.45601096749305725,3.8570284843444824,1.1121970415115356,1.090120792388916,-0.6682869791984558,1.0549348592758179,0.6782185435295105
69.40064573287964,2.1682467460632324,-2.1039438247680664,-0.9660804882468094,-0.14066210389137268,-0.41306397318840027,3.8363001346588135,1.1478078365325928,1.0574175119400024,-0.6705312728881836,1.0713634490966797,0.706263542175293
69.45024871826172,2.1706161499023438,-2.1120948791503906,-0.9355189472173542,-0.14666111767292023,-0.3722013533115387,3.818300485610962,1.1816555261611938,1.0265419483184814,-0.6739597916603088,1.0872331857681274,0.7300369739532471
69.50015115737915,2.1733407974243164,-2.120763063430786,-0.9026557947139879,-0.15398208796977997,-0.3255451023578644,3.8013601303100586,1.2207129001617432,0.9904021620750427,-0.678808331489563,1.107101559638977,0.7528238296508789
69.55003070831299,2.176048755645752,-2.1292243003845215,-0.8686121468965319,-0.16175055503845215,-0.2806633412837982,3.788499116897583,1.2587248086929321,0.9539874196052551,-0.6842201352119446,1.1277354955673218,0.7721518874168396
69.5999207496643,2.1800637245178223,-2.139143705368042,-0.8335672446334121,-0.17031261324882507,-0.23503044247627258,3.778061628341675,1.2966480255126953,0.915707528591156,-0.6897910237312317,1.1490920782089233,0.7905805706977844
69.65044689178467,2.1849005222320557,-2.1487019062042236,-0.8019197362139024,-0.18064755201339722,-0.19011516869068146,3.768648147583008,1.3343924283981323,0.8767390847206116,-0.6945301294326782,1.1703808307647705,0.8088303208351135
69.70021390914917,2.189730167388916,-2.1591899394989014,-0.7644068669249645,-0.192593052983284,-0.14502866566181183,3.759476900100708,1.3726202249526978,0.837268054485321,-0.6983453035354614,1.1922374963760376,0.8271335363388062
69.7533552646637,2.1945812702178955,-2.1691222190856934,-0.7275953056817435,-0.2052754908800125,-0.09828975796699524,3.7506866455078125,1.4120125770568848,0.7966445684432983,-0.6997829675674438,1.2150753736495972,0.8453127145767212
69.79994201660156,2.2003707885742188,-2.179553270339966,-0.6892934103218085,-0.21675972640514374,-0.05194883421063423,3.7425997257232666,1.4524829387664795,0.7552973628044128,-0.6988840103149414,1.2388204336166382,0.8627809286117554
69.85100889205933,2.2071752548217773,-2.189704179763794,-0.6533345423493324,-0.225538432598114,-0.010133625008165836,3.7359280586242676,1.4912539720535278,0.7144232392311096,-0.6986809372901917,1.2626070976257324,0.8775903582572937
69.90111327171326,2.214383363723755,-2.2000973224639893,-0.613035286040247,-0.2324625849723816,0.03791610896587372,3.730637550354004,1.5358902215957642,0.6687033772468567,-0.7005355954170227,1.2898372411727905,0.8919472098350525
69.94975709915161,2.2236454486846924,-2.210773468017578,-0.5735578552861886,-0.23679272830486298,0.08512452244758606,3.726923942565918,1.5787841081619263,0.6276535391807556,-0.7067950367927551,1.317065715789795,0.9023654460906982
70.001957654953,2.230853796005249,-2.21955943107605,-0.536880189412868,-0.2400917261838913,0.1334046870470047,3.7242846488952637,1.6223695278167725,0.5880371928215027,-0.7189711928367615,1.3461284637451172,0.910892128944397
70.04976797103882,2.238316059112549,-2.228018045425415,-0.5013487358167977,-0.2434011697769165,0.18121851980686188,3.7204558849334717,1.6643906831741333,0.550331711769104,-0.7363555431365967,1.3715906143188477,0.9211867451667786
70.1003770828247,2.2454159259796143,-2.235288381576538,-0.47024864523780646,-0.24630042910575867,0.22905099391937256,3.7144436836242676,1.7051044702529907,0.5146617889404297,-0.7572120428085327,1.3944392204284668,0.9337329864501953
70.15020394325256,2.2532575130462646,-2.2419936656951904,-0.4427611661930382,-0.24902287125587463,0.2783340513706207,3.7059667110443115,1.7456769943237305,0.48032429814338684,-0.780217170715332,1.4195383787155151,0.9487303495407104
70.20068907737732,2.2609972953796387,-2.248103380203247,-0.4176549951965825,-0.25165703892707825,0.330118328332901,3.695733070373535,1.7864329814910889,0.44754427671432495,-0.8056368827819824,1.446189284324646,0.9651073217391968
70.25012969970703,2.268047332763672,-2.2535457611083984,-0.396000435506184,-0.2533932328224182,0.37764212489128113,3.6850991249084473,1.8221533298492432,0.4189335107803345,-0.8297873139381409,1.468227505683899,0.9802452325820923
70.30166935920715,2.277204990386963,-2.2598860263824463,-0.36907230359724036,-0.25317665934562683,0.4357493817806244,3.6701762676239014,1.8657881021499634,0.38589465618133545,-0.8609052896499634,1.4917948246002197,1.0006155967712402
70.34968590736389,2.2848410606384277,-2.2655625343322754,-0.3441799179011366,-0.24971818923950195,0.4863849878311157,3.6554322242736816,1.904334306716919,0.3584395945072174,-0.8897233009338379,1.512494683265686,1.0212318897247314
70.40031790733337,2.292691946029663,-2.2711944580078125,-0.3209542705247981,-0.2434098720550537,0.5366536974906921,3.639522075653076,1.9434385299682617,0.3339007496833801,-0.9197086095809937,1.5336799621582031,1.0436782836914062
70.45125794410706,2.300973653793335,-2.2762842178344727,-0.3003154277805436,-0.23746956884860992,0.5817030668258667,3.621774196624756,1.9822241067886353,0.31300556659698486,-0.9493598341941833,1.554621934890747,1.0678755044937134
70.49990367889404,2.3097994327545166,-2.282118558883667,-0.2772113534177931,-0.2348310649394989,0.620988130569458,3.601994752883911,2.0197012424468994,0.2947777807712555,-0.9800586700439453,1.5760282278060913,1.0936338901519775
70.5506238937378,2.317826747894287,-2.287574291229248,-0.2586897148813502,-0.236140638589859,0.6595814228057861,3.5793540477752686,2.054953098297119,0.27900174260139465,-1.0131773948669434,1.5976825952529907,1.120863914489746
70.60120129585266,2.3277649879455566,-2.2924230098724365,-0.24142393070038218,-0.24043624103069305,0.6986232995986938,3.5541763305664062,2.087782144546509,0.263418048620224,-1.0455631017684937,1.6196800470352173,1.1486133337020874
70.65242147445679,2.3382816314697266,-2.2973155975341797,-0.22416312324933435,-0.2452428787946701,0.7388761639595032,3.52754807472229,2.1187353134155273,0.24615512788295746,-1.078396201133728,1.641218662261963,1.176453709602356
70.69960904121399,2.3499960899353027,-2.301656484603882,-0.20979306253243338,-0.2500605583190918,0.7795339822769165,3.501966953277588,2.148625135421753,0.2252623289823532,-1.112357258796692,1.6631498336791992,1.202925205230713
70.74973654747009,2.3612606525421143,-2.306178092956543,-0.19375972583050077,-0.2551100552082062,0.820123553276062,3.479363441467285,2.178685426712036,0.20174475014209747,-1.145588755607605,1.685152530670166,1.2267500162124634
70.80109024047852,2.3747568130493164,-2.3104851245880127,-0.17911929528607898,-0.2607121467590332,0.8612269163131714,3.4591705799102783,2.2095141410827637,0.17770043015480042,-1.1766316890716553,1.7080775499343872,1.2460131645202637
70.85069680213928,2.388495922088623,-2.314664840698242,-0.1640748749836644,-0.2676541805267334,0.9035041928291321,3.4404382705688477,2.241020917892456,0.1548285037279129,-1.2056708335876465,1.7323936223983765,1.2615004777908325
70.9003393650055,2.4004766941070557,-2.3181848526000977,-0.15220021129660155,-0.2746438980102539,0.9390401840209961,3.425031900405884,2.2671961784362793,0.13642281293869019,-1.2289544343948364,1.7532868385314941,1.2719743251800537
70.95125317573547,2.4179253578186035,-2.3233489990234375,-0.13510987283058087,-0.2854858338832855,0.988970935344696,3.4027678966522217,2.3033342361450195,0.11087635159492493,-1.2611232995986938,1.7820985317230225,1.2842578887939453
71.00352478027344,2.4344563484191895,-2.3274624347686768,-0.12103484094955011,-0.2920050024986267,1.0300554037094116,3.3823416233062744,2.334535598754883,0.08873829245567322,-1.289396047592163,1.8067669868469238,1.2931221723556519
71.05130505561829,2.4499425888061523,-2.331401824951172,-0.1086108339096235,-0.29503199458122253,1.0663814544677734,3.360299825668335,2.3665921688079834,0.06555473804473877,-1.3184837102890015,1.8323564529418945,1.3001673221588135
71.10073828697205,2.4655392169952393,-2.334381103515625,-0.09777014368305888,-0.2972602844238281,1.0931051969528198,3.3404324054718018,2.393946647644043,0.04528745263814926,-1.3432728052139282,1.8538556098937988,1.3049991130828857
71.15121173858643,2.486473798751831,-2.3384194374084473,-0.08307973896172129,-0.29906564950942993,1.1277605295181274,3.3111679553985596,2.432579278945923,0.016070254147052765,-1.3779603242874146,1.8850429058074951,1.3088140487670898
71.20009875297546,2.503089666366577,-2.3415825366973877,-0.07232682344473039,-0.29818445444107056,1.1574790477752686,3.2860729694366455,2.4635350704193115,-0.008413738571107388,-1.4058854579925537,1.9109389781951904,1.3082984685897827
71.2503879070282,2.5207061767578125,-2.3443543910980225,-0.06110649921039109,-0.2944442331790924,1.1886402368545532,3.258019208908081,2.495234966278076,-0.03464691340923309,-1.4366605281829834,1.9386825561523438,1.3045079708099365
71.3001081943512,2.5389716625213623,-2.347079277038574,-0.05140678435396519,-0.2892046272754669,1.2172820568084717,3.2289483547210693,2.5253045558929443,-0.0601254366338253,-1.4690368175506592,1.9674453735351562,1.2973488569259644
71.35145950317383,2.556797981262207,-2.3494749069213867,-0.041559354386557924,-0.283873975276947,1.2435615062713623,3.1994974613189697,2.5539636611938477,-0.08542226254940033,-1.501721978187561,1.9955357313156128,1.2901395559310913
71.39996600151062,2.5760271549224854,-2.3519721031188965,-0.03133545696907161,-0.2771853506565094,1.2714613676071167,3.1679394245147705,2.5827672481536865,-0.11176507920026779,-1.5377248525619507,2.0214855670928955,1.285913109779358
71.45208859443665,2.594001054763794,-2.35402512550354,-0.023390684335451,-0.2683185935020447,1.2987587451934814,3.1362955570220947,2.6081860065460205,-0.13419902324676514,-1.5748403072357178,2.0464961528778076,1.283129334449768
71.49957132339478,2.6115903854370117,-2.3556692600250244,-0.0161147470557837,-0.25735700130462646,1.324628233909607,3.104734420776367,2.6300063133239746,-0.15196114778518677,-1.6134185791015625,2.0734331607818604,1.2806084156036377
71.55032896995544,2.6303939819335938,-2.357424736022949,-0.008051657594341186,-0.24185362458229065,1.3523238897323608,3.067859649658203,2.650692939758301,-0.16806943714618683,-1.6588363647460938,2.1040167808532715,1.2789369821548462
71.60003995895386,2.6482198238372803,-2.358982801437378,-0.001038047796468529,-0.2234996259212494,1.3766874074935913,3.0325138568878174,2.665940523147583,-0.17969411611557007,-1.7020045518875122,2.1312766075134277,1.2794885635375977
71.65091466903687,2.6663806438446045,-2.3603644371032715,0.005754488237603565,-0.20205536484718323,1.3993359804153442,2.997589349746704,2.677901029586792,-0.18817906081676483,-1.7447432279586792,2.158412456512451,1.2815461158752441
71.69986820220947,2.6841623783111572,-2.3614184856414795,0.012528365494821433,-0.177750825881958,1.420457124710083,2.9620649814605713,2.6878457069396973,-0.19394268095493317,-1.7873899936676025,2.1872425079345703,1.2846953868865967
71.75068759918213,2.701718807220459,-2.362251043319702,0.01971901347227732,-0.1500704437494278,1.4414548873901367,2.926771402359009,2.695786714553833,-0.19964666664600372,-1.831118106842041,2.2175605297088623,1.2890305519104004
71.79985761642456,2.7189083099365234,-2.3633508682250977,0.025839717537214018,-0.12351960688829422,1.4596136808395386,2.891167163848877,2.7008864879608154,-0.20550201833248138,-1.8752166032791138,2.248853921890259,1.2956225872039795
71.85025644302368,2.7376906871795654,-2.3633735179901123,0.03172911878126318,-0.10074620693922043,1.4767565727233887,2.855365753173828,2.702223539352417,-0.206888347864151,-1.916790246963501,2.281183958053589,1.3042550086975098
71.90031838417053,2.7527692317962646,-2.3649392127990723,0.04038968749296965,-0.07909228652715683,1.4952566623687744,2.8195595741271973,2.699369430541992,-0.2031187266111374,-1.9553195238113403,2.3150110244750977,1.31455659866333
71.95017910003662,2.7700674533843994,-2.3654696941375732,0.046200505827344716,-0.056524477899074554,1.5149104595184326,2.783381462097168,2.693572998046875,-0.19579868018627167,-1.9914528131484985,2.3495359420776367,1.3260993957519531
72.00031876564026,2.787217617034912,-2.365809202194214,0.05272350946124184,-0.03428012877702713,1.533205270767212,2.746506690979004,2.6863880157470703,-0.18601053953170776,-2.0272345542907715,2.383586883544922,1.3382415771484375
72.05076909065247,2.8041391372680664,-2.3662936687469482,0.05885192239402852,-0.012354997918009758,1.5495531558990479,2.709944248199463,2.6803274154663086,-0.1754823625087738,-2.0632424354553223,2.417127847671509,1.3504295349121094
72.09987545013428,2.821915864944458,-2.365669012069702,0.06517007278742659,0.009920299053192139,1.5633940696716309,2.6752686500549316,2.6767587661743164,-0.1667567640542984,-2.098707437515259,2.448507070541382,1.3624612092971802
72.14999294281006,2.838160276412964,-2.365893840789795,0.07191699278985399,0.033784493803977966,1.5751608610153198,2.6416728496551514,2.6741538047790527,-0.1605084389448166,-2.1339786052703857,2.4797537326812744,1.3715105056762695
72.20060229301453,2.8534369468688965,-2.3667564392089844,0.07980031452771989,0.05928804725408554,1.5854430198669434,2.6083085536956787,2.671344518661499,-0.15618547797203064,-2.1692702770233154,2.5125436782836914,1.3765493631362915
72.25048017501831,2.869100570678711,-2.3665637969970703,0.08680306164885147,0.08661753684282303,1.5954253673553467,2.5753285884857178,2.667205572128296,-0.15327014029026031,-2.204059362411499,2.5471417903900146,1.3780903816223145
72.29987835884094,2.884957790374756,-2.3663766384124756,0.09206863065808578,0.11366037279367447,1.6042839288711548,2.5442519187927246,2.6618940830230713,-0.15139052271842957,-2.2356367111206055,2.5794057846069336,1.3783228397369385
72.35315823554993,2.9026241302490234,-2.3657426834106445,0.09998694359621495,0.14403481781482697,1.6148507595062256,2.5091514587402344,2.6542041301727295,-0.14829665422439575,-2.2689783573150635,2.6138432025909424,1.378675937652588
72.40028071403503,2.9197733402252197,-2.365334987640381,0.10619292193127076,0.1702483743429184,1.6271159648895264,2.4742774963378906,2.6457154750823975,-0.14510461688041687,-2.2998223304748535,2.6464250087738037,1.3787997961044312
72.45101809501648,2.93618106842041,-2.3646929264068604,0.1124711475220054,0.19580799341201782,1.6431074142456055,2.437796115875244,2.635977268218994,-0.14207717776298523,-2.33125638961792,2.6796181201934814,1.3788377046585083
72.50134992599487,2.9549317359924316,-2.363339900970459,0.11749308905788895,0.22133754193782806,1.6626214981079102,2.4001996517181396,2.625795364379883,-0.1382800042629242,-2.364445447921753,2.713674783706665,1.3777966499328613
72.55021691322327,2.9706156253814697,-2.36348295211792,0.12555553116583135,0.2483741044998169,1.6826974153518677,2.3616700172424316,2.6145009994506836,-0.13253088295459747,-2.3993282318115234,2.7486541271209717,1.3752634525299072
72.60028147697449,2.989459276199341,-2.3616726398468018,0.1310198818339699,0.277238667011261,1.7018312215805054,2.3227574825286865,2.6020383834838867,-0.12466900795698166,-2.436115026473999,2.7841196060180664,1.3708970546722412
72.64998054504395,3.0065231323242188,-2.360621690750122,0.13853888680096219,0.3058818280696869,1.7205593585968018,2.28344464302063,2.588348150253296,-0.11639628559350967,-2.473872423171997,2.819173574447632,1.3646039962768555
72.70008158683777,3.022324323654175,-2.3604910373687744,0.14712507774100902,0.3351958990097046,1.737951397895813,2.243698835372925,2.573357105255127,-0.1087607890367508,-2.5119590759277344,2.8542983531951904,1.3571853637695312
72.7514922618866,3.0391464233398438,-2.3591504096984863,0.1530340212602108,0.3667716383934021,1.7512924671173096,2.2049026489257812,2.5567424297332764,-0.10072307288646698,-2.550219774246216,2.8858017921447754,1.353466272354126
72.80042314529419,3.054816484451294,-2.3583247661590576,0.15615436855711173,0.3987805247306824,1.7607333660125732,2.1676025390625,2.5379905700683594,-0.09127946943044662,-2.586827516555786,2.916942834854126,1.3525582551956177
72.85051465034485,3.0693418979644775,-2.3571503162384033,0.16226952481398083,0.4296313524246216,1.7672791481018066,2.1317811012268066,2.5166573524475098,-0.08126126974821091,-2.621915578842163,2.952500581741333,1.3528783321380615
72.90091872215271,3.0858078002929688,-2.355515480041504,0.16687439177925414,0.4582735002040863,1.772569179534912,2.09809947013855,2.4924983978271484,-0.0713760256767273,-2.656489133834839,2.9917118549346924,1.3535553216934204
72.94980573654175,3.1018407344818115,-2.352931261062622,0.169317653529031,0.48618873953819275,1.7764066457748413,2.0680108070373535,2.4664671421051025,-0.059114862233400345,-2.6912903785705566,3.0295310020446777,1.3554903268814087
72.99986052513123,3.1152939796447754,-2.3523807525634766,0.17449330656563178,0.5137582421302795,1.7778148651123047,2.043571710586548,2.4412989616394043,-0.043129902333021164,-2.723797559738159,3.062610387802124,1.35932457447052
73.05026173591614,3.128126382827759,-2.3507163524627686,0.17768059638812997,0.5405835509300232,1.7768853902816772,2.023344039916992,2.417443037033081,-0.0240231454372406,-2.7522783279418945,3.093921184539795,1.3639590740203857
73.10058355331421,3.1445717811584473,-2.3484303951263428,0.18294621528685698,0.5757853388786316,1.7718205451965332,2.0000250339508057,2.3845362663269043,0.00445758830755949,-2.783277988433838,3.1362202167510986,1.3710381984710693
73.15016555786133,3.1604886054992676,-2.3463077545166016,0.18654800154764864,0.6054206490516663,1.7637441158294678,1.9830775260925293,2.3548264503479004,0.029944978654384613,-2.803755760192871,3.1733558177948,1.3784736394882202
73.20022583007812,3.1755871772766113,-2.3444409370422363,0.1919081015180514,0.6330143809318542,1.7523038387298584,1.9701834917068481,2.325345993041992,0.05407930165529251,-2.8193318843841553,3.2091565132141113,1.386916995048523
73.2524311542511,3.190483331680298,-2.342878818511963,0.19586606354643774,0.6624744534492493,1.7355310916900635,1.9598171710968018,2.290233612060547,0.08194224536418915,-2.833859443664551,3.250175952911377,1.3968616724014282
73.30068731307983,3.2043886184692383,-2.341008424758911,0.20005454846428525,0.6860256791114807,1.718867301940918,1.9542964696884155,2.2593088150024414,0.10621131956577301,-2.84403395652771,3.28568959236145,1.4043234586715698
73.35051107406616,3.221468687057495,-2.338742733001709,0.20433124858564658,0.7114956378936768,1.697432518005371,1.950734257698059,2.2238881587982178,0.1343330591917038,-2.8535940647125244,3.3250396251678467,1.4119462966918945
73.40036964416504,3.239597797393799,-2.3363113403320312,0.2090733043727768,0.740220844745636,1.6711716651916504,1.9479713439941406,2.184614419937134,0.16616283357143402,-2.8607001304626465,3.364130735397339,1.418264389038086
73.45063972473145,3.2568018436431885,-2.3338005542755127,0.21432292110481885,0.7642343640327454,1.649393916130066,1.9443143606185913,2.151747226715088,0.19398468732833862,-2.8637807369232178,3.3956477642059326,1.4196696281433105
73.5000638961792,3.275388717651367,-2.331385612487793,0.21917135655047587,0.7910861372947693,1.6275036334991455,1.9376918077468872,2.1159090995788574,0.22598543763160706,-2.863614559173584,3.431648015975952,1.4170407056808472
73.55003428459167,3.2940261363983154,-2.328195571899414,0.22433615911518878,0.8170374631881714,1.608708143234253,1.9300445318222046,2.082167863845825,0.25701904296875,-2.8607780933380127,3.465001106262207,1.411878228187561
73.6020336151123,3.3121533393859863,-2.3252451419830322,0.23001661579939128,0.8432459831237793,1.5911872386932373,1.922479271888733,2.0489652156829834,0.28870847821235657,-2.8580167293548584,3.4951765537261963,1.4061076641082764
73.65002965927124,3.3307268619537354,-2.321991205215454,0.23417208123384894,0.8684043288230896,1.5754812955856323,1.9156670570373535,2.016167163848877,0.31963270902633667,-2.856689214706421,3.5236358642578125,1.399917483329773
73.69992637634277,3.3486151695251465,-2.3188443183898926,0.23983894491578023,0.8925794363021851,1.561462640762329,1.9093865156173706,1.982991337776184,0.3499901294708252,-2.856769561767578,3.5526371002197266,1.392875075340271
73.7501151561737,3.366769313812256,-2.3157224655151367,0.24595877344570555,0.9162797331809998,1.547637939453125,1.903520941734314,1.948272466659546,0.3799271583557129,-2.856194496154785,3.581693410873413,1.3850873708724976
73.80067372322083,3.3850951194763184,-2.312396764755249,0.2492718094703671,0.940743088722229,1.5330321788787842,1.897760033607483,1.9120721817016602,0.41106927394866943,-2.8559858798980713,3.6101410388946533,1.3762423992156982
73.84973073005676,3.4046573638916016,-2.3084185123443604,0.2540285946755517,0.9660078287124634,1.5173230171203613,1.8916009664535522,1.8748174905776978,0.4432939887046814,-2.8582558631896973,3.637523889541626,1.3651864528656006
73.90033555030823,3.423839807510376,-2.304856538772583,0.25792420531547167,0.9926100373268127,1.5009795427322388,1.8848259449005127,1.837390661239624,0.4753578007221222,-2.863696336746216,3.6638906002044678,1.3525094985961914
73.94986939430237,3.442026138305664,-2.3012661933898926,0.26203448896859416,1.0205371379852295,1.4850260019302368,1.8778376579284668,1.8008404970169067,0.5059193968772888,-2.8706860542297363,3.6909708976745605,1.337988018989563
74.00124716758728,3.4600119590759277,-2.297285318374634,0.2674479037997042,1.049715280532837,1.4708044528961182,1.8713306188583374,1.7649799585342407,0.5355839133262634,-2.878091812133789,3.7178351879119873,1.3279142379760742
74.05024576187134,3.4784047603607178,-2.2932469844818115,0.2713643450758799,1.0793890953063965,1.4584341049194336,1.865720510482788,1.7289886474609375,0.5649639368057251,-2.88541579246521,3.74397873878479,1.3226146697998047
74.10174489021301,3.4965598583221436,-2.289120674133301,0.2745617613556083,1.1091487407684326,1.4468330144882202,1.8614047765731812,1.6936562061309814,0.5948708653450012,-2.8929860591888428,3.772341728210449,1.3181840181350708
74.15108013153076,3.5149431228637695,-2.2850871086120605,0.2768430885715349,1.1380311250686646,1.4341979026794434,1.8590283393859863,1.6597806215286255,0.6263048052787781,-2.901517629623413,3.803050994873047,1.3136299848556519
74.20138621330261,3.533372402191162,-2.280726194381714,0.27954484501250687,1.165473461151123,1.4207385778427124,1.858005404472351,1.6265524625778198,0.6588184833526611,-2.910715341567993,3.8339717388153076,1.3106564283370972
74.25118923187256,3.550508737564087,-2.2770323753356934,0.28202689140730774,1.1909914016723633,1.40541672706604,1.8587749004364014,1.5935055017471313,0.692560076713562,-2.921787977218628,3.863497495651245,1.3102478981018066
74.3006489276886,3.5684220790863037,-2.2725040912628174,0.28408486117548687,1.2144275903701782,1.3871498107910156,1.8613197803497314,1.5616103410720825,0.726679265499115,-2.9347493648529053,3.8934476375579834,1.3118376731872559
74.35043692588806,3.5853703022003174,-2.2689011096954346,0.2864946424530774,1.2359445095062256,1.3657652139663696,1.8649170398712158,1.5321662425994873,0.7605816721916199,-2.9494361877441406,3.9243111610412598,1.313729166984558
74.40061378479004,3.603109359741211,-2.264293670654297,0.28872247153017183,1.25496506690979,1.3417505025863647,1.8697993755340576,1.5038169622421265,0.7942107915878296,-2.9646456241607666,3.9559569358825684,1.3164079189300537
74.44984316825867,3.6200523376464844,-2.259631395339966,0.2903163383597078,1.2702962160110474,1.3162219524383545,1.8764171600341797,1.4750241041183472,0.8275274038314819,-2.979686975479126,3.9888384342193604,1.3211524486541748
74.49992537498474,3.6366679668426514,-2.2559237480163574,0.2917882427293693,1.2810728549957275,1.2910114526748657,1.884584665298462,1.4471664428710938,0.859227180480957,-2.9917349815368652,4.020707130432129,1.3282612562179565
74.54989004135132,3.6556129455566406,-2.250760078430176,0.2931650391749797,1.289427638053894,1.2600208520889282,1.8960895538330078,1.4161511659622192,0.8940221071243286,-3.0021169185638428,4.0564985275268555,1.3374758958816528
74.60045385360718,3.673924207687378,-2.2463645935058594,0.29305753109772803,1.293951392173767,1.2271416187286377,1.9093042612075806,1.3872984647750854,0.9262628555297852,-3.0090620517730713,4.090054988861084,1.343408226966858
74.64976930618286,3.6932687759399414,-2.2409186363220215,0.29349431594950726,1.2950557470321655,1.1916574239730835,1.9250078201293945,1.358841896057129,0.9591618776321411,-3.013108015060425,4.121419906616211,1.3458738327026367
74.70058012008667,3.7096121311187744,-2.2371294498443604,0.29582237243399845,1.2916454076766968,1.1546310186386108,1.942242980003357,1.3306397199630737,0.9930256009101868,-3.0145652294158936,4.148629665374756,1.344618797302246
74.749591588974,3.7290828227996826,-2.231203079223633,0.29648596219386175,1.2834817171096802,1.1178500652313232,1.9608138799667358,1.3031686544418335,1.0266658067703247,-3.01350474357605,4.172957420349121,1.33961021900177
74.80026316642761,3.747859001159668,-2.2257776260375977,0.29741030657310236,1.2712507247924805,1.0820245742797852,1.9802697896957397,1.2755640745162964,1.059853196144104,-3.0102903842926025,4.195815086364746,1.331551432609558
74.84970903396606,3.765122652053833,-2.221806287765503,0.3010278668677634,1.2566673755645752,1.0472017526626587,1.9992825984954834,1.2471216917037964,1.092905879020691,-3.005279779434204,4.217433452606201,1.3222734928131104
74.90060019493103,3.7833449840545654,-2.216494560241699,0.3023469821284913,1.241183876991272,1.0145031213760376,2.01629376411438,1.2183581590652466,1.1253265142440796,-2.999817371368408,4.23798131942749,1.3124529123306274
74.95072793960571,3.8002302646636963,-2.212519407272339,0.3053383370187339,1.226688265800476,0.9845481514930725,2.031367778778076,1.1889389753341675,1.1578636169433594,-2.992685317993164,4.257569789886475,1.3012386560440063
75.00131440162659,3.819149971008301,-2.2066915035247803,0.30669484029590405,1.2134876251220703,0.9563888907432556,2.0449633598327637,1.1587790250778198,1.190016508102417,-2.9836955070495605,4.276192665100098,1.288185954093933
75.05036997795105,3.836677074432373,-2.201967239379883,0.3091383785670803,1.2016342878341675,0.9282724261283875,2.057006359100342,1.1286430358886719,1.2213150262832642,-2.9716575145721436,4.293367862701416,1.2724512815475464
75.10017204284668,3.854074239730835,-2.1972975730895996,0.31175665592743074,1.190917730331421,0.8996559977531433,2.067720890045166,1.0987801551818848,1.251341462135315,-2.9566736221313477,4.307787895202637,1.2535618543624878
75.14966130256653,3.8708252906799316,-2.192399263381958,0.3147813336586316,1.1816911697387695,0.8705828785896301,2.0771431922912598,1.0687776803970337,1.2804282903671265,-2.9397525787353516,4.318964004516602,1.2322118282318115
75.19972014427185,3.885050058364868,-2.1884617805480957,0.32021926056224664,1.1744657754898071,0.8445879817008972,2.0847537517547607,1.041690468788147,1.3063085079193115,-2.9240434169769287,4.327412128448486,1.2119641304016113
75.25002336502075,3.9031283855438232,-2.183201551437378,0.32307418986721287,1.1660321950912476,0.8113393187522888,2.0927321910858154,1.0076191425323486,1.3392661809921265,-2.905149221420288,4.338099479675293,1.1888834238052368
75.29977345466614,3.9202795028686523,-2.177384376525879,0.3269893613918188,1.158897876739502,0.7815654873847961,2.0980045795440674,0.9782406091690063,1.3682044744491577,-2.8896303176879883,4.347848892211914,1.1730780601501465
75.35065054893494,3.937279224395752,-2.172450542449951,0.3313061329897764,1.1506270170211792,0.7456855177879333,2.101466655731201,0.9440811276435852,1.4004017114639282,-2.8734560012817383,4.359762668609619,1.155358076095581
75.40090227127075,3.954869270324707,-2.167072296142578,0.3364222884573486,1.1434251070022583,0.711485743522644,2.1025383472442627,0.9124569892883301,1.4298410415649414,-2.8603427410125732,4.37221622467041,1.1370947360992432
75.45011734962463,3.973095178604126,-2.1616477966308594,0.34237166232832955,1.1362794637680054,0.6710917353630066,2.1023144721984863,0.8758425712585449,1.4642646312713623,-2.8476619720458984,4.3880181312561035,1.1157969236373901
75.50100827217102,3.987922430038452,-2.1576755046844482,0.34890106640068974,1.131022572517395,0.6331554055213928,2.101480484008789,0.8422576785087585,1.4967918395996094,-2.8383915424346924,4.403076648712158,1.0984067916870117
75.55209589004517,4.005440711975098,-2.152954578399658,0.35683351053091705,1.1260548830032349,0.5895237922668457,2.1007707118988037,0.8040614128112793,1.533574104309082,-2.830810546875,4.420577049255371,1.0799672603607178
75.60310578346252,4.020931243896484,-2.1484439373016357,0.3652223569235713,1.1213696002960205,0.5493965744972229,2.1010780334472656,0.7702362537384033,1.5656228065490723,-2.8261845111846924,4.436898708343506,1.0632002353668213
75.65068078041077,4.037464141845703,-2.1438546180725098,0.37635007927206926,1.113855242729187,0.5034376978874207,2.102024555206299,0.7333285212516785,1.6004550457000732,-2.8224289417266846,4.45629358291626,1.0442569255828857
75.70061707496643,4.0518341064453125,-2.1397411823272705,0.3874850784621342,1.1034239530563354,0.45986881852149963,2.102890729904175,0.6984018087387085,1.6329171657562256,-2.8195488452911377,4.476312160491943,1.026355266571045
75.74964427947998,4.067034721374512,-2.1356678009033203,0.4029637798134542,1.089564561843872,0.4192040264606476,2.1038997173309326,0.6634123921394348,1.6652778387069702,-2.8172028064727783,4.497964382171631,1.00851571559906
75.80009460449219,4.080105781555176,-2.1323742866516113,0.4196392606835111,1.0723962783813477,0.3833930194377899,2.1056623458862305,0.6310202479362488,1.696572184562683,-2.815507411956787,4.519552230834961,0.9911987781524658
75.85080933570862,4.0930562019348145,-2.129143238067627,0.44052087386181943,1.0492274761199951,0.34551161527633667,2.1089155673980713,0.5956621766090393,1.7330172061920166,-2.814424991607666,4.544759273529053,0.9726796746253967
75.90039205551147,4.104613304138184,-2.125882387161255,0.46286578172966275,1.023490071296692,0.31102001667022705,2.1128454208374023,0.5617375373840332,1.7692131996154785,-2.814997673034668,4.567076683044434,0.9546922445297241
75.95052313804626,4.11395788192749,-2.1238982677459717,0.48805668348799386,0.9958612322807312,0.28099972009658813,2.117180109024048,0.5288304686546326,1.8041157722473145,-2.8173656463623047,4.584737777709961,0.9372232556343079
76.0011727809906,4.122890472412109,-2.1227121353149414,0.5198381336204937,0.9614189267158508,0.24928942322731018,2.123614549636841,0.4911311864852905,1.843865156173706,-2.8206403255462646,4.599140167236328,0.9174591898918152
76.05149793624878,4.130710124969482,-2.12101149559021,0.5498017455775958,0.925228476524353,0.22137804329395294,2.131753921508789,0.4544402062892914,1.8813942670822144,-2.82387113571167,4.6079182624816895,0.8978025317192078
76.10198140144348,4.138638496398926,-2.118830919265747,0.5796149084993175,0.8859471082687378,0.19719161093235016,2.142454147338867,0.4166342318058014,1.9187017679214478,-2.826723098754883,4.612627029418945,0.8785320520401001
76.15211653709412,4.14486026763916,-2.117558240890503,0.6066386768526802,0.844184398651123,0.17812977731227875,2.15500807762146,0.37768152356147766,1.9555693864822388,-2.8292431831359863,4.614455223083496,0.8613605499267578
76.20483756065369,4.1519622802734375,-2.1151816844940186,0.6366740919869482,0.8006813526153564,0.164103701710701,2.168048143386841,0.33854639530181885,1.9919555187225342,-2.8303472995758057,4.614153861999512,0.8456764817237854
76.25164484977722,4.158799648284912,-2.11338210105896,0.6677832447029879,0.7573017477989197,0.15318353474140167,2.180006504058838,0.30187076330184937,2.025634527206421,-2.829014301300049,4.611813068389893,0.83098965883255
76.30157852172852,4.164938449859619,-2.112013816833496,0.7040698315364098,0.7113398909568787,0.14241567254066467,2.1908907890319824,0.26149776577949524,2.0621516704559326,-2.8240270614624023,4.607290267944336,0.8151834011077881
76.35150170326233,4.171276569366455,-2.1105997562408447,0.7385908930096237,0.6748937964439392,0.1323484480381012,2.198310136795044,0.2235824018716812,2.095139980316162,-2.816232442855835,4.6010050773620605,0.8013781905174255
76.40498876571655,4.176552772521973,-2.1093709468841553,0.7727998839095181,0.6450003385543823,0.12184353172779083,2.202345371246338,0.18748533725738525,2.1247003078460693,-2.806858539581299,4.592709064483643,0.7887486815452576
76.45579934120178,4.184053897857666,-2.1070404052734375,0.8141962057225745,0.6136034727096558,0.10730787366628647,2.2040538787841797,0.14736104011535645,2.1561954021453857,-2.7946619987487793,4.582210063934326,0.7752278447151184
76.50113654136658,4.1883625984191895,-2.106437921524048,0.8544991820132225,0.5843884348869324,0.09232699126005173,2.2037785053253174,0.11027231812477112,2.184824228286743,-2.781301975250244,4.571873664855957,0.7626703977584839
76.55166673660278,4.192741870880127,-2.106152296066284,0.898481862951968,0.557007908821106,0.07694730162620544,2.201972007751465,0.07579131424427032,2.210860013961792,-2.767101764678955,4.561243057250977,0.750325620174408
76.60197138786316,4.19672155380249,-2.105443000793457,0.9434563273103156,0.5276895761489868,0.05961744487285614,2.1983225345611572,0.03898411616683006,2.237323760986328,-2.75069260597229,4.550149917602539,0.7371482253074646
76.65096545219421,4.201381206512451,-2.1056435108184814,0.99371082193131,0.49511611461639404,0.03993746265769005,2.1922268867492676,-0.0010110627627000213,2.2639000415802,-2.7316908836364746,4.538285732269287,0.7215279340744019
76.70240187644958,4.205866813659668,-2.1039364337921143,1.0384662658876718,0.4645856022834778,0.02066674642264843,2.1845390796661377,-0.037345003336668015,2.2864959239959717,-2.713127374649048,4.528027534484863,0.7054364085197449
76.75272011756897,4.20987606048584,-2.103776216506958,1.0863519767396965,0.42884737253189087,-0.0037054233253002167,2.172846555709839,-0.07813692837953568,2.3107872009277344,-2.6904215812683105,4.517641544342041,0.6865068674087524
76.79977130889893,4.213447093963623,-2.105205774307251,1.1348139624511855,0.39369848370552063,-0.029522540047764778,2.1590843200683594,-0.1162416934967041,2.3322715759277344,-2.6673583984375,4.508627891540527,0.6672681570053101
76.85086703300476,4.217060089111328,-2.105125665664673,1.1781400721990485,0.359058678150177,-0.057497818022966385,2.143728017807007,-0.1541421115398407,2.352506160736084,-2.6442651748657227,4.498907566070557,0.6467770338058472
76.90084767341614,4.22074556350708,-2.1043975353240967,1.219545777182334,0.3256605267524719,-0.08570390194654465,2.128009080886841,-0.19153280556201935,2.3721773624420166,-2.6226439476013184,4.489192008972168,0.625312328338623
76.95055508613586,4.224284648895264,-2.1037566661834717,1.259790612326941,0.2924785017967224,-0.11333368718624115,2.1137619018554688,-0.22831638157367706,2.3921196460723877,-2.6030898094177246,4.479561805725098,0.6028054356575012
77.00048446655273,4.22715425491333,-2.102163791656494,1.2995074496019972,0.2596892714500427,-0.1400270313024521,2.1023285388946533,-0.2647833526134491,2.413259983062744,-2.5848848819732666,4.469857692718506,0.5786172151565552
77.05050253868103,4.2306599617004395,-2.101249933242798,1.336088138969641,0.22734755277633667,-0.16562612354755402,2.092517852783203,-0.30115455389022827,2.436234712600708,-2.567744493484497,4.459333896636963,0.5529060363769531
77.10009574890137,4.233055114746094,-2.0987672805786133,1.3752461931112447,0.19382306933403015,-0.18928305804729462,2.0839788913726807,-0.3372516334056854,2.4604716300964355,-2.552278995513916,4.448779582977295,0.5265772342681885
77.15096592903137,4.237997055053711,-2.099165201187134,1.413452457067059,0.1600707620382309,-0.20759232342243195,2.077317237854004,-0.36891719698905945,2.4817097187042236,-2.540836811065674,4.438670635223389,0.5034728050231934
77.20127987861633,4.24075984954834,-2.096470832824707,1.451091635979697,0.11578361690044403,-0.22494252026081085,2.0700643062591553,-0.4060429632663727,2.504958152770996,-2.531299352645874,4.425100326538086,0.47755908966064453
77.25068593025208,4.245873928070068,-2.096162796020508,1.5012904791221164,0.07245595008134842,-0.2393256276845932,2.0636026859283447,-0.44380247592926025,2.5274834632873535,-2.525317430496216,4.409032344818115,0.4556888937950134
77.30234789848328,4.248208522796631,-2.093963384628296,1.5380322780423703,0.034508828073740005,-0.2521776258945465,2.0583508014678955,-0.4809694290161133,2.550657272338867,-2.520397186279297,4.390568733215332,0.4381901025772095
77.35037994384766,4.250125885009766,-2.0908963680267334,1.5693476931586277,0.002724328078329563,-0.2637127935886383,2.055227518081665,-0.5149927139282227,2.5719616413116455,-2.5171048641204834,4.372720718383789,0.42401865124702454
77.40049648284912,4.253664016723633,-2.0887887477874756,1.6177795308189185,-0.03682932257652283,-0.2784680128097534,2.053288459777832,-0.5587404370307922,2.597877264022827,-2.517014980316162,4.349394798278809,0.407850056886673
77.45007514953613,4.255922317504883,-2.08467435836792,1.660408585554234,-0.0732930600643158,-0.29191792011260986,2.0540475845336914,-0.5990045070648193,2.6185781955718994,-2.5217387676239014,4.327250957489014,0.39490148425102234
77.5004231929779,4.259673595428467,-2.086256742477417,1.7025767478829728,-0.11144052445888519,-0.3053510785102844,2.057137966156006,-0.6397907137870789,2.636392831802368,-2.5304644107818604,4.303307056427002,0.38358885049819946
77.55024433135986,4.262148380279541,-2.083346366882324,1.7422668663410377,-0.14888323843479156,-0.3172347843647003,2.0616226196289062,-0.6778783202171326,2.6508607864379883,-2.540231466293335,4.27946138381958,0.3749164640903473
77.60079050064087,4.265672206878662,-2.0795788764953613,1.7880187550987536,-0.19021886587142944,-0.32913315296173096,2.0669913291931152,-0.7194446325302124,2.667093276977539,-2.551823616027832,4.251408100128174,0.3681131601333618
77.64990735054016,4.268984794616699,-2.0788028240203857,1.8275169411163534,-0.22634103894233704,-0.33790576457977295,2.070549249649048,-0.7549058794975281,2.6825129985809326,-2.5627002716064453,4.224817752838135,0.36466801166534424
77.7003915309906,4.271568775177002,-2.0756750106811523,1.8686281653494563,-0.2672794461250305,-0.34711402654647827,2.071857452392578,-0.7927128076553345,2.700453519821167,-2.5752203464508057,4.194943904876709,0.36380770802497864
77.75077295303345,4.273620128631592,-2.0717520713806152,1.909984293702386,-0.3037739396095276,-0.355029433965683,2.070908308029175,-0.8252253532409668,2.717172861099243,-2.5870041847229004,4.167163848876953,0.36443445086479187
