t,chair_x,chair_y,chair_yaw
0.0,-2.010064256149012,2.0591737130378003,-0.0038728560158655186
0.05007290840148926,-2.010064256149012,2.0591737130378003,-0.0038728560158655186
0.10073328018188477,-2.0088778117853376,2.059994028819311,-0.003351575592259718
0.14948821067810059,-2.0088778117853376,2.059994028819311,-0.003351575592259718
0.201340913772583,-2.012072267882874,2.0563740529839265,-0.00485703072957479
0.2507131099700928,-2.012072267882874,2.0563740529839265,-0.00485703072957479
0.2999749183654785,-2.0094751307614063,2.0574397749538154,-0.004489222343726968
0.3498201370239258,-2.0094751307614063,2.0574397749538154,-0.004489222343726968
0.39980196952819824,-2.0088654033203768,2.0599745933608333,-0.005022634091350144
0.449617862701416,-2.0088654033203768,2.0599745933608333,-0.005022634091350144
0.4995241165161133,-2.010181134991084,2.059433536683649,-0.006667607297457214
0.5496821403503418,-2.010181134991084,2.059433536683649,-0.006667607297457214
0.5999820232391357,-2.00556297464675,2.0601686323667607,-0.014375594876258429
0.6498026847839355,-2.00556297464675,2.0601686323667607,-0.014375594876258429
0.6995739936828613,-1.9993996388707926,2.055287778281264,-0.030470604450053063
0.7502377033233643,-1.9993996388707926,2.055287778281264,-0.030470604450053063
0.8003301620483398,-1.9926947646089674,2.052276707538464,-0.058850725993202686
0.8499557971954346,-1.9926947646089674,2.052276707538464,-0.058850725993202686
0.8998162746429443,-1.9821927942668212,2.0434892657212247,-0.0972834072415884
0.9497025012969971,-1.9821927942668212,2.0434892657212247,-0.0972834072415884
0.999685525894165,-1.964093964551743,2.0374900954522643,-0.14946602326313135
1.0500693321228027,-1.964093964551743,2.0374900954522643,-0.14946602326313135
1.0999844074249268,-1.9405902250954798,2.0294192600770016,-0.2112568658964934
1.1497490406036377,-1.9405902250954798,2.0294192600770016,-0.2112568658964934
1.1996967792510986,-1.9166868695064205,2.0226864372623554,-0.28061879080713775
1.2498388290405273,-1.9166868695064205,2.0226864372623554,-0.28061879080713775
1.2996821403503418,-1.8911387268950093,2.0111601438274374,-0.35413116624250257
1.3497536182403564,-1.8911387268950093,2.0111601438274374,-0.35413116624250257
1.3996379375457764,-1.8639478384580026,1.9983096777666396,-0.42567332700451543
1.4497694969177246,-1.8639478384580026,1.9983096777666396,-0.42567332700451543
1.499767780303955,-1.8380080863630899,1.9900733281398606,-0.48352442286309605
1.5497632026672363,-1.8380080863630899,1.9900733281398606,-0.48352442286309605
1.599942684173584,-1.8121336469006444,1.9728015844976352,-0.5299765280334077
1.6496708393096924,-1.8121336469006444,1.9728015844976352,-0.5299765280334077
1.6997699737548828,-1.7820832802995459,1.953373197089649,-0.5647666539998204
1.7497260570526123,-1.7820832802995459,1.953373197089649,-0.5647666539998204
1.7999110221862793,-1.754567737570393,1.9349074140968134,-0.5915201597913808
1.849804401397705,-1.754567737570393,1.9349074140968134,-0.5915201597913808
1.8998088836669922,-1.7224928657188499,1.9140156032806195,-0.6100002921977875
1.950068473815918,-1.7224928657188499,1.9140156032806195,-0.6100002921977875
1.9997823238372803,-1.6897247332980219,1.893488584144364,-0.6246627460918378
2.0496304035186768,-1.6897247332980219,1.893488584144364,-0.6246627460918378
2.099871873855591,-1.6501782448063422,1.8693208574952922,-0.6396906663090831
2.1496613025665283,-1.6501782448063422,1.8693208574952922,-0.6396906663090831
2.1996333599090576,-1.6095484612965083,1.8414019586007164,-0.6594001544592988
2.249652862548828,-1.6095484612965083,1.8414019586007164,-0.6594001544592988
2.3002381324768066,-1.5752511685556558,1.8151193639831693,-0.6754849595766196
2.3500475883483887,-1.5752511685556558,1.8151193639831693,-0.6754849595766196
2.3998634815216064,-1.5423051851658762,1.7892427375723152,-0.6939506262061325
2.4500157833099365,-1.5423051851658762,1.7892427375723152,-0.6939506262061325
2.4999449253082275,-1.5116539355747451,1.7670166843583535,-0.7107763571044895
2.549851894378662,-1.5116539355747451,1.7670166843583535,-0.7107763571044895
2.600313663482666,-1.4870769767366774,1.747887576251244,-0.7277300807732446
2.6500344276428223,-1.4870769767366774,1.747887576251244,-0.7277300807732446
2.69996976852417,-1.4598668023440946,1.72377118136256,-0.7432928468449945
2.7501542568206787,-1.4598668023440946,1.72377118136256,-0.7432928468449945
2.799955129623413,-1.434163141364798,1.7011904367548059,-0.7586974779708474
2.849785804748535,-1.434163141364798,1.7011904367548059,-0.7586974779708474
2.8997795581817627,-1.4061876478855884,1.6755583406611367,-0.7749680377283699
2.9496734142303467,-1.4061876478855884,1.6755583406611367,-0.7749680377283699
3.000514030456543,-1.3805612071349405,1.6519842291160582,-0.7924820578655605
3.0499298572540283,-1.3805612071349405,1.6519842291160582,-0.7924820578655605
3.0996193885803223,-1.3543272183176849,1.6250415750642815,-0.8092874640679328
3.1501662731170654,-1.3543272183176849,1.6250415750642815,-0.8092874640679328
3.1999247074127197,-1.3264370487951611,1.6000854068987374,-0.8239806349622708
3.250077962875366,-1.3264370487951611,1.6000854068987374,-0.8239806349622708
3.299795150756836,-1.2995252384180573,1.5743593983233328,-0.840736564945821
3.3499860763549805,-1.2995252384180573,1.5743593983233328,-0.840736564945821
3.399899959564209,-1.2742117348909163,1.5491653120749593,-0.8565438992190454
3.44966459274292,-1.2742117348909163,1.5491653120749593,-0.8565438992190454
3.500000476837158,-1.2467345561563743,1.521171392375305,-0.872999145236932
3.549808979034424,-1.2467345561563743,1.521171392375305,-0.872999145236932
3.6000051498413086,-1.2229891312993861,1.4968854523995279,-0.8879790296643312
3.6506435871124268,-1.2229891312993861,1.4968854523995279,-0.8879790296643312
3.6995763778686523,-1.197882146474201,1.4700446243468344,-0.902929029865124
3.749447822570801,-1.197882146474201,1.4700446243468344,-0.902929029865124
3.7997777462005615,-1.1739839301074944,1.4440857049695435,-0.916649419450322
3.850114107131958,-1.1739839301074944,1.4440857049695435,-0.916649419450322
3.900026798248291,-1.1523214610846004,1.4169904967438078,-0.9294088744837974
3.949706554412842,-1.1523214610846004,1.4169904967438078,-0.9294088744837974
3.9998648166656494,-1.1310501341388806,1.3862808400916018,-0.9416899817089337
4.049729585647583,-1.1310501341388806,1.3862808400916018,-0.9416899817089337
4.099754810333252,-1.1129963891217503,1.3577745944581943,-0.9549834550441167
4.149981498718262,-1.1129963891217503,1.3577745944581943,-0.9549834550441167
4.200164318084717,-1.0892530605438746,1.3292578651482887,-0.9671951912816863
4.249728441238403,-1.0892530605438746,1.3292578651482887,-0.9671951912816863
4.301526784896851,-1.0709309854780047,1.3014323070929108,-0.9796261489460303
4.350156307220459,-1.0709309854780047,1.3014323070929108,-0.9796261489460303
4.399872064590454,-1.0465650739096701,1.2692468323081225,-0.9924233210435466
4.449617147445679,-1.0465650739096701,1.2692468323081225,-0.9924233210435466
4.500025033950806,-1.0282201276928982,1.2433253178871313,-1.0022839644568864
4.549922227859497,-1.0282201276928982,1.2433253178871313,-1.0022839644568864
4.5997843742370605,-1.0086699642246018,1.208736974905944,-1.0146934552035842
4.649535417556763,-1.0086699642246018,1.208736974905944,-1.0146934552035842
4.700391530990601,-0.9887412727957967,1.177431941995505,-1.0252508537140244
4.749623537063599,-0.9887412727957967,1.177431941995505,-1.0252508537140244
4.7999372482299805,-0.9647958356778523,1.1473322921862645,-1.038632677428939
4.850070476531982,-0.9647958356778523,1.1473322921862645,-1.038632677428939
4.9007182121276855,-0.9452815771320164,1.1159465235194086,-1.0444929666052236
4.94976019859314,-0.9452815771320164,1.1159465235194086,-1.0444929666052236
5.000077247619629,-0.925482622502016,1.0876760012269517,-1.049879819225055
5.050051927566528,-0.925482622502016,1.0876760012269517,-1.049879819225055
5.099679946899414,-0.9050663534104354,1.0581632403681183,-1.0528894335176813
5.1498026847839355,-0.9050663534104354,1.0581632403681183,-1.0528894335176813
5.2000908851623535,-0.8861991056634576,1.0271706230981352,-1.053786079466873
5.249736309051514,-0.8861991056634576,1.0271706230981352,-1.053786079466873
5.299659013748169,-0.8660841981041774,0.9933010502751815,-1.0545090139312399
5.349919080734253,-0.8660841981041774,0.9933010502751815,-1.0545090139312399
5.39992880821228,-0.8456798037935154,0.9629705340194371,-1.0545114406604374
5.450002193450928,-0.8456798037935154,0.9629705340194371,-1.0545114406604374
5.499796628952026,-0.829231858270795,0.9343552013837827,-1.0526337151479022
5.549814462661743,-0.829231858270795,0.9343552013837827,-1.0526337151479022
5.6000816822052,-0.8068460274322736,0.9065101991093901,-1.0515751274569838
5.649755477905273,-0.8068460274322736,0.9065101991093901,-1.0515751274569838
5.699931859970093,-0.7877835814086797,0.8816648189334704,-1.0433804146962133
5.749775648117065,-0.7877835814086797,0.8816648189334704,-1.0433804146962133
5.7995429039001465,-0.7717680299028059,0.8570187004978419,-1.0253912493458743
5.849642753601074,-0.7717680299028059,0.8570187004978419,-1.0253912493458743
5.899696588516235,-0.7577978227918107,0.8397867603279418,-0.9946119078572391
5.949958801269531,-0.7577978227918107,0.8397867603279418,-0.9946119078572391
5.999809503555298,-0.7488220014174783,0.8234588168656013,-0.9496236704120848
6.0497472286224365,-0.7488220014174783,0.8234588168656013,-0.9496236704120848
6.099787473678589,-0.7396691718184404,0.8179228994239858,-0.897174590403318
6.15003776550293,-0.7396691718184404,0.8179228994239858,-0.897174590403318
6.200101137161255,-0.7350258916313865,0.8145965556250003,-0.8500992435536118
6.24980092048645,-0.7350258916313865,0.8145965556250003,-0.8500992435536118
6.299822568893433,-0.729682570687483,0.8132918699547947,-0.7955036343488651
6.350306272506714,-0.729682570687483,0.8132918699547947,-0.7955036343488651
6.400034189224243,-0.7231617644194669,0.8150231874416763,-0.7307290988471888
6.450120687484741,-0.7231617644194669,0.8150231874416763,-0.7307290988471888
6.4998040199279785,-0.7164117828189412,0.8182743331488557,-0.6602700962396739
6.55000638961792,-0.7164117828189412,0.8182743331488557,-0.6602700962396739
6.6001598834991455,-0.706943433041406,0.8183614307798691,-0.58143241589742
6.649721145629883,-0.706943433041406,0.8183614307798691,-0.58143241589742
6.700050354003906,-0.6958806345016324,0.8208965300400627,-0.4920722593715607
6.7497031688690186,-0.6958806345016324,0.8208965300400627,-0.4920722593715607
6.799745321273804,-0.6890533725712849,0.8262040591367708,-0.3924675207272236
6.849614381790161,-0.6890533725712849,0.8262040591367708,-0.3924675207272236
6.90822172164917,-0.6890533725712849,0.8262040591367708,-0.3924675207272236
6.957050800323486,-0.6859737632273859,0.8320676103610772,-0.2912625944894113
6.9998719692230225,-0.6859737632273859,0.8320676103610772,-0.2912625944894113
7.050594329833984,-0.6821216679363965,0.8421154038814201,-0.18867897902133673
7.099754095077515,-0.6821216679363965,0.8421154038814201,-0.18867897902133673
7.149656057357788,-0.6821216679363965,0.8421154038814201,-0.18867897902133673
7.199986457824707,-0.6779917334469528,0.8648796930289366,0.022005185643272824
7.250079154968262,-0.6779917334469528,0.8648796930289366,0.022005185643272824
7.300145864486694,-0.6797380053574464,0.8733781799907371,0.12070813449208516
7.349643707275391,-0.6797380053574464,0.8733781799907371,0.12070813449208516
7.399841070175171,-0.6776273617618,0.8799707496185757,0.20414871205957294
7.45332670211792,-0.6776273617618,0.8799707496185757,0.20414871205957294
7.499498128890991,-0.6724478138199153,0.8891592646355405,0.2722413854287294
7.54957127571106,-0.6724478138199153,0.8891592646355405,0.2722413854287294
7.599877834320068,-0.6706653168432402,0.8924353825719572,0.3257259365658085
7.650109052658081,-0.6706653168432402,0.8924353825719572,0.3257259365658085
7.699619770050049,-0.6710331262302823,0.8954764350139072,0.357881108965382
7.749715566635132,-0.6710331262302823,0.8954764350139072,0.357881108965382
7.8010804653167725,-0.671851972986824,0.8906380598856982,0.36905651125522615
7.850230932235718,-0.671851972986824,0.8906380598856982,0.36905651125522615
7.899746417999268,-0.671937715375281,0.8879697288565536,0.36666798761472835
7.9499547481536865,-0.671937715375281,0.8879697288565536,0.36666798761472835
8.00049352645874,-0.6757378848063025,0.8920566550245566,0.36453064306658606
8.049947738647461,-0.6757378848063025,0.8920566550245566,0.36453064306658606
8.099478006362915,-0.6725634913789563,0.8907454504058359,0.3547070745298497
8.15075397491455,-0.6725634913789563,0.8907454504058359,0.3547070745298497
8.200247526168823,-0.6725482137356834,0.8892503367066285,0.3381584071385961
8.25000286102295,-0.6725482137356834,0.8892503367066285,0.3381584071385961
8.299745321273804,-0.6718119073387352,0.8886081400319688,0.3110933794382765
8.350166320800781,-0.6718119073387352,0.8886081400319688,0.3110933794382765
8.399880409240723,-0.6710463438994676,0.8901043695564297,0.2741691768159638
8.449803352355957,-0.6710463438994676,0.8901043695564297,0.2741691768159638
8.49958324432373,-0.6727581862398585,0.887441597029407,0.22793063387636459
8.55011510848999,-0.6727581862398585,0.887441597029407,0.22793063387636459
8.599811792373657,-0.6715452298247248,0.8820690785011389,0.17290536811463442
8.649892330169678,-0.6715452298247248,0.8820690785011389,0.17290536811463442
8.700136423110962,-0.6683109096957038,0.8722807334908633,0.10638542344916022
8.749665021896362,-0.6683109096957038,0.8722807334908633,0.10638542344916022
8.799855947494507,-0.6674017034646247,0.8702833163640575,0.03430428085667145
8.849855422973633,-0.6674017034646247,0.8702833163640575,0.03430428085667145
8.899775505065918,-0.6684030983413598,0.8600374933741797,-0.04804028832591766
8.949624061584473,-0.6684030983413598,0.8600374933741797,-0.04804028832591766
8.999763250350952,-0.6680113429837715,0.8548865857384175,-0.13499788880628244
9.049688577651978,-0.6680113429837715,0.8548865857384175,-0.13499788880628244
9.100060939788818,-0.6656605457070913,0.8476319498258547,-0.23150668658929296
9.149798154830933,-0.6656605457070913,0.8476319498258547,-0.23150668658929296
9.200117349624634,-0.6609211375726111,0.8381709816095148,-0.335400413303341
9.249932289123535,-0.6609211375726111,0.8381709816095148,-0.335400413303341
9.300150394439697,-0.6559477011982582,0.826164984120965,-0.4436377537650049
9.35004734992981,-0.6559477011982582,0.826164984120965,-0.4436377537650049
9.4012291431427,-0.6512175652885961,0.8160142323362344,-0.5531685365374328
9.450076341629028,-0.6512175652885961,0.8160142323362344,-0.5531685365374328
9.499596118927002,-0.650530012267299,0.8019948462882838,-0.6577063506037445
9.54993200302124,-0.650530012267299,0.8019948462882838,-0.6577063506037445
9.60029649734497,-0.6464754160346176,0.791678356135901,-0.7529363665045608
9.649919033050537,-0.6464754160346176,0.791678356135901,-0.7529363665045608
9.70110821723938,-0.6462272452818523,0.7790439349608761,-0.830219308711005
9.749833345413208,-0.6462272452818523,0.7790439349608761,-0.830219308711005
9.79998779296875,-0.6449877019142983,0.7719162667680362,-0.901742834396022
9.850049495697021,-0.6449877019142983,0.7719162667680362,-0.901742834396022
9.89987826347351,-0.6468354261683404,0.771514529115141,-0.9695758886527135
9.94978928565979,-0.6468354261683404,0.771514529115141,-0.9695758886527135
9.999814748764038,-0.6474083711477043,0.7664115704711938,-1.0429628267050102
10.049660921096802,-0.6474083711477043,0.7664115704711938,-1.0429628267050102
10.099863052368164,-0.6494827385876808,0.7569294172815545,-1.1168953561176556
10.150236129760742,-0.6494827385876808,0.7569294172815545,-1.1168953561176556
10.199771642684937,-0.6529832521563897,0.7518443892910279,-1.1866342999598198
10.249804019927979,-0.6529832521563897,0.7518443892910279,-1.1866342999598198
10.299788236618042,-0.6570594086380479,0.7402877845957876,-1.2499720314230713
10.349851846694946,-0.6570594086380479,0.7402877845957876,-1.2499720314230713
10.399844646453857,-0.6594040479733411,0.7342623661097406,-1.303534662507458
10.449832201004028,-0.6594040479733411,0.7342623661097406,-1.303534662507458
10.499849796295166,-0.6639362137871776,0.7249512704538673,-1.3554535071570342
10.549886703491211,-0.6639362137871776,0.7249512704538673,-1.3554535071570342
10.60005807876587,-0.6646766676033317,0.7201603080982873,-1.4134395766602825
10.649665117263794,-0.6646766676033317,0.7201603080982873,-1.4134395766602825
10.699490785598755,-0.6644848441148035,0.7096778815177959,-1.4696289054008982
10.74972128868103,-0.6644848441148035,0.7096778815177959,-1.4696289054008982
10.79976201057434,-0.6697147698699665,0.69435293819491,-1.5173925757849722
10.85026741027832,-0.6697147698699665,0.69435293819491,-1.5173925757849722
10.89979100227356,-0.6711687167409373,0.6791897402702335,-1.5615394284950492
10.94972825050354,-0.6711687167409373,0.6791897402702335,-1.5615394284950492
11.000229835510254,-0.6761207389219418,0.6627456867770279,-1.599924968762845
11.049657344818115,-0.6761207389219418,0.6627456867770279,-1.599924968762845
11.099707841873169,-0.6765996858030514,0.6423316146006428,-1.6308239570157093
11.14973497390747,-0.6765996858030514,0.6423316146006428,-1.6308239570157093
11.199864864349365,-0.6759679306818529,0.6261766655084826,-1.6535877081707018
11.249939918518066,-0.6759679306818529,0.6261766655084826,-1.6535877081707018
11.299559354782104,-0.6767996044917399,0.606467223056273,-1.667564230276387
11.350055456161499,-0.6767996044917399,0.606467223056273,-1.667564230276387
11.4000403881073,-0.6789639250211859,0.5841358909707778,-1.6718164644048557
11.449746370315552,-0.6789639250211859,0.5841358909707778,-1.6718164644048557
11.500206232070923,-0.6787195503900323,0.5548860131942083,-1.6663958008113897
11.549606323242188,-0.6787195503900323,0.5548860131942083,-1.6663958008113897
11.59986662864685,-0.6787195503900323,0.5548860131942083,-1.6663958008113897
11.6497802734375,-0.6798021826408769,0.5233045105348503,-1.649161713795359
11.699811220169067,-0.6749261647963428,0.4891232548831431,-1.617817718987471
11.749677896499634,-0.6749261647963428,0.4891232548831431,-1.617817718987471
11.79983901977539,-0.6726848374878959,0.46021471131659186,-1.5729832585134707
11.849798917770386,-0.6726848374878959,0.46021471131659186,-1.5729832585134707
11.90014934539795,-0.6673396521070409,0.42735525155724463,-1.520903193347549
11.95000147819519,-0.6673396521070409,0.42735525155724463,-1.520903193347549
11.999557256698608,-0.6591101181589701,0.39244066860460436,-1.4665015175338347
12.049656867980957,-0.6591101181589701,0.39244066860460436,-1.4665015175338347
12.101181030273438,-0.6478105786117738,0.36212801718114546,-1.4138468414409464
12.14975380897522,-0.6478105786117738,0.36212801718114546,-1.4138468414409464
12.199656248092651,-0.6387856502376488,0.3323495973808992,-1.36639858592988
12.249948024749756,-0.6387856502376488,0.3323495973808992,-1.36639858592988
12.299827575683594,-0.6268972518959461,0.3018628405917438,-1.3237339110447328
12.35070252418518,-0.6268972518959461,0.3018628405917438,-1.3237339110447328
12.399959564208984,-0.6210846781941256,0.27765292677172326,-1.2854426647263002
12.450087308883667,-0.6210846781941256,0.27765292677172326,-1.2854426647263002
12.500001668930054,-0.6092008782829228,0.25131354999560473,-1.2571850181848006
12.549734354019165,-0.6092008782829228,0.25131354999560473,-1.2571850181848006
12.600744247436523,-0.5963572627217768,0.22500289329118986,-1.2324312085225573
12.650424718856812,-0.5963572627217768,0.22500289329118986,-1.2324312085225573
12.699796438217163,-0.583321404709847,0.1932159937777996,-1.2140150132872745
12.749586820602417,-0.583321404709847,0.1932159937777996,-1.2140150132872745
12.799722671508789,-0.5674461363731625,0.16314336463038856,-1.2017918618509777
12.849789142608643,-0.5674461363731625,0.16314336463038856,-1.2017918618509777
12.899918556213379,-0.5481541129862129,0.1278599233785249,-1.1940475136775919
12.949462652206421,-0.5481541129862129,0.1278599233785249,-1.1940475136775919
12.999870538711548,-0.5319776329043908,0.09639324061665062,-1.185039766331928
13.049951076507568,-0.5319776329043908,0.09639324061665062,-1.185039766331928
13.10006332397461,-0.5147084980851385,0.061046432933824744,-1.1735633718466794
13.150707483291626,-0.5147084980851385,0.061046432933824744,-1.1735633718466794
13.19987940788269,-0.4997605966803371,0.028042878588008267,-1.1636053614554622
13.250059366226196,-0.4997605966803371,0.028042878588008267,-1.1636053614554622
13.300084590911865,-0.4844605441944484,-0.0009165321181307338,-1.1394756761465907
13.350001096725464,-0.4844605441944484,-0.0009165321181307338,-1.1394756761465907
13.399875402450562,-0.46784015402648715,-0.025016820693598875,-1.1082742746107095
13.449554443359375,-0.46784015402648715,-0.025016820693598875,-1.1082742746107095
13.499613523483276,-0.4551115169815617,-0.03720893132448764,-1.062123519743289
13.550317525863647,-0.4551115169815617,-0.03720893132448764,-1.062123519743289
13.599789142608643,-0.4460999889172156,-0.048175105907494,-1.0111456320950662
13.650279521942139,-0.4460999889172156,-0.048175105907494,-1.0111456320950662
13.699686527252197,-0.4409342457903781,-0.056593793952673645,-0.9699144023569866
13.749632120132446,-0.4409342457903781,-0.056593793952673645,-0.9699144023569866
13.800290584564209,-0.43403916183971913,-0.05857293267154543,-0.9392596365609271
13.849590301513672,-0.43403916183971913,-0.05857293267154543,-0.9392596365609271
13.899662256240845,-0.4272996903102728,-0.06379302055527801,-0.920033567615713
13.94968867301941,-0.4272996903102728,-0.06379302055527801,-0.920033567615713
14.000406503677368,-0.4248744377396103,-0.06196683230062892,-0.9028415980530309
14.050092220306396,-0.4248744377396103,-0.06196683230062892,-0.9028415980530309
14.09976840019226,-0.42423194646711215,-0.06465320538542722,-0.8874360063067385
14.14979076385498,-0.42423194646711215,-0.06465320538542722,-0.8874360063067385
14.201672077178955,-0.42275480640650515,-0.06700037181055961,-0.8658927217900959
14.249672889709473,-0.42275480640650515,-0.06700037181055961,-0.8658927217900959
14.299465417861938,-0.41868876177934944,-0.06284883656322025,-0.8309186831093615
14.349430561065674,-0.41868876177934944,-0.06284883656322025,-0.8309186831093615
14.399692058563232,-0.41792142718837527,-0.06277033561202243,-0.7949870627582311
14.449499130249023,-0.41792142718837527,-0.06277033561202243,-0.7949870627582311
14.499534130096436,-0.41437330817506596,-0.06559675521953943,-0.7602513259503363
14.549701690673828,-0.41437330817506596,-0.06559675521953943,-0.7602513259503363
14.599625825881958,-0.4107723844916531,-0.06460765783517512,-0.7311944254787093
14.649576902389526,-0.4107723844916531,-0.06460765783517512,-0.7311944254787093
14.70000433921814,-0.40961451679529104,-0.0613339051068447,-0.709225322887921
14.749701499938965,-0.40961451679529104,-0.0613339051068447,-0.709225322887921
14.799539804458618,-0.4067656868849863,-0.059946355557215926,-0.6879919803604265
14.849909543991089,-0.4067656868849863,-0.059946355557215926,-0.6879919803604265
14.899658679962158,-0.4033210143957216,-0.06174882261324941,-0.6643549894776566
14.949681043624878,-0.4033210143957216,-0.06174882261324941,-0.6643549894776566
15.000290393829346,-0.4035267607128992,-0.06257746697458873,-0.6293830728027503
15.049651384353638,-0.4035267607128992,-0.06257746697458873,-0.6293830728027503
15.099854707717896,-0.40230820267753403,-0.06296014094314577,-0.5846942960253253
15.149599075317383,-0.40230820267753403,-0.06296014094314577,-0.5846942960253253
15.19968581199646,-0.4006649273042741,-0.06022812812222434,-0.5305481164527078
15.250509023666382,-0.4006649273042741,-0.06022812812222434,-0.5305481164527078
15.299737453460693,-0.394767810743224,-0.05684992872738515,-0.46398879580327673
15.350080728530884,-0.394767810743224,-0.05684992872738515,-0.46398879580327673
15.400055885314941,-0.39487725563987786,-0.0534686701589455,-0.3899867837791405
15.449575662612915,-0.39487725563987786,-0.0534686701589455,-0.3899867837791405
15.499804496765137,-0.3932786215867634,-0.04436913529721322,-0.3064136965886981
15.54968786239624,-0.3932786215867634,-0.04436913529721322,-0.3064136965886981
15.599764823913574,-0.38699549043619097,-0.03486552226128433,-0.21683289651889895
15.649704217910767,-0.38699549043619097,-0.03486552226128433,-0.21683289651889895
15.699916124343872,-0.3845166490260441,-0.025179144047425196,-0.1205233928752776
15.750001907348633,-0.3845166490260441,-0.025179144047425196,-0.1205233928752776
15.799638509750366,-0.3830119853611065,-0.018918325913383202,-0.018548350023956082
15.849560499191284,-0.3830119853611065,-0.018918325913383202,-0.018548350023956082
15.899683952331543,-0.38185541658842453,-0.006956911436507307,0.088540146013169
15.950350999832153,-0.38185541658842453,-0.006956911436507307,0.088540146013169
16.000321626663208,-0.38148514459799726,0.002049696180288876,0.18937200491734715
16.049725770950317,-0.38148514459799726,0.002049696180288876,0.18937200491734715
16.10015344619751,-0.379332571146762,0.007305673785924607,0.2930263162769055
16.15094828605652,-0.379332571146762,0.007305673785924607,0.2930263162769055
16.199569702148438,-0.3795711439883972,0.020687953222262905,0.39986700795672003
16.24980878829956,-0.3795711439883972,0.020687953222262905,0.39986700795672003
16.300527334213257,-0.37711281723983675,0.023181400242870596,0.4997273154386543
16.350025177001953,-0.37711281723983675,0.023181400242870596,0.4997273154386543
16.399919033050537,-0.38087269056869544,0.03007646947300526,0.6039506031592898
16.44973063468933,-0.38087269056869544,0.03007646947300526,0.6039506031592898
16.499850511550903,-0.3856063762685817,0.03192734600880905,0.7072977729810003
16.550349235534668,-0.3856063762685817,0.03192734600880905,0.7072977729810003
16.59983777999878,-0.391314740084894,0.04146450345931992,0.8068617739714227
16.651140689849854,-0.391314740084894,0.04146450345931992,0.8068617739714227
16.70018219947815,-0.39941940157845207,0.04592872712508419,0.9075679428831237
16.749568700790405,-0.39941940157845207,0.04592872712508419,0.9075679428831237
16.799617290496826,-0.4055785707511901,0.05338312927597363,1.0079910925962434
16.850234031677246,-0.4055785707511901,0.05338312927597363,1.0079910925962434
16.89997935295105,-0.4095142579686838,0.06098059130773555,1.1075064181313066
16.95204186439514,-0.4095142579686838,0.06098059130773555,1.1075064181313066
16.999831676483154,-0.4176079975390079,0.06865529872258026,1.210046813272301
17.049866676330566,-0.4176079975390079,0.06865529872258026,1.210046813272301
17.10013484954834,-0.42200259429826603,0.06959528046788328,1.3100145339115268
17.14990520477295,-0.42200259429826603,0.06959528046788328,1.3100145339115268
17.199841499328613,-0.4270964039254349,0.07331087666437615,1.4129155812778478
17.249883890151978,-0.4270964039254349,0.07331087666437615,1.4129155812778478
17.300145626068115,-0.4318365223170295,0.07403784664353515,1.5152914019803232
17.3498477935791,-0.4318365223170295,0.07403784664353515,1.5152914019803232
17.400070190429688,-0.4318365223170295,0.07403784664353515,1.5152914019803232
17.449634552001953,-0.4318365223170295,0.07403784664353515,1.5152914019803232
17.49976134300232,-0.4402074651174211,0.06948865794341814,1.7182863158390949
17.5495707988739,-0.4402074651174211,0.06948865794341814,1.7182863158390949
17.60041570663452,-0.4485656283419991,0.06649271611752035,1.820615212743361
17.650007009506226,-0.4485656283419991,0.06649271611752035,1.820615212743361
17.699868202209473,-0.45763041323090037,0.07183515438267409,1.914037545489134
17.74965000152588,-0.45763041323090037,0.07183515438267409,1.914037545489134
17.79966688156128,-0.46766281205810134,0.07615046348534062,1.9975848331424786
17.84984517097473,-0.46766281205810134,0.07615046348534062,1.9975848331424786
17.899542570114136,-0.4793079529876639,0.08299923166484786,2.084107714120628
17.94970703125,-0.4793079529876639,0.08299923166484786,2.084107714120628
17.999914169311523,-0.48485203851264674,0.08576995633012043,2.168540153511787
18.04964542388916,-0.48485203851264674,0.08576995633012043,2.168540153511787
18.099905490875244,-0.48928797360556814,0.08560082673973442,2.2493954660454993
18.149800777435303,-0.48928797360556814,0.08560082673973442,2.2493954660454993
18.199961185455322,-0.49246021122201494,0.08319174248508195,2.3250736200159903
18.249496459960938,-0.49246021122201494,0.08319174248508195,2.3250736200159903
18.29994225502014,-0.5007389850994773,0.07854230269274011,2.3969071585375366
18.349962949752808,-0.5007389850994773,0.07854230269274011,2.3969071585375366
18.401208639144897,-0.5053993057082729,0.07924405888844115,2.4525697679961658
18.449886322021484,-0.5053993057082729,0.07924405888844115,2.4525697679961658
18.500044107437134,-0.5075472600590144,0.07183654944643343,2.4910655432386317
18.55108070373535,-0.5075472600590144,0.07183654944643343,2.4910655432386317
18.60003399848938,-0.5127144573196227,0.07334044737238783,2.5122148321619635
18.64977788925171,-0.5127144573196227,0.07334044737238783,2.5122148321619635
18.700120449066162,-0.5230362465044034,0.07064812696693092,2.5236470597871943
18.749769926071167,-0.5230362465044034,0.07064812696693092,2.5236470597871943
18.80008888244629,-0.5316194262734137,0.0761532375661642,2.524835778388574
18.85003161430359,-0.5316194262734137,0.0761532375661642,2.524835778388574
18.899959325790405,-0.538635925541542,0.07879071932454533,2.516500431543303
18.94979763031006,-0.538635925541542,0.07879071932454533,2.516500431543303
19.000898838043213,-0.5459956840861624,0.09160306523232346,2.4941069973601486
19.04983353614807,-0.5459956840861624,0.09160306523232346,2.4941069973601486
19.100000858306885,-0.5605073796793856,0.09871153337718773,2.4673060159925297
19.150112867355347,-0.5605073796793856,0.09871153337718773,2.4673060159925297
19.199681520462036,-0.5803764969035041,0.11339816245608818,2.432578471511992
19.249835729599,-0.5803764969035041,0.11339816245608818,2.432578471511992
19.299614191055298,-0.59809311175129,0.12962361926795313,2.390140471316647
19.350069522857666,-0.59809311175129,0.12962361926795313,2.390140471316647
19.400779962539673,-0.6108476665256249,0.1448112099881345,2.336719919093514
19.4497811794281,-0.6108476665256249,0.1448112099881345,2.336719919093514
19.499915599822998,-0.6227447285992859,0.16393150999132755,2.272988008545552
19.55001425743103,-0.6227447285992859,0.16393150999132755,2.272988008545552
19.599507331848145,-0.6374618042801085,0.19087402658368646,2.201460048383796
19.649553298950195,-0.6374618042801085,0.19087402658368646,2.201460048383796
19.7009916305542,-0.65137175025975,0.21643777601750358,2.124513586167602
19.74960708618164,-0.65137175025975,0.21643777601750358,2.124513586167602
19.7997043132782,-0.6642154831069687,0.2411540935775812,2.0461002382417064
19.849584579467773,-0.6642154831069687,0.2411540935775812,2.0461002382417064
19.899626970291138,-0.6723972383505096,0.26226484587331145,1.9708265971200738
19.949466943740845,-0.6723972383505096,0.26226484587331145,1.9708265971200738
19.999948501586914,-0.6794562256828702,0.2843133245421859,1.902225807054206
20.049777269363403,-0.6794562256828702,0.2843133245421859,1.902225807054206
20.099445819854736,-0.6788046118379097,0.3090853106698441,1.8439927350690546
20.150392770767212,-0.6788046118379097,0.3090853106698441,1.8439927350690546
20.199788570404053,-0.684549899030624,0.33055876930594413,1.7976179812465585
20.249696254730225,-0.684549899030624,0.33055876930594413,1.7976179812465585
20.299633264541626,-0.6871574163342653,0.3472613141274028,1.7605502884023203
20.349656343460083,-0.6871574163342653,0.3472613141274028,1.7605502884023203
20.399778604507446,-0.6898127313225969,0.37105782059195447,1.7351393180242587
20.44942593574524,-0.6898127313225969,0.37105782059195447,1.7351393180242587
20.49983239173889,-0.6926535039596937,0.3962253370410977,1.716838013079415
20.549800395965576,-0.6926535039596937,0.3962253370410977,1.716838013079415
20.600173711776733,-0.6981836628308048,0.42436530449205184,1.7051736872059664
20.64969563484192,-0.6981836628308048,0.42436530449205184,1.7051736872059664
20.699413537979126,-0.7046201943722292,0.4540230515055893,1.696075144656855
20.749598026275635,-0.7046201943722292,0.4540230515055893,1.696075144656855
20.800237894058228,-0.7067096484730797,0.4817064437781967,1.6841255626818405
20.849613428115845,-0.7067096484730797,0.4817064437781967,1.6841255626818405
20.899498462677002,-0.7132332323633301,0.5138607778383755,1.6746812082823619
20.94986915588379,-0.7132332323633301,0.5138607778383755,1.6746812082823619
20.999610662460327,-0.7159650613588543,0.549745917063636,1.6653760671956235
21.049872159957886,-0.7159650613588543,0.549745917063636,1.6653760671956235
21.099676847457886,-0.7236285963227465,0.5820288925315945,1.6572835145943676
21.14979839324951,-0.7236285963227465,0.5820288925315945,1.6572835145943676
21.199548721313477,-0.726484526496585,0.6091337248521713,1.6461470721277254
21.24957275390625,-0.726484526496585,0.6091337248521713,1.6461470721277254
21.299635648727417,-0.7317649433256989,0.6405323571243425,1.6382101708661156
21.34965753555298,-0.7317649433256989,0.6405323571243425,1.6382101708661156
21.399691343307495,-0.7311712309673841,0.6698503004799032,1.6281978516882383
21.44960594177246,-0.7311712309673841,0.6698503004799032,1.6281978516882383
21.49953532218933,-0.7349541818094557,0.7019073494120837,1.6204404272633255
21.549797773361206,-0.7349541818094557,0.7019073494120837,1.6204404272633255
21.600221633911133,-0.7351371763820985,0.7343960411069553,1.609980629114065
21.650203227996826,-0.7351371763820985,0.7343960411069553,1.609980629114065
21.70033073425293,-0.7430414531497838,0.7612776999848702,1.6017520340248275
21.749764680862427,-0.7430414531497838,0.7612776999848702,1.6017520340248275
21.799865007400513,-0.7432745319661548,0.7940366433608748,1.5926947728949103
21.849889993667603,-0.7432745319661548,0.7940366433608748,1.5926947728949103
21.900359392166138,-0.7442551360218217,0.8258120257567921,1.5833743440409007
21.949564218521118,-0.7442551360218217,0.8258120257567921,1.5833743440409007
21.999560832977295,-0.7468726323809859,0.8529177093165462,1.575481209483919
22.049679040908813,-0.7468726323809859,0.8529177093165462,1.575481209483919
22.10290837287903,-0.7474900186517945,0.8862879253073107,1.5646878257660248
22.149495363235474,-0.7474900186517945,0.8862879253073107,1.5646878257660248
22.20050621032715,-0.7500339703826909,0.9135004873976446,1.5571060234278795
22.249966382980347,-0.7500339703826909,0.9135004873976446,1.5571060234278795
22.299967765808105,-0.7525218548788684,0.9414254212975698,1.5481027682715547
22.349914073944092,-0.7525218548788684,0.9414254212975698,1.5481027682715547
22.39970827102661,-0.7543943397372666,0.9721752774259039,1.5407339703449003
22.449443578720093,-0.7543943397372666,0.9721752774259039,1.5407339703449003
22.499756336212158,-0.7513241605021979,1.0017630064817638,1.5294921668768395
22.5495662689209,-0.7513241605021979,1.0017630064817638,1.5294921668768395
22.599976062774658,-0.7536049783765254,1.033022426339464,1.5179804699508397
22.649977922439575,-0.7536049783765254,1.033022426339464,1.5179804699508397
22.700655460357666,-0.7519749100216033,1.0616275014114773,1.5037755360099119
22.749730110168457,-0.7519749100216033,1.0616275014114773,1.5037755360099119
22.801051378250122,-0.7544694304726433,1.0924950138751508,1.4853596405030165
22.85000967979431,-0.7544694304726433,1.0924950138751508,1.4853596405030165
22.899762868881226,-0.7547292061606602,1.1320659020869916,1.4567089335308099
22.949721097946167,-0.7547292061606602,1.1320659020869916,1.4567089335308099
23.000247478485107,-0.753444583505544,1.1673603566580888,1.421842289389422
23.049991369247437,-0.753444583505544,1.1673603566580888,1.421842289389422
23.099837064743042,-0.749410982837562,1.2022405305405597,1.3819171442388754
23.149689435958862,-0.749410982837562,1.2022405305405597,1.3819171442388754
23.199783086776733,-0.7391859866826427,1.2370883199062164,1.3423925805559636
23.24983811378479,-0.7391859866826427,1.2370883199062164,1.3423925805559636
23.299540519714355,-0.7251082427856059,1.268305486914438,1.3037572347541078
23.349642992019653,-0.7251082427856059,1.268305486914438,1.3037572347541078
23.399556159973145,-0.7135205623703158,1.300896255796207,1.2636602950282843
23.449488878250122,-0.7135205623703158,1.300896255796207,1.2636602950282843
23.49954080581665,-0.7014303278738913,1.3325273593520661,1.2270290404791566
23.550026893615723,-0.7014303278738913,1.3325273593520661,1.2270290404791566
23.599806308746338,-0.6900431464010995,1.3639770588783988,1.19215448388706
23.649734258651733,-0.6900431464010995,1.3639770588783988,1.19215448388706
23.699583053588867,-0.6782359504179324,1.3961071631475448,1.1601912781201695
23.749829053878784,-0.6782359504179324,1.3961071631475448,1.1601912781201695
23.799670934677124,-0.667100114750006,1.429863191173391,1.129215049667569
23.849611282348633,-0.667100114750006,1.429863191173391,1.129215049667569
23.899659872055054,-0.6548876598430958,1.4611157175461882,1.099405138359918
23.94967555999756,-0.6548876598430958,1.4611157175461882,1.099405138359918
24.006081342697144,-0.6548876598430958,1.4611157175461882,1.099405138359918
24.058650255203247,-0.6385602773105273,1.4972931574227488,1.0685119988906426
24.101244688034058,-0.6385602773105273,1.4972931574227488,1.0685119988906426
24.149521112442017,-0.6226581984229934,1.5312504700427887,1.03478035302063
24.199575901031494,-0.598097917040153,1.5638604507643974,0.9999835029718631
24.249954223632812,-0.598097917040153,1.5638604507643974,0.9999835029718631
24.299861431121826,-0.5692096995128858,1.595240112538277,0.9657266174828566
24.34957718849182,-0.5692096995128858,1.595240112538277,0.9657266174828566
24.399691104888916,-0.5473338346276604,1.630170811542317,0.9311966982539459
24.449652433395386,-0.5473338346276604,1.630170811542317,0.9311966982539459
24.499653339385986,-0.5243582875144082,1.6641951976970744,0.9004382127821283
24.551146507263184,-0.5243582875144082,1.6641951976970744,0.9004382127821283
24.599643230438232,-0.5021664009572959,1.6975882034605876,0.8743949842471375
24.649905920028687,-0.5021664009572959,1.6975882034605876,0.8743949842471375
24.69984245300293,-0.474784371152261,1.7316679557135555,0.8549402932766714
24.7496337890625,-0.474784371152261,1.7316679557135555,0.8549402932766714
24.800687551498413,-0.44672291263230907,1.768454678849353,0.8411648061098689
24.852003812789917,-0.44672291263230907,1.768454678849353,0.8411648061098689
24.899792671203613,-0.4183630509791977,1.8017186613566274,0.826679041827616
24.949488639831543,-0.4183630509791977,1.8017186613566274,0.826679041827616
24.999768257141113,-0.3917060317764211,1.8373704354611122,0.8131063687450865
25.050463438034058,-0.3917060317764211,1.8373704354611122,0.8131063687450865
25.101449251174927,-0.36637692467386684,1.8643108574027778,0.7956126904948589
25.15109395980835,-0.36637692467386684,1.8643108574027778,0.7956126904948589
25.20035743713379,-0.3399537481559013,1.8873402319639645,0.7746486496889556
25.249722003936768,-0.3399537481559013,1.8873402319639645,0.7746486496889556
25.299752235412598,-0.320157427897319,1.9060998330129286,0.7423394757522401
25.350437879562378,-0.320157427897319,1.9060998330129286,0.7423394757522401
25.40014386177063,-0.3056439587541342,1.9165856801030954,0.6977273884849625
25.44994354248047,-0.3056439587541342,1.9165856801030954,0.6977273884849625
25.50015950202942,-0.2949371924748925,1.9205345194301464,0.6435684525816274
25.54966449737549,-0.2949371924748925,1.9205345194301464,0.6435684525816274
25.599688291549683,-0.28257614552438415,1.924730509227048,0.5895489767835456
25.649680137634277,-0.28257614552438415,1.924730509227048,0.5895489767835456
25.700509071350098,-0.2719623977313258,1.9262212740172855,0.5316589604854319
25.74990963935852,-0.2719623977313258,1.9262212740172855,0.5316589604854319
25.79977798461914,-0.26588573442450236,1.9268243756541243,0.46481469268685094
25.84962749481201,-0.26588573442450236,1.9268243756541243,0.46481469268685094
25.900320053100586,-0.25797424624766185,1.9244474381895358,0.38642231912738795
25.950008153915405,-0.25797424624766185,1.9244474381895358,0.38642231912738795
26.000309228897095,-0.24869472821239946,1.920274735753002,0.3023573725403918
26.04991388320923,-0.24869472821239946,1.920274735753002,0.3023573725403918
26.100666999816895,-0.24344489126891644,1.9132960128244638,0.2076120967700748
26.149633169174194,-0.24344489126891644,1.9132960128244638,0.2076120967700748
26.199573516845703,-0.2432703135084457,1.902718049826907,0.10422136385187007
26.24971604347229,-0.2432703135084457,1.902718049826907,0.10422136385187007
26.29980993270874,-0.24353328045365125,1.894466846678015,-0.0005261787995412098
26.349745273590088,-0.24353328045365125,1.894466846678015,-0.0005261787995412098
26.400211334228516,-0.23949746952932116,1.8908857680548912,-0.10656952662478877
26.44966411590576,-0.23949746952932116,1.8908857680548912,-0.10656952662478877
26.499799728393555,-0.24319950159497883,1.8812548751616334,-0.21176551820747025
26.55052947998047,-0.24319950159497883,1.8812548751616334,-0.21176551820747025
26.599820375442505,-0.2432184579213501,1.8702650750774392,-0.31823746413900467
26.65086317062378,-0.2432184579213501,1.8702650750774392,-0.31823746413900467
26.699758052825928,-0.23976842081961125,1.8608154229664213,-0.42623907886889373
26.749821424484253,-0.23976842081961125,1.8608154229664213,-0.42623907886889373
26.800222873687744,-0.2368337902657095,1.848374391344589,-0.533517547753781
26.850011587142944,-0.2368337902657095,1.848374391344589,-0.533517547753781
26.899771451950073,-0.23859931567952175,1.8380732758826492,-0.6407887149246211
26.950051069259644,-0.23859931567952175,1.8380732758826492,-0.6407887149246211
27.000065803527832,-0.24159275182013695,1.832497645579013,-0.7483914459809179
27.049959421157837,-0.24159275182013695,1.832497645579013,-0.7483914459809179
27.09962821006775,-0.24863096235485027,1.828625209007265,-0.8540058792438944
27.150036334991455,-0.24863096235485027,1.828625209007265,-0.8540058792438944
27.199751138687134,-0.2534308744514646,1.8263093022563384,-0.95798683268663
27.249698638916016,-0.2534308744514646,1.8263093022563384,-0.95798683268663
27.300134658813477,-0.2597321966790044,1.824916411766671,-1.0501756574617718
27.349979877471924,-0.2597321966790044,1.824916411766671,-1.0501756574617718
27.40016531944275,-0.2603841715297505,1.8193575110336098,-1.1319970630853011
27.449975728988647,-0.2603841715297505,1.8193575110336098,-1.1319970630853011
27.500317811965942,-0.25912724796567327,1.8131475976734304,-1.1903824575595592
27.549756288528442,-0.25912724796567327,1.8131475976734304,-1.1903824575595592
27.599842071533203,-0.26043733592233254,1.80053260521301,-1.230763484733069
27.64971399307251,-0.26043733592233254,1.80053260521301,-1.230763484733069
27.700478076934814,-0.2598714564652087,1.787791213637443,-1.2508694485318304
27.751112937927246,-0.2598714564652087,1.787791213637443,-1.2508694485318304
27.800249576568604,-0.2636401506807815,1.7847815952881023,-1.2578486617393554
27.85002565383911,-0.2636401506807815,1.7847815952881023,-1.2578486617393554
27.89987301826477,-0.2627343687550284,1.7829256159339546,-1.255889853793078
27.950015544891357,-0.2627343687550284,1.7829256159339546,-1.255889853793078
28.0002384185791,-0.2630595819287316,1.7842420875737643,-1.247231148700841
28.049814701080322,-0.2630595819287316,1.7842420875737643,-1.247231148700841
28.09993815422058,-0.2615516297080607,1.7846496288584612,-1.2323470398257115
28.1499342918396,-0.2615516297080607,1.7846496288584612,-1.2323470398257115
28.199892044067383,-0.25931765783761435,1.7891977497109226,-1.2087715275893371
28.250174045562744,-0.25931765783761435,1.7891977497109226,-1.2087715275893371
28.30001997947693,-0.2580717032747537,1.792365908932453,-1.1779083168542188
28.349705696105957,-0.2580717032747537,1.792365908932453,-1.1779083168542188
28.39989423751831,-0.2536814016435325,1.7941882363228545,-1.1384529813287214
28.449820518493652,-0.2536814016435325,1.7941882363228545,-1.1384529813287214
28.500092029571533,-0.25070275799552616,1.7955814529270573,-1.0924700735785406
28.549651861190796,-0.25070275799552616,1.7955814529270573,-1.0924700735785406
28.599488496780396,-0.2472501733567355,1.8005643234543374,-1.039126948645576
28.649794578552246,-0.2472501733567355,1.8005643234543374,-1.039126948645576
28.700193643569946,-0.24219908789986938,1.8068932251291765,-0.978985139178533
28.750107765197754,-0.24219908789986938,1.8068932251291765,-0.978985139178533
28.79977583885193,-0.2402856649272898,1.811782363497593,-0.9097123631157058
28.849929094314575,-0.2402856649272898,1.811782363497593,-0.9097123631157058
28.899785041809082,-0.23280377327127344,1.8129727820312485,-0.8299135013438667
28.94965124130249,-0.23280377327127344,1.8129727820312485,-0.8299135013438667
29.00010848045349,-0.22371492672936039,1.811297688195316,-0.7380236027436732
29.049973964691162,-0.22371492672936039,1.811297688195316,-0.7380236027436732
29.099745750427246,-0.21691096418234357,1.807244866096464,-0.636557702138342
29.15022587776184,-0.21691096418234357,1.807244866096464,-0.636557702138342
29.200003147125244,-0.2051341149662953,1.8077966704902038,-0.5291136050684467
29.249977588653564,-0.2051341149662953,1.8077966704902038,-0.5291136050684467
29.30001997947693,-0.19702281156171475,1.8087538184182748,-0.42198417339364963
29.349807500839233,-0.19702281156171475,1.8087538184182748,-0.42198417339364963
29.400049448013306,-0.18928944219653698,1.8149307859770771,-0.3161837390399663
29.44985294342041,-0.18928944219653698,1.8149307859770771,-0.3161837390399663
29.4998779296875,-0.17653014545281054,1.8214516876713565,-0.2149732783413234
29.549490451812744,-0.17653014545281054,1.8214516876713565,-0.2149732783413234
29.60048007965088,-0.16810279814516504,1.834266594252032,-0.12100958603142413
29.651707887649536,-0.16810279814516504,1.834266594252032,-0.12100958603142413
29.700140476226807,-0.15225900403675868,1.846550266197442,-0.03951584284948552
29.750091314315796,-0.15225900403675868,1.846550266197442,-0.03951584284948552
29.800522327423096,-0.1354420612152571,1.8541293824412388,0.025222463244050867
29.85026264190674,-0.1354420612152571,1.8541293824412388,0.025222463244050867
29.899997234344482,-0.11456023031893581,1.8584049994099892,0.0782363114477203
29.950042486190796,-0.11456023031893581,1.8584049994099892,0.0782363114477203
30.0000159740448,-0.09416885558707899,1.8619299191588425,0.12514713485086287
30.049689292907715,-0.09416885558707899,1.8619299191588425,0.12514713485086287
30.099932193756104,-0.07084045937896893,1.8657023569235203,0.16538115299445155
30.150086879730225,-0.07084045937896893,1.8657023569235203,0.16538115299445155
30.20021915435791,-0.04939311663717805,1.8715104748869713,0.19976911765869326
30.250117301940918,-0.04939311663717805,1.8715104748869713,0.19976911765869326
30.30057120323181,-0.021990490149476405,1.880125894083122,0.22786564426351744
30.349932432174683,-0.021990490149476405,1.880125894083122,0.22786564426351744
30.400382041931152,0.004389654013315369,1.8877385708871772,0.2508592092403596
30.449822664260864,0.004389654013315369,1.8877385708871772,0.2508592092403596
30.500063180923462,0.0316977801718481,1.8984120703669742,0.27282584162467366
30.550143241882324,0.0316977801718481,1.8984120703669742,0.27282584162467366
30.599719047546387,0.06721020082299023,1.9116492558442504,0.2930782378564863
30.650023937225342,0.06721020082299023,1.9116492558442504,0.2930782378564863
30.700782537460327,0.10021659857615561,1.9286235429447247,0.31326149702154776
30.749526500701904,0.10021659857615561,1.9286235429447247,0.31326149702154776
30.800227403640747,0.1342754621155352,1.942432842676849,0.32961429120984714
30.849872827529907,0.1342754621155352,1.942432842676849,0.32961429120984714
30.901150465011597,0.1686691898475815,1.9569031763586704,0.34386684149695346
30.95017147064209,0.1686691898475815,1.9569031763586704,0.34386684149695346
30.999855995178223,0.19961857175472775,1.971827548265655,0.3582621438331716
31.050233364105225,0.19961857175472775,1.971827548265655,0.3582621438331716
31.10020422935486,0.23096302697637583,1.985719879208226,0.37154887381638746
31.150471448898315,0.23096302697637583,1.985719879208226,0.37154887381638746
31.200353860855103,0.2640123871632345,2.0039013051219574,0.3850787079446804
31.25019407272339,0.2640123871632345,2.0039013051219574,0.3850787079446804
31.299745798110962,0.29684744415733044,2.0230663408620524,0.39719209836073827
31.349847078323364,0.29684744415733044,2.0230663408620524,0.39719209836073827
31.39986777305603,0.32913061316219105,2.0403937126127265,0.40642575581368073
31.450006008148193,0.32913061316219105,2.0403937126127265,0.40642575581368073
31.499948501586914,0.35641115767871945,2.0538720251287352,0.40614321662342356
31.549724817276,0.35641115767871945,2.0538720251287352,0.40614321662342356
31.59993004798889,0.37633960181742676,2.0662622595558795,0.39704164605871756
31.649767637252808,0.37633960181742676,2.0662622595558795,0.39704164605871756
31.699795722961426,0.39822411850371187,2.0695682570474143,0.3741422276402971
31.749823570251465,0.39822411850371187,2.0695682570474143,0.3741422276402971
31.79994559288025,0.4132115254122565,2.0757147013272577,0.34054563073335975
31.850550413131714,0.4132115254122565,2.0757147013272577,0.34054563073335975
31.899744749069214,0.4264574638938382,2.0727744163171824,0.2946843234079135
31.950037240982056,0.4264574638938382,2.0727744163171824,0.2946843234079135
31.999992609024048,0.436943429403566,2.0667550799458754,0.25037593981338163
32.049697399139404,0.436943429403566,2.0667550799458754,0.25037593981338163
32.09962701797485,0.441509927577186,2.0653189859633927,0.200041343874832
32.149797201156616,0.441509927577186,2.0653189859633927,0.200041343874832
32.199958086013794,0.44495574154993156,2.061070999596741,0.14026199632530367
32.249547719955444,0.44495574154993156,2.061070999596741,0.14026199632530367
32.299564599990845,0.44627793800930016,2.056548772785978,0.0713735627521354
32.349360942840576,0.44627793800930016,2.056548772785978,0.0713735627521354
32.39951682090759,0.4469859897018512,2.0555411605414635,-0.005651698385061821
32.44978952407837,0.4469859897018512,2.0555411605414635,-0.005651698385061821
32.50172567367554,0.4475814237479604,2.050876253607183,-0.0936919427395584
32.550023317337036,0.4475814237479604,2.050876253607183,-0.0936919427395584
32.600099325180054,0.4474252823485325,2.041971664296684,-0.1909431402951344
32.64998745918274,0.4474252823485325,2.041971664296684,-0.1909431402951344
32.700087785720825,0.44634204042139125,2.033376689265386,-0.2938721004201053
32.752171754837036,0.44634204042139125,2.033376689265386,-0.2938721004201053
32.80015444755554,0.44457435880862306,2.0237229907289946,-0.39929090049257504
32.85003423690796,0.44457435880862306,2.0237229907289946,-0.39929090049257504
32.90003752708435,0.44913372693964837,2.013382392092206,-0.4902034725801123
32.95020294189453,0.44913372693964837,2.013382392092206,-0.4902034725801123
33.000290632247925,0.4532801892190278,2.0051565181060593,-0.5658604457878442
33.05011296272278,0.4532801892190278,2.0051565181060593,-0.5658604457878442
33.100380182266235,0.46282847258057036,1.998161344051101,-0.6173704936500658
33.1500768661499,0.46282847258057036,1.998161344051101,-0.6173704936500658
33.199742555618286,0.4713321274652785,1.9884426253465173,-0.6491482975273885
33.249900817871094,0.4713321274652785,1.9884426253465173,-0.6491482975273885
33.30013823509216,0.4787895237722535,1.980782300887481,-0.6700574425208596
33.35119605064392,0.4787895237722535,1.980782300887481,-0.6700574425208596
33.400633335113525,0.4832285783367739,1.9725161806410727,-0.6787672469433639
33.449838161468506,0.4832285783367739,1.9725161806410727,-0.6787672469433639
33.500200510025024,0.4893975951594244,1.9654578940094671,-0.6807966593954041
33.54981017112732,0.4893975951594244,1.9654578940094671,-0.6807966593954041
33.5998170375824,0.4971507231883757,1.9621646953673453,-0.6746108996531315
33.64963221549988,0.4971507231883757,1.9621646953673453,-0.6746108996531315
33.699801445007324,0.5006729590649693,1.9621605955114279,-0.6607007183939364
33.74971294403076,0.5006729590649693,1.9621605955114279,-0.6607007183939364
33.79982924461365,0.5066854092812586,1.9610977110360315,-0.6393665923921996
33.849825620651245,0.5066854092812586,1.9610977110360315,-0.6393665923921996
33.89968228340149,0.5109630250625433,1.9654586515221033,-0.6097887374737296
33.94976019859314,0.5109630250625433,1.9654586515221033,-0.6097887374737296
33.99993276596069,0.5204764631559496,1.964772607509595,-0.5738751302064362
34.049947023391724,0.5204764631559496,1.964772607509595,-0.5738751302064362
34.099748611450195,0.5357105819675599,1.9580611504070635,-0.5238367052103722
34.15022325515747,0.5357105819675599,1.9580611504070635,-0.5238367052103722
34.20000624656677,0.5519823662461211,1.9518662760396985,-0.4581287549394555
34.249980449676514,0.5519823662461211,1.9518662760396985,-0.4581287549394555
34.29996871948242,0.5697921295820966,1.9501754916904899,-0.3802462057033946
34.34975981712341,0.5697921295820966,1.9501754916904899,-0.3802462057033946
34.40000128746033,0.5926604625763191,1.9489469485290458,-0.2940552277743865
34.45054602622986,0.5926604625763191,1.9489469485290458,-0.2940552277743865
34.49983263015747,0.6158091395860553,1.9508644795431964,-0.2022748675164582
34.549628019332886,0.6158091395860553,1.9508644795431964,-0.2022748675164582
34.59995150566101,0.6382428591961625,1.9578692673290472,-0.10663292538260935
34.649768590927124,0.6382428591961625,1.9578692673290472,-0.10663292538260935
34.69978857040405,0.659362703328397,1.9667298488251914,-0.01904434604136385
34.7496554851532,0.659362703328397,1.9667298488251914,-0.01904434604136385
34.79999399185181,0.6802694194408668,1.9765494015290008,0.07137979472446851
34.85002875328064,0.6802694194408668,1.9765494015290008,0.07137979472446851
34.89964723587036,0.6996550421290665,1.9869853953912098,0.16708053886054625
34.94985890388489,0.6996550421290665,1.9869853953912098,0.16708053886054625
34.999999046325684,0.7144892693449582,1.99550723017248,0.2667255435206794
35.05002045631409,0.7144892693449582,1.99550723017248,0.2667255435206794
35.10006880760193,0.7269390793011222,2.0069728454063616,0.3719195597744311
35.15087294578552,0.7269390793011222,2.0069728454063616,0.3719195597744311
35.200156450271606,0.733612046873309,2.0188747290665425,0.48281413626922737
35.249990463256836,0.733612046873309,2.0188747290665425,0.48281413626922737
35.29970383644104,0.7337079838702597,2.0276447362445076,0.5974182734293807
35.34988570213318,0.7337079838702597,2.0276447362445076,0.5974182734293807
35.39972281455994,0.7305531887905893,2.032772003884666,0.7036063081222023
35.449735164642334,0.7305531887905893,2.032772003884666,0.7036063081222023
35.500016927719116,0.7269278187827098,2.0423014109613593,0.7992380770558146
35.549930810928345,0.7269278187827098,2.0423014109613593,0.7992380770558146
35.60048294067383,0.7240181434442657,2.0504103465486367,0.8801427599044471
35.64949440956116,0.7240181434442657,2.0504103465486367,0.8801427599044471
35.700071573257446,0.7208331579529864,2.0587168914785936,0.9502332059816552
35.750125885009766,0.7208331579529864,2.0587168914785936,0.9502332059816552
35.80001759529114,0.7202845360571898,2.065493830207205,1.0169313307075174
35.84984230995178,0.7202845360571898,2.065493830207205,1.0169313307075174
35.89966917037964,0.7167585332337455,2.0742885699750264,1.0880298970435849
35.949798345565796,0.7167585332337455,2.0742885699750264,1.0880298970435849
36.00034046173096,0.7144641463257236,2.0805306639063494,1.1653148049576727
36.04954218864441,0.7144641463257236,2.0805306639063494,1.1653148049576727
36.09997868537903,0.7078188566431066,2.0860937500121954,1.24625088746669
36.150418519973755,0.7078188566431066,2.0860937500121954,1.24625088746669
36.199867248535156,0.7076625189306828,2.08763769982202,1.31639761303479
36.24995541572571,0.7076625189306828,2.08763769982202,1.31639761303479
36.30001664161682,0.7022013605731264,2.0906116814838724,1.3758517667250119
36.3497531414032,0.7022013605731264,2.0906116814838724,1.3758517667250119
36.39966058731079,0.7032777420461663,2.0948558748363704,1.4140139047056772
36.44968223571777,0.7032777420461663,2.0948558748363704,1.4140139047056772
36.49993395805359,0.7018207968516273,2.0974992975982936,1.4370819066628466
36.55320429801941,0.7018207968516273,2.0974992975982936,1.4370819066628466
36.59963321685791,0.7007244422432156,2.1044462102682555,1.451941567814794
36.64971113204956,0.7007244422432156,2.1044462102682555,1.451941567814794
36.699836015701294,0.7022828460966858,2.1156551471297074,1.4516042504007334
36.7497615814209,0.7022828460966858,2.1156551471297074,1.4516042504007334
36.79960083961487,0.7046200490239732,2.129339928977863,1.439207605539221
36.84955811500549,0.7046200490239732,2.129339928977863,1.439207605539221
36.89975118637085,0.7095741487684547,2.145393767435169,1.4174712339194246
36.94982719421387,0.7095741487684547,2.145393767435169,1.4174712339194246
36.99993085861206,0.7132542740150253,2.168418889175395,1.3834036491121673
37.05009913444519,0.7132542740150253,2.168418889175395,1.3834036491121673
37.100035190582275,0.7221737235446991,2.192028038864332,1.3392827541666588
37.14954924583435,0.7221737235446991,2.192028038864332,1.3392827541666588
37.1995484828949,0.731373840292937,2.2221245288812286,1.2816018409331287
37.24988794326782,0.731373840292937,2.2221245288812286,1.2816018409331287
37.299745082855225,0.7337784274141627,2.2523668812296296,1.2173185364809453
37.34966206550598,0.7337784274141627,2.2523668812296296,1.2173185364809453
37.39988875389099,0.7476678836135681,2.284183317672055,1.1445565091400045
37.449612617492676,0.7476678836135681,2.284183317672055,1.1445565091400045
37.499728202819824,0.7646212240499294,2.30988543968071,1.0679438088202662
37.549697399139404,0.7646212240499294,2.30988543968071,1.0679438088202662
37.60000038146973,0.7819878287841923,2.3301510049974303,0.9875651683027519
37.64984083175659,0.7819878287841923,2.3301510049974303,0.9875651683027519
37.70240616798401,0.8019448572001472,2.349319994987703,0.9030214048039223
37.749876976013184,0.8019448572001472,2.349319994987703,0.9030214048039223
37.800063610076904,0.8199226376387726,2.36271862404996,0.8164784710860098
37.850220680236816,0.8199226376387726,2.36271862404996,0.8164784710860098
37.899996280670166,0.8352914225767581,2.3723418740379425,0.7330563667841947
37.949655532836914,0.8352914225767581,2.3723418740379425,0.7330563667841947
37.99993920326233,0.8564350375339681,2.3820144836592476,0.652254265428006
38.04965424537659,0.8564350375339681,2.3820144836592476,0.652254265428006
38.09976649284363,0.8755637131845474,2.3930461887509993,0.5746426922316529
38.14971661567688,0.8755637131845474,2.3930461887509993,0.5746426922316529
38.19969391822815,0.8947008616216435,2.401376592686316,0.5023181350674683
38.249845027923584,0.8947008616216435,2.401376592686316,0.5023181350674683
38.29948425292969,0.9156591105079491,2.4082733225257047,0.4362135733488584
38.34954619407654,0.9156591105079491,2.4082733225257047,0.4362135733488584
38.39995861053467,0.9339730398156455,2.4231436868917537,0.3850472675818647
38.449878454208374,0.9339730398156455,2.4231436868917537,0.3850472675818647
38.499900341033936,0.954767968770914,2.424734480188903,0.34096141627491355
38.54956579208374,0.954767968770914,2.424734480188903,0.34096141627491355
38.59957766532898,0.9734508198557305,2.428084283944103,0.3072023395063042
38.64981389045715,0.9734508198557305,2.428084283944103,0.3072023395063042
38.701215744018555,0.9997084130158859,2.43013376334149,0.27804031597293
38.74991726875305,0.9997084130158859,2.43013376334149,0.27804031597293
38.80040764808655,1.0246048438894086,2.433579349887554,0.2541004489946685
38.84984827041626,1.0246048438894086,2.433579349887554,0.2541004489946685
38.90037655830383,1.0552520524694096,2.4424404327131533,0.23047218101760958
38.95056104660034,1.0552520524694096,2.4424404327131533,0.23047218101760958
38.99971055984497,1.0804980678170972,2.448878705696425,0.2068514632151557
39.049565076828,1.0804980678170972,2.448878705696425,0.2068514632151557
39.09955859184265,1.1098365578878564,2.4569670719375494,0.18410960866625842
39.149776458740234,1.1098365578878564,2.4569670719375494,0.18410960866625842
39.20035982131958,1.137625561573644,2.465261257059829,0.16228569678944138
39.24958562850952,1.137625561573644,2.465261257059829,0.16228569678944138
39.299498319625854,1.1632338656191505,2.4701954747971655,0.14271029376455088
39.34971237182617,1.1632338656191505,2.4701954747971655,0.14271029376455088
39.399824380874634,1.1942536265921877,2.475935245186182,0.12508546248183802
39.44966387748718,1.1942536265921877,2.475935245186182,0.12508546248183802
39.49955606460571,1.2255391727948473,2.4783589241878365,0.10887449995888164
39.54957056045532,1.2255391727948473,2.4783589241878365,0.10887449995888164
39.59980750083923,1.2531494951867943,2.4815116580215455,0.09475337292779577
39.64977478981018,1.2531494951867943,2.4815116580215455,0.09475337292779577
39.6998176574707,1.2807016082345508,2.488433100114817,0.08381918523331798
39.74941158294678,1.2807016082345508,2.488433100114817,0.08381918523331798
39.79976415634155,1.3125651315990758,2.49079941916598,0.07210767063291613
39.8495876789093,1.3125651315990758,2.49079941916598,0.07210767063291613
39.89972972869873,1.3457498216001658,2.495088029394862,0.062300316950509756
39.95004200935364,1.3457498216001658,2.495088029394862,0.062300316950509756
40.00004029273987,1.376761942040889,2.4993606499611656,0.0519147195881052
40.04991841316223,1.376761942040889,2.4993606499611656,0.0519147195881052
40.09947967529297,1.4072764080133493,2.503512636531178,0.04392228022711313
40.1496639251709,1.4072764080133493,2.503512636531178,0.04392228022711313
40.19972801208496,1.4357224725604758,2.5064067016709237,0.03424367279956494
40.24981713294983,1.4357224725604758,2.5064067016709237,0.03424367279956494
40.299712896347046,1.4653521845261066,2.5104091756610694,0.02265717780661381
40.349769830703735,1.4653521845261066,2.5104091756610694,0.02265717780661381
40.39980721473694,1.4901973392039523,2.5097331259736433,0.010043575796904573
40.44970202445984,1.4901973392039523,2.5097331259736433,0.010043575796904573
40.50020885467529,1.5149154957517519,2.5074973114801233,-0.008002313636061133
40.55000066757202,1.5149154957517519,2.5074973114801233,-0.008002313636061133
40.599977254867554,1.5424190254532926,2.5069741041763143,-0.037174507943296554
40.64968991279602,1.5424190254532926,2.5069741041763143,-0.037174507943296554
40.69968581199646,1.5745189650520302,2.5033802289179246,-0.07682872280182575
40.74958038330078,1.5745189650520302,2.5033802289179246,-0.07682872280182575
40.80053639411926,1.6063507840653601,2.49970575026853,-0.12943888408847357
40.849642753601074,1.6063507840653601,2.49970575026853,-0.12943888408847357
40.9001030921936,1.641647919813313,2.493413923004729,-0.1915669126514144
40.95107936859131,1.641647919813313,2.493413923004729,-0.1915669126514144
41.000144243240356,1.6717648528947153,2.488682020662749,-0.2674461130252366
41.049962759017944,1.6717648528947153,2.488682020662749,-0.2674461130252366
41.10008358955383,1.6952189025347,2.4733282180602183,-0.35531353954908
41.14984369277954,1.6952189025347,2.4733282180602183,-0.35531353954908
41.1998188495636,1.7131410234980446,2.4632943316172513,-0.4463010769839532
41.24999737739563,1.7131410234980446,2.4632943316172513,-0.4463010769839532
41.29982948303223,1.72957610784071,2.4433991600866207,-0.532991089577919
41.34987139701843,1.72957610784071,2.4433991600866207,-0.532991089577919
41.40190124511719,1.7497773009155884,2.4258788280183214,-0.6200469290753502
41.44981074333191,1.7497773009155884,2.4258788280183214,-0.6200469290753502
41.49973964691162,1.7613562950012773,2.407105030959849,-0.7072028758199261
41.549763202667236,1.7613562950012773,2.407105030959849,-0.7072028758199261
41.59999346733093,1.77687950367527,2.3923586746244307,-0.7924658004306107
41.64994835853577,1.77687950367527,2.3923586746244307,-0.7924658004306107
41.69992160797119,1.7894955899156133,2.373245934092807,-0.8740749300345323
41.74957513809204,1.7894955899156133,2.373245934092807,-0.8740749300345323
41.799999475479126,1.8058407011826016,2.35542280857964,-0.9509086061509726
41.8512818813324,1.8058407011826016,2.35542280857964,-0.9509086061509726
41.90008783340454,1.8127740313983285,2.339731671988588,-1.0216977963808966
41.94963717460632,1.8127740313983285,2.339731671988588,-1.0216977963808966
41.99984693527222,1.81755937890803,2.3217364740227997,-1.0889609446835058
42.049968957901,1.81755937890803,2.3217364740227997,-1.0889609446835058
42.099785566329956,1.8218846853246804,2.303243377105486,-1.1407340459058286
42.14951992034912,1.8218846853246804,2.303243377105486,-1.1407340459058286
42.199681520462036,1.8261987859112834,2.2826053726246975,-1.1914590795190474
42.24987435340881,1.8261987859112834,2.2826053726246975,-1.1914590795190474
42.299842834472656,1.8321318560328392,2.2609734503100696,-1.2329733596690446
42.35001230239868,1.8321318560328392,2.2609734503100696,-1.2329733596690446
42.399821043014526,1.8407816794762968,2.234493937139415,-1.2684927323937611
42.44993591308594,1.8407816794762968,2.234493937139415,-1.2684927323937611
42.500118017196655,1.8490090612389878,2.209358797055589,-1.3004877096733451
42.5497784614563,1.8490090612389878,2.209358797055589,-1.3004877096733451
42.5999116897583,1.8552297334681311,2.187052083588053,-1.3300921058745698
42.6502103805542,1.8552297334681311,2.187052083588053,-1.3300921058745698
42.700005769729614,1.8597464707495694,2.160589300618724,-1.3565341721857802
42.74972701072693,1.8597464707495694,2.160589300618724,-1.3565341721857802
42.79989457130432,1.8643199077377592,2.1334538143732527,-1.379987892275476
42.849958658218384,1.8643199077377592,2.1334538143732527,-1.379987892275476
42.89987850189209,1.8721549959252002,2.1025460636296103,-1.4016370897360522
42.9499614238739,1.8721549959252002,2.1025460636296103,-1.4016370897360522
42.99997663497925,1.8756177026469376,2.0702007681638404,-1.4204219982184536
43.05045795440674,1.8756177026469376,2.0702007681638404,-1.4204219982184536
43.10101914405823,1.8816250287940295,2.0435468631419758,-1.4344507054432507
43.14966177940369,1.8816250287940295,2.0435468631419758,-1.4344507054432507
43.20007872581482,1.8834848969591231,2.0141021329185387,-1.4462747995693628
43.24987816810608,1.8834848969591231,2.0141021329185387,-1.4462747995693628
43.30001187324524,1.8858830182728061,1.9818236220751406,-1.4584990572291805
43.34978532791138,1.8858830182728061,1.9818236220751406,-1.4584990572291805
43.399598836898804,1.8898959344859105,1.9479227603540776,-1.4689150225949337
43.44994878768921,1.8898959344859105,1.9479227603540776,-1.4689150225949337
43.50048112869263,1.8963382976499061,1.9180850586023637,-1.4805959381912401
43.549773931503296,1.8963382976499061,1.9180850586023637,-1.4805959381912401
43.60006022453308,1.902174970375213,1.889968808655647,-1.4918743721567942
43.64999461174011,1.902174970375213,1.889968808655647,-1.4918743721567942
43.70030927658081,1.9063623653116495,1.8571739968947183,-1.5026266463071043
43.7499303817749,1.9063623653116495,1.8571739968947183,-1.5026266463071043
43.79994320869446,1.9052092234837068,1.82697352294087,-1.5118502604990254
43.850218534469604,1.9052092234837068,1.82697352294087,-1.5118502604990254
43.900768518447876,1.9105648963128945,1.7966947173169818,-1.522437733208643
43.950115442276,1.9105648963128945,1.7966947173169818,-1.522437733208643
44.00022315979004,1.9138656188155228,1.7700482617949076,-1.530020049447108
44.05009150505066,1.9138656188155228,1.7700482617949076,-1.530020049447108
44.099855184555054,1.91904941553295,1.7383959372899864,-1.539231536723821
44.149922609329224,1.91904941553295,1.7383959372899864,-1.539231536723821
44.20043206214905,1.9202715650837687,1.7096546993651947,-1.535880103357019
44.25054693222046,1.9202715650837687,1.7096546993651947,-1.535880103357019
44.29979944229126,1.9268386471711576,1.6888014987108493,-1.5219906459260046
44.34960746765137,1.9268386471711576,1.6888014987108493,-1.5219906459260046
44.399884939193726,1.9321487412097733,1.6743023973871085,-1.4990271817668874
44.44979810714722,1.9321487412097733,1.6743023973871085,-1.4990271817668874
44.49965524673462,1.9331177410716296,1.6641853875740518,-1.4727611092271282
44.54954719543457,1.9331177410716296,1.6641853875740518,-1.4727611092271282
44.60011076927185,1.9369232464323507,1.6583082060548817,-1.4531002291143187
44.649935722351074,1.9369232464323507,1.6583082060548817,-1.4531002291143187
44.69985556602478,1.9393961294534696,1.6536114688543293,-1.4346304394631455
44.74973154067993,1.9393961294534696,1.6536114688543293,-1.4346304394631455
44.80005669593811,1.940796509396133,1.6518832197146507,-1.4104202916658442
44.84963798522949,1.940796509396133,1.6518832197146507,-1.4104202916658442
44.899845600128174,1.942892806554982,1.6480836788345643,-1.3857119377954663
44.94952368736267,1.942892806554982,1.6480836788345643,-1.3857119377954663
44.99986529350281,1.9465457164950397,1.6397844659630203,-1.3521718993085057
45.04953384399414,1.9465457164950397,1.6397844659630203,-1.3521718993085057
45.099552392959595,1.9521600111770048,1.6292137889824234,-1.3061442193354316
45.149683237075806,1.9521600111770048,1.6292137889824234,-1.3061442193354316
45.19966268539429,1.9592556631414628,1.6247049547862544,-1.2470091569649147
45.24958109855652,1.9592556631414628,1.6247049547862544,-1.2470091569649147
45.29989409446716,1.9725596656361657,1.6162147565541496,-1.1743013733671093
45.349958181381226,1.9725596656361657,1.6162147565541496,-1.1743013733671093
45.400081634521484,1.9846996468778935,1.606651167487699,-1.0900250903273503
45.45001673698425,1.9846996468778935,1.606651167487699,-1.0900250903273503
45.499709367752075,1.999335594571904,1.5956008134243391,-0.9978366900318384
45.55007815361023,1.999335594571904,1.5956008134243391,-0.9978366900318384
45.59998893737793,2.014586299807372,1.5858723734564824,-0.9046427187593333
45.649800300598145,2.014586299807372,1.5858723734564824,-0.9046427187593333
45.69996404647827,2.0299722092301673,1.5743607419950405,-0.8061632120937932
45.74943232536316,2.0299722092301673,1.5743607419950405,-0.8061632120937932
45.80053901672363,2.045309972357663,1.5645932116005181,-0.7107033886268598
45.84978461265564,2.045309972357663,1.5645932116005181,-0.7107033886268598
45.89968180656433,2.0616566042769673,1.5577923305706822,-0.6219308094061445
45.95053553581238,2.0616566042769673,1.5577923305706822,-0.6219308094061445
46.000032901763916,2.0806625644980934,1.5550410456104131,-0.5436854159816755
46.04977083206177,2.0806625644980934,1.5550410456104131,-0.5436854159816755
46.099677324295044,2.106353438848861,1.54779567848793,-0.48124452458752437
46.14967226982117,2.106353438848861,1.54779567848793,-0.48124452458752437
46.200236082077026,2.125090735802504,1.541405310601304,-0.4281012094647529
46.25101351737976,2.125090735802504,1.541405310601304,-0.4281012094647529
46.302019357681274,2.1429303438101575,1.5353042294756922,-0.3870296322108197
46.349682092666626,2.1429303438101575,1.5353042294756922,-0.3870296322108197
46.40037775039673,2.166725667594356,1.530821276733532,-0.35591317269251505
46.44963502883911,2.166725667594356,1.530821276733532,-0.35591317269251505
46.500295877456665,2.190808113182585,1.5301565045830714,-0.32815903890360604
46.549623012542725,2.190808113182585,1.5301565045830714,-0.32815903890360604
46.600335359573364,2.2157033268025965,1.5255018478722375,-0.3054209725664321
46.649816274642944,2.2157033268025965,1.5255018478722375,-0.3054209725664321
46.69966673851013,2.2409965965206533,1.5216648247204012,-0.2847723434304737
46.749547719955444,2.2409965965206533,1.5216648247204012,-0.2847723434304737
46.800394773483276,2.2658930369058634,1.5164201521866802,-0.2653388990751365
46.849844455718994,2.2658930369058634,1.5164201521866802,-0.2653388990751365
46.90010380744934,2.2923142877957114,1.5117617518463946,-0.2492133685508985
46.94973921775818,2.2923142877957114,1.5117617518463946,-0.2492133685508985
46.999863386154175,2.321412746884254,1.50626502670963,-0.23395213108652013
47.049744844436646,2.321412746884254,1.50626502670963,-0.23395213108652013
47.099793672561646,2.3503399132804557,1.5031418043066958,-0.2198114268979517
47.149510622024536,2.3503399132804557,1.5031418043066958,-0.2198114268979517
47.1996283531189,2.380597133582481,1.499793821064282,-0.20501650250519748
47.24960708618164,2.380597133582481,1.499793821064282,-0.20501650250519748
47.30047082901001,2.4112807442662807,1.4963605488275686,-0.19103209062362617
47.34992694854736,2.4112807442662807,1.4963605488275686,-0.19103209062362617
47.40049505233765,2.4435943319010667,1.4917646143770171,-0.17769232484679676
47.44983673095703,2.4435943319010667,1.4917646143770171,-0.17769232484679676
47.49971866607666,2.4727269889392853,1.4901150603380693,-0.1636049404939291
47.54996633529663,2.4727269889392853,1.4901150603380693,-0.1636049404939291
47.600013256073,2.5033842077365547,1.4867706812049573,-0.14913041416895123
47.64966678619385,2.5033842077365547,1.4867706812049573,-0.14913041416895123
47.70022249221802,2.532392882518596,1.486574378414054,-0.13672314760197415
47.75005912780762,2.532392882518596,1.486574378414054,-0.13672314760197415
47.800055742263794,2.5607893006040663,1.4814598078213408,-0.12387669850660543
47.849705934524536,2.5607893006040663,1.4814598078213408,-0.12387669850660543
47.89993214607239,2.5914490719634324,1.4799968014131746,-0.11083311923154308
47.94949507713318,2.5914490719634324,1.4799968014131746,-0.11083311923154308
48.00011134147644,2.6240278676603963,1.4781243895800096,-0.09900961290108778
48.049721479415894,2.6240278676603963,1.4781243895800096,-0.09900961290108778
48.09993314743042,2.6544306099404538,1.479304347902899,-0.08811320201443135
48.14950466156006,2.6544306099404538,1.479304347902899,-0.08811320201443135
48.199979066848755,2.6860018034779087,1.4792884650870781,-0.08096847415951408
48.24973940849304,2.6860018034779087,1.4792884650870781,-0.08096847415951408
48.29977607727051,2.7127890293408083,1.479063660009341,-0.07437983374121512
48.34974384307861,2.7127890293408083,1.479063660009341,-0.07437983374121512
48.39961624145508,2.7360552991718095,1.4775738735327097,-0.07384418190505596
48.45049715042114,2.7360552991718095,1.4775738735327097,-0.07384418190505596
48.49975299835205,2.7579131518690776,1.4787322979998785,-0.07673742100688502
48.549633741378784,2.7579131518690776,1.4787322979998785,-0.07673742100688502
48.60065150260925,2.774443676700686,1.477210898379754,-0.08845803020773332
48.650044202804565,2.774443676700686,1.477210898379754,-0.08845803020773332
48.70016598701477,2.7868906823240485,1.4729056720803533,-0.1111259836847211
48.75031924247742,2.7868906823240485,1.4729056720803533,-0.1111259836847211
48.79990196228027,2.792614615348304,1.4712670672492474,-0.1489955708824659
48.84993004798889,2.792614615348304,1.4712670672492474,-0.1489955708824659
48.89981937408447,2.7957927470113852,1.4734883182247631,-0.18232535016918008
48.95004367828369,2.7957927470113852,1.4734883182247631,-0.18232535016918008
49.00081253051758,2.801327816356747,1.4689251701175954,-0.21318974787543213
49.05002522468567,2.801327816356747,1.4689251701175954,-0.21318974787543213
49.09970283508301,2.810715913699075,1.4637461763316069,-0.24125772557040714
49.14990472793579,2.810715913699075,1.4637461763316069,-0.24125772557040714
49.199782848358154,2.8171213248937836,1.4598021216254642,-0.2684579546001652
49.249969244003296,2.8171213248937836,1.4598021216254642,-0.2684579546001652
49.29983901977539,2.825727899760898,1.4542010965892131,-0.2980728739778931
49.349865436553955,2.825727899760898,1.4542010965892131,-0.2980728739778931
49.399924993515015,2.8347649024013597,1.4537778212953365,-0.3262145530234471
49.44992971420288,2.8347649024013597,1.4537778212953365,-0.3262145530234471
49.499776124954224,2.838754028183198,1.4470633506038006,-0.3644616776670318
49.54954767227173,2.838754028183198,1.4470633506038006,-0.3644616776670318
49.60022521018982,2.8380569479844175,1.4422279963076277,-0.41494138702003963
49.649943351745605,2.8380569479844175,1.4422279963076277,-0.41494138702003963
49.700058698654175,2.839387718751261,1.4345027198677207,-0.47716141157866115
49.749956130981445,2.839387718751261,1.4345027198677207,-0.47716141157866115
49.801414012908936,2.836046637486972,1.430998516001745,-0.5422756670950529
49.85018444061279,2.836046637486972,1.430998516001745,-0.5422756670950529
49.90048027038574,2.8395141122463956,1.4211230223284959,-0.6089860427624512
49.949538230895996,2.8395141122463956,1.4211230223284959,-0.6089860427624512
50.00002336502075,2.846815787941193,1.417186054860025,-0.6613849393098913
50.049657344818115,2.846815787941193,1.417186054860025,-0.6613849393098913
50.10044884681702,2.8506807788457014,1.4130966379992707,-0.698154517271905
50.15055012702942,2.8506807788457014,1.4130966379992707,-0.698154517271905
50.199931383132935,2.8483640062018556,1.4053990014475528,-0.7234389735323856
50.25013327598572,2.8483640062018556,1.4053990014475528,-0.7234389735323856
50.29963994026184,2.8477312616608876,1.4009859303484233,-0.7335559799503436
50.34969115257263,2.8477312616608876,1.4009859303484233,-0.7335559799503436
50.399818897247314,2.847803516007367,1.3978077294066809,-0.731415807244004
50.45210790634155,2.847803516007367,1.3978077294066809,-0.731415807244004
50.499677419662476,2.8514409394190046,1.3979634158076883,-0.7279001473768895
50.54956531524658,2.8514409394190046,1.3979634158076883,-0.7279001473768895
50.60025715827942,2.8530070675103154,1.4043212971157664,-0.715824713556129
50.64972949028015,2.8530070675103154,1.4043212971157664,-0.715824713556129
50.6996054649353,2.8566041972217326,1.4078545693915643,-0.6958775267317591
50.74978995323181,2.8566041972217326,1.4078545693915643,-0.6958775267317591
50.80219340324402,2.8574391600977678,1.4129259325862908,-0.6680995513015268
50.8498318195343,2.8574391600977678,1.4129259325862908,-0.6680995513015268
50.899717569351196,2.858776347973834,1.4166860409941964,-0.6279994052053671
50.95039677619934,2.858776347973834,1.4166860409941964,-0.6279994052053671
50.99994134902954,2.858985886227905,1.4234232598401955,-0.5787284118316234
51.049994230270386,2.858985886227905,1.4234232598401955,-0.5787284118316234
51.099924087524414,2.8593223536959576,1.4254793853486738,-0.5189304160781736
51.149667501449585,2.8593223536959576,1.4254793853486738,-0.5189304160781736
51.199719190597534,2.8579487768958645,1.4275156334357333,-0.45342486521723213
51.249815940856934,2.8579487768958645,1.4275156334357333,-0.45342486521723213
51.29979062080383,2.85379125747861,1.4362070129943263,-0.37551207798263586
51.35080885887146,2.85379125747861,1.4362070129943263,-0.37551207798263586
51.40006399154663,2.854025217430071,1.4408506387619229,-0.2945599122672872
51.44988417625427,2.854025217430071,1.4408506387619229,-0.2945599122672872
51.50006628036499,2.8549183404048093,1.4506393461239147,-0.2067814898559717
51.54983305931091,2.8549183404048093,1.4506393461239147,-0.2067814898559717
51.59986996650696,2.859088214712102,1.457532950415938,-0.11042686307553294
51.64966011047363,2.859088214712102,1.457532950415938,-0.11042686307553294
51.69973182678223,2.863319632697055,1.466159919630556,-0.004642963694474872
51.74973011016846,2.863319632697055,1.466159919630556,-0.004642963694474872
51.79951620101929,2.8646827003055932,1.4739309734059225,0.10499928597911559
51.84960079193115,2.8646827003055932,1.4739309734059225,0.10499928597911559
51.90005540847778,2.869726882064822,1.4821322659219272,0.2099398640918902
51.951438903808594,2.869726882064822,1.4821322659219272,0.2099398640918902
52.00022220611572,2.869726882064822,1.4821322659219272,0.2099398640918902
52.049684047698975,2.869726882064822,1.4821322659219272,0.2099398640918902
52.10059666633606,2.877939965981034,1.4999464985788395,0.4100949820739587
52.149588108062744,2.877939965981034,1.4999464985788395,0.4100949820739587
52.200181007385254,2.877665138065687,1.5081544210608677,0.498788737191124
52.24954533576965,2.877665138065687,1.5081544210608677,0.498788737191124
52.2995707988739,2.8836412967696763,1.5122960453154919,0.570898677239852
52.34939980506897,2.8836412967696763,1.5122960453154919,0.570898677239852
52.39963364601135,2.8910846438034072,1.5194720160050468,0.6226806901954995
52.44986629486084,2.8910846438034072,1.5194720160050468,0.6226806901954995
52.49960255622864,2.8915311332452505,1.530066161783527,0.6497922748047964
52.549540758132935,2.8915311332452505,1.530066161783527,0.6497922748047964
52.600605487823486,2.897887805529018,1.539994053577944,0.6699243188921908
52.64981508255005,2.897887805529018,1.539994053577944,0.6699243188921908
52.699554443359375,2.9003147111115504,1.5472979972808092,0.6796945290960037
52.7503936290741,2.9003147111115504,1.5472979972808092,0.6796945290960037
52.79958415031433,2.905581796088535,1.5512585364659037,0.6767182414762387
52.84990978240967,2.905581796088535,1.5512585364659037,0.6767182414762387
52.89962983131409,2.905581796088535,1.5512585364659037,0.6767182414762387
52.94973278045654,2.905581796088535,1.5512585364659037,0.6767182414762387
52.9999897480011,2.9096797119900537,1.5601367375924342,0.6647874102343142
53.04947876930237,2.9184859138260126,1.5672386696122138,0.6412405117506462
53.099623680114746,2.9380216244869164,1.5823900739166303,0.6073574661451683
53.149359941482544,2.9380216244869164,1.5823900739166303,0.6073574661451683
53.20106244087219,2.9620768425427273,1.5938891747586446,0.5621005983763607
53.24985074996948,2.9620768425427273,1.5938891747586446,0.5621005983763607
53.3001275062561,2.9854892434296727,1.606714518520288,0.5091396267061045
53.34941077232361,2.9854892434296727,1.606714518520288,0.5091396267061045
53.39981722831726,3.013965577653632,1.6216883289674655,0.4523958423364138
53.44979238510132,3.013965577653632,1.6216883289674655,0.4523958423364138
53.49950170516968,3.041938364094731,1.6324821498245454,0.3980922016806729
53.54947757720947,3.041938364094731,1.6324821498245454,0.3980922016806729
53.59987950325012,3.071712857459868,1.6409103156694445,0.34770189296821247
53.64960289001465,3.071712857459868,1.6409103156694445,0.34770189296821247
53.6996169090271,3.0985947337615234,1.6494456600558023,0.29956957364368475
53.75115394592285,3.0985947337615234,1.6494456600558023,0.29956957364368475
53.7996129989624,3.124821786684648,1.655239068668294,0.2606535234235897
53.84990739822388,3.124821786684648,1.655239068668294,0.2606535234235897
53.89954710006714,3.1535700392065924,1.6582515369212745,0.2278335533496713
53.94979977607727,3.1535700392065924,1.6582515369212745,0.2278335533496713
54.001904249191284,3.1833925854223084,1.66167240701507,0.20044654896708816
54.04948115348816,3.1833925854223084,1.66167240701507,0.20044654896708816
54.099812030792236,3.208428276990729,1.6661362764638106,0.18264927618425747
54.14953303337097,3.208428276990729,1.6661362764638106,0.18264927618425747
54.20060324668884,3.2345193553224423,1.6716190877981545,0.16758437030069892
54.25000715255737,3.2345193553224423,1.6716190877981545,0.16758437030069892
54.29944467544556,3.2624581329594924,1.6778099201001067,0.1550257408259563
54.34964346885681,3.2624581329594924,1.6778099201001067,0.1550257408259563
54.39989638328552,3.2932848157781565,1.6841275530929183,0.1417250584456567
54.44983720779419,3.2932848157781565,1.6841275530929183,0.1417250584456567
54.499422788619995,3.319801180871549,1.6868740599304857,0.1278662791875855
54.54957127571106,3.319801180871549,1.6868740599304857,0.1278662791875855
54.6002779006958,3.3499248952146283,1.6912371619871769,0.11582793533066439
54.64989423751831,3.3499248952146283,1.6912371619871769,0.11582793533066439
54.6996283531189,3.3499248952146283,1.6912371619871769,0.11582793533066439
54.74972987174988,3.3771717038236804,1.6957835674952553,0.10479576930596289
54.79972696304321,3.407580374010162,1.6990610975186966,0.0918978489677596
54.849989891052246,3.407580374010162,1.6990610975186966,0.0918978489677596
54.899656772613525,3.4376891447341245,1.7016023954024562,0.0813115741240856
54.949690103530884,3.4376891447341245,1.7016023954024562,0.0813115741240856
54.99991536140442,3.4663829896668927,1.7083786129451553,0.07078639046641898
55.04962944984436,3.4663829896668927,1.7083786129451553,0.07078639046641898
55.100133419036865,3.4951394014529904,1.7109789795674948,0.060443322205330816
55.150031089782715,3.4951394014529904,1.7109789795674948,0.060443322205330816
55.19992280006409,3.528403245925618,1.7179520335437357,0.05158670036287027
55.24948167800903,3.528403245925618,1.7179520335437357,0.05158670036287027
55.299530029296875,3.5579219016358894,1.72103059375997,0.04472466415145186
55.34960198402405,3.5579219016358894,1.72103059375997,0.04472466415145186
55.39955186843872,3.5874996115340463,1.721589760909142,0.03645673578975182
55.44974136352539,3.5874996115340463,1.721589760909142,0.03645673578975182
55.50014781951904,3.6140361338240017,1.7227890657750433,0.02695873899873325
55.54933428764343,3.6140361338240017,1.7227890657750433,0.02695873899873325
55.600996017456055,3.6466340161196356,1.7246040543983323,0.020423727053607104
55.64972448348999,3.6466340161196356,1.7246040543983323,0.020423727053607104
55.70038962364197,3.675933216364523,1.7272266365602933,0.013144048192708988
55.74974203109741,3.675933216364523,1.7272266365602933,0.013144048192708988
55.79967379570007,3.7069539093959993,1.7301039534838825,0.005627592463106305
55.84947848320007,3.7069539093959993,1.7301039534838825,0.005627592463106305
55.89951300621033,3.7351103021102428,1.7317936631921387,-0.0022403796987870775
55.94963812828064,3.7351103021102428,1.7317936631921387,-0.0022403796987870775
55.99992775917053,3.766768687463719,1.733482701746987,-0.008917333751348183
56.049551248550415,3.766768687463719,1.733482701746987,-0.008917333751348183
56.10006523132324,3.792759396296528,1.7345523220465493,-0.015414726276634835
56.14946460723877,3.792759396296528,1.7345523220465493,-0.015414726276634835
56.19983792304993,3.824272031418086,1.735545458971616,-0.023666199647585907
56.25090312957764,3.824272031418086,1.735545458971616,-0.023666199647585907
56.29998970031738,3.854310802821565,1.7335481132747608,-0.030754978131581245
56.350502729415894,3.854310802821565,1.7335481132747608,-0.030754978131581245
56.39965772628784,3.883791976342929,1.733467782844301,-0.035251568085118555
56.449697494506836,3.883791976342929,1.733467782844301,-0.035251568085118555
56.49973440170288,3.91537740051838,1.7344242335185531,-0.037362153552987644
56.549468994140625,3.91537740051838,1.7344242335185531,-0.037362153552987644
56.59968829154968,3.9457359518767077,1.7359379334153529,-0.030531874842710666
56.64968681335449,3.9457359518767077,1.7359379334153529,-0.030531874842710666
56.699575662612915,3.978895284672739,1.7372508750416338,-0.013793748170931522
56.75152516365051,3.978895284672739,1.7372508750416338,-0.013793748170931522
56.80049967765808,4.009704067880211,1.7427543498024498,0.017371015213124216
56.8495934009552,4.009704067880211,1.7427543498024498,0.017371015213124216
56.89950180053711,4.036599284004304,1.7469996883309562,0.06077771353644284
56.94946026802063,4.036599284004304,1.7469996883309562,0.06077771353644284
56.99976468086243,4.062087720698543,1.7482597600913823,0.10380210549011856
57.049582719802856,4.062087720698543,1.7482597600913823,0.10380210549011856
57.10011911392212,4.0871830880722335,1.7502526896765755,0.13709128456620073
57.14935040473938,4.0871830880722335,1.7502526896765755,0.13709128456620073
57.19967293739319,4.1028658631874855,1.7532936968219215,0.15675989698269246
57.24963593482971,4.1028658631874855,1.7532936968219215,0.15675989698269246
57.2997260093689,4.115704607360512,1.7599591667444925,0.16778913799938427
57.34953498840332,4.115704607360512,1.7599591667444925,0.16778913799938427
57.399367570877075,4.123219646960179,1.7620504708081484,0.17057262971128523
57.449602127075195,4.123219646960179,1.7620504708081484,0.17057262971128523
57.500048875808716,4.126017257859923,1.7639573609961734,0.16059709183077922
57.550278425216675,4.126017257859923,1.7639573609961734,0.16059709183077922
57.60029363632202,4.12265847290851,1.7641507971306019,0.14781268118315113
57.64980387687683,4.12265847290851,1.7641507971306019,0.14781268118315113
57.699623107910156,4.120965283391453,1.7661751747523868,0.13144782260650553
57.749539852142334,4.120965283391453,1.7661751747523868,0.13144782260650553
57.79944348335266,4.123252278837948,1.76285467116432,0.10300812494057998
57.8498010635376,4.123252278837948,1.76285467116432,0.10300812494057998
57.90164351463318,4.123822872398065,1.7586408287829478,0.06406715226779539
57.94955348968506,4.123822872398065,1.7586408287829478,0.06406715226779539
58.00023174285889,4.1283364794356885,1.7537521786878334,0.013778646291121827
58.04959845542908,4.1283364794356885,1.7537521786878334,0.013778646291121827
58.09951424598694,4.129658716637392,1.751457879275962,-0.04567710213365887
58.149983406066895,4.129658716637392,1.751457879275962,-0.04567710213365887
58.199480295181274,4.135242775522782,1.7481120044598377,-0.11623591103109089
58.25028705596924,4.135242775522782,1.7481120044598377,-0.11623591103109089
58.30157208442688,4.136886726126123,1.7398958222214431,-0.19626680007204145
58.349518060684204,4.136886726126123,1.7398958222214431,-0.19626680007204145
58.40092658996582,4.145077803226269,1.7310815581677526,-0.2904102018232665
58.44953393936157,4.145077803226269,1.7310815581677526,-0.2904102018232665
58.49974989891052,4.145613343289604,1.7237000848195336,-0.390350258857557
58.549864768981934,4.145613343289604,1.7237000848195336,-0.390350258857557
58.5995876789093,4.147568282251629,1.7124726464247435,-0.497350035688069
58.64991283416748,4.147568282251629,1.7124726464247435,-0.497350035688069
58.70109510421753,4.152894916929208,1.7013951665835756,-0.6079108527623733
58.74969553947449,4.152894916929208,1.7013951665835756,-0.6079108527623733
58.79976940155029,4.155793330011257,1.6862412323088378,-0.7124111724279567
58.84964370727539,4.155793330011257,1.6862412323088378,-0.7124111724279567
58.899847984313965,4.159395938746686,1.675039302909057,-0.8039925674858063
58.949756145477295,4.159395938746686,1.675039302909057,-0.8039925674858063
58.99960374832153,4.1630316736610755,1.6590194755710777,-0.877926739606335
59.04987907409668,4.1630316736610755,1.6590194755710777,-0.877926739606335
59.09984278678894,4.171954206313868,1.643423812992359,-0.9304716922032014
59.149800300598145,4.171954206313868,1.643423812992359,-0.9304716922032014
59.199851512908936,4.180554980168785,1.6232019462469371,-0.9734658390276938
59.249553203582764,4.180554980168785,1.6232019462469371,-0.9734658390276938
59.29965615272522,4.1861003541479285,1.6095875271575002,-1.0091318233621895
59.34959959983826,4.1861003541479285,1.6095875271575002,-1.0091318233621895
59.39951682090759,4.191224774596816,1.594518339141782,-1.0427396328323435
59.449705362319946,4.191224774596816,1.594518339141782,-1.0427396328323435
59.50071477890015,4.200512326503046,1.5779237582713017,-1.082626498982585
59.549763917922974,4.200512326503046,1.5779237582713017,-1.082626498982585
59.59955859184265,4.206721095111579,1.5581700028635606,-1.127496050132382
59.64975833892822,4.206721095111579,1.5581700028635606,-1.127496050132382
59.70024347305298,4.217007110723241,1.5364821308511896,-1.1810095403698777
59.74966645240784,4.217007110723241,1.5364821308511896,-1.1810095403698777
59.80902552604675,4.217007110723241,1.5364821308511896,-1.1810095403698777
59.86036539077759,4.228616561012843,1.5130881364530102,-1.231343201445371
59.900553941726685,4.231893661054636,1.4884064182971368,-1.283524094443871
59.949877977371216,4.231893661054636,1.4884064182971368,-1.283524094443871
59.99999809265137,4.238584717657553,1.4639350310717336,-1.329967929130411
60.04990911483765,4.238584717657553,1.4639350310717336,-1.329967929130411
60.099770069122314,4.244356586683892,1.4404850058850418,-1.3719680530678358
60.14969825744629,4.244356586683892,1.4404850058850418,-1.3719680530678358
60.19982933998108,4.250080703242182,1.4158917663678743,-1.4072556094694897
60.249939918518066,4.250080703242182,1.4158917663678743,-1.4072556094694897
60.299899101257324,4.252446938192244,1.393107055522367,-1.4364664714810054
60.34999394416809,4.252446938192244,1.393107055522367,-1.4364664714810054
60.40079402923584,4.253387954988702,1.3652585768538188,-1.460772383094544
60.44982409477234,4.253387954988702,1.3652585768538188,-1.460772383094544
60.50003385543823,4.25270338415318,1.3400481304758831,-1.484819477555666
60.549949407577515,4.25270338415318,1.3400481304758831,-1.484819477555666
60.599725008010864,4.25137281551619,1.3112469042405934,-1.5135704676612398
60.651345014572144,4.25137281551619,1.3112469042405934,-1.5135704676612398
60.699806690216064,4.25079992724482,1.2829413738936426,-1.541087610512683
60.75038290023804,4.25079992724482,1.2829413738936426,-1.541087610512683
60.79997754096985,4.2508566556531076,1.2511493327837226,-1.5721426868866673
60.85008525848389,4.2508566556531076,1.2511493327837226,-1.5721426868866673
60.90068745613098,4.2539553670168,1.22480948536481,-1.6005529119178517
60.950084924697876,4.2539553670168,1.22480948536481,-1.6005529119178517
61.00054359436035,4.255819623043219,1.1916579771494558,-1.6300724482543996
61.0502028465271,4.255819623043219,1.1916579771494558,-1.6300724482543996
61.10033583641052,4.256625374730884,1.1612661598884035,-1.659285157646109
61.14986276626587,4.256625374730884,1.1612661598884035,-1.659285157646109
61.19974064826965,4.2543211216966785,1.1290155334273295,-1.6887620107313996
61.25015354156494,4.2543211216966785,1.1290155334273295,-1.6887620107313996
61.30015182495117,4.248337962149615,1.0970307971619269,-1.7158312990418758
61.350329875946045,4.248337962149615,1.0970307971619269,-1.7158312990418758
61.39978504180908,4.243316020764458,1.064681441146836,-1.7403521495411007
61.449817419052124,4.243316020764458,1.064681441146836,-1.7403521495411007
61.500959157943726,4.236207373604187,1.0286007965126092,-1.7629670570058253
61.55061459541321,4.236207373604187,1.0286007965126092,-1.7629670570058253
61.59997868537903,4.227086570555732,0.9954013339308295,-1.781881568626426
61.65063834190369,4.227086570555732,0.9954013339308295,-1.781881568626426
61.69991588592529,4.224323179113356,0.961829925519396,-1.7994624243282866
61.74970602989197,4.224323179113356,0.961829925519396,-1.7994624243282866
61.79968571662903,4.2155782762452905,0.9312957245626678,-1.8139073181882979
61.84976601600647,4.2155782762452905,0.9312957245626678,-1.8139073181882979
61.90044450759888,4.206669222729187,0.8968348454112669,-1.8270556585450268
61.949814319610596,4.206669222729187,0.8968348454112669,-1.8270556585450268
61.999563217163086,4.198853416900212,0.8662773241374889,-1.842225401960536
62.05002498626709,4.198853416900212,0.8662773241374889,-1.842225401960536
62.100176095962524,4.194033227414168,0.8353102655437868,-1.8596295196162325
62.1497962474823,4.194033227414168,0.8353102655437868,-1.8596295196162325
62.20008563995361,4.186805066767048,0.799560593200507,-1.8796006593575012
62.24988269805908,4.186805066767048,0.799560593200507,-1.8796006593575012
62.29985427856445,4.182891677488355,0.765360541231355,-1.8925489999600222
62.34991955757141,4.182891677488355,0.765360541231355,-1.8925489999600222
62.39969611167908,4.173973393196132,0.7364974763663842,-1.9058981587388983
62.450502157211304,4.173973393196132,0.7364974763663842,-1.9058981587388983
62.50017428398132,4.163447503751272,0.7135268396582712,-1.9135902758881478
62.549872159957886,4.163447503751272,0.7135268396582712,-1.9135902758881478
62.599624156951904,4.157178420125298,0.6965718074451097,-1.9130449405485375
62.650527477264404,4.157178420125298,0.6965718074451097,-1.9130449405485375
62.700920820236206,4.149055769003652,0.6838269506340972,-1.9148748001121985
62.75090026855469,4.149055769003652,0.6838269506340972,-1.9148748001121985
62.79986095428467,4.139704382900898,0.6666221994354969,-1.9208650042691815
62.85000729560852,4.139704382900898,0.6666221994354969,-1.9208650042691815
62.90002775192261,4.134697240287565,0.6480216227157759,-1.9249598155030867
62.950005531311035,4.134697240287565,0.6480216227157759,-1.9249598155030867
63.00004720687866,4.130310166578128,0.6321575429747425,-1.934505932126705
63.050331830978394,4.130310166578128,0.6321575429747425,-1.934505932126705
63.10007572174072,4.128653915370722,0.6218241913820307,-1.9391616316256364
63.14971923828125,4.128653915370722,0.6218241913820307,-1.9391616316256364
63.199920892715454,4.120841800312565,0.6071160251699984,-1.9419682699268301
63.25011873245239,4.120841800312565,0.6071160251699984,-1.9419682699268301
63.30034327507019,4.115841923514393,0.591699516156971,-1.9461289656179108
63.34999895095825,4.115841923514393,0.591699516156971,-1.9461289656179108
63.4001407623291,4.111820175842263,0.5778239940612236,-1.9494988916978913
63.45008325576782,4.111820175842263,0.5778239940612236,-1.9494988916978913
63.500322103500366,4.103403068925636,0.5604534454752135,-1.9555404387987947
63.5499804019928,4.103403068925636,0.5604534454752135,-1.9555404387987947
63.60338878631592,4.099038386516797,0.5339440319301428,-1.9611322405672245
63.64981746673584,4.099038386516797,0.5339440319301428,-1.9611322405672245
63.70021438598633,4.088419006009215,0.5060850848604047,-1.9708171549636229
63.74992251396179,4.088419006009215,0.5060850848604047,-1.9708171549636229
63.80027437210083,4.079335004403648,0.47617109430908494,-1.9793680714214192
63.8499813079834,4.079335004403648,0.47617109430908494,-1.9793680714214192
63.899656772613525,4.06191710613952,0.4418551499935018,-1.9876317462951458
63.94980430603027,4.06191710613952,0.4418551499935018,-1.9876317462951458
64.00000262260437,4.049696091850084,0.4067670894576685,-1.999351277472403
64.04978656768799,4.049696091850084,0.4067670894576685,-1.999351277472403
64.09997606277466,4.034990690917501,0.37327430680502033,-2.011380597867407
64.14955067634583,4.034990690917501,0.37327430680502033,-2.011380597867407
64.20013189315796,4.016861307678002,0.33785710205904423,-2.0236373297787678
64.25006437301636,4.016861307678002,0.33785710205904423,-2.0236373297787678
64.30083966255188,4.0022339308005535,0.30685830622234656,-2.034990209827954
64.35137891769409,4.0022339308005535,0.30685830622234656,-2.034990209827954
64.4001669883728,3.984078227278618,0.27017665317974127,-2.0463484142748514
64.45017552375793,3.984078227278618,0.27017665317974127,-2.0463484142748514
64.50000262260437,3.9659847711504015,0.23770728730950638,-2.0555017595115865
64.55001997947693,3.9659847711504015,0.23770728730950638,-2.0555017595115865
64.60086441040039,3.9487529712173415,0.20575533853012798,-2.060486088282096
64.650062084198,3.9487529712173415,0.20575533853012798,-2.060486088282096
64.6995735168457,3.9382729827051084,0.1813933653405417,-2.0541903781698485
64.74950885772705,3.9382729827051084,0.1813933653405417,-2.0541903781698485
64.80007529258728,3.9327909843521307,0.16202480172776598,-2.033293982584412
64.85005855560303,3.9327909843521307,0.16202480172776598,-2.033293982584412
64.8997311592102,3.9308710910325853,0.1433609221095192,-1.9991503617512874
64.94989919662476,3.9308710910325853,0.1433609221095192,-1.9991503617512874
65.00035810470581,3.9349127823297905,0.13263812634819042,-1.956457811336058
65.04990887641907,3.9349127823297905,0.13263812634819042,-1.956457811336058
65.09956908226013,3.9370094516988696,0.12700128518649131,-1.9126988104876606
65.14976930618286,3.9370094516988696,0.12700128518649131,-1.9126988104876606
65.19989967346191,3.942137698066357,0.12153419759636887,-1.8650204296262225
65.25247621536255,3.942137698066357,0.12153419759636887,-1.8650204296262225
65.29979491233826,3.942137698066357,0.12153419759636887,-1.8650204296262225
65.35024833679199,3.942137698066357,0.12153419759636887,-1.8650204296262225
65.39981389045715,3.94508829903199,0.11293657028029237,-1.7360027190528624
65.45019555091858,3.94508829903199,0.11293657028029237,-1.7360027190528624
65.49984407424927,3.949675271527037,0.11002885456312751,-1.6586803623357766
65.54987716674805,3.949675271527037,0.11002885456312751,-1.6586803623357766
65.60146713256836,3.959577390698773,0.10922587136850066,-1.572230126841241
65.65034341812134,3.959577390698773,0.10922587136850066,-1.572230126841241
65.69965410232544,3.9673313980869733,0.11025849228695157,-1.4754275749127435
65.74986147880554,3.9673313980869733,0.11025849228695157,-1.4754275749127435
65.80002951622009,3.9731274952897615,0.11064690621681002,-1.3717063689172622
65.84995150566101,3.9731274952897615,0.11064690621681002,-1.3717063689172622
65.8997061252594,3.983514117610595,0.10619310907045183,-1.27374589190702
65.9497287273407,3.983514117610595,0.10619310907045183,-1.27374589190702
66.00027346611023,3.9922587804958076,0.10584452132752871,-1.1748394377853106
66.05025172233582,3.9922587804958076,0.10584452132752871,-1.1748394377853106
66.09997963905334,3.999063421040543,0.1055909151467568,-1.0733010691655416
66.15022826194763,3.999063421040543,0.1055909151467568,-1.0733010691655416
66.20025324821472,4.006008405882591,0.10339137599957805,-0.9713086006773579
66.25073218345642,4.006008405882591,0.10339137599957805,-0.9713086006773579
66.30035662651062,4.0119508422219585,0.10506634440382052,-0.8709602265161992
66.34981298446655,4.0119508422219585,0.10506634440382052,-0.8709602265161992
66.39988875389099,4.0119508422219585,0.10506634440382052,-0.8709602265161992
66.45068287849426,4.01953238652852,0.10776911943709928,-0.7700196269791594
66.5003125667572,4.025072356156468,0.1151369737085703,-0.6658767333797039
66.55003499984741,4.025072356156468,0.1151369737085703,-0.6658767333797039
66.59994387626648,4.030406481437213,0.12608029502047388,-0.561584770886278
66.6500244140625,4.030406481437213,0.12608029502047388,-0.561584770886278
66.70044255256653,4.037253370794279,0.12837211124353715,-0.45882497748555445
66.7497866153717,4.037253370794279,0.12837211124353715,-0.45882497748555445
66.79999732971191,4.044983926506726,0.13893463192918065,-0.35281174531447507
66.84984564781189,4.044983926506726,0.13893463192918065,-0.35281174531447507
66.90002393722534,4.050664614093328,0.14701974689047706,-0.2449116521772553
66.95022416114807,4.050664614093328,0.14701974689047706,-0.2449116521772553
66.99997663497925,4.0525330477046735,0.15544353039814793,-0.14094989410461395
67.05034375190735,4.0525330477046735,0.15544353039814793,-0.14094989410461395
67.10020923614502,4.05709346585693,0.16632936700792852,-0.034873044511453406
67.14986944198608,4.05709346585693,0.16632936700792852,-0.034873044511453406
67.20001482963562,4.060204646358552,0.17232375719816867,0.06960528089384567
67.25011277198792,4.060204646358552,0.17232375719816867,0.06960528089384567
67.29988622665405,4.060164928989539,0.18000858455352128,0.1607159153663108
67.35157537460327,4.060164928989539,0.18000858455352128,0.1607159153663108
67.39981603622437,4.062171301366697,0.18339374125254038,0.2413689059888661
67.44994068145752,4.062171301366697,0.18339374125254038,0.2413689059888661
67.49951243400574,4.068463994979295,0.19122676666139354,0.31162737808154645
67.55096101760864,4.068463994979295,0.19122676666139354,0.31162737808154645
67.59997487068176,4.069760533162546,0.19907978184607616,0.37281795263614004
67.64990282058716,4.069760533162546,0.19907978184607616,0.37281795263614004
67.69977116584778,4.067596357545795,0.20186349727179595,0.4205895947963171
67.74954438209534,4.067596357545795,0.20186349727179595,0.4205895947963171
67.79945850372314,4.068045439582202,0.20733206850473385,0.45227801583513133
67.84961032867432,4.068045439582202,0.20733206850473385,0.45227801583513133
67.8995246887207,4.066062841199382,0.21285288521663887,0.4697056224362776
67.94967651367188,4.066062841199382,0.21285288521663887,0.4697056224362776
67.99982929229736,4.065756227136987,0.210341703070984,0.4713481750590413
68.04989671707153,4.065756227136987,0.210341703070984,0.4713481750590413
68.10018539428711,4.065501270592148,0.2118238987104605,0.4654063213294827
68.1495292186737,4.065501270592148,0.2118238987104605,0.4654063213294827
68.2003448009491,4.064487387481995,0.21076419855196124,0.45695192579124483
68.24970984458923,4.064487387481995,0.21076419855196124,0.45695192579124483
68.29961228370667,4.063074213132596,0.20792901591826626,0.43861178407437434
68.3497200012207,4.063074213132596,0.20792901591826626,0.43861178407437434
68.39968824386597,4.064255349525375,0.20540058640979064,0.4123146304718111
68.44959282875061,4.064255349525375,0.20540058640979064,0.4123146304718111
68.49994540214539,4.065446174252367,0.2033830520785849,0.37461356024457426
68.5496780872345,4.065446174252367,0.2033830520785849,0.37461356024457426
68.59976649284363,4.0677343023855626,0.1992904978893741,0.3272358604409977
68.64963388442993,4.0677343023855626,0.1992904978893741,0.3272358604409977
68.69966077804565,4.072073522751816,0.19538230782103466,0.269911313358352
68.75130724906921,4.072073522751816,0.19538230782103466,0.269911313358352
68.7995011806488,4.073949352133221,0.1911601468593375,0.20325184210100333
68.85009241104126,4.073949352133221,0.1911601468593375,0.20325184210100333
68.90017986297607,4.076172555802346,0.1831756344548964,0.13067151286898887
68.95003938674927,4.076172555802346,0.1831756344548964,0.13067151286898887
69.00036954879761,4.073789869205008,0.17613346616943684,0.0512045923240233
69.04966759681702,4.073789869205008,0.17613346616943684,0.0512045923240233
69.09988832473755,4.075470365356188,0.16975449802315165,-0.034491210997007304
69.14996862411499,4.075470365356188,0.16975449802315165,-0.034491210997007304
69.19980430603027,4.072314007213236,0.1605135495077304,-0.1257165605837534
69.25093293190002,4.072314007213236,0.1605135495077304,-0.1257165605837534
69.29973435401917,4.074289145294845,0.14966775323061007,-0.2238841903147235
69.34964299201965,4.074289145294845,0.14966775323061007,-0.2238841903147235
69.39980411529541,4.077155372701821,0.14024137194380001,-0.33014269815068215
69.4498119354248,4.077155372701821,0.14024137194380001,-0.33014269815068215
69.49973368644714,4.079854818600423,0.13093003092991964,-0.43989266380787995
69.54996967315674,4.079854818600423,0.13093003092991964,-0.43989266380787995
69.60091805458069,4.080995051830212,0.12216970913681831,-0.5496492867478565
69.65022540092468,4.080995051830212,0.12216970913681831,-0.5496492867478565
69.69968914985657,4.080995051830212,0.12216970913681831,-0.5496492867478565
69.75202894210815,4.080995051830212,0.12216970913681831,-0.5496492867478565
69.79980182647705,4.077303046409978,0.09986311308223751,-0.7721464622981496
69.84967350959778,4.077303046409978,0.09986311308223751,-0.7721464622981496
69.89962697029114,4.06974373494173,0.09171428582052817,-0.8786538528721134
69.94958138465881,4.06974373494173,0.09171428582052817,-0.8786538528721134
69.99950909614563,4.066728447391158,0.08317223289777388,-0.9818703157245949
70.05012249946594,4.066728447391158,0.08317223289777388,-0.9818703157245949
70.09952592849731,4.064964974310006,0.0754078996908782,-1.0805318243277489
70.14959836006165,4.064964974310006,0.0754078996908782,-1.0805318243277489
70.19952249526978,4.062042182387695,0.06769025418923842,-1.1806895302621043
70.24982500076294,4.062042182387695,0.06769025418923842,-1.1806895302621043
70.29969930648804,4.057225919314176,0.06090665190680513,-1.280708540650366
70.34998559951782,4.057225919314176,0.06090665190680513,-1.280708540650366
70.3995008468628,4.050120388022686,0.05136152054452638,-1.3788935260388147
70.4496123790741,4.050120388022686,0.05136152054452638,-1.3788935260388147
70.49978470802307,4.043810731362238,0.04682481421767206,-1.4758645162968296
70.55009651184082,4.043810731362238,0.04682481421767206,-1.4758645162968296
70.59961700439453,4.0355609426081855,0.03596788365660405,-1.569061924102049
70.65002131462097,4.0355609426081855,0.03596788365660405,-1.569061924102049
70.69979405403137,4.028518838214462,0.021455122374298606,-1.659803189319294
70.7498197555542,4.028518838214462,0.021455122374298606,-1.659803189319294
70.79984331130981,4.023816167567974,0.007229895886576207,-1.7358706304680602
70.85059547424316,4.023816167567974,0.007229895886576207,-1.7358706304680602
70.9017436504364,4.016206171349688,-0.009592769408155547,-1.8014607425686409
70.95019388198853,4.016206171349688,-0.009592769408155547,-1.8014607425686409
71.00002694129944,4.008442907826453,-0.020172445998538548,-1.861507933942121
71.05052423477173,4.008442907826453,-0.020172445998538548,-1.861507933942121
71.09989380836487,4.004161041549771,-0.030603798411141338,-1.9187706635124124
71.14993119239807,4.004161041549771,-0.030603798411141338,-1.9187706635124124
71.20009255409241,3.998544484433283,-0.03639932950793571,-1.977413614815026
71.2502691745758,3.998544484433283,-0.03639932950793571,-1.977413614815026
71.30015301704407,3.9886245694511806,-0.03977025586394598,-2.0446987705009194
71.34988403320312,3.9886245694511806,-0.03977025586394598,-2.0446987705009194
71.40001773834229,3.979166327716331,-0.04230195499670484,-2.1213848098124157
71.45010113716125,3.979166327716331,-0.04230195499670484,-2.1213848098124157
71.5001151561737,3.9672109394666886,-0.040328032553266925,-2.209667577858814
71.55026459693909,3.9672109394666886,-0.040328032553266925,-2.209667577858814
71.60004353523254,3.9582853567107983,-0.028441682530188285,-2.2977045064055357
71.64986109733582,3.9582853567107983,-0.028441682530188285,-2.2977045064055357
71.6996738910675,3.9522830356702516,-0.023394132892970966,-2.3828719419171964
71.75008821487427,3.9522830356702516,-0.023394132892970966,-2.3828719419171964
71.8017749786377,3.9453118523424444,-0.014213329614544004,-2.4788569462988796
71.85042190551758,3.9453118523424444,-0.014213329614544004,-2.4788569462988796
71.89967846870422,3.938984967164576,-0.010554815521970776,-2.5734907016030504
71.95003652572632,3.938984967164576,-0.010554815521970776,-2.5734907016030504
72.00022149085999,3.93609705636583,-0.005790752896934018,-2.675834494842783
72.04960942268372,3.93609705636583,-0.005790752896934018,-2.675834494842783
72.10035800933838,3.939976599381009,0.003968879980293013,-2.7815004119675537
72.14993953704834,3.939976599381009,0.003968879980293013,-2.7815004119675537
72.19972610473633,3.942322464792889,0.013262418956467755,-2.888258360937525
72.2502794265747,3.942322464792889,0.013262418956467755,-2.888258360937525
72.30017828941345,3.940962087453672,0.018749215781027985,-2.9976137018506375
72.34994292259216,3.940962087453672,0.018749215781027985,-2.9976137018506375
72.39959931373596,3.9405103053038304,0.027038887782265326,-3.10807337453764
72.45157027244568,3.9405103053038304,0.027038887782265326,-3.10807337453764
72.50037741661072,3.936482992560433,0.03792727021272904,3.0632597482252515
72.54997825622559,3.936482992560433,0.03792727021272904,3.0632597482252515
72.59963774681091,3.9379408868469343,0.04822418577332441,2.9548054584067884
72.65113568305969,3.9379408868469343,0.04822418577332441,2.9548054584067884
72.69992423057556,3.933224131748179,0.05769623661171267,2.8475038479684445
72.74995064735413,3.933224131748179,0.05769623661171267,2.8475038479684445
72.79962491989136,3.9255099245961307,0.07066864841433772,2.739179926328745
72.85076570510864,3.9255099245961307,0.07066864841433772,2.739179926328745
72.90008783340454,3.9247152734440927,0.0803513890506576,2.6302161729891713
72.95039081573486,3.9247152734440927,0.0803513890506576,2.6302161729891713
72.99992871284485,3.925288774448117,0.09051231075352113,2.5235407860063512
73.04974055290222,3.925288774448117,0.09051231075352113,2.5235407860063512
73.0996482372284,3.928483539025273,0.09634078755077373,2.417835454546719
73.15028667449951,3.928483539025273,0.09634078755077373,2.417835454546719
73.1994936466217,3.940095519210186,0.09714423098792575,2.314148110422255
73.24971866607666,3.940095519210186,0.09714423098792575,2.314148110422255
73.30080986022949,3.9437384828120146,0.09952659053953757,2.219890261490321
73.34985494613647,3.9437384828120146,0.09952659053953757,2.219890261490321
73.39949131011963,3.946100447291997,0.1027677934208548,2.141113154924961
73.44956398010254,3.946100447291997,0.1027677934208548,2.141113154924961
73.49980640411377,3.946875103740298,0.11138609116805905,2.082792665106292
73.54981279373169,3.946875103740298,0.11138609116805905,2.082792665106292
73.59954285621643,3.9465005331735052,0.11636531713426475,2.048026247623733
73.64978551864624,3.9465005331735052,0.11636531713426475,2.048026247623733
73.69989204406738,3.949727037058397,0.1219005761519993,2.033715372447705
73.74978804588318,3.949727037058397,0.1219005761519993,2.033715372447705
73.80020093917847,3.9466553288935313,0.12406131395899174,2.037754813523898
73.84996581077576,3.9466553288935313,0.12406131395899174,2.037754813523898
73.89973664283752,3.9520997894101026,0.12329356072772009,2.0410610213694325
73.94995546340942,3.9520997894101026,0.12329356072772009,2.0410610213694325
74.00016903877258,3.9546138627828804,0.1256408842939399,2.0490408478808293
74.05127596855164,3.9546138627828804,0.1256408842939399,2.0490408478808293
74.09984517097473,3.9539387160151507,0.12152504281622413,2.0671334285465655
74.1505377292633,3.9539387160151507,0.12152504281622413,2.0671334285465655
74.19952583312988,3.949383674158368,0.12240169387805007,2.093997240843153
74.24960446357727,3.949383674158368,0.12240169387805007,2.093997240843153
74.30140447616577,3.946048128001235,0.12038691759403054,2.129745044135293
74.35017442703247,3.946048128001235,0.12038691759403054,2.129745044135293
74.39965844154358,3.9412652308898584,0.11661222589849159,2.175964232265432
74.4496054649353,3.9412652308898584,0.11661222589849159,2.175964232265432
74.4996829032898,3.9371718908575297,0.11186894913678454,2.2308213283058427
74.54988551139832,3.9371718908575297,0.11186894913678454,2.2308213283058427
74.59966325759888,3.9326768478606557,0.10648952460160717,2.294247423320786
74.6496889591217,3.9326768478606557,0.10648952460160717,2.294247423320786
74.69974112510681,3.9281980756983548,0.09851638683330015,2.3656464631264833
74.75014424324036,3.9281980756983548,0.09851638683330015,2.3656464631264833
74.79971051216125,3.9255210674922325,0.09256013313366006,2.4429667806926196
74.84956192970276,3.9255210674922325,0.09256013313366006,2.4429667806926196
74.90110230445862,3.917557113233751,0.08906689984090053,2.5274311136012715
74.95038223266602,3.917557113233751,0.08906689984090053,2.5274311136012715
74.99997305870056,3.917850826144782,0.08444122253849116,2.617258445416997
75.05178165435791,3.917850826144782,0.08444122253849116,2.617258445416997
75.09984612464905,3.9122956534016287,0.07968271503285955,2.711909900967711
75.14981770515442,3.9122956534016287,0.07968271503285955,2.711909900967711
75.19966197013855,3.9051866133499957,0.07659449492665561,2.8112404932047528
75.25011086463928,3.9051866133499957,0.07659449492665561,2.8112404932047528
75.30098819732666,3.895173058953197,0.06970555186940139,2.9113210069344415
75.35011577606201,3.895173058953197,0.06970555186940139,2.9113210069344415
75.3995521068573,3.883978932733767,0.06107939557435987,3.013327770220004
75.44958901405334,3.883978932733767,0.06107939557435987,3.013327770220004
75.49946236610413,3.8701475940487655,0.05174449288660783,3.114727958285955
75.54978513717651,3.8701475940487655,0.05174449288660783,3.114727958285955
75.59996962547302,3.8664377730665787,0.04225086017189015,-3.070043157781326
75.65427827835083,3.8664377730665787,0.04225086017189015,-3.070043157781326
75.70246815681458,3.8552789530204206,0.03250083990775931,-2.9714553313726584
75.75012016296387,3.8552789530204206,0.03250083990775931,-2.9714553313726584
75.80015754699707,3.8395439796037887,0.02118363135594358,-2.873129125545211
75.85045862197876,3.8395439796037887,0.02118363135594358,-2.873129125545211
75.90018939971924,3.823419269374402,0.008857501506252549,-2.777535480904097
75.94997978210449,3.823419269374402,0.008857501506252549,-2.777535480904097
76.000812292099,3.797515957068964,-0.006627695126171876,-2.6951177781990507
76.05004024505615,3.797515957068964,-0.006627695126171876,-2.6951177781990507
76.09986138343811,3.773197215521423,-0.0235543129806094,-2.620369964811922
76.15026521682739,3.773197215521423,-0.0235543129806094,-2.620369964811922
76.19983124732971,3.7480482519159977,-0.04191653176727215,-2.5614496895618175
76.2498550415039,3.7480482519159977,-0.04191653176727215,-2.5614496895618175
76.29974842071533,3.7216470958418175,-0.062046951872732715,-2.5160956803091996
76.34983134269714,3.7216470958418175,-0.062046951872732715,-2.5160956803091996
76.41332983970642,3.7216470958418175,-0.062046951872732715,-2.5160956803091996
76.45982027053833,3.693742011928426,-0.08309154807890139,-2.484257984328986
76.5002326965332,3.667252698347714,-0.10396181861791128,-2.4709081260828727
76.54996180534363,3.667252698347714,-0.10396181861791128,-2.4709081260828727
76.60116910934448,3.6428213839098853,-0.1245044239169971,-2.4713720862756765
76.64992618560791,3.6428213839098853,-0.1245044239169971,-2.4713720862756765
76.69962549209595,3.620194420332956,-0.14815680850681087,-2.4835696416179607
76.74976587295532,3.620194420332956,-0.14815680850681087,-2.4835696416179607
76.79972338676453,3.5954023572684144,-0.1734727275904108,-2.5012643187373933
76.85023927688599,3.5954023572684144,-0.1734727275904108,-2.5012643187373933
76.8998441696167,3.5699295953303776,-0.19665454081931372,-2.5269770334068635
76.94970369338989,3.5699295953303776,-0.19665454081931372,-2.5269770334068635
77.00006318092346,3.5386404175644848,-0.21849905544618922,-2.5638050992879435
77.0502712726593,3.5386404175644848,-0.21849905544618922,-2.5638050992879435
77.1002893447876,3.5136670849172975,-0.22928186141105955,-2.6110723455342995
77.14967632293701,3.5136670849172975,-0.22928186141105955,-2.6110723455342995
77.2002785205841,3.4877164171480883,-0.24077522018757602,-2.6628398406460536
77.25011587142944,3.4877164171480883,-0.24077522018757602,-2.6628398406460536
77.30227494239807,3.4723002777204286,-0.2510639111301946,-2.712838458374583
77.34970164299011,3.4723002777204286,-0.2510639111301946,-2.712838458374583
77.4021646976471,3.4536605637268054,-0.2601305896163311,-2.7603916649513542
77.44961261749268,3.4536605637268054,-0.2601305896163311,-2.7603916649513542
77.5003228187561,3.435529591223862,-0.2696265631498445,-2.8025348405223642
77.54978966712952,3.435529591223862,-0.2696265631498445,-2.8025348405223642
77.59959530830383,3.4099177355058328,-0.27598707803834344,-2.842070446915803
77.64953804016113,3.4099177355058328,-0.27598707803834344,-2.842070446915803
77.7000298500061,3.3799328190811777,-0.2848387968497917,-2.876477947211358
77.75029730796814,3.3799328190811777,-0.2848387968497917,-2.876477947211358
77.79990148544312,3.352920574764733,-0.28678236587509337,-2.9071382980726845
77.85006284713745,3.352920574764733,-0.28678236587509337,-2.9071382980726845
77.90024590492249,3.326971504887959,-0.2919727617885105,-2.9332846472329983
77.9502227306366,3.326971504887959,-0.2919727617885105,-2.9332846472329983
77.9998893737793,3.300254977061838,-0.295226519551544,-2.9540557753560703
78.05067253112793,3.300254977061838,-0.295226519551544,-2.9540557753560703
78.09956979751587,3.2746264212975142,-0.3028831955361404,-2.9738794715966854
78.15034627914429,3.2746264212975142,-0.3028831955361404,-2.9738794715966854
78.19989395141602,3.2466586217596762,-0.3065952741605093,-2.9903982755169456
78.24965476989746,3.2466586217596762,-0.3065952741605093,-2.9903982755169456
78.29975914955139,3.2163596719850664,-0.3124053390837443,-3.006262914558529
78.34979605674744,3.2163596719850664,-0.3124053390837443,-3.006262914558529
78.40137028694153,3.18589897244536,-0.31964283311828406,-3.020869197797283
78.44974946975708,3.18589897244536,-0.31964283311828406,-3.020869197797283
78.49975991249084,3.1621449525424925,-0.3244240631616583,-3.0334010264433
78.549889087677,3.1621449525424925,-0.3244240631616583,-3.0334010264433
78.59978413581848,3.1337261102211693,-0.32798529982033775,-3.045983812559381
78.64970064163208,3.1337261102211693,-0.32798529982033775,-3.045983812559381
78.6996169090271,3.0975348896049315,-0.33014067996471486,-3.0581141101780207
78.74992537498474,3.0975348896049315,-0.33014067996471486,-3.0581141101780207
78.7999951839447,3.064853491465373,-0.3330380264904685,-3.0693724624680687
78.84974575042725,3.064853491465373,-0.3330380264904685,-3.0693724624680687
78.9013364315033,3.0319288781760823,-0.3341463173781327,-3.0794840729166295
78.94982028007507,3.0319288781760823,-0.3341463173781327,-3.0794840729166295
79.00009870529175,3.000606727330053,-0.3399210178213246,-3.090735430898255
79.05012202262878,3.000606727330053,-0.3399210178213246,-3.090735430898255
79.09991502761841,2.9743125611287824,-0.34034507895809246,-3.101196438477273
79.14964580535889,2.9743125611287824,-0.34034507895809246,-3.101196438477273
79.19981861114502,2.947828995691577,-0.3451774598075529,-3.1112892125332112
79.24966311454773,2.947828995691577,-0.3451774598075529,-3.1112892125332112
79.30015230178833,2.9238076468007708,-0.34235355310181115,-3.1222717352375566
79.35094261169434,2.9238076468007708,-0.34235355310181115,-3.1222717352375566
79.39973998069763,2.891129081399485,-0.3451915448854415,-3.132679480904846
79.4501440525055,2.891129081399485,-0.3451915448854415,-3.132679480904846
79.4999930858612,2.860084896974405,-0.3478940699652114,3.1393443456688828
79.55002880096436,2.860084896974405,-0.3478940699652114,3.1393443456688828
79.60024881362915,2.825611266452136,-0.35061967685770956,3.1312554502558956
79.6498486995697,2.825611266452136,-0.35061967685770956,3.1312554502558956
79.69983577728271,2.7915914493942284,-0.3471134548118869,3.120409926804035
79.75226211547852,2.7915914493942284,-0.3471134548118869,3.120409926804035
79.79988288879395,2.763138154451749,-0.34619742268554454,3.11044877677707
79.85011601448059,2.763138154451749,-0.34619742268554454,3.11044877677707
79.89961099624634,2.7341640678983783,-0.3469326276228709,3.099154891835617
79.94983100891113,2.7341640678983783,-0.3469326276228709,3.099154891835617
80.00059533119202,2.7051023957717732,-0.3446196727721722,3.0871512292801526
80.04990267753601,2.7051023957717732,-0.3446196727721722,3.0871512292801526
80.09965682029724,2.675654179055063,-0.34354372379144243,3.0717188492936804
80.14963936805725,2.675654179055063,-0.34354372379144243,3.0717188492936804
80.1997458934784,2.6418286310274586,-0.3433462523210003,3.0554492389162005
80.24992346763611,2.6418286310274586,-0.3433462523210003,3.0554492389162005
80.3000545501709,2.6104014007031284,-0.3424944396979042,3.0393550760138277
80.35000729560852,2.6104014007031284,-0.3424944396979042,3.0393550760138277
80.3997004032135,2.576904613012898,-0.34079294097004964,3.0218717543479614
80.45067834854126,2.576904613012898,-0.34079294097004964,3.0218717543479614
80.50019335746765,2.545025305345111,-0.33563179099665064,3.004185196643167
80.55054235458374,2.545025305345111,-0.33563179099665064,3.004185196643167
80.60015439987183,2.5123357015827215,-0.3325996207488817,2.986230419301577
80.64965081214905,2.5123357015827215,-0.3325996207488817,2.986230419301577
80.69980454444885,2.479001401160695,-0.3317233307749152,2.9673363188765434
80.74986124038696,2.479001401160695,-0.3317233307749152,2.9673363188765434
80.79972791671753,2.4433667718829044,-0.3256812470265591,2.9447868520506635
80.84976768493652,2.4433667718829044,-0.3256812470265591,2.9447868520506635
80.89954233169556,2.4137953162632533,-0.31716251074107216,2.9154080567091984
80.9495325088501,2.4137953162632533,-0.31716251074107216,2.9154080567091984
80.99971413612366,2.378500121538589,-0.3056384696585426,2.8823350139752413
81.05032658576965,2.378500121538589,-0.3056384696585426,2.8823350139752413
81.0996162891388,2.3450598164574554,-0.29602406762162614,2.8505441332991794
81.1502423286438,2.3450598164574554,-0.29602406762162614,2.8505441332991794
81.19969153404236,2.3073628907133843,-0.28332840057342734,2.819479030469884
81.25024080276489,2.3073628907133843,-0.28332840057342734,2.819479030469884
81.30004596710205,2.273055057645752,-0.27375118619336913,2.7900131226480234
81.34996676445007,2.273055057645752,-0.27375118619336913,2.7900131226480234
81.39976191520691,2.2456421804878053,-0.26058385625963365,2.7598982410794495
81.4496579170227,2.2456421804878053,-0.26058385625963365,2.7598982410794495
81.50054121017456,2.209737930814843,-0.2477264189879946,2.7351224867522417
81.55032396316528,2.209737930814843,-0.2477264189879946,2.7351224867522417
81.59994554519653,2.1769887680856104,-0.23668720744586702,2.713499577523745
81.65032958984375,2.1769887680856104,-0.23668720744586702,2.713499577523745
81.70012474060059,2.146920250873085,-0.22110214413911805,2.692791950852402
81.75081515312195,2.146920250873085,-0.22110214413911805,2.692791950852402
81.79961490631104,2.1148582337497426,-0.2071751662484013,2.6699949055084162
81.84979343414307,2.1148582337497426,-0.2071751662484013,2.6699949055084162
81.90004801750183,2.0844518949014588,-0.19008895916314458,2.646866199680099
81.94970297813416,2.0844518949014588,-0.19008895916314458,2.646866199680099
81.9998025894165,2.0572882933738623,-0.17326543673857142,2.6199793105577616
82.04979515075684,2.0572882933738623,-0.17326543673857142,2.6199793105577616
82.10011744499207,2.030320767134225,-0.15777626137743125,2.5862893317874165
82.1512815952301,2.030320767134225,-0.15777626137743125,2.5862893317874165
82.1999306678772,2.0037968761836065,-0.14202180457792543,2.543458951986654
82.2498288154602,2.0037968761836065,-0.14202180457792543,2.543458951986654
82.29969072341919,1.9868099756411683,-0.12658852904446313,2.4888635075411343
82.3497462272644,1.9868099756411683,-0.12658852904446313,2.4888635075411343
82.39972949028015,1.9745392912665491,-0.11302821436406084,2.4273095407480816
82.44955110549927,1.9745392912665491,-0.11302821436406084,2.4273095407480816
82.49949622154236,1.962559033469732,-0.09531170948916849,2.375315125944931
82.54972219467163,1.962559033469732,-0.09531170948916849,2.375315125944931
82.5998842716217,1.956536339191624,-0.08298847290453375,2.3368714286898835
82.65020895004272,1.956536339191624,-0.08298847290453375,2.3368714286898835
82.69973707199097,1.9528173807835079,-0.07094705459230304,2.312187981604788
82.74963903427124,1.9528173807835079,-0.07094705459230304,2.312187981604788
82.79972243309021,1.9485901138400146,-0.0670814746364438,2.301945037214379
82.8518967628479,1.9485901138400146,-0.0670814746364438,2.301945037214379
82.90012884140015,1.9468009175536802,-0.06609172957142843,2.3022128815428546
82.95007610321045,1.9468009175536802,-0.06609172957142843,2.3022128815428546
83.00010180473328,1.95278378788234,-0.07387005221793196,2.304400426476216
83.0516345500946,1.95278378788234,-0.07387005221793196,2.304400426476216
83.09956288337708,1.9516396580491944,-0.07551311959544486,2.3120759856665285
83.14956712722778,1.9516396580491944,-0.07551311959544486,2.3120759856665285
83.19979429244995,1.9523517743129308,-0.07656763758719463,2.323202665982475
83.2494285106659,1.9523517743129308,-0.07656763758719463,2.323202665982475
83.29989266395569,1.9511750960840453,-0.07639405929593322,2.3456711585906858
83.34987545013428,1.9511750960840453,-0.07639405929593322,2.3456711585906858
83.3998601436615,1.9542489097034594,-0.076616538397951,2.375573752209637
83.44984483718872,1.9542489097034594,-0.076616538397951,2.375573752209637
83.49951362609863,1.9497891533202814,-0.0789065825287708,2.4154706345178507
83.54980945587158,1.9497891533202814,-0.0789065825287708,2.4154706345178507
83.59977841377258,1.947169916458773,-0.083436812059188,2.4652642559189943
83.64994597434998,1.947169916458773,-0.083436812059188,2.4652642559189943
83.69983100891113,1.939083244944721,-0.08973398339317327,2.525287810879171
83.7498230934143,1.939083244944721,-0.08973398339317327,2.525287810879171
83.79998421669006,1.9305260231310504,-0.09216769008381258,2.5948672809883147
83.8512647151947,1.9305260231310504,-0.09216769008381258,2.5948672809883147
83.89993739128113,1.91895369436333,-0.0953431534876704,2.6787717174098797
83.94971060752869,1.91895369436333,-0.0953431534876704,2.6787717174098797
83.99975180625916,1.9117068722760244,-0.10217319524176276,2.774180822125918
84.0498378276825,1.9117068722760244,-0.10217319524176276,2.774180822125918
84.09970736503601,1.9093935098767565,-0.10714639008248632,2.8787444214529074
84.1495213508606,1.9093935098767565,-0.10714639008248632,2.8787444214529074
84.19958066940308,1.9059866972672586,-0.11742224802505849,2.9877570832865064
84.24964022636414,1.9059866972672586,-0.11742224802505849,2.9877570832865064
84.2996416091919,1.9038504794812363,-0.12615599278366513,3.0977647695371657
84.34965252876282,1.9038504794812363,-0.12615599278366513,3.0977647695371657
84.39959025382996,1.9024700721237622,-0.133619592547172,-3.076160279157877
84.44972467422485,1.9024700721237622,-0.133619592547172,-3.076160279157877
84.49981641769409,1.8998715284250278,-0.14169282594372917,-2.9684346871111824
84.54966950416565,1.8998715284250278,-0.14169282594372917,-2.9684346871111824
84.59986782073975,1.8986076456032666,-0.15279989694899268,-2.8620789771745194
84.64970064163208,1.8986076456032666,-0.15279989694899268,-2.8620789771745194
84.69972848892212,1.8954374962396412,-0.1642847272680145,-2.75905303550746
84.74956440925598,1.8954374962396412,-0.1642847272680145,-2.75905303550746
84.7995297908783,1.8886997178155154,-0.17590676183778123,-2.6535767375006776
84.84975051879883,1.8886997178155154,-0.17590676183778123,-2.6535767375006776
84.89997053146362,1.8827643238221152,-0.1877023492812858,-2.554260336370618
84.94973230361938,1.8827643238221152,-0.1877023492812858,-2.554260336370618
85.00004124641418,1.87912554967521,-0.1988373654120372,-2.456764475055361
85.04981255531311,1.87912554967521,-0.1988373654120372,-2.456764475055361
85.09958171844482,1.879371741195921,-0.21330477674365217,-2.366141107154924
85.14973878860474,1.879371741195921,-0.21330477674365217,-2.366141107154924
85.199702501297,1.8763034722953953,-0.2248689479687866,-2.2813605453344725
85.24975323677063,1.8763034722953953,-0.2248689479687866,-2.2813605453344725
85.29976272583008,1.8695836528145922,-0.24025647068184858,-2.204324629137658
85.34984731674194,1.8695836528145922,-0.24025647068184858,-2.204324629137658
85.39974617958069,1.865212599175758,-0.2587290742589498,-2.1362627288414213
85.44983863830566,1.865212599175758,-0.2587290742589498,-2.1362627288414213
85.49994683265686,1.8629716817941664,-0.2766068875997024,-2.07595314337118
85.54966497421265,1.8629716817941664,-0.2766068875997024,-2.07595314337118
85.59958577156067,1.8555772279241083,-0.297040793777641,-2.0212483800245704
85.64949679374695,1.8555772279241083,-0.297040793777641,-2.0212483800245704
85.69956302642822,1.8547218936497836,-0.314979241407195,-1.972425340226279
85.75000953674316,1.8547218936497836,-0.314979241407195,-1.972425340226279
85.79982447624207,1.8536682083105216,-0.337298239989351,-1.930783799593155
85.84974646568298,1.8536682083105216,-0.337298239989351,-1.930783799593155
85.89993476867676,1.8517475946925153,-0.35729150775372087,-1.8934394027044714
85.95210695266724,1.8517475946925153,-0.35729150775372087,-1.8934394027044714
86.00024461746216,1.8465579780660204,-0.378084697380925,-1.863266664165584
86.0498275756836,1.8465579780660204,-0.378084697380925,-1.863266664165584
86.09971904754639,1.8404083841092382,-0.40229521823617653,-1.8370304862608149
86.14972710609436,1.8404083841092382,-0.40229521823617653,-1.8370304862608149
86.19951891899109,1.8345020187331662,-0.432157332997852,-1.8171698313234776
86.24951791763306,1.8345020187331662,-0.432157332997852,-1.8171698313234776
86.30013346672058,1.8306231577751437,-0.4615135866735969,-1.79822682274796
86.34935998916626,1.8306231577751437,-0.4615135866735969,-1.79822682274796
86.39971685409546,1.826452490086817,-0.4899629559068913,-1.7815279787160703
86.44968152046204,1.826452490086817,-0.4899629559068913,-1.7815279787160703
86.50077700614929,1.8221029915257803,-0.5190821761758229,-1.766715178787679
86.54958701133728,1.8221029915257803,-0.5190821761758229,-1.766715178787679
86.5996162891388,1.817418921849078,-0.5489321946907763,-1.7519396818573871
86.65031099319458,1.817418921849078,-0.5489321946907763,-1.7519396818573871
86.700603723526,1.812630868393657,-0.5801059999425111,-1.7381262374688287
86.74994230270386,1.812630868393657,-0.5801059999425111,-1.7381262374688287
86.80061411857605,1.8104364249706824,-0.608308485115644,-1.7263981555388062
86.85014343261719,1.8104364249706824,-0.608308485115644,-1.7263981555388062
86.89979553222656,1.8076123493276386,-0.6405274719737282,-1.7133430675197219
86.94951295852661,1.8076123493276386,-0.6405274719737282,-1.7133430675197219
86.99968218803406,1.8057429891215646,-0.6721572699164365,-1.7018488996143886
87.05055475234985,1.8057429891215646,-0.6721572699164365,-1.7018488996143886
87.09977650642395,1.8035124135783591,-0.703056070210368,-1.6895275905550236
87.14949226379395,1.8035124135783591,-0.703056070210368,-1.6895275905550236
87.19970989227295,1.8053090941393029,-0.7357695613359212,-1.6787500898047996
87.2499167919159,1.8053090941393029,-0.7357695613359212,-1.6787500898047996
87.2995994091034,1.8061114932831748,-0.7671616662981187,-1.6675615458256023
87.34984755516052,1.8061114932831748,-0.7671616662981187,-1.6675615458256023
87.39974641799927,1.8075390825262074,-0.7978510675670382,-1.6601837697287551
87.44958305358887,1.8075390825262074,-0.7978510675670382,-1.6601837697287551
87.49949336051941,1.8079494380520913,-0.8254643896574999,-1.6524780013217995
87.55010437965393,1.8079494380520913,-0.8254643896574999,-1.6524780013217995
87.60000562667847,1.808428798493638,-0.8563763472509677,-1.6505229714613074
87.6499285697937,1.808428798493638,-0.8563763472509677,-1.6505229714613074
87.70015168190002,1.808661955514364,-0.8875385120405875,-1.647099958146716
87.74963021278381,1.808661955514364,-0.8875385120405875,-1.647099958146716
87.79948568344116,1.8094931541737118,-0.9191649110504406,-1.648409345030722
87.84990239143372,1.8094931541737118,-0.9191649110504406,-1.648409345030722
87.89955425262451,1.812113128341399,-0.9495008321349802,-1.646329726620697
87.94957304000854,1.812113128341399,-0.9495008321349802,-1.646329726620697
87.99951148033142,1.8106498036316436,-0.9812654499412564,-1.6456647906125421
88.04963207244873,1.8106498036316436,-0.9812654499412564,-1.6456647906125421
88.09990692138672,1.8086828047536008,-1.0124864931391482,-1.6446117476676756
88.15018653869629,1.8086828047536008,-1.0124864931391482,-1.6446117476676756
88.19950652122498,1.8057813360963397,-1.0424971670730065,-1.6445116956040833
88.25048589706421,1.8057813360963397,-1.0424971670730065,-1.6445116956040833
88.299565076828,1.8041800619250248,-1.0713079782228385,-1.642022686222699
88.3503737449646,1.8041800619250248,-1.0713079782228385,-1.642022686222699
88.39992308616638,1.8040699212243583,-1.102676833724648,-1.6404358787705762
88.44959545135498,1.8040699212243583,-1.102676833724648,-1.6404358787705762
88.49980282783508,1.8026328404749665,-1.1342302512606839,-1.640846610306108
88.5497317314148,1.8026328404749665,-1.1342302512606839,-1.640846610306108
88.5994815826416,1.8004996169343754,-1.1615675502496046,-1.6388795984638258
88.6497552394867,1.8004996169343754,-1.1615675502496046,-1.6388795984638258
88.70003914833069,1.795682312266826,-1.1942656156064664,-1.6387173073764767
88.74995756149292,1.795682312266826,-1.1942656156064664,-1.6387173073764767
88.80004930496216,1.7987519485513563,-1.2232891036420148,-1.6368178053427187
88.84966969490051,1.7987519485513563,-1.2232891036420148,-1.6368178053427187
88.89994812011719,1.8008331484047675,-1.254552912619712,-1.6373825344188073
88.94952249526978,1.8008331484047675,-1.254552912619712,-1.6373825344188073
88.99960613250732,1.8041176306365765,-1.2881960071302632,-1.6348506068109099
89.04974246025085,1.8041176306365765,-1.2881960071302632,-1.6348506068109099
89.09978318214417,1.80186318553399,-1.3176579006298235,-1.6348236318385232
89.14968776702881,1.80186318553399,-1.3176579006298235,-1.6348236318385232
89.19945502281189,1.8003982448839975,-1.346331367673543,-1.6333947346770663
89.24964308738708,1.8003982448839975,-1.346331367673543,-1.6333947346770663
89.29984188079834,1.7992475578677558,-1.3791064216019036,-1.6335092035434366
89.35057020187378,1.7992475578677558,-1.3791064216019036,-1.6335092035434366
89.39990735054016,1.79851415578316,-1.4085203582380903,-1.6336186331718048
89.44990849494934,1.79851415578316,-1.4085203582380903,-1.6336186331718048
89.50015354156494,1.8020419818476845,-1.4357635059253107,-1.6342776479239607
89.54980969429016,1.8020419818476845,-1.4357635059253107,-1.6342776479239607
89.59955978393555,1.8012613582425683,-1.46674590549468,-1.633621553794779
89.64983344078064,1.8012613582425683,-1.46674590549468,-1.633621553794779
89.69982075691223,1.798884256542065,-1.498785454745401,-1.6336594204277866
89.74969291687012,1.798884256542065,-1.498785454745401,-1.6336594204277866
89.79999470710754,1.7975370877086072,-1.5275075507448077,-1.6337697490184515
89.84990644454956,1.7975370877086072,-1.5275075507448077,-1.6337697490184515
89.8996696472168,1.798380298322006,-1.5526342239003434,-1.6390168979933242
89.9495689868927,1.798380298322006,-1.5526342239003434,-1.6390168979933242
89.9998426437378,1.7944812705991695,-1.5754096550847199,-1.6505596419937776
90.05031275749207,1.7944812705991695,-1.5754096550847199,-1.6505596419937776
90.10019993782043,1.793744482021093,-1.5931993483392375,-1.6712244173885995
90.15000367164612,1.793744482021093,-1.5931993483392375,-1.6712244173885995
90.20068717002869,1.7899715942587844,-1.6023153998106023,-1.7039055768205347
90.2501745223999,1.7899715942587844,-1.6023153998106023,-1.7039055768205347
90.2997796535492,1.7885440541296145,-1.6094088451864128,-1.7448233159372342
90.34929394721985,1.7885440541296145,-1.6094088451864128,-1.7448233159372342
90.39971137046814,1.7805860328734746,-1.6166604572157386,-1.7858689792431026
90.45014715194702,1.7805860328734746,-1.6166604572157386,-1.7858689792431026
90.49984836578369,1.7743555420089785,-1.6210894150225454,-1.8367735615844767
90.54947638511658,1.7743555420089785,-1.6210894150225454,-1.8367735615844767
90.599689245224,1.770822885306628,-1.6271887255334916,-1.8967240312517777
90.64988303184509,1.770822885306628,-1.6271887255334916,-1.8967240312517777
90.69996190071106,1.765105792402251,-1.6314683985014,-1.9639069147218104
90.74950933456421,1.765105792402251,-1.6314683985014,-1.9639069147218104
90.7994110584259,1.755742109298446,-1.6328042252756143,-2.046499856799633
90.85004448890686,1.755742109298446,-1.6328042252756143,-2.046499856799633
90.89973258972168,1.748210110983798,-1.636977076924501,-2.139997293399152
90.94958686828613,1.748210110983798,-1.636977076924501,-2.139997293399152
90.99965524673462,1.7387028696803761,-1.6357646938318873,-2.240706013198969
91.0495195388794,1.7387028696803761,-1.6357646938318873,-2.240706013198969
91.09996962547302,1.726093818211206,-1.6326608011301027,-2.3497449378223347
91.14982628822327,1.726093818211206,-1.6326608011301027,-2.3497449378223347
91.19966554641724,1.71604409169246,-1.6275461981595056,-2.4605708217335303
91.2512514591217,1.71604409169246,-1.6275461981595056,-2.4605708217335303
91.29971885681152,1.710000153362695,-1.621701757801164,-2.570347815198504
91.3528139591217,1.710000153362695,-1.621701757801164,-2.570347815198504
91.39951348304749,1.6993237651688982,-1.6164931340702897,-2.6798710756993516
91.44973587989807,1.6993237651688982,-1.6164931340702897,-2.6798710756993516
91.49974131584167,1.6905782412560004,-1.6122968262058153,-2.786752686623408
91.54965090751648,1.6905782412560004,-1.6122968262058153,-2.786752686623408
91.600665807724,1.680914764598628,-1.6020657119767336,-2.893010351695055
91.64988136291504,1.680914764598628,-1.6020657119767336,-2.893010351695055
91.69966197013855,1.677693587756384,-1.5912448697502286,-2.9860557527641265
91.74955749511719,1.677693587756384,-1.5912448697502286,-2.9860557527641265
91.7999975681305,1.670605763385491,-1.5833268215434153,-3.0660031473397957
91.84979057312012,1.670605763385491,-1.5833268215434153,-3.0660031473397957
91.89971494674683,1.6683991444013855,-1.5772194011487324,-3.128240792370557
91.94977927207947,1.6683991444013855,-1.5772194011487324,-3.128240792370557
92.00001764297485,1.6663705046704376,-1.5713068293563117,3.1114368632325586
92.0498206615448,1.6663705046704376,-1.5713068293563117,3.1114368632325586
92.09978604316711,1.6668577834590868,-1.5699036228081782,3.087367085305186
92.15017414093018,1.6668577834590868,-1.5699036228081782,3.087367085305186
92.20003056526184,1.6645461739626084,-1.5708476369133835,3.080302526950594
92.24987983703613,1.6645461739626084,-1.5708476369133835,3.080302526950594
92.29958176612854,1.6693543232974526,-1.569229244389986,3.0825273305038015
92.35026597976685,1.6693543232974526,-1.569229244389986,3.0825273305038015
92.40003633499146,1.667409279731284,-1.5703150325710475,3.0894931834822774
92.45010590553284,1.667409279731284,-1.5703150325710475,3.0894931834822774
92.49943256378174,1.6704506313979812,-1.5722919172943124,3.104184465741068
92.55005192756653,1.6704506313979812,-1.5722919172943124,3.104184465741068
92.59993553161621,1.6708561771367463,-1.572469870208751,3.12688700970929
92.6501874923706,1.6708561771367463,-1.572469870208751,3.12688700970929
92.69949293136597,1.670662547935319,-1.5764897005132548,-3.1268565686638574
92.74950861930847,1.670662547935319,-1.5764897005132548,-3.1268565686638574
92.79972791671753,1.668667270528605,-1.576557943545141,-3.090010947106482
92.85003852844238,1.668667270528605,-1.576557943545141,-3.090010947106482
92.89995169639587,1.668545033749857,-1.5816541095820382,-3.042823495248672
92.94949460029602,1.668545033749857,-1.5816541095820382,-3.042823495248672
92.99998807907104,1.6652373194915007,-1.588193912915699,-2.987333453018293
93.04992890357971,1.6652373194915007,-1.588193912915699,-2.987333453018293
93.09984183311462,1.6661865256092647,-1.5973078485988632,-2.9249017228656338
93.14980268478394,1.6661865256092647,-1.5973078485988632,-2.9249017228656338
93.1995198726654,1.666892103786068,-1.6038567059746411,-2.85457298532207
93.25001668930054,1.666892103786068,-1.6038567059746411,-2.85457298532207
93.29984474182129,1.6646824980889963,-1.6148069380093086,-2.775519403647157
93.34961485862732,1.6646824980889963,-1.6148069380093086,-2.775519403647157
93.39970517158508,1.6573503392543825,-1.626796689104543,-2.686843082224802
93.44963431358337,1.6573503392543825,-1.626796689104543,-2.686843082224802
93.49975872039795,1.652901195629862,-1.6409232076228986,-2.5869926114354858
93.55011320114136,1.652901195629862,-1.6409232076228986,-2.5869926114354858
93.59989547729492,1.6473302870191722,-1.6560081784260883,-2.4830296889787378
93.65056157112122,1.6473302870191722,-1.6560081784260883,-2.4830296889787378
93.70103526115417,1.6412837526504456,-1.670213387981704,-2.377517180725939
93.74974703788757,1.6412837526504456,-1.670213387981704,-2.377517180725939
93.79973340034485,1.6376983453635328,-1.6874196290923051,-2.282210507284922
93.84969687461853,1.6376983453635328,-1.6874196290923051,-2.282210507284922
93.90025973320007,1.6351412484701489,-1.7009206562922152,-2.203360890559765
93.95163154602051,1.6351412484701489,-1.7009206562922152,-2.203360890559765
93.99963283538818,1.635150881255973,-1.713336111820515,-2.1447321657495793
94.04950380325317,1.635150881255973,-1.713336111820515,-2.1447321657495793
94.09955096244812,1.639080957549016,-1.7229889865871593,-2.092938201332207
94.14991188049316,1.639080957549016,-1.7229889865871593,-2.092938201332207
94.19979476928711,1.642386781067695,-1.7287015893764,-2.044791395226127
94.25029015541077,1.642386781067695,-1.7287015893764,-2.044791395226127
94.300297498703,1.6451240847339794,-1.7313789072165646,-2.0060254295357502
94.34966707229614,1.6451240847339794,-1.7313789072165646,-2.0060254295357502
94.40142917633057,1.64760963946117,-1.733947030787172,-1.971858373412156
94.44984984397888,1.64760963946117,-1.733947030787172,-1.971858373412156
94.50121760368347,1.646321097147907,-1.735916562763019,-1.9546035710941483
94.54976916313171,1.646321097147907,-1.735916562763019,-1.9546035710941483
94.5997223854065,1.646981560372336,-1.7360578029579055,-1.9518090910231374
94.6495840549469,1.646981560372336,-1.7360578029579055,-1.9518090910231374
94.69968724250793,1.6466506079068997,-1.7341840515965685,-1.9550398492339462
94.7506971359253,1.6466506079068997,-1.7341840515965685,-1.9550398492339462
94.8123893737793,1.6466506079068997,-1.7341840515965685,-1.9550398492339462
94.85879778862,1.6463234006103429,-1.730733504385971,-1.961312999179878
94.90131688117981,1.6463234006103429,-1.730733504385971,-1.961312999179878
94.95021224021912,1.6448931142008592,-1.7259567306877155,-1.965706541243075
94.99979496002197,1.6439893490301474,-1.7258550708870621,-1.9641465591470948
95.04962301254272,1.6439893490301474,-1.7258550708870621,-1.9641465591470948
95.09962320327759,1.6425961347557791,-1.7298675326602324,-1.9561095168837945
95.1501715183258,1.6425961347557791,-1.7298675326602324,-1.9561095168837945
95.19970846176147,1.6426005224252744,-1.737386206160263,-1.9388057196219755
95.24976372718811,1.6426005224252744,-1.737386206160263,-1.9388057196219755
95.29965591430664,1.645160774374785,-1.7464239865831814,-1.909206587065381
95.35039710998535,1.645160774374785,-1.7464239865831814,-1.909206587065381
95.40032839775085,1.644722412615769,-1.7600500794248868,-1.868661253377557
95.45010042190552,1.644722412615769,-1.7600500794248868,-1.868661253377557
95.49986910820007,1.6465725247362646,-1.7723152302815792,-1.8180207126010837
95.54970335960388,1.6465725247362646,-1.7723152302815792,-1.8180207126010837
95.5995717048645,1.6450433535158058,-1.794685023235841,-1.7709103979442453
95.6500473022461,1.6450433535158058,-1.794685023235841,-1.7709103979442453
95.6994731426239,1.6446971103978645,-1.8167346348606146,-1.730996879425968
95.7495186328888,1.6446971103978645,-1.8167346348606146,-1.730996879425968
95.79966473579407,1.6436175120754548,-1.8405491323586616,-1.7059294987535862
95.85060143470764,1.6436175120754548,-1.8405491323586616,-1.7059294987535862
95.90001559257507,1.6436761491261702,-1.8651001821145183,-1.6900585860228878
95.94981789588928,1.6436761491261702,-1.8651001821145183,-1.6900585860228878
95.99952983856201,1.6436761491261702,-1.8651001821145183,-1.6900585860228878
96.04985189437866,1.6444578035136002,-1.892879023120661,-1.684779247151165
96.09997320175171,1.6439757533089532,-1.9239163949024858,-1.6798633169362742
96.15047121047974,1.6439757533089532,-1.9239163949024858,-1.6798633169362742
96.19953036308289,1.6391669331681729,-1.957677776793666,-1.676553517534152
96.25013875961304,1.6391669331681729,-1.957677776793666,-1.676553517534152
96.29961729049683,1.633164371509244,-1.9906789685792214,-1.677240753219415
96.34954261779785,1.633164371509244,-1.9906789685792214,-1.677240753219415
96.39964485168457,1.633506572116926,-2.0260107686764406,-1.6774173408911854
96.44981360435486,1.633506572116926,-2.0260107686764406,-1.6774173408911854
96.4999852180481,1.6343915194042489,-2.0580674956613207,-1.6732433993849747
96.54990410804749,1.6343915194042489,-2.0580674956613207,-1.6732433993849747
96.59963297843933,1.6310429018687462,-2.0873069325769773,-1.6672934488878441
96.64978456497192,1.6310429018687462,-2.0873069325769773,-1.6672934488878441
96.70018863677979,1.629105700167055,-2.1202623001687986,-1.6571940090801454
96.74988055229187,1.629105700167055,-2.1202623001687986,-1.6571940090801454
96.79958891868591,1.628141223498171,-2.1499126285852856,-1.640863607430977
96.8495101928711,1.628141223498171,-2.1499126285852856,-1.640863607430977
96.89952301979065,1.6293582931809087,-2.174531483127508,-1.6148339565261773
96.94975638389587,1.6293582931809087,-2.174531483127508,-1.6148339565261773
96.9997763633728,1.6334530153168254,-2.1989466475944437,-1.5783646855829578
97.04991865158081,1.6334530153168254,-2.1989466475944437,-1.5783646855829578
97.100830078125,1.639892118126324,-2.2276770231460636,-1.5291724327024163
97.14994835853577,1.639892118126324,-2.2276770231460636,-1.5291724327024163
97.19957733154297,1.6461113687496636,-2.2571895699222293,-1.4742488676852346
97.24962997436523,1.6461113687496636,-2.2571895699222293,-1.4742488676852346
97.29961562156677,1.6559427541598488,-2.2900793479861226,-1.41727608313505
97.34972333908081,1.6559427541598488,-2.2900793479861226,-1.41727608313505
97.39955043792725,1.669309252031451,-2.324306632264864,-1.3665301496144087
97.44947504997253,1.669309252031451,-2.324306632264864,-1.3665301496144087
97.49982047080994,1.6816424425175907,-2.3575485443295423,-1.3190525270920523
97.54952025413513,1.6816424425175907,-2.3575485443295423,-1.3190525270920523
97.60024523735046,1.6967350535829344,-2.388828285234149,-1.276692596687849
97.65020251274109,1.6967350535829344,-2.388828285234149,-1.276692596687849
97.69993925094604,1.7096878150103012,-2.41771563329817,-1.2338529527139948
97.74974751472473,1.7096878150103012,-2.41771563329817,-1.2338529527139948
97.80027747154236,1.7240612092016008,-2.4467099310185074,-1.193468548191873
97.84973120689392,1.7240612092016008,-2.4467099310185074,-1.193468548191873
97.89966654777527,1.7414274140532338,-2.480174023336129,-1.149721756147334
97.94965529441833,1.7414274140532338,-2.480174023336129,-1.149721756147334
97.99989771842957,1.7566569024764918,-2.5143175176580463,-1.1072425664839662
98.04975485801697,1.7566569024764918,-2.5143175176580463,-1.1072425664839662
98.09980368614197,1.7761863573293195,-2.5486843076700967,-1.0652172166030225
98.1499993801117,1.7761863573293195,-2.5486843076700967,-1.0652172166030225
98.20098900794983,1.794390973590838,-2.576503501352412,-1.023258124583161
98.25024557113647,1.794390973590838,-2.576503501352412,-1.023258124583161
98.29986190795898,1.8159459666490774,-2.6017315292188865,-0.9839537579020216
98.34992671012878,1.8159459666490774,-2.6017315292188865,-0.9839537579020216
98.39988660812378,1.8401105247538418,-2.623925612663687,-0.9465447531305026
98.44995474815369,1.8401105247538418,-2.623925612663687,-0.9465447531305026
98.49999165534973,1.8594525449242525,-2.6457174223144047,-0.9117973246373747
98.54962253570557,1.8594525449242525,-2.6457174223144047,-0.9117973246373747
98.59959268569946,1.8803349904129139,-2.6682374696882065,-0.8793077474502446
98.65038132667542,1.8803349904129139,-2.6682374696882065,-0.8793077474502446
98.6997480392456,1.8971878946489826,-2.692003642344148,-0.8469151786916603
98.74995470046997,1.8971878946489826,-2.692003642344148,-0.8469151786916603
98.79963445663452,1.9193824824741532,-2.7102288481318397,-0.8177481102018738
98.84949541091919,1.9193824824741532,-2.7102288481318397,-0.8177481102018738
98.89990377426147,1.9405152187287276,-2.7286618016130464,-0.8021910709171854
98.9499762058258,1.9405152187287276,-2.7286618016130464,-0.8021910709171854
98.99981546401978,1.9548688649520578,-2.735339788418948,-0.7940637312568061
99.05028080940247,1.9548688649520578,-2.735339788418948,-0.7940637312568061
99.09984254837036,1.964134848446606,-2.7448794583674574,-0.796476853461409
99.14963054656982,1.964134848446606,-2.7448794583674574,-0.796476853461409
99.20063972473145,1.9705098018633245,-2.7501112978791613,-0.8109315178410312
99.24981880187988,1.9705098018633245,-2.7501112978791613,-0.8109315178410312
99.29962587356567,1.973869642130286,-2.757130470588534,-0.8370261872242717
99.34970426559448,1.973869642130286,-2.757130470588534,-0.8370261872242717
99.39973282814026,1.9782136709265488,-2.7615045924991146,-0.8620000253569222
99.4502899646759,1.9782136709265488,-2.7615045924991146,-0.8620000253569222
99.49971461296082,1.9769219496654284,-2.764247360543348,-0.8977518266172293
99.54965114593506,1.9769219496654284,-2.764247360543348,-0.8977518266172293
99.59965395927429,1.9782989086957565,-2.769794841678165,-0.9422742950730812
99.64974474906921,1.9782989086957565,-2.769794841678165,-0.9422742950730812
99.69974660873413,1.9776984928633263,-2.7771192104386935,-0.9999212516217043
99.74962568283081,1.9776984928633263,-2.7771192104386935,-0.9999212516217043
99.79954886436462,1.9790176530642785,-2.7820338466511942,-1.0658252659511873
99.84997963905334,1.9790176530642785,-2.7820338466511942,-1.0658252659511873
99.89952087402344,1.9740433753859974,-2.7875883009623204,-1.1460559633710037
99.94968962669373,1.9740433753859974,-2.7875883009623204,-1.1460559633710037
99.99972486495972,1.969446809651961,-2.7952896945295804,-1.2373639221109987
100.05000448226929,1.969446809651961,-2.7952896945295804,-1.2373639221109987
100.0999710559845,1.9649184216352675,-2.8029830780159717,-1.3337219440030068
100.1499571800232,1.9649184216352675,-2.8029830780159717,-1.3337219440030068
100.19976711273193,1.9558356684830467,-2.807990222457339,-1.4393667466322848
100.25020146369934,1.9558356684830467,-2.807990222457339,-1.4393667466322848
100.30012035369873,1.9493872920780455,-2.81337078401704,-1.54996431989712
100.3498682975769,1.9493872920780455,-2.81337078401704,-1.54996431989712
100.39969110488892,1.9402724741384332,-2.8150725217619392,-1.6609591344738721
100.4494857788086,1.9402724741384332,-2.8150725217619392,-1.6609591344738721
100.50014400482178,1.92958537105911,-2.814414380537871,-1.7693933115396463
100.55006313323975,1.92958537105911,-2.814414380537871,-1.7693933115396463
100.59960269927979,1.916377648534449,-2.816502305358967,-1.8782904318104412
100.64946913719177,1.916377648534449,-2.816502305358967,-1.8782904318104412
100.69946599006653,1.904637138753762,-2.8199212174375634,-1.9828861020501778
100.7495334148407,1.904637138753762,-2.8199212174375634,-1.9828861020501778
100.7994647026062,1.89460560949804,-2.8238397813815617,-2.086345814567053
100.84960436820984,1.89460560949804,-2.8238397813815617,-2.086345814567053
100.89963293075562,1.8873853751694476,-2.8246937194047494,-2.1865000326850894
100.94990038871765,1.8873853751694476,-2.8246937194047494,-2.1865000326850894
100.99975371360779,1.8768363805656305,-2.8292198842632157,-2.28791519091429
101.0494647026062,1.8768363805656305,-2.8292198842632157,-2.28791519091429
101.09947848320007,1.865017885528066,-2.834184116808279,-2.3789789339141016
101.150071144104,1.865017885528066,-2.834184116808279,-2.3789789339141016
101.19956588745117,1.84841377281061,-2.8365953364170777,-2.463037333204677
101.24968671798706,1.84841377281061,-2.8365953364170777,-2.463037333204677
101.29979801177979,1.8335651205610954,-2.8436301863652274,-2.5369326031454076
101.34957098960876,1.8335651205610954,-2.8436301863652274,-2.5369326031454076
101.40094017982483,1.817229033858676,-2.848095209616008,-2.601971896563875
101.44955325126648,1.817229033858676,-2.848095209616008,-2.601971896563875
101.4995596408844,1.7998028300003268,-2.850350470386913,-2.6607848686666555
101.54966402053833,1.7998028300003268,-2.850350470386913,-2.6607848686666555
101.59950852394104,1.7801491557354558,-2.853496298292535,-2.7151212006707044
101.64965009689331,1.7801491557354558,-2.853496298292535,-2.7151212006707044
101.69997358322144,1.7603815947879542,-2.8575034103330195,-2.763671126444657
101.7522542476654,1.7603815947879542,-2.8575034103330195,-2.763671126444657
101.79950642585754,1.7386819294565057,-2.863309939236279,-2.8063837087678536
101.84947538375854,1.7386819294565057,-2.863309939236279,-2.8063837087678536
101.89960360527039,1.7136841491515264,-2.8691552316323414,-2.847439601092593
101.94961309432983,1.7136841491515264,-2.8691552316323414,-2.847439601092593
101.99964737892151,1.6882823637978666,-2.874984724200153,-2.88275172194179
102.04986453056335,1.6882823637978666,-2.874984724200153,-2.88275172194179
102.09959387779236,1.6623219651745624,-2.8795606407648315,-2.914284290158807
102.149493932724,1.6623219651745624,-2.8795606407648315,-2.914284290158807
102.19942450523376,1.635868520386409,-2.885852969341502,-2.943104937199482
102.24983811378479,1.635868520386409,-2.885852969341502,-2.943104937199482
102.30016899108887,1.6068379976282214,-2.8894561112770507,-2.9687803262371397
102.34980630874634,1.6068379976282214,-2.8894561112770507,-2.9687803262371397
102.39959120750427,1.5779504471111458,-2.894242636849535,-2.9897813793753625
102.4495599269867,1.5779504471111458,-2.894242636849535,-2.9897813793753625
102.49990820884705,1.5482147864933329,-2.898974272186384,-3.0063138317347744
102.54987597465515,1.5482147864933329,-2.898974272186384,-3.0063138317347744
102.59982180595398,1.5187937354746914,-2.9056723886420786,-3.0186955765764827
102.6496570110321,1.5187937354746914,-2.9056723886420786,-3.0186955765764827
102.6998279094696,1.4870232186576429,-2.910713563307065,-3.0315774173073775
102.74983191490173,1.4870232186576429,-2.910713563307065,-3.0315774173073775
102.79977917671204,1.457109473293018,-2.9196317660678552,-3.041537603905006
102.84994888305664,1.457109473293018,-2.9196317660678552,-3.041537603905006
102.90012741088867,1.4331602299563224,-2.922530331076465,-3.052338322734609
102.9497640132904,1.4331602299563224,-2.922530331076465,-3.052338322734609
102.99970507621765,1.4020734353481803,-2.9274566665413304,-3.0637428260048982
103.04970669746399,1.4020734353481803,-2.9274566665413304,-3.0637428260048982
103.09991955757141,1.3739475432784705,-2.9291967823808416,-3.0728999399953834
103.14992570877075,1.3739475432784705,-2.9291967823808416,-3.0728999399953834
103.19994568824768,1.3447965102825226,-2.93313886894908,-3.083338538651836
103.24942255020142,1.3447965102825226,-2.93313886894908,-3.083338538651836
103.29953002929688,1.3149598607830022,-2.9348142331383924,-3.09054186497319
103.34963583946228,1.3149598607830022,-2.9348142331383924,-3.09054186497319
103.40009546279907,1.2815470151276038,-2.9347873330209477,-3.100773200778806
103.4499294757843,1.2815470151276038,-2.9347873330209477,-3.100773200778806
103.49983215332031,1.2509313532203326,-2.936523064510738,-3.111205823484557
103.54978108406067,1.2509313532203326,-2.936523064510738,-3.111205823484557
103.59972929954529,1.223383930733311,-2.9392192108743087,-3.118872758841855
103.65012812614441,1.223383930733311,-2.9392192108743087,-3.118872758841855
103.69943809509277,1.1929162325401186,-2.9415627037622305,-3.1272806577452226
103.74981188774109,1.1929162325401186,-2.9415627037622305,-3.1272806577452226
103.79972338676453,1.1606395194417622,-2.9442393223016876,-3.135933383596639
103.84971714019775,1.1606395194417622,-2.9442393223016876,-3.135933383596639
103.89961099624634,1.128233968949175,-2.9424256581695993,3.1380369689665657
103.94964861869812,1.128233968949175,-2.9424256581695993,3.1380369689665657
104.00003361701965,1.100035892968183,-2.9419725373394163,3.128695381290167
104.05064845085144,1.100035892968183,-2.9419725373394163,3.128695381290167
104.09990525245667,1.0698278903167933,-2.9425355049519424,3.119049193783668
104.15002059936523,1.0698278903167933,-2.9425355049519424,3.119049193783668
104.19956612586975,1.0318754748818724,-2.9454146979917724,3.1113200870592252
104.25032186508179,1.0318754748818724,-2.9454146979917724,3.1113200870592252
104.30137658119202,1.0063952135440908,-2.943344693895878,3.1022139376928557
104.34964299201965,1.0063952135440908,-2.943344693895878,3.1022139376928557
104.3995361328125,0.9829074697165116,-2.9411441067949364,3.0933509775957946
104.44956874847412,0.9829074697165116,-2.9411441067949364,3.0933509775957946
104.49975442886353,0.9575068888025037,-2.9397842361053566,3.0854262583099414
104.54981851577759,0.9575068888025037,-2.9397842361053566,3.0854262583099414
104.59953498840332,0.9262376410859708,-2.943204805463587,3.0781486255337356
104.64958453178406,0.9262376410859708,-2.943204805463587,3.0781486255337356
104.69976377487183,0.898675097011702,-2.94459560796554,3.0756113293136047
104.74990701675415,0.898675097011702,-2.94459560796554,3.0756113293136047
104.79976630210876,0.8685449418405694,-2.944129243593609,3.070400008452361
104.84956908226013,0.8685449418405694,-2.944129243593609,3.070400008452361
104.8995954990387,0.8391835800723003,-2.9454696337968187,3.068863022585721
104.94984650611877,0.8391835800723003,-2.9454696337968187,3.068863022585721
105.00107550621033,0.809642309071687,-2.9471468733912154,3.0681283411805134
105.04995489120483,0.809642309071687,-2.9471468733912154,3.0681283411805134
105.09963393211365,0.7747051900406151,-2.9429756993814093,3.060989867022597
105.15038228034973,0.7747051900406151,-2.9429756993814093,3.060989867022597
105.2001588344574,0.7392644032150218,-2.942065668676606,3.055170334364072
105.2499451637268,0.7392644032150218,-2.942065668676606,3.055170334364072
105.30000448226929,0.7117900467007553,-2.9412341453475013,3.0455314215760874
105.3610908985138,0.7117900467007553,-2.9412341453475013,3.0455314215760874
105.40829014778137,0.7117900467007553,-2.9412341453475013,3.0455314215760874
105.45058512687683,0.7117900467007553,-2.9412341453475013,3.0455314215760874
105.49968600273132,0.6528198851027364,-2.931758518534622,2.99603629554591
105.54996705055237,0.6528198851027364,-2.931758518534622,2.99603629554591
105.59969472885132,0.6207102626126674,-2.923919262150137,2.953040190423968
105.64990234375,0.6207102626126674,-2.923919262150137,2.953040190423968
105.6996808052063,0.5986815622537646,-2.9143427186989546,2.8986120966333675
105.74981260299683,0.5986815622537646,-2.9143427186989546,2.8986120966333675
105.80043578147888,0.576733312002118,-2.903089506439289,2.8286658592454077
105.8497908115387,0.576733312002118,-2.903089506439289,2.8286658592454077
105.89987254142761,0.5627653982642747,-2.8927978416767526,2.752416467032814
105.94981527328491,0.5627653982642747,-2.8927978416767526,2.752416467032814
106.00063705444336,0.5503910687031229,-2.8843198581187415,2.6755179973757746
106.04967498779297,0.5503910687031229,-2.8843198581187415,2.6755179973757746
106.0999481678009,0.5466433683708364,-2.8740178656344155,2.595064816073106
106.14977288246155,0.5466433683708364,-2.8740178656344155,2.595064816073106
106.19996547698975,0.545204440643296,-2.8614640665346434,2.5115826560132897
106.25002765655518,0.545204440643296,-2.8614640665346434,2.5115826560132897
106.29996132850647,0.540637269455985,-2.851346230543409,2.4179620821528367
106.34941411018372,0.540637269455985,-2.851346230543409,2.4179620821528367
106.39977836608887,0.534669554117953,-2.845898188166912,2.3177892142540366
106.44987773895264,0.534669554117953,-2.845898188166912,2.3177892142540366
106.49949288368225,0.5326851724116756,-2.8382745411681003,2.210622425719066
106.5494339466095,0.5326851724116756,-2.8382745411681003,2.210622425719066
106.59965348243713,0.531987578600868,-2.829915897068097,2.10225503322147
106.64974069595337,0.531987578600868,-2.829915897068097,2.10225503322147
106.69975090026855,0.5339533334839172,-2.8252492204955124,1.9998918107891646
106.74950528144836,0.5339533334839172,-2.8252492204955124,1.9998918107891646
106.799800157547,0.5407371305704135,-2.823708285381528,1.9110262739574895
106.84983563423157,0.5407371305704135,-2.823708285381528,1.9110262739574895
106.89965271949768,0.5435481438860413,-2.824053324981024,1.8471750658490595
106.94990873336792,0.5435481438860413,-2.824053324981024,1.8471750658490595
106.99995541572571,0.5498669565915361,-2.820670516564268,1.8018884810449889
107.04992771148682,0.5498669565915361,-2.820670516564268,1.8018884810449889
107.09977316856384,0.5569705386417515,-2.8211558258707243,1.7788046951642893
107.14960217475891,0.5569705386417515,-2.8211558258707243,1.7788046951642893
107.19991731643677,0.5604756304007036,-2.818606453285053,1.775691137720124
107.25039052963257,0.5604756304007036,-2.818606453285053,1.775691137720124
107.29979729652405,0.5639766066745983,-2.8201059951328835,1.784653116523002
107.34975290298462,0.5639766066745983,-2.8201059951328835,1.784653116523002
107.40078926086426,0.5698612113468625,-2.8233046834723297,1.7902554018627475
107.45001602172852,0.5698612113468625,-2.8233046834723297,1.7902554018627475
107.50119090080261,0.5646473787777816,-2.823965299308311,1.8055300282460252
107.5497100353241,0.5646473787777816,-2.823965299308311,1.8055300282460252
107.59971952438354,0.5656144068742573,-2.825607071431347,1.8213993114516447
107.64965677261353,0.5656144068742573,-2.825607071431347,1.8213993114516447
107.70016479492188,0.5622780465131701,-2.824441187259922,1.8360984354849357
107.7501163482666,0.5622780465131701,-2.824441187259922,1.8360984354849357
107.81241202354431,0.5622780465131701,-2.824441187259922,1.8360984354849357
107.8570396900177,0.5622780465131701,-2.824441187259922,1.8360984354849357
107.89970469474792,0.5557191296868561,-2.8198299525105774,1.8576224494478581
107.94963669776917,0.5557191296868561,-2.8198299525105774,1.8576224494478581
108.0000057220459,0.5495099521550312,-2.8139714794129533,1.875263631191004
108.05003619194031,0.5495099521550312,-2.8139714794129533,1.875263631191004
108.10019946098328,0.5419146155966031,-2.8103021124069185,1.9034635794451726
108.14993906021118,0.5419146155966031,-2.8103021124069185,1.9034635794451726
108.19972586631775,0.5318180192518339,-2.799424342511555,1.9423357343860093
108.24975633621216,0.5318180192518339,-2.799424342511555,1.9423357343860093
108.29990983009338,0.5173742645585763,-2.7873058968995035,1.989277334367976
108.34971857070923,0.5173742645585763,-2.7873058968995035,1.989277334367976
108.40002727508545,0.510402911888299,-2.7717889399152154,2.033576131660293
108.44985318183899,0.510402911888299,-2.7717889399152154,2.033576131660293
108.49986505508423,0.5015486898871891,-2.7620659681756456,2.0723437093307093
108.55072927474976,0.5015486898871891,-2.7620659681756456,2.0723437093307093
108.59996700286865,0.4909444517274357,-2.7513822131545083,2.116049519783973
108.65028810501099,0.4909444517274357,-2.7513822131545083,2.116049519783973
108.70002245903015,0.4834919317014936,-2.7422124640411547,2.162484752053599
108.74976205825806,0.4834919317014936,-2.7422124640411547,2.162484752053599
108.79986333847046,0.47315112865789366,-2.727974051169872,2.2001931318046473
108.8499493598938,0.47315112865789366,-2.727974051169872,2.2001931318046473
108.89971709251404,0.4618502073470844,-2.7251319625117523,2.2360584926288176
108.9502854347229,0.4618502073470844,-2.7251319625117523,2.2360584926288176
109.00029611587524,0.45734887634001853,-2.7177405313847753,2.2626100586624514
109.05035972595215,0.45734887634001853,-2.7177405313847753,2.2626100586624514
109.0999071598053,0.4583493502593573,-2.7181451963564878,2.293435692703278
109.14985537528992,0.4583493502593573,-2.7181451963564878,2.293435692703278
109.19986128807068,0.45075608969539116,-2.718173994563217,2.332068667578475
109.24965357780457,0.45075608969539116,-2.718173994563217,2.332068667578475
109.29971075057983,0.4501476031036915,-2.723361434334714,2.384376885782135
109.34989976882935,0.4501476031036915,-2.723361434334714,2.384376885782135
109.3998076915741,0.4457729287127562,-2.7263129327131224,2.443772761940006
109.44978189468384,0.4457729287127562,-2.7263129327131224,2.443772761940006
109.49973320960999,0.44432206245710704,-2.727101819824871,2.5106005864958845
109.5495228767395,0.44432206245710704,-2.727101819824871,2.5106005864958845
109.60083866119385,0.44341325312781976,-2.7349330114307002,2.5861082600219563
109.64967513084412,0.44341325312781976,-2.7349330114307002,2.5861082600219563
109.6999843120575,0.44043506845050917,-2.7421459921261757,2.6674365197726932
109.7495276927948,0.44043506845050917,-2.7421459921261757,2.6674365197726932
109.79953813552856,0.4400264642127266,-2.7467465256294705,2.754159606482895
109.85026907920837,0.4400264642127266,-2.7467465256294705,2.754159606482895
109.89948844909668,0.4336681979227529,-2.7505806834355004,2.8474299810927652
109.95016932487488,0.4336681979227529,-2.7505806834355004,2.8474299810927652
109.99995493888855,0.4305788331732283,-2.7566365885988495,2.9455463499713037
110.04989624023438,0.4305788331732283,-2.7566365885988495,2.9455463499713037
110.10034584999084,0.42403163326326443,-2.771948599721419,3.048811799879928
110.14954018592834,0.42403163326326443,-2.771948599721419,3.048811799879928
110.19987940788269,0.41412074455765113,-2.788052766937801,-3.125867348800494
110.250235080719,0.41412074455765113,-2.788052766937801,-3.125867348800494
110.29983878135681,0.4093479956714944,-2.7980331556427105,-3.0192576875272947
110.3498318195343,0.4093479956714944,-2.7980331556427105,-3.0192576875272947
110.39968824386597,0.40670794768304963,-2.8047544076646127,-2.9139500757366843
110.45009112358093,0.40670794768304963,-2.8047544076646127,-2.9139500757366843
110.50016236305237,0.40557294220779294,-2.8157970291153815,-2.807028472781539
110.55004525184631,0.40557294220779294,-2.8157970291153815,-2.807028472781539
110.59956216812134,0.4062898777730749,-2.824800255603292,-2.70344108477482
110.64953303337097,0.4062898777730749,-2.824800255603292,-2.70344108477482
110.69981360435486,0.40965539711359067,-2.8310411107391076,-2.6001285606560818
110.74981427192688,0.40965539711359067,-2.8310411107391076,-2.6001285606560818
110.79950451850891,0.41084582824327465,-2.838064157598731,-2.4965165962109417
110.84962511062622,0.41084582824327465,-2.838064157598731,-2.4965165962109417
110.89991569519043,0.412569073917461,-2.840599312058128,-2.3952646395643438
110.94976472854614,0.412569073917461,-2.840599312058128,-2.3952646395643438
110.99980425834656,0.4156669381594792,-2.8454661114036313,-2.3076799639862666
111.04944944381714,0.4156669381594792,-2.8454661114036313,-2.3076799639862666
111.09962630271912,0.42010778191476306,-2.855185665902905,-2.2311657025801415
111.15154075622559,0.42010778191476306,-2.855185665902905,-2.2311657025801415
111.19975328445435,0.42131757962527805,-2.862321363879054,-2.1797043420918834
111.24976778030396,0.42131757962527805,-2.862321363879054,-2.1797043420918834
111.2995195388794,0.42064529149044205,-2.8701939225096873,-2.1480372353456327
111.34959387779236,0.42064529149044205,-2.8701939225096873,-2.1480372353456327
111.40013360977173,0.4173246575432873,-2.880437832245265,-2.129845203827247
111.44970631599426,0.4173246575432873,-2.880437832245265,-2.129845203827247
111.49967098236084,0.41406747229162866,-2.8892595732747384,-2.1174523850945284
111.54961037635803,0.41406747229162866,-2.8892595732747384,-2.1174523850945284
111.5996081829071,0.40713444830722234,-2.8911405424012417,-2.1209632392420996
111.65009546279907,0.40713444830722234,-2.8911405424012417,-2.1209632392420996
111.69947600364685,0.4046498317107444,-2.896114756109773,-2.1322724261605215
111.74955534934998,0.4046498317107444,-2.896114756109773,-2.1322724261605215
111.79992175102234,0.4006255260353485,-2.898828840374693,-2.149968871216044
111.84969234466553,0.4006255260353485,-2.898828840374693,-2.149968871216044
111.89956736564636,0.39944341762252844,-2.9038651509506166,-2.1763053415221942
111.94954514503479,0.39944341762252844,-2.9038651509506166,-2.1763053415221942
111.99955916404724,0.391620711303729,-2.907304271903597,-2.2116994399759506
112.04984498023987,0.391620711303729,-2.907304271903597,-2.2116994399759506
112.09960770606995,0.38458212071804954,-2.9150275057431103,-2.2587648059736423
112.149822473526,0.38458212071804954,-2.9150275057431103,-2.2587648059736423
112.19961714744568,0.3744273306757685,-2.922272834639751,-2.3173981935016226
112.24970316886902,0.3744273306757685,-2.922272834639751,-2.3173981935016226
112.29996156692505,0.3599201285290582,-2.930803626224726,-2.3832371866821997
112.3497006893158,0.3599201285290582,-2.930803626224726,-2.3832371866821997
112.39974641799927,0.34272762742301766,-2.938229438094614,-2.47005283864691
112.44993376731873,0.34272762742301766,-2.938229438094614,-2.47005283864691
112.50050354003906,0.32327367948978736,-2.9453476155361553,-2.5631366262711066
112.55023956298828,0.32327367948978736,-2.9453476155361553,-2.5631366262711066
112.59943199157715,0.3013625977896306,-2.9459972282818225,-2.6614911190745945
112.64945912361145,0.3013625977896306,-2.9459972282818225,-2.6614911190745945
112.6996202468872,0.28294166715859903,-2.94749090360842,-2.7585646437481026
112.74972891807556,0.28294166715859903,-2.94749090360842,-2.7585646437481026
112.79974102973938,0.2617810988783006,-2.9419528058489255,-2.853838442148634
112.84967732429504,0.2617810988783006,-2.9419528058489255,-2.853838442148634
112.8998453617096,0.2387544829431042,-2.94508522527417,-2.9362134126215857
112.94993710517883,0.2387544829431042,-2.94508522527417,-2.9362134126215857
112.99968600273132,0.21597943399995667,-2.94522461533716,-3.006907866353593
113.04969620704651,0.21597943399995667,-2.94522461533716,-3.006907866353593
113.09968447685242,0.19363981965558097,-2.943347129657464,-3.063487620371212
113.14971089363098,0.19363981965558097,-2.943347129657464,-3.063487620371212
113.19959449768066,0.17480498449475823,-2.94359301405851,-3.1048823111438684
113.24982070922852,0.17480498449475823,-2.94359301405851,-3.1048823111438684
113.29996490478516,0.1452945873579531,-2.9454963944592025,-3.1359824924010176
113.35061717033386,0.1452945873579531,-2.9454963944592025,-3.1359824924010176
113.39991116523743,0.12013862928463548,-2.9430751956181602,3.120121307344162
113.45244479179382,0.12013862928463548,-2.9430751956181602,3.120121307344162
113.5000991821289,0.09236318744701111,-2.9439419047780335,3.0966044124000085
113.55037641525269,0.09236318744701111,-2.9439419047780335,3.0966044124000085
113.59994649887085,0.062153127004533126,-2.9425738298313466,3.0747228358516936
113.64951705932617,0.062153127004533126,-2.9425738298313466,3.0747228358516936
113.6997447013855,0.03268540898711658,-2.9410399834980505,3.049696239279875
113.74968075752258,0.03268540898711658,-2.9410399834980505,3.049696239279875
113.79971575737,0.008525901274800796,-2.937834022176829,3.0193947286863088
113.85199761390686,0.008525901274800796,-2.937834022176829,3.0193947286863088
113.89975666999817,-0.022149467296397385,-2.9341625125374793,2.987749666381708
113.94950580596924,-0.022149467296397385,-2.9341625125374793,2.987749666381708
113.99973893165588,-0.053997659145037236,-2.9257735780470044,2.953058452889052
114.04977178573608,-0.053997659145037236,-2.9257735780470044,2.953058452889052
114.09970188140869,-0.0843404321547121,-2.916186005206495,2.9159244295860236
114.14969849586487,-0.0843404321547121,-2.916186005206495,2.9159244295860236
114.19970750808716,-0.12228206577265449,-2.9028508210583968,2.8814499282339106
114.25004982948303,-0.12228206577265449,-2.9028508210583968,2.8814499282339106
114.29975175857544,-0.1586691041056495,-2.8913118501616686,2.8458000496427247
114.34987878799438,-0.1586691041056495,-2.8913118501616686,2.8458000496427247
114.39980101585388,-0.18937165636974618,-2.8841497017405513,2.813186562350672
114.44991850852966,-0.18937165636974618,-2.8841497017405513,2.813186562350672
114.50012016296387,-0.21882119404977585,-2.87071476995229,2.7800975868956623
114.5496277809143,-0.21882119404977585,-2.87071476995229,2.7800975868956623
114.60041737556458,-0.24558891831181118,-2.86227315737626,2.750330223629615
114.65015077590942,-0.24558891831181118,-2.86227315737626,2.750330223629615
114.69992733001709,-0.27246417006582474,-2.852392338173213,2.725219785388587
114.7498128414154,-0.27246417006582474,-2.852392338173213,2.725219785388587
114.79974317550659,-0.30484520184497993,-2.8382146242580055,2.705864845401962
114.84958338737488,-0.30484520184497993,-2.8382146242580055,2.705864845401962
114.89973139762878,-0.3403252524895538,-2.8253447067412782,2.689818244463914
114.9496238231659,-0.3403252524895538,-2.8253447067412782,2.689818244463914
114.99960565567017,-0.37484243574679116,-2.8083402455259936,2.673139739043024
115.04963707923889,-0.37484243574679116,-2.8083402455259936,2.673139739043024
115.09952092170715,-0.40986535291298015,-2.7954266168506945,2.662435794701869
115.14984703063965,-0.40986535291298015,-2.7954266168506945,2.662435794701869
115.19966912269592,-0.44310588548268065,-2.7790709726635123,2.6534457219224685
115.25021553039551,-0.44310588548268065,-2.7790709726635123,2.6534457219224685
115.30054664611816,-0.4763485958911368,-2.7638542962034327,2.645096433946755
115.34968614578247,-0.4763485958911368,-2.7638542962034327,2.645096433946755
115.39990949630737,-0.5109753745457676,-2.7458381029818617,2.6357643661116414
115.44996452331543,-0.5109753745457676,-2.7458381029818617,2.6357643661116414
115.49987530708313,-0.5472089387036476,-2.727548650312939,2.627122160751893
115.54997611045837,-0.5472089387036476,-2.727548650312939,2.627122160751893
115.60137867927551,-0.5775661241158629,-2.7091462746211934,2.6202125198894333
115.6500916481018,-0.5775661241158629,-2.7091462746211934,2.6202125198894333
115.6999614238739,-0.6140459504754965,-2.695333941732833,2.6129849399477196
115.74940371513367,-0.6140459504754965,-2.695333941732833,2.6129849399477196
115.79958653450012,-0.641467534007953,-2.6794851990528983,2.6047289786437156
115.85005831718445,-0.641467534007953,-2.6794851990528983,2.6047289786437156
115.89990711212158,-0.6724478194838206,-2.66270396101927,2.597353144495332
115.94979047775269,-0.6724478194838206,-2.66270396101927,2.597353144495332
115.99979662895203,-0.7041465267696626,-2.6466420286900862,2.588819498448138
116.05191421508789,-0.7041465267696626,-2.6466420286900862,2.588819498448138
116.0998866558075,-0.7362414501257353,-2.6304437932830647,2.5826480911619463
116.1496114730835,-0.7362414501257353,-2.6304437932830647,2.5826480911619463
116.19962477684021,-0.769596721260617,-2.611803257050708,2.5757355724077846
116.2502212524414,-0.769596721260617,-2.611803257050708,2.5757355724077846
116.29974794387817,-0.803003485746078,-2.593821420107831,2.5673304750021946
116.34973549842834,-0.803003485746078,-2.593821420107831,2.5673304750021946
116.39983320236206,-0.8346021529817853,-2.5755641371495295,2.5604529632769535
116.44951367378235,-0.8346021529817853,-2.5755641371495295,2.5604529632769535
116.49970149993896,-0.8679267787355864,-2.5563388914166953,2.551493934729366
116.55027079582214,-0.8679267787355864,-2.5563388914166953,2.551493934729366
116.60022139549255,-0.9042094136354143,-2.537658355219238,2.5436921171635154
116.6497278213501,-0.9042094136354143,-2.537658355219238,2.5436921171635154
116.69952893257141,-0.9305700600131486,-2.5168732924420243,2.5379743706298683
116.74960899353027,-0.9305700600131486,-2.5168732924420243,2.5379743706298683
116.79969811439514,-0.9593082970219458,-2.50338089708762,2.5297030225864354
116.8502049446106,-0.9593082970219458,-2.50338089708762,2.5297030225864354
116.90133786201477,-0.9924337853410276,-2.4862386581165463,2.5230061461405255
116.94979524612427,-0.9924337853410276,-2.4862386581165463,2.5230061461405255
116.99984097480774,-1.0222853274104953,-2.4697860524871875,2.5177723447835056
117.04994750022888,-1.0222853274104953,-2.4697860524871875,2.5177723447835056
117.09955048561096,-1.0523177101925043,-2.453638681232616,2.5184675612028995
117.1500153541565,-1.0523177101925043,-2.453638681232616,2.5184675612028995
117.1998918056488,-1.0793694761544521,-2.436591889338245,2.527215685760501
117.24998497962952,-1.0793694761544521,-2.436591889338245,2.527215685760501
117.29957270622253,-1.0982976154085422,-2.417714257731276,2.538347088540097
117.34963965415955,-1.0982976154085422,-2.417714257731276,2.538347088540097
117.39970517158508,-1.1239707329916855,-2.4002967383567175,2.5559501190686684
117.4496841430664,-1.1239707329916855,-2.4002967383567175,2.5559501190686684
117.49970722198486,-1.152779809019101,-2.386932350709565,2.5739874034485486
117.55001735687256,-1.152779809019101,-2.386932350709565,2.5739874034485486
117.59957671165466,-1.1762272883271438,-2.3755670912991826,2.589855690642702
117.65000367164612,-1.1762272883271438,-2.3755670912991826,2.589855690642702
117.69968056678772,-1.2020027444177903,-2.3601640558413663,2.605801129457934
117.74953174591064,-1.2020027444177903,-2.3601640558413663,2.605801129457934
117.79993391036987,-1.2257378071402751,-2.345578863893377,2.6209103550338053
117.84963178634644,-1.2257378071402751,-2.345578863893377,2.6209103550338053
117.90201783180237,-1.2529567135619266,-2.337023626371588,2.6358567028259055
117.94977569580078,-1.2529567135619266,-2.337023626371588,2.6358567028259055
118.00125813484192,-1.2873568672036249,-2.3269653837809616,2.6506742329174684
118.05015087127686,-1.2873568672036249,-2.3269653837809616,2.6506742329174684
118.1000874042511,-1.314738794124473,-2.316639371791018,2.666041241820866
118.14980387687683,-1.314738794124473,-2.316639371791018,2.666041241820866
118.1998348236084,-1.3472449925886472,-2.3092247719435632,2.6821279936840163
118.24969363212585,-1.3472449925886472,-2.3092247719435632,2.6821279936840163
118.29968619346619,-1.378441049579938,-2.2975604088349733,2.695851415849446
118.35024404525757,-1.378441049579938,-2.2975604088349733,2.695851415849446
118.39951515197754,-1.4095006299948993,-2.283644602009596,2.7114730258866397
118.4495689868927,-1.4095006299948993,-2.283644602009596,2.7114730258866397
118.49960708618164,-1.4425330026139054,-2.2758806917594403,2.7230302278395255
118.54953265190125,-1.4425330026139054,-2.2758806917594403,2.7230302278395255
