t,chair_x,chair_y,chair_yaw,human5_x,human5_y,human6_x,human6_y,human7_x,human7_y,human8_x,human8_y
0.0,-0.9315572381019592,1.7116504907608032,0.010135672658189756,nan,nan,nan,nan,nan,nan,nan,nan
0.05174589157104492,-0.932006299495697,1.7117408514022827,0.0094345942207371,3.7635109424591064,-3.7137649059295654,1.5686012506484985,2.9130361080169678,0.7779754400253296,0.16755524277687073,2.2123727798461914,-0.34660792350769043
0.10030174255371094,-0.9314835667610168,1.7115952968597412,0.010226602687490063,3.7635109424591064,-3.7137649059295654,1.5706340074539185,2.9115893840789795,0.7788872122764587,0.1673077940940857,2.213019847869873,-0.34424686431884766
0.15051603317260742,-0.9321221113204956,1.7116886377334595,0.009467345820001938,3.7635109424591064,-3.7137649059295654,1.571149230003357,2.910505771636963,0.7799687385559082,0.16717860102653503,2.2125320434570312,-0.34306925535202026
0.20164179801940918,-0.9316921234130859,1.7116261720657349,0.010153357153501172,3.7635109424591064,-3.7137649059295654,1.5703988075256348,2.910332441329956,0.7811956405639648,0.16724823415279388,2.211012840270996,-0.3430870473384857
0.25075387954711914,-0.9322104454040527,1.7117233276367188,0.009476672095818666,3.7635109424591064,-3.7137649059295654,1.5678768157958984,2.912404775619507,0.7828174829483032,0.1673741638660431,2.209559202194214,-0.34428146481513977
0.30024147033691406,-0.9315745234489441,1.7115665674209595,0.010054894034825868,3.7635109424591064,-3.7137649059295654,1.5635066032409668,2.916642189025879,0.7844138145446777,0.16746209561824799,2.2090647220611572,-0.3455285429954529
0.35057806968688965,-0.9312998056411743,1.7116581201553345,0.009292998411289607,3.7635109424591064,-3.7137649059295654,1.557592511177063,2.9219281673431396,0.786137044429779,0.1674465388059616,2.20969820022583,-0.3464907109737396
0.4015200138092041,-0.930962324142456,1.711877465248108,0.0069657535890661395,3.7635109424591064,-3.7137649059295654,1.549964427947998,2.9288954734802246,0.7881515026092529,0.16739477217197418,2.2107784748077393,-0.3472059965133667
0.450131893157959,-0.9301531314849854,1.7121855020523071,0.004523729214838728,3.7635109424591064,-3.7137649059295654,1.5429106950759888,2.935279369354248,0.79035484790802,0.16722841560840607,2.211350202560425,-0.3477647304534912
0.500514030456543,-0.9283519387245178,1.7122926712036133,0.0032430209164827483,3.7635109424591064,-3.7137649059295654,1.5358530282974243,2.9403939247131348,0.7923642992973328,0.1669854372739792,2.211486339569092,-0.34831663966178894
0.5515494346618652,-0.9268567562103271,1.7121576070785522,0.0005335705561787108,3.7635109424591064,-3.7137649059295654,1.5284627676010132,2.9444363117218018,0.7939040660858154,0.16680139303207397,2.211261510848999,-0.3488834798336029
0.6005783081054688,-0.9250423908233643,1.7122029066085815,-0.0036545311296004033,3.7635109424591064,-3.7137649059295654,1.5198993682861328,2.9482009410858154,0.7956438660621643,0.16682621836662292,2.2110326290130615,-0.34933409094810486
0.6505355834960938,-0.9238184690475464,1.712663173675537,-0.009204912809574221,3.7635109424591064,-3.7137649059295654,1.5126818418502808,2.9514529705047607,0.7972880601882935,0.16718415915966034,2.210798978805542,-0.34959354996681213
0.7003293037414551,-0.9202699661254883,1.7127156257629395,-0.014205125225400198,3.7635109424591064,-3.7137649059295654,1.5050700902938843,2.955369234085083,0.799653172492981,0.16804884374141693,2.210202217102051,-0.3499251902103424
0.7503235340118408,-0.9171735644340515,1.712927222251892,-0.019998400128961553,3.7635109424591064,-3.7137649059295654,1.5013855695724487,2.957796335220337,0.801954448223114,0.1689649224281311,2.2097129821777344,-0.35068026185035706
0.8009564876556396,-0.9121221899986267,1.7132080793380737,-0.030781226562424213,3.7635109424591064,-3.7137649059295654,1.5000874996185303,2.9612438678741455,0.8055955171585083,0.17065119743347168,2.209517002105713,-0.3533206284046173
0.8504021167755127,-0.9095953106880188,1.7140697240829468,-0.04270422458542579,3.7635109424591064,-3.7137649059295654,1.5022239685058594,2.9639840126037598,0.8088275790214539,0.1727617383003235,2.2082951068878174,-0.3559790849685669
0.9006190299987793,-0.9045517444610596,1.7147929668426514,-0.05779162124219062,3.7635109424591064,-3.7137649059295654,1.506230115890503,2.9661505222320557,0.8129018545150757,0.1758395880460739,2.2061564922332764,-0.357952743768692
0.9511160850524902,-0.8992270827293396,1.7153626680374146,-0.07336352708186797,3.7635109424591064,-3.7137649059295654,1.5104310512542725,2.966752052307129,0.8166487812995911,0.17965149879455566,2.2048184871673584,-0.35780569911003113
1.0003645420074463,-0.8928062915802002,1.7163541316986084,-0.092351513197064,3.7635109424591064,-3.7137649059295654,1.5158449411392212,2.9659030437469482,0.8209393620491028,0.18522131443023682,2.2041678428649902,-0.35719385743141174
1.0504064559936523,-0.8863789439201355,1.71699059009552,-0.1110424659985795,3.7635109424591064,-3.7137649059295654,1.5216678380966187,2.963015079498291,0.8257839679718018,0.1915159672498703,2.2037785053253174,-0.3568374216556549
1.1002790927886963,-0.8788298964500427,1.717763900756836,-0.13553921980786693,3.7635109424591064,-3.7137649059295654,1.5282604694366455,2.957512617111206,0.8329117298126221,0.20020417869091034,2.2032926082611084,-0.3568078279495239
1.1503393650054932,-0.8725295662879944,1.7185088396072388,-0.15743751823047739,3.7635109424591064,-3.7137649059295654,1.533669352531433,2.9514222145080566,0.8411974906921387,0.20887212455272675,2.2025740146636963,-0.3572055697441101
1.20106840133667,-0.8659027814865112,1.7194247245788574,-0.1825204395544473,3.7635109424591064,-3.7137649059295654,1.5390303134918213,2.9442152976989746,0.8518013954162598,0.2179373800754547,2.2015256881713867,-0.3582572937011719
1.2515623569488525,-0.8588657379150391,1.719860553741455,-0.207756775982125,3.7635109424591064,-3.7137649059295654,1.5448498725891113,2.935926914215088,0.8651663661003113,0.22706879675388336,2.199685573577881,-0.36032578349113464
1.3013124465942383,-0.8525718450546265,1.7201138734817505,-0.22974315789283523,3.7635109424591064,-3.7137649059295654,1.5504353046417236,2.9275238513946533,0.8800411224365234,0.23501056432724,2.196556806564331,-0.36392393708229065
1.3514158725738525,-0.8459852933883667,1.7202750444412231,-0.25449148208678957,3.7635109424591064,-3.7137649059295654,1.5568082332611084,2.9186811447143555,0.8966341018676758,0.24212181568145752,2.1903598308563232,-0.3683166205883026
1.4001069068908691,-0.8393043279647827,1.720372200012207,-0.2794101128686735,3.7635109424591064,-3.7137649059295654,1.5638972520828247,2.90956711769104,0.9135547876358032,0.24834458529949188,2.181396245956421,-0.37362411618232727
1.4505383968353271,-0.8326300978660583,1.720316767692566,-0.3053856157430385,3.7635109424591064,-3.7137649059295654,1.5709742307662964,2.900210380554199,0.9308971762657166,0.2532210052013397,2.1708388328552246,-0.37960922718048096
1.5002644062042236,-0.8258455991744995,1.7202950716018677,-0.33307564514065824,3.7635109424591064,-3.7137649059295654,1.577487826347351,2.890192747116089,0.950025737285614,0.25642114877700806,2.158254623413086,-0.38643738627433777
1.5501618385314941,-0.8189118504524231,1.7202179431915283,-0.3621208136729509,3.7635109424591064,-3.7137649059295654,1.5826985836029053,2.879908561706543,0.9704396724700928,0.2575632631778717,2.1423468589782715,-0.39307036995887756
1.6008405685424805,-0.8122040629386902,1.7198984622955322,-0.3922872345161973,3.7635109424591064,-3.7137649059295654,1.5873855352401733,2.8677263259887695,0.9963954091072083,0.2561485469341278,2.1183717250823975,-0.39951223134994507
1.652311086654663,-0.805284857749939,1.7194324731826782,-0.42296175092564153,3.7635109424591064,-3.7137649059295654,1.5903249979019165,2.855842113494873,1.021836519241333,0.25239816308021545,2.093641996383667,-0.40473178029060364
1.7007582187652588,-0.7977100610733032,1.7181897163391113,-0.45275918479026356,3.7635109424591064,-3.7137649059295654,1.5925910472869873,2.8400325775146484,1.0521726608276367,0.24551807343959808,2.065117120742798,-0.4097137749195099
1.7516155242919922,-0.7897834181785583,1.7165358066558838,-0.4842030544021239,3.7635109424591064,-3.7137649059295654,1.5936939716339111,2.822174549102783,1.0832566022872925,0.23666834831237793,2.036210060119629,-0.4128797948360443
1.8004379272460938,-0.7808887958526611,1.7145477533340454,-0.5175953078828689,3.7635109424591064,-3.7137649059295654,1.5935311317443848,2.8015310764312744,1.116968035697937,0.2261492908000946,2.004344940185547,-0.4147331118583679
1.8518240451812744,-0.7715689539909363,1.7118619680404663,-0.5546927420576315,3.7635109424591064,-3.7137649059295654,1.5917390584945679,2.778362274169922,1.1527668237686157,0.21537023782730103,1.969472885131836,-0.414009690284729
1.9001362323760986,-0.7619856595993042,1.7088979482650757,-0.5876817758067587,3.7635109424591064,-3.7137649059295654,1.587323546409607,2.7529821395874023,1.190026879310608,0.2049873322248459,1.9324654340744019,-0.4103398621082306
1.9515690803527832,-0.7512726783752441,1.705441951751709,-0.6229160761016054,3.7635109424591064,-3.7137649059295654,1.5792276859283447,2.725762128829956,1.2279788255691528,0.19556064903736115,1.8940259218215942,-0.40368348360061646
2.0003058910369873,-0.7411647439002991,1.7013353109359741,-0.6578525437260662,3.7635109424591064,-3.7137649059295654,1.5679848194122314,2.699270725250244,1.2642589807510376,0.18799491226673126,1.8560060262680054,-0.3950485587120056
2.05248761177063,-0.7304494976997375,1.6968553066253662,-0.6940781172171289,3.7635109424591064,-3.7137649059295654,1.551695704460144,2.668779134750366,1.3040698766708374,0.18163198232650757,1.810613751411438,-0.38242724537849426
2.1003077030181885,-0.7195440530776978,1.691689133644104,-0.7306378511975181,3.7635109424591064,-3.7137649059295654,1.534428358078003,2.639277696609497,1.3399890661239624,0.17782172560691833,1.769178867340088,-0.37061184644699097
2.150311231613159,-0.7084027528762817,1.6858867406845093,-0.7675658431341548,3.7635109424591064,-3.7137649059295654,1.5179706811904907,2.610778331756592,1.3722187280654907,0.17561498284339905,1.731344223022461,-0.35911640524864197
2.200434446334839,-0.6973552703857422,1.6795557737350464,-0.8043086219449258,3.7635109424591064,-3.7137649059295654,1.502177357673645,2.5800251960754395,1.4059393405914307,0.17431488633155823,1.690577507019043,-0.3471131920814514
2.251026153564453,-0.6866883039474487,1.6728588342666626,-0.8406401728493744,3.7635109424591064,-3.7137649059295654,1.4894907474517822,2.550013780593872,1.4406797885894775,0.17430870234966278,1.650227427482605,-0.33693286776542664
2.300384521484375,-0.6747735142707825,1.664648413658142,-0.8767662679831922,3.7635109424591064,-3.7137649059295654,1.4786890745162964,2.518983840942383,1.4799087047576904,0.17543578147888184,1.6081637144088745,-0.3283884525299072
2.350454807281494,-0.6641610264778137,1.6565488576889038,-0.9114430439078711,3.7635109424591064,-3.7137649059295654,1.470624327659607,2.4899117946624756,1.5197858810424805,0.17763791978359222,1.5680235624313354,-0.3234727680683136
2.400733232498169,-0.6539319157600403,1.6482973098754883,-0.9420201023217408,3.7635109424591064,-3.7137649059295654,1.4650781154632568,2.460952043533325,1.5607497692108154,0.1810779571533203,1.5264766216278076,-0.32262253761291504
2.4506688117980957,-0.6434738636016846,1.6384333372116089,-0.9731709254208811,3.7635109424591064,-3.7137649059295654,1.4615932703018188,2.431745767593384,1.6025608777999878,0.1866697371006012,1.4832744598388672,-0.3242736756801605
2.500920057296753,-0.6330918669700623,1.628476619720459,-1.002879596084368,3.7635109424591064,-3.7137649059295654,1.4598561525344849,2.4012298583984375,1.644892930984497,0.19523559510707855,1.439518928527832,-0.32826897501945496
2.5509848594665527,-0.6228631734848022,1.617922306060791,-1.0303837483170526,3.7635109424591064,-3.7137649059295654,1.4596548080444336,2.3708317279815674,1.6855698823928833,0.20587258040905,1.3974897861480713,-0.3329404592514038
2.601102113723755,-0.6122855544090271,1.6059112548828125,-1.054776007302287,3.7635109424591064,-3.7137649059295654,1.46132230758667,2.335430860519409,1.731891393661499,0.21932058036327362,1.3491621017456055,-0.34052395820617676
2.6502952575683594,-0.6044652462005615,1.5954853296279907,-1.0780143390781167,3.7635109424591064,-3.7137649059295654,1.4645344018936157,2.304586172103882,1.7715370655059814,0.23065514862537384,1.305412769317627,-0.3472751975059509
2.7017011642456055,-0.5931415557861328,1.5808324813842773,-1.1005174048759054,3.7635109424591064,-3.7137649059295654,1.4709782600402832,2.2668752670288086,1.817695140838623,0.24243442714214325,1.2534971237182617,-0.3553362786769867
2.751474618911743,-0.5850104093551636,1.5678313970565796,-1.1179930965134062,3.7635109424591064,-3.7137649059295654,1.4794312715530396,2.2300209999084473,1.8611994981765747,0.2505235970020294,1.2084861993789673,-0.36251363158226013
2.8009767532348633,-0.5761165022850037,1.5526962280273438,-1.133692862540755,3.7635109424591064,-3.7137649059295654,1.4896516799926758,2.191831350326538,1.9060055017471313,0.25497952103614807,1.165844440460205,-0.36622354388237
2.850216865539551,-0.5674697160720825,1.5372614860534668,-1.151254465573012,3.7635109424591064,-3.7137649059295654,1.501692533493042,2.1501152515411377,1.955146074295044,0.25637561082839966,1.1204957962036133,-0.3653526306152344
2.9005661010742188,-0.5600998401641846,1.52359938621521,-1.1647351125441547,3.7635109424591064,-3.7137649059295654,1.5115530490875244,2.114628791809082,1.9965102672576904,0.2559978663921356,1.082787275314331,-0.3625258803367615
2.9514801502227783,-0.5519683361053467,1.507657766342163,-1.1807271009263474,3.7635109424591064,-3.7137649059295654,1.5225706100463867,2.0716989040374756,2.0470714569091797,0.2544288635253906,1.038253664970398,-0.35819211602211
3.000072956085205,-0.5442093014717102,1.4924803972244263,-1.196900384411614,3.7635109424591064,-3.7137649059295654,1.5300196409225464,2.0372586250305176,2.089419364929199,0.25285863876342773,1.0017434358596802,-0.3549281656742096
3.0515239238739014,-0.5363836288452148,1.476623773574829,-1.213810232103381,3.7635109424591064,-3.7137649059295654,1.5361320972442627,1.9999725818634033,2.136626720428467,0.25060582160949707,0.9611383080482483,-0.35064420104026794
3.1008694171905518,-0.5297480821609497,1.462294578552246,-1.228408673930484,3.7635109424591064,-3.7137649059295654,1.5391665697097778,1.966803789138794,2.1794047355651855,0.2475154846906662,0.9244208335876465,-0.3456767499446869
3.1507461071014404,-0.5226993560791016,1.4468278884887695,-1.2442302920229231,3.7635109424591064,-3.7137649059295654,1.5397573709487915,1.9319539070129395,2.2254345417022705,0.24267379939556122,0.885442316532135,-0.33856454491615295
3.2002205848693848,-0.5163301229476929,1.4313541650772095,-1.2591660054311682,3.7635109424591064,-3.7137649059295654,1.5381897687911987,1.896955132484436,2.272481918334961,0.2362118810415268,0.8466361165046692,-0.329149454832077
3.2502450942993164,-0.5105423331260681,1.4157711267471313,-1.2731782135822478,3.7635109424591064,-3.7137649059295654,1.5351123809814453,1.85870361328125,2.3238205909729004,0.2270749807357788,0.8050215244293213,-0.3167351186275482
3.301311492919922,-0.5049690008163452,1.3996202945709229,-1.288285066541808,3.7635109424591064,-3.7137649059295654,1.5307124853134155,1.8208353519439697,2.374440908432007,0.21694521605968475,0.7640488743782043,-0.3033171594142914
3.35111403465271,-0.4993706941604614,1.3830214738845825,-1.302199034888636,3.7635109424591064,-3.7137649059295654,1.5247361660003662,1.7817955017089844,2.427654504776001,0.2060079276561737,0.721397876739502,-0.2884046137332916
3.401160478591919,-0.4947175979614258,1.3679111003875732,-1.3158575171068057,3.7635109424591064,-3.7137649059295654,1.5164308547973633,1.742108941078186,2.4814422130584717,0.19563472270965576,0.678615391254425,-0.2731505334377289
3.4512178897857666,-0.49045461416244507,1.354736089706421,-1.3274038591825306,3.7635109424591064,-3.7137649059295654,1.5083086490631104,1.7108014822006226,2.5234384536743164,0.18898862600326538,0.6459777355194092,-0.2618944048881531
3.5009093284606934,-0.4847732186317444,1.3364360332489014,-1.3436467326100854,3.7635109424591064,-3.7137649059295654,1.4937156438827515,1.6607587337493896,2.5913572311401367,0.18191929161548615,0.5933040380477905,-0.246152862906456
3.550748586654663,-0.4799227714538574,1.320970058441162,-1.3572125794172691,3.7635109424591064,-3.7137649059295654,1.4814684391021729,1.6195919513702393,2.647880792617798,0.17909130454063416,0.5507680177688599,-0.23600034415721893
3.6007752418518066,-0.4759448766708374,1.3062185049057007,-1.3719884657236114,3.7635109424591064,-3.7137649059295654,1.470856785774231,1.5808100700378418,2.7016289234161377,0.17816776037216187,0.514199435710907,-0.22850897908210754
3.6505205631256104,-0.4717702865600586,1.2911739349365234,-1.384451930225069,3.7635109424591064,-3.7137649059295654,1.4607958793640137,1.5390840768814087,2.7584359645843506,0.17799848318099976,0.4788302183151245,-0.22156667709350586
3.700427532196045,-0.4679326117038727,1.2768906354904175,-1.3987301951239657,3.7635109424591064,-3.7137649059295654,1.452560305595398,1.497167944908142,2.815155267715454,0.17813682556152344,0.4435915946960449,-0.21511538326740265
3.750218391418457,-0.464694619178772,1.26115882396698,-1.4132134583578189,3.7635109424591064,-3.7137649059295654,1.445695161819458,1.4537478685379028,2.874743938446045,0.17906597256660461,0.4051796495914459,-0.20958910882472992
3.800471067428589,-0.46160560846328735,1.2464542388916016,-1.4253764686854096,3.7635109424591064,-3.7137649059295654,1.4406346082687378,1.4157745838165283,2.92755389213562,0.18075695633888245,0.369925320148468,-0.20589564740657806
3.851710557937622,-0.45841315388679504,1.231160044670105,-1.437705790987223,3.7635109424591064,-3.7137649059295654,1.4358000755310059,1.3753060102462769,2.984133720397949,0.184060737490654,0.33227184414863586,-0.20366786420345306
3.9003143310546875,-0.45572274923324585,1.2157917022705078,-1.4502374729423182,3.7635109424591064,-3.7137649059295654,1.4320714473724365,1.3338017463684082,3.041320562362671,0.18946528434753418,0.29422900080680847,-0.20311346650123596
3.950716972351074,-0.45282453298568726,1.1990236043930054,-1.4633456729863605,3.7635109424591064,-3.7137649059295654,1.429132342338562,1.2889310121536255,3.102491617202759,0.19555771350860596,0.25280502438545227,-0.20384356379508972
4.0001726150512695,-0.4503020644187927,1.1831815242767334,-1.4741411625564504,3.7635109424591064,-3.7137649059295654,1.4281895160675049,1.2460083961486816,3.160003900527954,0.200584277510643,0.21057723462581635,-0.20542271435260773
4.051218271255493,-0.4501878619194031,1.181881308555603,-1.4758921045433575,3.7635109424591064,-3.7137649059295654,1.428178071975708,1.2437127828598022,3.1631836891174316,0.2008223533630371,0.20827724039554596,-0.20568083226680756
4.102862358093262,-0.4501878619194031,1.181881308555603,-1.4758921045433575,3.7635109424591064,-3.7137649059295654,1.428178071975708,1.2437127828598022,3.1631836891174316,0.2008223533630371,0.20827724039554596,-0.20568083226680756
4.151189088821411,-0.4501878619194031,1.181881308555603,-1.4758921045433575,3.7635109424591064,-3.7137649059295654,1.428178071975708,1.2437127828598022,3.1631836891174316,0.2008223533630371,0.20827724039554596,-0.20568083226680756
4.201621770858765,-0.4501878619194031,1.181881308555603,-1.4758921045433575,3.7635109424591064,-3.7137649059295654,1.428178071975708,1.2437127828598022,3.1631836891174316,0.2008223533630371,0.20827724039554596,-0.20568083226680756
4.252464532852173,-0.4501878619194031,1.181881308555603,-1.4758921045433575,3.7635109424591064,-3.7137649059295654,1.428178071975708,1.2437127828598022,3.1631836891174316,0.2008223533630371,0.20827724039554596,-0.20568083226680756
4.300906419754028,-0.4501878619194031,1.181881308555603,-1.4758921045433575,3.7635109424591064,-3.7137649059295654,1.428178071975708,1.2437127828598022,3.1631836891174316,0.2008223533630371,0.20827724039554596,-0.20568083226680756
4.351165533065796,-0.4501878619194031,1.181881308555603,-1.4758921045433575,3.7635109424591064,-3.7137649059295654,1.428178071975708,1.2437127828598022,3.1631836891174316,0.2008223533630371,0.20827724039554596,-0.20568083226680756
4.40053915977478,-0.4501878619194031,1.181881308555603,-1.4758921045433575,3.7635109424591064,-3.7137649059295654,1.428178071975708,1.2437127828598022,3.1631836891174316,0.2008223533630371,0.20827724039554596,-0.20568083226680756
4.450772762298584,-0.4379942715167999,1.0226529836654663,-1.559756135223567,3.7635109424591064,-3.7137649059295654,1.43374502658844,0.8731486797332764,3.637340545654297,0.1588590145111084,-0.1272086650133133,-0.19957035779953003
4.500938653945923,-0.43775346875190735,1.003517746925354,-1.5672096448650477,3.7635109424591064,-3.7137649059295654,1.4288878440856934,0.8353132009506226,3.6847012042999268,0.14796240627765656,-0.15999123454093933,-0.19381970167160034
4.550770998001099,-0.43760403990745544,0.9843239188194275,-1.5745992901231904,3.7635109424591064,-3.7137649059295654,1.4230114221572876,0.7966506481170654,3.7305824756622314,0.13457860052585602,-0.19281046092510223,-0.18670234084129333
4.6010260581970215,-0.4376477599143982,0.9654496312141418,-1.5822575864321322,3.7635109424591064,-3.7137649059295654,1.4162590503692627,0.7589457035064697,3.774383068084717,0.11970921605825424,-0.22334906458854675,-0.17860405147075653
4.65086817741394,-0.4376099705696106,0.9467002749443054,-1.5900588296811056,3.7635109424591064,-3.7137649059295654,1.4072186946868896,0.7160676717758179,3.821929931640625,0.10253236442804337,-0.2571795582771301,-0.16817422211170197
4.701136827468872,-0.4376501739025116,0.9306217432022095,-1.5967433539738576,3.7635109424591064,-3.7137649059295654,1.397682547569275,0.6772843599319458,3.864647150039673,0.08896287530660629,-0.29028305411338806,-0.157352015376091
4.751331567764282,-0.43779364228248596,0.9104802012443542,-1.6066484613155672,3.7635109424591064,-3.7137649059295654,1.3861767053604126,0.6341798305511475,3.9158878326416016,0.07682394981384277,-0.32778796553611755,-0.14555270969867706
4.80221700668335,-0.4378180503845215,0.8954582810401917,-1.6153929642864842,3.7635109424591064,-3.7137649059295654,1.3759126663208008,0.5967230796813965,3.9645566940307617,0.06646259129047394,-0.35818514227867126,-0.1372109353542328
4.851186037063599,-0.4380810558795929,0.8802724480628967,-1.6250480100256963,3.7635109424591064,-3.7137649059295654,1.3658851385116577,0.557964563369751,4.015579700469971,0.05344034731388092,-0.39171266555786133,-0.1278756707906723
4.90075159072876,-0.438182532787323,0.8673020601272583,-1.636184127734669,3.7635109424591064,-3.7137649059295654,1.3574326038360596,0.5195837616920471,4.063662052154541,0.03900567814707756,-0.42748114466667175,-0.11805851757526398
4.950679302215576,-0.43803346157073975,0.8555194139480591,-1.6488321646993134,3.7635109424591064,-3.7137649059295654,1.350050687789917,0.4783710837364197,4.110546588897705,0.02433604560792446,-0.46292027831077576,-0.10966188460588455
5.001017332077026,-0.43768447637557983,0.8454530239105225,-1.663518642447485,3.7635109424591064,-3.7137649059295654,1.3439273834228516,0.43791601061820984,4.152205944061279,0.013078080490231514,-0.49184614419937134,-0.10413650423288345
5.05103611946106,-0.4371243119239807,0.837151825428009,-1.6804900071173439,3.7635109424591064,-3.7137649059295654,1.3393429517745972,0.401216059923172,4.187861919403076,0.00545854214578867,-0.516367495059967,-0.10154944658279419
5.100166320800781,-0.4359605610370636,0.830003559589386,-1.7028005983269325,3.7635109424591064,-3.7137649059295654,1.3347021341323853,0.35759344696998596,4.229793548583984,-0.001288000144995749,-0.5474698543548584,-0.10158934444189072
5.150541543960571,-0.4345524311065674,0.8244214653968811,-1.726350262816213,3.7635109424591064,-3.7137649059295654,1.331304669380188,0.31663498282432556,4.270052909851074,-0.00676081283017993,-0.5782166719436646,-0.10447082668542862
5.201174259185791,-0.43333882093429565,0.8188452124595642,-1.7506883778764064,3.7635109424591064,-3.7137649059295654,1.3287426233291626,0.27282142639160156,4.3127760887146,-0.011705158278346062,-0.6108952760696411,-0.1103910356760025
5.250163793563843,-0.43246862292289734,0.812835693359375,-1.7714039766800136,3.7635109424591064,-3.7137649059295654,1.327555537223816,0.2328529953956604,4.349732875823975,-0.01536740455776453,-0.6398823857307434,-0.11895938217639923
5.300646066665649,-0.4317815601825714,0.8064543604850769,-1.7928264434776395,3.7635109424591064,-3.7137649059295654,1.327762246131897,0.18755675852298737,4.388697147369385,-0.017659839242696762,-0.6736146211624146,-0.13198518753051758
5.350178003311157,-0.4316370487213135,0.8035135865211487,-1.8116495650249687,3.7635109424591064,-3.7137649059295654,1.3299952745437622,0.14477920532226562,4.423649787902832,-0.019655650481581688,-0.7063685655593872,-0.14674392342567444
5.401204824447632,-0.4314955770969391,0.8022199273109436,-1.813057578129025,3.7635109424591064,-3.7137649059295654,1.3299952745437622,0.14477920532226562,4.423649787902832,-0.019655650481581688,-0.7063685655593872,-0.14674392342567444
5.451411485671997,-0.4314955770969391,0.8022199273109436,-1.813057578129025,3.7635109424591064,-3.7137649059295654,1.3299952745437622,0.14477920532226562,4.423649787902832,-0.019655650481581688,-0.7063685655593872,-0.14674392342567444
5.500943660736084,-0.4314955770969391,0.8022199273109436,-1.813057578129025,3.7635109424591064,-3.7137649059295654,1.3299952745437622,0.14477920532226562,4.423649787902832,-0.019655650481581688,-0.7063685655593872,-0.14674392342567444
5.550875663757324,-0.4314955770969391,0.8022199273109436,-1.813057578129025,3.7635109424591064,-3.7137649059295654,1.3299952745437622,0.14477920532226562,4.423649787902832,-0.019655650481581688,-0.7063685655593872,-0.14674392342567444
5.600857496261597,-0.4314955770969391,0.8022199273109436,-1.813057578129025,3.7635109424591064,-3.7137649059295654,1.3299952745437622,0.14477920532226562,4.423649787902832,-0.019655650481581688,-0.7063685655593872,-0.14674392342567444
5.650264501571655,-0.4314955770969391,0.8022199273109436,-1.813057578129025,3.7635109424591064,-3.7137649059295654,1.3299952745437622,0.14477920532226562,4.423649787902832,-0.019655650481581688,-0.7063685655593872,-0.14674392342567444
5.700437307357788,-0.4314955770969391,0.8022199273109436,-1.813057578129025,3.7635109424591064,-3.7137649059295654,1.3299952745437622,0.14477920532226562,4.423649787902832,-0.019655650481581688,-0.7063685655593872,-0.14674392342567444
5.75054669380188,-0.4314955770969391,0.8022199273109436,-1.813057578129025,3.7635109424591064,-3.7137649059295654,1.3299952745437622,0.14477920532226562,4.423649787902832,-0.019655650481581688,-0.7063685655593872,-0.14674392342567444
5.800156354904175,-0.43264564871788025,0.7810830473899841,-1.8716754674736145,3.7635109424591064,-3.7137649059295654,1.3710780143737793,-0.22820322215557098,4.51760196685791,-0.06018209457397461,-0.9388864636421204,-0.3069736361503601
5.850415468215942,-0.4327017068862915,0.7818903923034668,-1.868859322309839,3.7635109424591064,-3.7137649059295654,1.3702914714813232,-0.26911962032318115,4.505670547485352,-0.06009255722165108,-0.9600012898445129,-0.32918092608451843
5.900130271911621,-0.432512104511261,0.7828577160835266,-1.8659119493242982,3.7635109424591064,-3.7137649059295654,1.368894338607788,-0.3091101348400116,4.490752696990967,-0.05861007794737816,-0.9786944389343262,-0.3510798215866089
5.950654983520508,-0.43235698342323303,0.7839706540107727,-1.8607903508728725,3.7635109424591064,-3.7137649059295654,1.3663744926452637,-0.35380086302757263,4.470927715301514,-0.055530156940221786,-0.9971686601638794,-0.37692713737487793
5.999889612197876,-0.43249034881591797,0.7851429581642151,-1.8543227379662737,3.7635109424591064,-3.7137649059295654,1.3628513813018799,-0.3954359292984009,4.4500837326049805,-0.051329828798770905,-1.0106897354125977,-0.401719331741333
6.050646066665649,-0.4325399398803711,0.7879120707511902,-1.8497144595940123,3.7635109424591064,-3.7137649059295654,1.358309268951416,-0.4347146153450012,4.429409503936768,-0.0465233139693737,-1.0196868181228638,-0.42646899819374084
6.100746154785156,-0.43266618251800537,0.789687991142273,-1.8417202084713007,3.7635109424591064,-3.7137649059295654,1.3528721332550049,-0.4766286313533783,4.406412124633789,-0.04090706259012222,-1.022507905960083,-0.4529053866863251
6.150224447250366,-0.4329393804073334,0.791121780872345,-1.833165068040856,3.7635109424591064,-3.7137649059295654,1.3468338251113892,-0.5189938545227051,4.38276481628418,-0.035624321550130844,-1.0183039903640747,-0.47867050766944885
6.200768232345581,-0.43323853611946106,0.7920587658882141,-1.8253547975740165,3.7635109424591064,-3.7137649059295654,1.3404545783996582,-0.5632454752922058,4.357278823852539,-0.031135182827711105,-1.0068013668060303,-0.5026060938835144
6.250826358795166,-0.4341225028038025,0.7910123467445374,-1.8184283329540643,3.7635109424591064,-3.7137649059295654,1.3353415727615356,-0.6053292155265808,4.332842826843262,-0.028097469359636307,-0.9921783208847046,-0.5228528380393982
6.30115270614624,-0.43411415815353394,0.7918943166732788,-1.8150139171841155,3.7635109424591064,-3.7137649059295654,1.332332730293274,-0.6454027891159058,4.309898376464844,-0.026510056108236313,-0.9730482697486877,-0.5382687449455261
6.351173400878906,-0.4334707260131836,0.7934045791625977,-1.8147534237557805,3.7635109424591064,-3.7137649059295654,1.331323504447937,-0.6899591088294983,4.2853264808654785,-0.026458457112312317,-0.9493338465690613,-0.5520709753036499
6.401672124862671,-0.4338073134422302,0.7919811010360718,-1.8152831824558364,3.7635109424591064,-3.7137649059295654,1.3323719501495361,-0.7321450114250183,4.262861728668213,-0.028053417801856995,-0.9251524209976196,-0.5630553960800171
6.450369119644165,-0.43345582485198975,0.7923771739006042,-1.8169432388415034,3.7635109424591064,-3.7137649059295654,1.3343242406845093,-0.7722399234771729,4.2411017417907715,-0.030392946675419807,-0.9006713032722473,-0.5713366270065308
6.5769171714782715,-0.43338295817375183,0.7926560640335083,-1.8185149318200393,3.7635109424591064,-3.7137649059295654,1.336674690246582,-0.8173246383666992,4.215292930603027,-0.03377661481499672,-0.871168851852417,-0.5807266235351562
6.578935623168945,-0.4341006875038147,0.7894039154052734,-1.8200863544867436,3.7635109424591064,-3.7137649059295654,1.336674690246582,-0.8173246383666992,4.215292930603027,-0.03377661481499672,-0.871168851852417,-0.5807266235351562
6.604575157165527,-0.4345929026603699,0.7859369516372681,-1.827126255371644,3.7635109424591064,-3.7137649059295654,1.3427261114120483,-0.904197633266449,4.162203788757324,-0.041939329355955124,-0.8158256411552429,-0.5912184715270996
6.725987672805786,-0.4345451593399048,0.784372866153717,-1.832897773456978,3.7635109424591064,-3.7137649059295654,1.3475772142410278,-0.9454661011695862,4.136602878570557,-0.04781488701701164,-0.7905052304267883,-0.5948309898376465
6.803141832351685,-0.4345451593399048,0.784372866153717,-1.832897773456978,3.7635109424591064,-3.7137649059295654,1.3475772142410278,-0.9454661011695862,4.136602878570557,-0.04781488701701164,-0.7905052304267883,-0.5948309898376465
6.8813865184783936,-0.4346109926700592,0.7840871810913086,-1.833344210718438,3.7635109424591064,-3.7137649059295654,1.3478940725326538,-0.9478974938392639,4.135148048400879,-0.048213087022304535,-0.7890132665634155,-0.5951635241508484
6.957447528839111,-0.4346067011356354,0.7839206457138062,-1.8338132427360483,3.7635109424591064,-3.7137649059295654,1.3482590913772583,-0.9503508806228638,4.133569717407227,-0.048653896898031235,-0.7874435186386108,-0.5953065156936646
7.034811735153198,-0.4346747100353241,0.7836715579032898,-1.8340632607303076,3.7635109424591064,-3.7137649059295654,1.3487049341201782,-0.9528219103813171,4.132096290588379,-0.04909496009349823,-0.7858777642250061,-0.595534086227417
7.112957954406738,-0.43474388122558594,0.7834873199462891,-1.8344855893964147,3.7635109424591064,-3.7137649059295654,1.3490577936172485,-0.9552925825119019,4.130478858947754,-0.04953950643539429,-0.7843403816223145,-0.5958991050720215
7.1896812915802,-0.4347134232521057,0.7832672595977783,-1.8347782177446572,3.7635109424591064,-3.7137649059295654,1.3494224548339844,-0.9576907157897949,4.129042625427246,-0.049985937774181366,-0.7827556729316711,-0.5961863398551941
7.191725730895996,-0.4533540606498718,0.7084835171699524,-1.898314140735138,3.7635109424591064,-3.7137649059295654,1.3768235445022583,-1.3535151481628418,3.8533148765563965,-0.1235962063074112,-0.6741282343864441,-0.6072693467140198
7.277973651885986,-0.4586198329925537,0.6930117607116699,-1.9009471819431711,3.7635109424591064,-3.7137649059295654,1.370600700378418,-1.4052733182907104,3.8138716220855713,-0.1207427904009819,-0.6741282343864441,-0.6072693467140198
7.353734970092773,-0.4586198329925537,0.6930117607116699,-1.9009471819431711,3.7635109424591064,-3.7137649059295654,1.370600700378418,-1.4052733182907104,3.8138716220855713,-0.1207427904009819,-0.6741282343864441,-0.6072693467140198
7.432518005371094,-0.46892493963241577,0.6656807065010071,-1.9000095255159966,3.7635109424591064,-3.7137649059295654,1.357190489768982,-1.490349292755127,3.7460553646087646,-0.11222440004348755,-0.6741282343864441,-0.6072693467140198
7.5094850063323975,-0.47756075859069824,0.6430311799049377,-1.8990211925799394,3.7635109424591064,-3.7137649059295654,1.3435730934143066,-1.5505462884902954,3.6961276531219482,-0.10279090702533722,-0.6741282343864441,-0.6072693467140198
7.59313178062439,-0.48665645718574524,0.6198792457580566,-1.89371989609987,3.7635109424591064,-3.7137649059295654,1.3283826112747192,-1.6126961708068848,3.646219253540039,-0.08785180002450943,-0.6741282343864441,-0.6072693467140198
7.595550775527954,-0.49723586440086365,0.5949577689170837,-1.8817812427892535,3.7635109424591064,-3.7137649059295654,1.3153189420700073,-1.6763135194778442,3.5945754051208496,-0.06689947843551636,-0.6741282343864441,-0.6072693467140198
7.600928544998169,-0.5017785429954529,0.5851500034332275,-1.8756467479560146,3.7635109424591064,-3.7137649059295654,1.311561942100525,-1.7013347148895264,3.5743250846862793,-0.057534243911504745,-0.6741282343864441,-0.6072693467140198
7.650682210922241,-0.5117896199226379,0.5621640682220459,-1.8577589842873752,3.7635109424591064,-3.7137649059295654,1.305261492729187,-1.7612577676773071,3.5271658897399902,-0.03500334545969963,-0.6741282343864441,-0.6072693467140198
7.700754165649414,-0.5177921652793884,0.5493713021278381,-1.8475691869648796,3.7635109424591064,-3.7137649059295654,1.3025953769683838,-1.8003871440887451,3.496567964553833,-0.020565666258335114,-0.6741282343864441,-0.6072693467140198
7.750468015670776,-0.5240111947059631,0.5355803370475769,-1.8335432245869465,3.7635109424591064,-3.7137649059295654,1.3010543584823608,-1.8394724130630493,3.4653239250183105,-0.006844996940344572,-0.6741282343864441,-0.6072693467140198
7.800645351409912,-0.5298040509223938,0.5219378471374512,-1.820198629396778,3.7635109424591064,-3.7137649059295654,1.3008514642715454,-1.876060962677002,3.434002161026001,0.004927879199385643,-0.6741282343864441,-0.6072693467140198
7.850964784622192,-0.5356029272079468,0.5074144005775452,-1.8047305962672333,3.7635109424591064,-3.7137649059295654,1.3025074005126953,-1.9162696599960327,3.395737886428833,0.016498327255249023,-0.6741282343864441,-0.6072693467140198
7.901057004928589,-0.5403109788894653,0.4952719509601593,-1.790099102953451,3.7635109424591064,-3.7137649059295654,1.305582046508789,-1.9492435455322266,3.361882448196411,0.02484673261642456,-0.6741282343864441,-0.6072693467140198
7.9506871700286865,-0.5451145768165588,0.4832056760787964,-1.7747391125193728,3.7635109424591064,-3.7137649059295654,1.3118176460266113,-1.9885787963867188,3.319267511367798,0.0331718884408474,-0.6741282343864441,-0.6072693467140198
8.000689506530762,-0.5490230321884155,0.47298961877822876,-1.761687416053932,3.7635109424591064,-3.7137649059295654,1.3199326992034912,-2.0216290950775146,3.28021240234375,0.03937307372689247,-0.6741282343864441,-0.6072693467140198
8.05046820640564,-0.5523138642311096,0.4632658362388611,-1.7513289247903978,3.7635109424591064,-3.7137649059295654,1.3298723697662354,-2.0513625144958496,3.242549419403076,0.04407680779695511,-0.6741282343864441,-0.6072693467140198
8.10077977180481,-0.5550538897514343,0.4548843502998352,-1.7420063624375823,3.7635109424591064,-3.7137649059295654,1.3438385725021362,-2.083824872970581,3.1997907161712646,0.04766255244612694,-0.6741282343864441,-0.6072693467140198
8.15120792388916,-0.5573815703392029,0.4468833804130554,-1.7346056264333793,3.7635109424591064,-3.7137649059295654,1.3567990064620972,-2.1122584342956543,3.1615161895751953,0.048609547317028046,-0.6741282343864441,-0.6072693467140198
8.201520204544067,-0.5591033697128296,0.4404956102371216,-1.729224168113755,3.7635109424591064,-3.7137649059295654,1.368585467338562,-2.142362117767334,3.1180801391601562,0.047013331204652786,-0.6741282343864441,-0.6072693467140198
8.251686573028564,-0.5603421330451965,0.4356071352958679,-1.7243614316863234,3.7635109424591064,-3.7137649059295654,1.3778084516525269,-2.167557716369629,3.079318046569824,0.04315456002950668,-0.6741282343864441,-0.6072693467140198
8.3010733127594,-0.5615569949150085,0.4316713511943817,-1.7191857591575663,3.7635109424591064,-3.7137649059295654,1.3860294818878174,-2.192811965942383,3.038133144378662,0.037242989987134933,-0.6741282343864441,-0.6072693467140198
8.350515365600586,-0.562487781047821,0.4290688931941986,-1.7160863565604314,3.7635109424591064,-3.7137649059295654,1.3938498497009277,-2.216949939727783,2.9944422245025635,0.030252419412136078,-0.6741282343864441,-0.6072693467140198
8.403377056121826,-0.5631492733955383,0.42681315541267395,-1.713471583117622,3.7635109424591064,-3.7137649059295654,1.4004243612289429,-2.2371649742126465,2.9536168575286865,0.024036459624767303,-0.6741282343864441,-0.6072693467140198
8.450295448303223,-0.5635714530944824,0.4261181354522705,-1.7114657367764923,3.7635109424591064,-3.7137649059295654,1.4062011241912842,-2.2553741931915283,2.9135677814483643,0.019123822450637817,-0.6741282343864441,-0.6072693467140198
8.500673294067383,-0.5637693405151367,0.4259297847747803,-1.7101834544987118,3.7635109424591064,-3.7137649059295654,1.4114311933517456,-2.2717888355255127,2.8756871223449707,0.01735863648355007,-0.6741282343864441,-0.6072693467140198
8.552055597305298,-0.5637474060058594,0.42620742321014404,-1.7093605844706896,3.7635109424591064,-3.7137649059295654,1.4163818359375,-2.288827896118164,2.8355672359466553,0.018779853358864784,-0.6741282343864441,-0.6072693467140198
8.601104021072388,-0.5637382864952087,0.4264557957649231,-1.708784284995908,3.7635109424591064,-3.7137649059295654,1.4203977584838867,-2.3050479888916016,2.796006202697754,0.02244097739458084,-0.6741282343864441,-0.6072693467140198
8.650403261184692,-0.5636825561523438,0.42678987979888916,-1.707221917080177,3.7635109424591064,-3.7137649059295654,1.4225361347198486,-2.320737838745117,2.757439136505127,0.028022047132253647,-0.6741282343864441,-0.6072693467140198
8.700950860977173,-0.5638796091079712,0.4267965257167816,-1.705561574251865,3.7635109424591064,-3.7137649059295654,1.4229650497436523,-2.33603572845459,2.719151258468628,0.03472798690199852,-0.6741282343864441,-0.6072693467140198
8.751372814178467,-0.5638790726661682,0.42642372846603394,-1.7027384885028947,3.7635109424591064,-3.7137649059295654,1.4225192070007324,-2.3523435592651367,2.6785402297973633,0.04299834370613098,-0.6741282343864441,-0.6072693467140198
8.801388025283813,-0.5645282864570618,0.4257543683052063,-1.698252667549069,3.7635109424591064,-3.7137649059295654,1.4221516847610474,-2.368163824081421,2.63989520072937,0.05226731672883034,-0.6741282343864441,-0.6072693467140198
8.85105013847351,-0.5652759671211243,0.4247995615005493,-1.6923993240538684,3.7635109424591064,-3.7137649059295654,1.4222509860992432,-2.3838112354278564,2.6010916233062744,0.06316123902797699,-0.6741282343864441,-0.6072693467140198
8.900331974029541,-0.5660496950149536,0.4234185218811035,-1.6855583273214518,3.7635109424591064,-3.7137649059295654,1.4228938817977905,-2.3975400924682617,2.5644898414611816,0.0749831572175026,-0.6741282343864441,-0.6072693467140198
8.950734615325928,-0.5668958425521851,0.42205116152763367,-1.678989919288482,3.7635109424591064,-3.7137649059295654,1.4241620302200317,-2.4101364612579346,2.5262115001678467,0.08922110497951508,-0.6741282343864441,-0.6072693467140198
9.0035719871521,-0.5676679015159607,0.42017608880996704,-1.6716315309557386,3.7635109424591064,-3.7137649059295654,1.4261178970336914,-2.420957088470459,2.488593339920044,0.1046861931681633,-0.6741282343864441,-0.6072693467140198
9.051115989685059,-0.5684494972229004,0.41874876618385315,-1.666364341526792,3.7635109424591064,-3.7137649059295654,1.4287909269332886,-2.4294276237487793,2.448946237564087,0.1214095950126648,-0.6741282343864441,-0.6072693467140198
9.100658893585205,-0.5690113306045532,0.4173526167869568,-1.6621048959052003,3.7635109424591064,-3.7137649059295654,1.4314215183258057,-2.433638572692871,2.4139158725738525,0.13579532504081726,-0.6741282343864441,-0.6072693467140198
9.151732683181763,-0.5693241357803345,0.41627809405326843,-1.6592289335250432,3.7635109424591064,-3.7137649059295654,1.4335159063339233,-2.4344642162323,2.381603717803955,0.14889124035835266,-0.6741282343864441,-0.6072693467140198
9.201009511947632,-0.5696859955787659,0.41513365507125854,-1.655474728143973,3.7635109424591064,-3.7137649059295654,1.4353632926940918,-2.430479049682617,2.337620258331299,0.1644042283296585,-0.6741282343864441,-0.6072693467140198
9.250014543533325,-0.5699915885925293,0.4140513241291046,-1.6522878938666652,3.7635109424591064,-3.7137649059295654,1.4369739294052124,-2.4224417209625244,2.299071788787842,0.17454871535301208,-0.6741282343864441,-0.6072693467140198
9.300657272338867,-0.570469081401825,0.413344144821167,-1.6485906437471218,3.7635109424591064,-3.7137649059295654,1.4390252828598022,-2.4094295501708984,2.256059408187866,0.18271948397159576,-0.6741282343864441,-0.6072693467140198
9.350594997406006,-0.5709937214851379,0.41286635398864746,-1.6449456469066266,3.7635109424591064,-3.7137649059295654,1.4414646625518799,-2.3945322036743164,2.214989185333252,0.18779420852661133,-0.6741282343864441,-0.6072693467140198
9.400939226150513,-0.57169508934021,0.4114867150783539,-1.6392781420988571,3.7635109424591064,-3.7137649059295654,1.4439671039581299,-2.374054193496704,2.1675002574920654,0.19161991775035858,-0.6741282343864441,-0.6072693467140198
9.451751232147217,-0.5723667144775391,0.41019394993782043,-1.6325857666030053,3.7635109424591064,-3.7137649059295654,1.4450567960739136,-2.354693651199341,2.1268012523651123,0.19361332058906555,-0.6741282343864441,-0.6072693467140198
9.501129150390625,-0.5733473300933838,0.4085797369480133,-1.6236391488294006,3.7635109424591064,-3.7137649059295654,1.4452064037322998,-2.3345448970794678,2.0852324962615967,0.1942899227142334,-0.6741282343864441,-0.6072693467140198
9.550248384475708,-0.5745421648025513,0.40707501769065857,-1.6112139340997966,3.7635109424591064,-3.7137649059295654,1.4445072412490845,-2.3103103637695312,2.038055419921875,0.193820983171463,-0.6741282343864441,-0.6072693467140198
9.600745677947998,-0.5757827758789062,0.4052887260913849,-1.5974053568281446,3.7635109424591064,-3.7137649059295654,1.443119764328003,-2.2861928939819336,1.9939671754837036,0.19117619097232819,-0.6741282343864441,-0.6072693467140198
9.650748491287231,-0.5773494839668274,0.40301641821861267,-1.5784047452017518,3.7635109424591064,-3.7137649059295654,1.4411978721618652,-2.2614939212799072,1.948073387145996,0.18508760631084442,-0.6741282343864441,-0.6072693467140198
9.70235300064087,-0.5790201425552368,0.4010496139526367,-1.5574817210116172,3.7635109424591064,-3.7137649059295654,1.4388943910598755,-2.240866184234619,1.907304286956787,0.17708176374435425,-0.6741282343864441,-0.6072693467140198
9.750620603561401,-0.5809293389320374,0.3987688422203064,-1.5332982704452731,3.7635109424591064,-3.7137649059295654,1.436580777168274,-2.2172863483428955,1.8609598875045776,0.16611571609973907,-0.6741282343864441,-0.6072693467140198
9.801578044891357,-0.5828606486320496,0.39652782678604126,-1.5073410902220035,3.7635109424591064,-3.7137649059295654,1.4355231523513794,-2.194319009780884,1.8173884153366089,0.15512894093990326,-0.6741282343864441,-0.6072693467140198
9.850347757339478,-0.584778904914856,0.39426368474960327,-1.4814400299029782,3.7635109424591064,-3.7137649059295654,1.4352413415908813,-2.170450210571289,1.7750262022018433,0.145359605550766,-0.6741282343864441,-0.6072693467140198
9.900544166564941,-0.586432933807373,0.3918992280960083,-1.456523054704218,3.7635109424591064,-3.7137649059295654,1.4359160661697388,-2.1470983028411865,1.734411358833313,0.13882103562355042,-0.6741282343864441,-0.6072693467140198
9.951136350631714,-0.5880244374275208,0.38993945717811584,-1.4317579871706843,3.7635109424591064,-3.7137649059295654,1.4381181001663208,-2.1209235191345215,1.6902406215667725,0.13447752594947815,-0.6741282343864441,-0.6072693467140198
10.002381324768066,-0.5894638895988464,0.38768529891967773,-1.407615620657289,3.7635109424591064,-3.7137649059295654,1.4427833557128906,-2.091125965118408,1.644911527633667,0.13109441101551056,-0.6741282343864441,-0.6072693467140198
10.05027961730957,-0.5909010171890259,0.38555312156677246,-1.3830354956118596,3.7635109424591064,-3.7137649059295654,1.4487861394882202,-2.0630366802215576,1.606865644454956,0.12818878889083862,-0.6741282343864441,-0.6072693467140198
10.10106348991394,-0.5917690992355347,0.38170483708381653,-1.3567624365477622,3.7635109424591064,-3.7137649059295654,1.456681489944458,-2.032593250274658,1.5677518844604492,0.12490896880626678,-0.6741282343864441,-0.6072693467140198
10.1508150100708,-0.5933339595794678,0.3800285756587982,-1.332082044122855,3.7635109424591064,-3.7137649059295654,1.465576171875,-2.003276824951172,1.5301096439361572,0.1218525692820549,-0.6741282343864441,-0.6072693467140198
10.200360774993896,-0.595008134841919,0.37838107347488403,-1.3033948226330632,3.7635109424591064,-3.7137649059295654,1.4775664806365967,-1.9676754474639893,1.4836969375610352,0.11867526173591614,-0.6741282343864441,-0.6072693467140198
10.250025510787964,-0.5973260402679443,0.37746214866638184,-1.2741262448659296,3.7635109424591064,-3.7137649059295654,1.489785075187683,-1.9350719451904297,1.4398717880249023,0.11667753756046295,-0.6741282343864441,-0.6072693467140198
10.301867246627808,-0.5998653769493103,0.3748527765274048,-1.2412934605635653,3.7635109424591064,-3.7137649059295654,1.5019932985305786,-1.9038360118865967,1.3977221250534058,0.11584661155939102,-0.6741282343864441,-0.6072693467140198
10.350390434265137,-0.6017450094223022,0.3727560043334961,-1.2057372633682437,3.7635109424591064,-3.7137649059295654,1.515119194984436,-1.8704736232757568,1.3532155752182007,0.11644426733255386,-0.6741282343864441,-0.6072693467140198
10.401981115341187,-0.6038568019866943,0.3704427182674408,-1.1698820733884363,3.7635109424591064,-3.7137649059295654,1.5278066396713257,-1.835640788078308,1.3065778017044067,0.1180613562464714,-0.6741282343864441,-0.6072693467140198
10.450756072998047,-0.605955183506012,0.3682335317134857,-1.132138022148368,3.7635109424591064,-3.7137649059295654,1.5374131202697754,-1.8044121265411377,1.2653065919876099,0.11970295757055283,-0.6741282343864441,-0.6072693467140198
10.500635862350464,-0.6080330610275269,0.3656616806983948,-1.0911041832366184,3.7635109424591064,-3.7137649059295654,1.5459896326065063,-1.7713372707366943,1.2231096029281616,0.12088321894407272,-0.6741282343864441,-0.6072693467140198
10.550433874130249,-0.6100770235061646,0.36316245794296265,-1.0488647367805366,3.7635109424591064,-3.7137649059295654,1.5527440309524536,-1.7390029430389404,1.182865023612976,0.12067459523677826,-0.6741282343864441,-0.6072693467140198
10.600163221359253,-0.6123145818710327,0.36061933636665344,-1.0041758643935275,3.7635109424591064,-3.7137649059295654,1.5590440034866333,-1.7058459520339966,1.1390199661254883,0.11758485436439514,-0.6741282343864441,-0.6072693467140198
10.650587558746338,-0.6152147054672241,0.35776108503341675,-0.9599052263886046,3.7635109424591064,-3.7137649059295654,1.5645290613174438,-1.675730586051941,1.0985289812088013,0.11162947118282318,-0.6741282343864441,-0.6072693467140198
10.701375007629395,-0.6174858212471008,0.3546604812145233,-0.9114584741701081,3.7635109424591064,-3.7137649059295654,1.5699186325073242,-1.6421037912368774,1.0558521747589111,0.10249845683574677,-0.6741282343864441,-0.6072693467140198
10.750490188598633,-0.6197717785835266,0.35115474462509155,-0.8613738900301969,3.7635109424591064,-3.7137649059295654,1.5740458965301514,-1.6066054105758667,1.0146949291229248,0.0913606658577919,-0.6741282343864441,-0.6072693467140198
10.801321506500244,-0.6219793558120728,0.34772974252700806,-0.811142041282578,3.7635109424591064,-3.7137649059295654,1.5763509273529053,-1.5679740905761719,0.9725066423416138,0.07846258580684662,-0.6741282343864441,-0.6072693467140198
10.85069489479065,-0.6236578226089478,0.34417006373405457,-0.7604960518034561,3.7635109424591064,-3.7137649059295654,1.5764204263687134,-1.5321553945541382,0.9347348213195801,0.06568363308906555,-0.6741282343864441,-0.6072693467140198
10.901352167129517,-0.6253477931022644,0.3404233157634735,-0.7097484833175949,3.7635109424591064,-3.7137649059295654,1.5744974613189697,-1.4931703805923462,0.8946919441223145,0.050304971635341644,-0.6741282343864441,-0.6072693467140198
10.950144052505493,-0.6265066862106323,0.3364338278770447,-0.6575195178509,3.7635109424591064,-3.7137649059295654,1.5712270736694336,-1.4534348249435425,0.8558775186538696,0.03266024589538574,-0.6741282343864441,-0.6072693467140198
11.000818967819214,-0.6275392174720764,0.3321942687034607,-0.6055443429996008,3.7635109424591064,-3.7137649059295654,1.567604422569275,-1.4117125272750854,0.8166029453277588,0.011168964207172394,-0.6741282343864441,-0.6072693467140198
11.052029132843018,-0.6285462379455566,0.3278852105140686,-0.553211453906745,3.7635109424591064,-3.7137649059295654,1.5652787685394287,-1.3724995851516724,0.7811946868896484,-0.011508976109325886,-0.6741282343864441,-0.6072693467140198
11.100597143173218,-0.6291142106056213,0.3235393464565277,-0.5004053969120548,3.7635109424591064,-3.7137649059295654,1.564233422279358,-1.3360878229141235,0.7485142946243286,-0.033527396619319916,-0.6741282343864441,-0.6072693467140198
11.150470733642578,-0.6298492550849915,0.3193375766277313,-0.44970299724601287,3.7635109424591064,-3.7137649059295654,1.564177393913269,-1.2978042364120483,0.7141163349151611,-0.056930672377347946,-0.6741282343864441,-0.6072693467140198
11.200505018234253,-0.6302762031555176,0.31516528129577637,-0.39973419824691336,3.7635109424591064,-3.7137649059295654,1.56571364402771,-1.2577641010284424,0.6794501543045044,-0.08035307377576828,-0.6741282343864441,-0.6072693467140198
11.250246047973633,-0.6302216649055481,0.31114470958709717,-0.3498585603771787,3.7635109424591064,-3.7137649059295654,1.5680382251739502,-1.2211569547653198,0.6468308568000793,-0.0999402180314064,-0.6741282343864441,-0.6072693467140198
11.301973819732666,-0.6304639577865601,0.3071657419204712,-0.30255109038468836,3.7635109424591064,-3.7137649059295654,1.5708465576171875,-1.1877374649047852,0.6134984493255615,-0.11575884371995926,-0.6741282343864441,-0.6072693467140198
11.351336479187012,-0.630004346370697,0.3032079339027405,-0.25489348302934317,3.7635109424591064,-3.7137649059295654,1.5747478008270264,-1.1499989032745361,0.5751035809516907,-0.13020211458206177,-0.6741282343864441,-0.6072693467140198
11.400779962539673,-0.6298801898956299,0.299553781747818,-0.2104476152153724,3.7635109424591064,-3.7137649059295654,1.5791871547698975,-1.1158968210220337,0.5418896079063416,-0.1403820812702179,-0.6741282343864441,-0.6072693467140198
11.451101779937744,-0.6290478110313416,0.2956933379173279,-0.16099112027134585,3.7635109424591064,-3.7137649059295654,1.584450602531433,-1.079946517944336,0.5084131360054016,-0.14863954484462738,-0.6741282343864441,-0.6072693467140198
11.500536918640137,-0.6284580230712891,0.2919737994670868,-0.11619784304227056,3.7635109424591064,-3.7137649059295654,1.5904366970062256,-1.0461835861206055,0.4776242673397064,-0.15408529341220856,-0.6741282343864441,-0.6072693467140198
11.550676584243774,-0.6274192929267883,0.28779006004333496,-0.06543371167050584,3.7635109424591064,-3.7137649059295654,1.5997052192687988,-1.0059192180633545,0.4413969814777374,-0.15738677978515625,-0.6741282343864441,-0.6072693467140198
11.600558519363403,-0.626264214515686,0.28382185101509094,-0.01734416139467785,3.7635109424591064,-3.7137649059295654,1.6088815927505493,-0.9713148474693298,0.40921416878700256,-0.15804187953472137,-0.6741282343864441,-0.6072693467140198
11.650338888168335,-0.6249460577964783,0.27990075945854187,0.0315611766793025,3.7635109424591064,-3.7137649059295654,1.619085431098938,-0.9344901442527771,0.37322306632995605,-0.15702837705612183,-0.6741282343864441,-0.6072693467140198
11.701646327972412,-0.6235829591751099,0.27581724524497986,0.08133778430368291,3.7635109424591064,-3.7137649059295654,1.6286698579788208,-0.8979231715202332,0.3368699252605438,-0.15457646548748016,-0.6741282343864441,-0.6072693467140198
11.750715732574463,-0.6220332980155945,0.27202108502388,0.13174741540225499,3.7635109424591064,-3.7137649059295654,1.6367461681365967,-0.8597587943077087,0.30018097162246704,-0.15084578096866608,-0.6741282343864441,-0.6072693467140198
11.801392555236816,-0.6202256083488464,0.26798301935195923,0.1833236027129984,3.7635109424591064,-3.7137649059295654,1.6419529914855957,-0.8240718841552734,0.2670527398586273,-0.14625874161720276,-0.6741282343864441,-0.6072693467140198
11.85033631324768,-0.6183949112892151,0.26412221789360046,0.23565920008496172,3.7635109424591064,-3.7137649059295654,1.644687294960022,-0.7888934016227722,0.23466052114963531,-0.14165367186069489,-0.6741282343864441,-0.6072693467140198
11.90149211883545,-0.6161946058273315,0.26010769605636597,0.2885702631403219,3.7635109424591064,-3.7137649059295654,1.6452704668045044,-0.7566161155700684,0.20354074239730835,-0.13794896006584167,-0.6741282343864441,-0.6072693467140198
11.950114727020264,-0.6135886907577515,0.25643688440322876,0.34129240846297637,3.7635109424591064,-3.7137649059295654,1.6442450284957886,-0.7234418392181396,0.1700562834739685,-0.135507732629776,-0.6741282343864441,-0.6072693467140198
12.000690221786499,-0.6108128428459167,0.2532597482204437,0.39483861342491616,3.7635109424591064,-3.7137649059295654,1.6410801410675049,-0.6901560425758362,0.13406457006931305,-0.1335829347372055,-0.6741282343864441,-0.6072693467140198
12.051059484481812,-0.6085917353630066,0.24965594708919525,0.4467670998535088,3.7635109424591064,-3.7137649059295654,1.63516366481781,-0.6537027955055237,0.09554220736026764,-0.13203266263008118,-0.6741282343864441,-0.6072693467140198
12.100710153579712,-0.6051652431488037,0.2469269335269928,0.4969381428021817,3.7635109424591064,-3.7137649059295654,1.6271991729736328,-0.6200417876243591,0.06330669671297073,-0.1312517523765564,-0.6741282343864441,-0.6072693467140198
12.150516510009766,-0.6019394993782043,0.24387750029563904,0.5483538762264282,3.7635109424591064,-3.7137649059295654,1.6158183813095093,-0.5839189291000366,0.03219051659107208,-0.1318071335554123,-0.6741282343864441,-0.6072693467140198
12.200890302658081,-0.5970978736877441,0.24155358970165253,0.5999080371614485,3.7635109424591064,-3.7137649059295654,1.6013654470443726,-0.5473145842552185,0.0020586715545505285,-0.1341012716293335,-0.6741282343864441,-0.6072693467140198
12.25111985206604,-0.5946044921875,0.23883669078350067,0.6513863248091636,3.7635109424591064,-3.7137649059295654,1.5829397439956665,-0.5076735615730286,-0.03063560277223587,-0.1387212723493576,-0.6741282343864441,-0.6072693467140198
12.302146673202515,-0.5914828181266785,0.23662325739860535,0.7013917007845446,3.7635109424591064,-3.7137649059295654,1.564074993133545,-0.46979832649230957,-0.06348694115877151,-0.14490680396556854,-0.6741282343864441,-0.6072693467140198
12.351142644882202,-0.5887392163276672,0.23397056758403778,0.7499108582704678,3.7635109424591064,-3.7137649059295654,1.5460610389709473,-0.43342214822769165,-0.09637805074453354,-0.15234114229679108,-0.6741282343864441,-0.6072693467140198
12.400650024414062,-0.5853355526924133,0.23252198100090027,0.7948872242712492,3.7635109424591064,-3.7137649059295654,1.5271281003952026,-0.3918524384498596,-0.13501094281673431,-0.16260415315628052,-0.6741282343864441,-0.6072693467140198
12.450974941253662,-0.5818928480148315,0.23111605644226074,0.8386819275605647,3.7635109424591064,-3.7137649059295654,1.511551856994629,-0.35282278060913086,-0.17331627011299133,-0.17427395284175873,-0.6741282343864441,-0.6072693467140198
12.500213861465454,-0.5786851644515991,0.23020027577877045,0.8819168722911028,3.7635109424591064,-3.7137649059295654,1.4997457265853882,-0.31645718216896057,-0.21081866323947906,-0.1869378536939621,-0.6741282343864441,-0.6072693467140198
12.5500328540802,-0.5746508240699768,0.22954437136650085,0.9241383319520553,3.7635109424591064,-3.7137649059295654,1.4895479679107666,-0.27618229389190674,-0.2536561191082001,-0.20381668210029602,-0.6741282343864441,-0.6072693467140198
12.600708961486816,-0.5705365538597107,0.22942189872264862,0.9662997888278896,3.7635109424591064,-3.7137649059295654,1.482801914215088,-0.24026498198509216,-0.2927153408527374,-0.22196164727210999,-0.6741282343864441,-0.6072693467140198
12.649967432022095,-0.5664434432983398,0.22964531183242798,1.0074095679283606,3.7635109424591064,-3.7137649059295654,1.4772363901138306,-0.20045843720436096,-0.3378066420555115,-0.24456489086151123,-0.6741282343864441,-0.6072693467140198
12.699967861175537,-0.5615081787109375,0.23199298977851868,1.0457477943828986,3.7635109424591064,-3.7137649059295654,1.473716139793396,-0.1646522581577301,-0.3774411380290985,-0.26738399267196655,-0.6741282343864441,-0.6072693467140198
12.750512838363647,-0.5576884746551514,0.2337668240070343,1.081993061784966,3.7635109424591064,-3.7137649059295654,1.4712159633636475,-0.12609660625457764,-0.4166509807109833,-0.2931603491306305,-0.6741282343864441,-0.6072693467140198
12.800958633422852,-0.5543904304504395,0.23416781425476074,1.1146481080359167,3.7635109424591064,-3.7137649059295654,1.470461368560791,-0.08650746941566467,-0.4545925259590149,-0.3182462751865387,-0.6741282343864441,-0.6072693467140198
12.850737571716309,-0.5491376519203186,0.23774559795856476,1.1487066775956956,3.7635109424591064,-3.7137649059295654,1.4714007377624512,-0.04604603350162506,-0.4956613779067993,-0.3402198255062103,-0.6741282343864441,-0.6072693467140198
12.901142597198486,-0.5454604029655457,0.24202710390090942,1.1750323081439331,3.7635109424591064,-3.7137649059295654,1.4750508069992065,-0.004808316007256508,-0.5378501415252686,-0.3572058379650116,-0.6741282343864441,-0.6072693467140198
12.950821876525879,-0.5414807200431824,0.24630703032016754,1.2005244080159252,3.7635109424591064,-3.7137649059295654,1.480435848236084,0.037445906549692154,-0.5753929615020752,-0.3700830936431885,-0.6741282343864441,-0.6072693467140198
13.000128030776978,-0.5382139682769775,0.25193414092063904,1.2212446003712891,3.7635109424591064,-3.7137649059295654,1.4870989322662354,0.08196042478084564,-0.6094141602516174,-0.3813548982143402,-0.6741282343864441,-0.6072693467140198
13.049964189529419,-0.5340822339057922,0.25780385732650757,1.2416262250249437,3.7635109424591064,-3.7137649059295654,1.4932748079299927,0.12048174440860748,-0.639107346534729,-0.39009037613868713,-0.6741282343864441,-0.6072693467140198
13.10090947151184,-0.5297751426696777,0.2641792297363281,1.2610949968414837,3.7635109424591064,-3.7137649059295654,1.4995120763778687,0.16022183001041412,-0.6736746430397034,-0.39762210845947266,-0.6741282343864441,-0.6072693467140198
13.150797605514526,-0.5259835720062256,0.2711533010005951,1.2770149790403393,3.7635109424591064,-3.7137649059295654,1.5049313306808472,0.20079810917377472,-0.7115819454193115,-0.40316152572631836,-0.6741282343864441,-0.6072693467140198
13.20086407661438,-0.522065281867981,0.2782871723175049,1.2904366338073228,3.7635109424591064,-3.7137649059295654,1.5095672607421875,0.24249720573425293,-0.7510251998901367,-0.4063904583454132,-0.6741282343864441,-0.6072693467140198
13.250460863113403,-0.5183794498443604,0.2869737446308136,1.3012923237359182,3.7635109424591064,-3.7137649059295654,1.5134644508361816,0.2842184007167816,-0.7881478667259216,-0.4060966372489929,-0.6741282343864441,-0.6072693467140198
13.300255298614502,-0.5145432353019714,0.2959660291671753,1.3103900940178697,3.7635109424591064,-3.7137649059295654,1.5164154767990112,0.32556188106536865,-0.8222081661224365,-0.4034413695335388,-0.6741282343864441,-0.6072693467140198
13.350040435791016,-0.5100119113922119,0.3060719668865204,1.3205304328938055,3.7635109424591064,-3.7137649059295654,1.5189564228057861,0.36975428462028503,-0.8591164350509644,-0.39787349104881287,-0.6741282343864441,-0.6072693467140198
13.40295124053955,-0.5063424706459045,0.31587156653404236,1.3280549503350016,3.7635109424591064,-3.7137649059295654,1.5203392505645752,0.413065642118454,-0.8931640386581421,-0.39200878143310547,-0.6741282343864441,-0.6072693467140198
13.450398445129395,-0.5022863745689392,0.3269290328025818,1.336204746790889,3.7635109424591064,-3.7137649059295654,1.521000862121582,0.4558778405189514,-0.9241941571235657,-0.38741883635520935,-0.6741282343864441,-0.6072693467140198
13.500319480895996,-0.49810725450515747,0.3388882875442505,1.344614030790378,3.7635109424591064,-3.7137649059295654,1.5205633640289307,0.5053576827049255,-0.9594097137451172,-0.38308441638946533,-0.6741282343864441,-0.6072693467140198
13.551605939865112,-0.4940106272697449,0.35061436891555786,1.352157347039877,3.7635109424591064,-3.7137649059295654,1.5184849500656128,0.5507959127426147,-0.9902845621109009,-0.38267379999160767,-0.6741282343864441,-0.6072693467140198
13.600368022918701,-0.4892936646938324,0.3652144968509674,1.3597494973675952,3.7635109424591064,-3.7137649059295654,1.5147231817245483,0.6026317477226257,-1.0228986740112305,-0.3856428563594818,-0.6741282343864441,-0.6072693467140198
13.651334762573242,-0.48587173223495483,0.3776928186416626,1.363647185619443,3.7635109424591064,-3.7137649059295654,1.5110639333724976,0.6460639834403992,-1.0491667985916138,-0.389678031206131,-0.6741282343864441,-0.6072693467140198
13.700425386428833,-0.4815107583999634,0.3929097354412079,1.3675330439292497,3.7635109424591064,-3.7137649059295654,1.5074177980422974,0.696527361869812,-1.0797688961029053,-0.39533138275146484,-0.6741282343864441,-0.6072693467140198
13.751420736312866,-0.4774527847766876,0.4086760878562927,1.3693724617133267,3.7635109424591064,-3.7137649059295654,1.5059512853622437,0.7436241507530212,-1.10932457447052,-0.40125519037246704,-0.6741282343864441,-0.6072693467140198
13.800476312637329,-0.47350260615348816,0.4246850311756134,1.370954513609728,3.7635109424591064,-3.7137649059295654,1.507145643234253,0.7930640578269958,-1.142008662223816,-0.407513827085495,-0.6741282343864441,-0.6072693467140198
13.850596904754639,-0.4695414900779724,0.4414607286453247,1.3714125226140697,3.7635109424591064,-3.7137649059295654,1.5106571912765503,0.8389045000076294,-1.1739083528518677,-0.41313621401786804,-0.6741282343864441,-0.6072693467140198
13.901343822479248,-0.4656885862350464,0.4587021470069885,1.3704173269723594,3.7635109424591064,-3.7137649059295654,1.5155572891235352,0.881129801273346,-1.203751802444458,-0.4190429747104645,-0.6741282343864441,-0.6072693467140198
13.951313734054565,-0.46167728304862976,0.4760168194770813,1.3683009994940607,3.7635109424591064,-3.7137649059295654,1.5219578742980957,0.9247525334358215,-1.2346395254135132,-0.42456305027008057,-0.6741282343864441,-0.6072693467140198
14.000249147415161,-0.4576495587825775,0.4926713705062866,1.365470955871292,3.7635109424591064,-3.7137649059295654,1.528932809829712,0.966035783290863,-1.2622456550598145,-0.42872434854507446,-0.6741282343864441,-0.6072693467140198
14.050634145736694,-0.4529695510864258,0.5113145709037781,1.3618593663447454,3.7635109424591064,-3.7137649059295654,1.5381625890731812,1.0156676769256592,-1.2896907329559326,-0.4320933222770691,-0.6741282343864441,-0.6072693467140198
14.100735187530518,-0.4483925998210907,0.5290363430976868,1.357961396297235,3.7635109424591064,-3.7137649059295654,1.5469070672988892,1.0581456422805786,-1.308315396308899,-0.433098167181015,-0.6741282343864441,-0.6072693467140198
14.150773286819458,-0.4439537823200226,0.546761691570282,1.3539310237713562,3.7635109424591064,-3.7137649059295654,1.557499885559082,1.1048225164413452,-1.3240585327148438,-0.4331953227519989,-0.6741282343864441,-0.6072693467140198
14.201063871383667,-0.4395751953125,0.5647310018539429,1.349449560488231,3.7635109424591064,-3.7137649059295654,1.5688451528549194,1.1482102870941162,-1.3346973657608032,-0.4335128664970398,-0.6741282343864441,-0.6072693467140198
14.250226497650146,-0.43506383895874023,0.5828701257705688,1.3456966025971562,3.7635109424591064,-3.7137649059295654,1.58013117313385,1.1888483762741089,-1.3404974937438965,-0.4345884919166565,-0.6741282343864441,-0.6072693467140198
14.300926923751831,-0.43042242527008057,0.6007186770439148,1.342591955451759,3.7635109424591064,-3.7137649059295654,1.5929545164108276,1.2334866523742676,-1.3413941860198975,-0.43710464239120483,-0.6741282343864441,-0.6072693467140198
14.351083755493164,-0.42596593499183655,0.6184076070785522,1.3389947699166278,3.7635109424591064,-3.7137649059295654,1.6041780710220337,1.2723727226257324,-1.3364657163619995,-0.4406508207321167,-0.6741282343864441,-0.6072693467140198
14.399925708770752,-0.4214630424976349,0.6361476182937622,1.3356139492476296,3.7635109424591064,-3.7137649059295654,1.615193247795105,1.3126451969146729,-1.3261017799377441,-0.44615471363067627,-0.6741282343864441,-0.6072693467140198
14.450685501098633,-0.41670891642570496,0.6547473669052124,1.3319024977229257,3.7635109424591064,-3.7137649059295654,1.6257587671279907,1.355582356452942,-1.311630368232727,-0.4535994231700897,-0.6741282343864441,-0.6072693467140198
14.499921321868896,-0.4125467538833618,0.6711020469665527,1.3289711755266216,3.7635109424591064,-3.7137649059295654,1.6344079971313477,1.3944393396377563,-1.2961385250091553,-0.4610919654369354,-0.6741282343864441,-0.6072693467140198
14.55090856552124,-0.40828776359558105,0.6882699131965637,1.3257444903134825,3.7635109424591064,-3.7137649059295654,1.6426739692687988,1.4353572130203247,-1.277353286743164,-0.46995383501052856,-0.6741282343864441,-0.6072693467140198
14.600545167922974,-0.4039600193500519,0.7051130533218384,1.3231049549817915,3.7635109424591064,-3.7137649059295654,1.6505829095840454,1.4776712656021118,-1.2553119659423828,-0.4797618091106415,-0.6741282343864441,-0.6072693467140198
14.65016770362854,-0.3996882736682892,0.7216967344284058,1.3207355337540445,3.7635109424591064,-3.7137649059295654,1.657804012298584,1.5178920030593872,-1.232774257659912,-0.4892389178276062,-0.6741282343864441,-0.6072693467140198
14.70088815689087,-0.39566144347190857,0.7372316122055054,1.318256206635338,3.7635109424591064,-3.7137649059295654,1.6642032861709595,1.5547029972076416,-1.2115626335144043,-0.4974323809146881,-0.6741282343864441,-0.6072693467140198
14.750642776489258,-0.3910149931907654,0.7545672059059143,1.3151140629571971,3.7635109424591064,-3.7137649059295654,1.6711698770523071,1.5999425649642944,-1.1842195987701416,-0.5060989856719971,-0.6741282343864441,-0.6072693467140198
14.801037311553955,-0.38642656803131104,0.7713086605072021,1.3119670063872817,3.7635109424591064,-3.7137649059295654,1.6760189533233643,1.6439685821533203,-1.155165672302246,-0.5120089054107666,-0.6741282343864441,-0.6072693467140198
14.850798606872559,-0.38183319568634033,0.7881428003311157,1.3094956680808731,3.7635109424591064,-3.7137649059295654,1.6791045665740967,1.6910361051559448,-1.1208372116088867,-0.5150633454322815,-0.6741282343864441,-0.6072693467140198
14.900853395462036,-0.37708258628845215,0.8047321438789368,1.308142177110549,3.7635109424591064,-3.7137649059295654,1.6810376644134521,1.7360873222351074,-1.0869566202163696,-0.5147674083709717,-0.6741282343864441,-0.6072693467140198
14.950252532958984,-0.37227609753608704,0.8211596012115479,1.3068896500499128,3.7635109424591064,-3.7137649059295654,1.6818897724151611,1.7785266637802124,-1.0549018383026123,-0.5129039883613586,-0.6741282343864441,-0.6072693467140198
15.000515699386597,-0.36743617057800293,0.8372927904129028,1.3062379816456653,3.7635109424591064,-3.7137649059295654,1.6824978590011597,1.8245794773101807,-1.018239974975586,-0.5101675987243652,-0.6741282343864441,-0.6072693467140198
15.050568342208862,-0.3625010848045349,0.8529844880104065,1.3062201773712951,3.7635109424591064,-3.7137649059295654,1.6841872930526733,1.8642666339874268,-0.9840250015258789,-0.5074129700660706,-0.6741282343864441,-0.6072693467140198
15.10045838356018,-0.3576522767543793,0.8687748908996582,1.3065831717863774,3.7635109424591064,-3.7137649059295654,1.6881159543991089,1.9066989421844482,-0.9445837736129761,-0.5040170550346375,-0.6741282343864441,-0.6072693467140198
15.151387453079224,-0.352988600730896,0.8840510249137878,1.3069015391344165,3.7635109424591064,-3.7137649059295654,1.6934483051300049,1.9445583820343018,-0.9063129425048828,-0.4999213218688965,-0.6741282343864441,-0.6072693467140198
15.200762510299683,-0.3483850061893463,0.8993123769760132,1.3067194260456905,3.7635109424591064,-3.7137649059295654,1.6990716457366943,1.9798831939697266,-0.868339478969574,-0.49432530999183655,-0.6741282343864441,-0.6072693467140198
15.251183986663818,-0.3437097668647766,0.9146565794944763,1.3074092666323027,3.7635109424591064,-3.7137649059295654,1.7044401168823242,2.012869119644165,-0.8306118845939636,-0.48673418164253235,-0.6741282343864441,-0.6072693467140198
15.302903652191162,-0.3387986421585083,0.931389331817627,1.307494336734157,3.7635109424591064,-3.7137649059295654,1.7091741561889648,2.044461727142334,-0.7917776107788086,-0.4775397777557373,-0.6741282343864441,-0.6072693467140198
15.350807666778564,-0.334355890750885,0.9464605450630188,1.3075113727773717,3.7635109424591064,-3.7137649059295654,1.7135376930236816,2.0758779048919678,-0.7515405416488647,-0.46717435121536255,-0.6741282343864441,-0.6072693467140198
15.40140151977539,-0.3297845721244812,0.9626388549804688,1.3076411574533917,3.7635109424591064,-3.7137649059295654,1.7176926136016846,2.1071159839630127,-0.710052490234375,-0.45654547214508057,-0.6741282343864441,-0.6072693467140198
15.452838659286499,-0.3249170482158661,0.9792326092720032,1.3074423270601112,3.7635109424591064,-3.7137649059295654,1.721800684928894,2.136265754699707,-0.6712670922279358,-0.4472706913948059,-0.6741282343864441,-0.6072693467140198
15.501902341842651,-0.3198015093803406,0.99566650390625,1.3090733996165917,3.7635109424591064,-3.7137649059295654,1.727247953414917,2.1688802242279053,-0.6281551122665405,-0.4395020604133606,-0.6741282343864441,-0.6072693467140198
15.551726579666138,-0.31449541449546814,1.0125632286071777,1.309851164617905,3.7635109424591064,-3.7137649059295654,1.7331682443618774,2.198901653289795,-0.5893945097923279,-0.43587514758110046,-0.6741282343864441,-0.6072693467140198
15.600377321243286,-0.30934953689575195,1.029384732246399,1.311085177424842,3.7635109424591064,-3.7137649059295654,1.7397067546844482,2.2313668727874756,-0.5478268265724182,-0.43537500500679016,-0.6741282343864441,-0.6072693467140198
15.650336027145386,-0.3041805028915405,1.0462685823440552,1.312616093280079,3.7635109424591064,-3.7137649059295654,1.7454907894134521,2.2662699222564697,-0.5040398836135864,-0.43724992871284485,-0.6741282343864441,-0.6072693467140198
15.700368642807007,-0.29901495575904846,1.0616412162780762,1.314277780992906,3.7635109424591064,-3.7137649059295654,1.7489683628082275,2.296013116836548,-0.46744975447654724,-0.44000741839408875,-0.6741282343864441,-0.6072693467140198
15.75011157989502,-0.29378610849380493,1.0791312456130981,1.3158819282151848,3.7635109424591064,-3.7137649059295654,1.7498480081558228,2.33319091796875,-0.42101359367370605,-0.44438645243644714,-0.6741282343864441,-0.6072693467140198
15.800828456878662,-0.28866639733314514,1.0945693254470825,1.3184624826404285,3.7635109424591064,-3.7137649059295654,1.7484538555145264,2.3610010147094727,-0.3826630413532257,-0.4480534791946411,-0.6741282343864441,-0.6072693467140198
15.850591659545898,-0.28335708379745483,1.111554503440857,1.3200379035517615,3.7635109424591064,-3.7137649059295654,1.7442046403884888,2.390631675720215,-0.33570441603660583,-0.45257246494293213,-0.6741282343864441,-0.6072693467140198
15.900298595428467,-0.27843666076660156,1.128122091293335,1.3215594619641624,3.7635109424591064,-3.7137649059295654,1.7371406555175781,2.4147183895111084,-0.290189266204834,-0.45727571845054626,-0.6741282343864441,-0.6072693467140198
15.951390266418457,-0.27337637543678284,1.14462149143219,1.3228794041197978,3.7635109424591064,-3.7137649059295654,1.7271474599838257,2.4342098236083984,-0.24420401453971863,-0.46294915676116943,-0.6741282343864441,-0.6072693467140198
16.00122857093811,-0.26830852031707764,1.161198616027832,1.32342426048397,3.7635109424591064,-3.7137649059295654,1.7158719301223755,2.448227882385254,-0.19725491106510162,-0.46998265385627747,-0.6741282343864441,-0.6072693467140198
16.05065655708313,-0.26336225867271423,1.177980899810791,1.3228165228427853,3.7635109424591064,-3.7137649059295654,1.703881859779358,2.457303762435913,-0.14593222737312317,-0.4790971875190735,-0.6741282343864441,-0.6072693467140198
16.101577520370483,-0.25832802057266235,1.194901943206787,1.3220615199401529,3.7635109424591064,-3.7137649059295654,1.6932034492492676,2.4610631465911865,-0.09912619739770889,-0.4884849488735199,-0.6741282343864441,-0.6072693467140198
16.151108503341675,-0.25365617871284485,1.2119473218917847,1.3193745726263473,3.7635109424591064,-3.7137649059295654,1.6821197271347046,2.4610297679901123,-0.050939057022333145,-0.4985358417034149,-0.6741282343864441,-0.6072693467140198
16.200942277908325,-0.24928779900074005,1.2282979488372803,1.3154210577152068,3.7635109424591064,-3.7137649059295654,1.6708117723464966,2.456813335418701,-0.0013128422433510423,-0.5066843628883362,-0.6741282343864441,-0.6072693467140198
16.250324726104736,-0.24438358843326569,1.247898817062378,1.3095967061822407,3.7635109424591064,-3.7137649059295654,1.6606990098953247,2.4497015476226807,0.04569902643561363,-0.5107434391975403,-0.6741282343864441,-0.6072693467140198
16.302037239074707,-0.2401963472366333,1.2631381750106812,1.3038823120617664,3.7635109424591064,-3.7137649059295654,1.6514452695846558,2.4404194355010986,0.09042388200759888,-0.5118708610534668,-0.6741282343864441,-0.6072693467140198
16.351383447647095,-0.23543348908424377,1.2818450927734375,1.2959453443757971,3.7635109424591064,-3.7137649059295654,1.6434181928634644,2.4295263290405273,0.13858741521835327,-0.5114908814430237,-0.6741282343864441,-0.6072693467140198
16.401093006134033,-0.2310037910938263,1.29879629611969,1.2883504202605578,3.7635109424591064,-3.7137649059295654,1.6378334760665894,2.418217420578003,0.18713878095149994,-0.5099080204963684,-0.6741282343864441,-0.6072693467140198
16.451175689697266,-0.22589820623397827,1.3174887895584106,1.2797451078987514,3.7635109424591064,-3.7137649059295654,1.6321593523025513,2.4061927795410156,0.23897597193717957,-0.5077049136161804,-0.6741282343864441,-0.6072693467140198
16.500818014144897,-0.2207811325788498,1.3353097438812256,1.2718201450496422,3.7635109424591064,-3.7137649059295654,1.6259238719940186,2.39582896232605,0.28622910380363464,-0.5050666332244873,-0.6741282343864441,-0.6072693467140198
16.551888704299927,-0.21540763974189758,1.3532754182815552,1.26346825045463,3.7635109424591064,-3.7137649059295654,1.6178569793701172,2.3844339847564697,0.3394486904144287,-0.5008901357650757,-0.6741282343864441,-0.6072693467140198
16.600672721862793,-0.20991414785385132,1.3714269399642944,1.2551488113294105,3.7635109424591064,-3.7137649059295654,1.6105321645736694,2.3739571571350098,0.3871619701385498,-0.4952584207057953,-0.6741282343864441,-0.6072693467140198
16.651036024093628,-0.20410668849945068,1.389330506324768,1.2472059237459245,3.7635109424591064,-3.7137649059295654,1.6031949520111084,2.361947536468506,0.4378705322742462,-0.4869254231452942,-0.6741282343864441,-0.6072693467140198
16.701932907104492,-0.19823086261749268,1.4070087671279907,1.2388878786777873,3.7635109424591064,-3.7137649059295654,1.5955357551574707,2.3477091789245605,0.49200114607810974,-0.47556522488594055,-0.6741282343864441,-0.6072693467140198
16.750280380249023,-0.19278228282928467,1.4226863384246826,1.2315258193541228,3.7635109424591064,-3.7137649059295654,1.5888386964797974,2.335177183151245,0.5353930592536926,-0.4654618203639984,-0.6741282343864441,-0.6072693467140198
16.801304817199707,-0.1858948916196823,1.442069411277771,1.2224820610684353,3.7635109424591064,-3.7137649059295654,1.5786254405975342,2.316927194595337,0.5937745571136475,-0.4520503282546997,-0.6741282343864441,-0.6072693467140198
16.850525379180908,-0.17970289289951324,1.4591583013534546,1.2130528826154885,3.7635109424591064,-3.7137649059295654,1.5687133073806763,2.299278974533081,0.6457181572914124,-0.4415699541568756,-0.6741282343864441,-0.6072693467140198
16.901724815368652,-0.1736995130777359,1.4756724834442139,1.2041828426514545,3.7635109424591064,-3.7137649059295654,1.5584931373596191,2.2803115844726562,0.6974155902862549,-0.43420353531837463,-0.6741282343864441,-0.6072693467140198
16.950259685516357,-0.1674470156431198,1.4914835691452026,1.1954605559626512,3.7635109424591064,-3.7137649059295654,1.5479432344436646,2.2593891620635986,0.7489479184150696,-0.4305384159088135,-0.6741282343864441,-0.6072693467140198
17.00090456008911,-0.1619449257850647,1.5063071250915527,1.186758556515495,3.7635109424591064,-3.7137649059295654,1.5368963479995728,2.236767530441284,0.8000050187110901,-0.43034839630126953,-0.6741282343864441,-0.6072693467140198
17.050260066986084,-0.15595410764217377,1.5221929550170898,1.176810722859641,3.7635109424591064,-3.7137649059295654,1.5246355533599854,2.2118406295776367,0.8529713153839111,-0.4325103163719177,-0.6741282343864441,-0.6072693467140198
17.101043939590454,-0.15025463700294495,1.5370243787765503,1.166525667842289,3.7635109424591064,-3.7137649059295654,1.5131864547729492,2.1894021034240723,0.8996017575263977,-0.4354138672351837,-0.6741282343864441,-0.6072693467140198
17.150039434432983,-0.14465101063251495,1.5520442724227905,1.156587392758724,3.7635109424591064,-3.7137649059295654,1.500428557395935,2.1660449504852295,0.9489772915840149,-0.4387950599193573,-0.6741282343864441,-0.6072693467140198
17.20137643814087,-0.1389172226190567,1.5662033557891846,1.1459832967106258,3.7635109424591064,-3.7137649059295654,1.4866220951080322,2.1427955627441406,0.998651385307312,-0.44271981716156006,-0.6741282343864441,-0.6072693467140198
17.250505208969116,-0.132405623793602,1.5824328660964966,1.1358201733946165,3.7635109424591064,-3.7137649059295654,1.4719858169555664,2.11929988861084,1.0479013919830322,-0.44748756289482117,-0.6741282343864441,-0.6072693467140198
17.30134868621826,-0.12546990811824799,1.5981414318084717,1.1257128685710374,3.7635109424591064,-3.7137649059295654,1.457905650138855,2.095505952835083,1.0969996452331543,-0.4533461332321167,-0.6741282343864441,-0.6072693467140198
17.350292921066284,-0.11835605651140213,1.613829493522644,1.115281554905926,3.7635109424591064,-3.7137649059295654,1.445196509361267,2.0715172290802,1.146422266960144,-0.4603177309036255,-0.6741282343864441,-0.6072693467140198
17.400434255599976,-0.11095476895570755,1.6294108629226685,1.1045460106744016,3.7635109424591064,-3.7137649059295654,1.433726191520691,2.046992540359497,1.1970374584197998,-0.4685288667678833,-0.6741282343864441,-0.6072693467140198
17.450772285461426,-0.1036134660243988,1.6448383331298828,1.0940680585067413,3.7635109424591064,-3.7137649059295654,1.4231027364730835,2.0202322006225586,1.2513095140457153,-0.4785529673099518,-0.6741282343864441,-0.6072693467140198
17.502023935317993,-0.09620404988527298,1.6603645086288452,1.0831676722944155,3.7635109424591064,-3.7137649059295654,1.4145737886428833,1.9960345029830933,1.2988373041152954,-0.4887937605381012,-0.6741282343864441,-0.6072693467140198
17.550238132476807,-0.0885494202375412,1.6757606267929077,1.0703883408129398,3.7635109424591064,-3.7137649059295654,1.405946969985962,1.9701602458953857,1.3485544919967651,-0.49962475895881653,-0.6741282343864441,-0.6072693467140198
17.601313591003418,-0.08091681450605392,1.6909980773925781,1.0570215304911068,3.7635109424591064,-3.7137649059295654,1.397350788116455,1.9434927701950073,1.399316668510437,-0.5079004168510437,-0.6741282343864441,-0.6072693467140198
17.651186227798462,-0.07373777031898499,1.7052791118621826,1.0444581466671716,3.7635109424591064,-3.7137649059295654,1.3886362314224243,1.914420485496521,1.454285740852356,-0.5117788314819336,-0.6741282343864441,-0.6072693467140198
17.701112270355225,-0.06538231670856476,1.7210800647735596,1.0306375142908568,3.7635109424591064,-3.7137649059295654,1.3814796209335327,1.8861857652664185,1.507297158241272,-0.5113053917884827,-0.6741282343864441,-0.6072693467140198
17.75024962425232,-0.05768290162086487,1.73624587059021,1.0174179660980907,3.7635109424591064,-3.7137649059295654,1.376397967338562,1.8593546152114868,1.557242512702942,-0.5088158845901489,-0.6741282343864441,-0.6072693467140198
17.80155873298645,-0.04878566414117813,1.7508891820907593,1.0040069589999137,3.7635109424591064,-3.7137649059295654,1.3729277849197388,1.8311697244644165,1.609597086906433,-0.5056698322296143,-0.6741282343864441,-0.6072693467140198
17.85028576850891,-0.041069310158491135,1.7641123533248901,0.9926877937174724,3.7635109424591064,-3.7137649059295654,1.371673583984375,1.8073278665542603,1.6558640003204346,-0.5030878186225891,-0.6741282343864441,-0.6072693467140198
17.901111841201782,-0.03098609298467636,1.7807323932647705,0.9764465330770825,3.7635109424591064,-3.7137649059295654,1.3718911409378052,1.7787786722183228,1.7153977155685425,-0.4995287358760834,-0.6741282343864441,-0.6072693467140198
17.951026678085327,-0.022740308195352554,1.794800043106079,0.9643969423345256,3.7635109424591064,-3.7137649059295654,1.3723371028900146,1.757735013961792,1.7625093460083008,-0.49548402428627014,-0.6741282343864441,-0.6072693467140198
18.000542402267456,-0.013931579887866974,1.8089405298233032,0.9513516295063642,3.7635109424591064,-3.7137649059295654,1.3721461296081543,1.7381410598754883,1.8121944665908813,-0.48915937542915344,-0.6741282343864441,-0.6072693467140198
18.0507972240448,-0.011535204015672207,1.81273353099823,0.947642420127439,3.7635109424591064,-3.7137649059295654,1.3720135688781738,1.7333143949508667,1.825992465019226,-0.4869394898414612,-0.6741282343864441,-0.6072693467140198
18.10064172744751,-0.011535204015672207,1.81273353099823,0.947642420127439,3.7635109424591064,-3.7137649059295654,1.3720135688781738,1.7333143949508667,1.825992465019226,-0.4869394898414612,-0.6741282343864441,-0.6072693467140198
18.150378227233887,-0.011535204015672207,1.81273353099823,0.947642420127439,3.7635109424591064,-3.7137649059295654,1.3720135688781738,1.7333143949508667,1.825992465019226,-0.4869394898414612,-0.6741282343864441,-0.6072693467140198
18.20132803916931,-0.011535204015672207,1.81273353099823,0.947642420127439,3.7635109424591064,-3.7137649059295654,1.3720135688781738,1.7333143949508667,1.825992465019226,-0.4869394898414612,-0.6741282343864441,-0.6072693467140198
18.25082230567932,-0.011535204015672207,1.81273353099823,0.947642420127439,3.7635109424591064,-3.7137649059295654,1.3720135688781738,1.7333143949508667,1.825992465019226,-0.4869394898414612,-0.6741282343864441,-0.6072693467140198
18.30128812789917,-0.011535204015672207,1.81273353099823,0.947642420127439,3.7635109424591064,-3.7137649059295654,1.3720135688781738,1.7333143949508667,1.825992465019226,-0.4869394898414612,-0.6741282343864441,-0.6072693467140198
18.350341081619263,-0.011535204015672207,1.81273353099823,0.947642420127439,3.7635109424591064,-3.7137649059295654,1.3720135688781738,1.7333143949508667,1.825992465019226,-0.4869394898414612,-0.6741282343864441,-0.6072693467140198
18.40115237236023,-0.011535204015672207,1.81273353099823,0.947642420127439,3.7635109424591064,-3.7137649059295654,1.3720135688781738,1.7333143949508667,1.825992465019226,-0.4869394898414612,-0.6741282343864441,-0.6072693467140198
18.450710773468018,0.03583566099405289,1.8819419145584106,0.8762666106334067,3.7635109424591064,-3.7137649059295654,1.3862825632095337,1.6365069150924683,2.25852632522583,-0.4442102909088135,-0.6741282343864441,-0.6072693467140198
18.500132083892822,0.03583566099405289,1.8819419145584106,0.8762666106334067,3.7635109424591064,-3.7137649059295654,1.3872672319412231,1.6271451711654663,2.3066518306732178,-0.44662824273109436,-0.6741282343864441,-0.6072693467140198
18.550559759140015,0.03583566099405289,1.8819419145584106,0.8762666106334067,3.7635109424591064,-3.7137649059295654,1.388174057006836,1.619829773902893,2.351541042327881,-0.4493473768234253,-0.6741282343864441,-0.6072693467140198
18.600339651107788,0.03583566099405289,1.8819419145584106,0.8762666106334067,3.7635109424591064,-3.7137649059295654,1.389357089996338,1.6128910779953003,2.398972749710083,-0.4533478617668152,-0.6741282343864441,-0.6072693467140198
18.65073871612549,0.03583566099405289,1.8819419145584106,0.8762666106334067,3.7635109424591064,-3.7137649059295654,1.390764594078064,1.6052535772323608,2.4467666149139404,-0.45873579382896423,-0.6741282343864441,-0.6072693467140198
18.701171398162842,0.11243915557861328,1.9759873151779175,0.7719799333871915,3.7635109424591064,-3.7137649059295654,1.391789197921753,1.5965207815170288,2.4970386028289795,-0.4664684534072876,-0.6741282343864441,-0.6072693467140198
18.751038312911987,0.12396881729364395,1.9879688024520874,0.7601343022477094,3.7635109424591064,-3.7137649059295654,1.3918788433074951,1.5892239809036255,2.542454242706299,-0.4751797914505005,-0.6741282343864441,-0.6072693467140198
18.800647258758545,0.1343337893486023,1.999230980873108,0.7481959002472334,3.7635109424591064,-3.7137649059295654,1.3911943435668945,1.5830680131912231,2.589052200317383,-0.4849727153778076,-0.6741282343864441,-0.6072693467140198
18.850464344024658,0.1462969332933426,2.011559247970581,0.7349318240369072,3.7635109424591064,-3.7137649059295654,1.3900502920150757,1.5766628980636597,2.64400053024292,-0.4966767728328705,-0.6741282343864441,-0.6072693467140198
18.900519847869873,0.15768375992774963,2.0231518745422363,0.7227905148666943,3.7635109424591064,-3.7137649059295654,1.3882559537887573,1.5711052417755127,2.691662073135376,-0.5063328742980957,-0.6741282343864441,-0.6072693467140198
18.950193881988525,0.1694403886795044,2.034423828125,0.7118189038978592,3.7635109424591064,-3.7137649059295654,1.3863825798034668,1.5662273168563843,2.736466646194458,-0.5137563943862915,-0.6741282343864441,-0.6072693467140198
19.000049114227295,0.18118807673454285,2.0455055236816406,0.7007303432796268,3.7635109424591064,-3.7137649059295654,1.3843371868133545,1.5615863800048828,2.7858171463012695,-0.518859326839447,-0.6741282343864441,-0.6072693467140198
19.05152416229248,0.19272199273109436,2.05641508102417,0.6888071999546145,3.7635109424591064,-3.7137649059295654,1.381978988647461,1.5577280521392822,2.838538885116577,-0.5215439796447754,-0.6741282343864441,-0.6072693467140198
19.10014033317566,0.2044210284948349,2.066701889038086,0.6784519032452533,3.7635109424591064,-3.7137649059295654,1.3797060251235962,1.5553549528121948,2.8846583366394043,-0.5217414498329163,-0.6741282343864441,-0.6072693467140198
19.150471210479736,0.21599675714969635,2.0767366886138916,0.6678331862414624,3.7635109424591064,-3.7137649059295654,1.3769980669021606,1.5541532039642334,2.931837320327759,-0.5204975008964539,-0.6741282343864441,-0.6072693467140198
19.200559854507446,0.2276194840669632,2.0867671966552734,0.6569881459772301,3.7635109424591064,-3.7137649059295654,1.3739649057388306,1.5546821355819702,2.97870135307312,-0.5179264545440674,-0.6741282343864441,-0.6072693467140198
19.25191879272461,0.239279106259346,2.0965051651000977,0.6466472664983274,3.7635109424591064,-3.7137649059295654,1.3711216449737549,1.5567959547042847,3.0252652168273926,-0.5142273902893066,-0.6741282343864441,-0.6072693467140198
19.300655364990234,0.2509278357028961,2.106187343597412,0.6364508907087284,3.7635109424591064,-3.7137649059295654,1.3690333366394043,1.5597753524780273,3.0706539154052734,-0.5094326734542847,-0.6741282343864441,-0.6072693467140198
19.351580142974854,0.2629222273826599,2.1159777641296387,0.6262208221679841,3.7635109424591064,-3.7137649059295654,1.3676635026931763,1.5631515979766846,3.1149094104766846,-0.5035721063613892,-0.6741282343864441,-0.6072693467140198
19.401100873947144,0.2750984728336334,2.1255674362182617,0.6169839579661525,3.7635109424591064,-3.7137649059295654,1.3664933443069458,1.5667732954025269,3.1583309173583984,-0.4958243668079376,-0.6741282343864441,-0.6072693467140198
19.450258255004883,0.287634938955307,2.1349658966064453,0.6079766325420928,3.7635109424591064,-3.7137649059295654,1.3648831844329834,1.571563959121704,3.2036750316619873,-0.48528432846069336,-0.6741282343864441,-0.6072693467140198
19.500043869018555,0.3000459372997284,2.1441457271575928,0.5998134381711137,3.7635109424591064,-3.7137649059295654,1.3633397817611694,1.5781537294387817,3.2443032264709473,-0.47437816858291626,-0.6741282343864441,-0.6072693467140198
19.55062437057495,0.31299957633018494,2.153369903564453,0.5928436167808651,3.7635109424591064,-3.7137649059295654,1.3622852563858032,1.5883928537368774,3.2879598140716553,-0.46196988224983215,-0.6741282343864441,-0.6072693467140198
19.600754022598267,0.326225221157074,2.1627163887023926,0.5864263661609685,3.7635109424591064,-3.7137649059295654,1.3616938591003418,1.6025699377059937,3.3336596488952637,-0.45015332102775574,-0.6741282343864441,-0.6072693467140198
19.651000499725342,0.3389993906021118,2.1715359687805176,0.5806871345441547,3.7635109424591064,-3.7137649059295654,1.3615972995758057,1.6183162927627563,3.3751931190490723,-0.4423676133155823,-0.6741282343864441,-0.6072693467140198
19.701305866241455,0.3537539839744568,2.1816022396087646,0.5748778418703094,3.7635109424591064,-3.7137649059295654,1.3620222806930542,1.6386804580688477,3.4222095012664795,-0.4375586211681366,-0.6741282343864441,-0.6072693467140198
19.750535011291504,0.36798426508903503,2.191133499145508,0.5704530394277583,3.7635109424591064,-3.7137649059295654,1.3647794723510742,1.663612723350525,3.471248149871826,-0.4361645579338074,-0.6741282343864441,-0.6072693467140198
19.800882577896118,0.3801720440387726,2.199150562286377,0.5663071196425077,3.7635109424591064,-3.7137649059295654,1.3706557750701904,1.6864010095596313,3.511929512023926,-0.4370245039463043,-0.6741282343864441,-0.6072693467140198
19.85091257095337,0.39715418219566345,2.210360050201416,0.5609810399569505,3.7635109424591064,-3.7137649059295654,1.3842405080795288,1.7162762880325317,3.5661704540252686,-0.4393760561943054,-0.6741282343864441,-0.6072693467140198
19.89990997314453,0.41175076365470886,2.2197632789611816,0.555886150625662,3.7635109424591064,-3.7137649059295654,1.3982044458389282,1.7380187511444092,3.6114301681518555,-0.44094371795654297,-0.6741282343864441,-0.6072693467140198
19.95078754425049,0.42635446786880493,2.2290542125701904,0.5506563456857055,3.7635109424591064,-3.7137649059295654,1.4121334552764893,1.756333351135254,3.656759023666382,-0.44221243262290955,-0.6741282343864441,-0.6072693467140198
20.00090265274048,0.440338671207428,2.2376949787139893,0.5463152118394182,3.7635109424591064,-3.7137649059295654,1.4260751008987427,1.7706860303878784,3.6997363567352295,-0.44352981448173523,-0.6741282343864441,-0.6072693467140198
20.050222635269165,0.4558478593826294,2.2471256256103516,0.5411265735374355,3.7635109424591064,-3.7137649059295654,1.4443696737289429,1.7817896604537964,3.7497200965881348,-0.4465559720993042,-0.6741282343864441,-0.6072693467140198
20.100872039794922,0.47037261724472046,2.255795478820801,0.5357965131562381,3.7635109424591064,-3.7137649059295654,1.4594632387161255,1.7884509563446045,3.791015148162842,-0.45124417543411255,-0.6741282343864441,-0.6072693467140198
20.150182247161865,0.4841056168079376,2.2638933658599854,0.5304087757398007,3.7635109424591064,-3.7137649059295654,1.473615288734436,1.7953453063964844,3.8314316272735596,-0.45814210176467896,-0.6741282343864441,-0.6072693467140198
20.201573848724365,0.49919652938842773,2.2727715969085693,0.5243824295602658,3.7635109424591064,-3.7137649059295654,1.4902664422988892,1.8071478605270386,3.8755288124084473,-0.4680308699607849,-0.6741282343864441,-0.6072693467140198
20.251525402069092,0.5134469270706177,2.281170129776001,0.518795533669319,3.7635109424591064,-3.7137649059295654,1.5104011297225952,1.8224459886550903,3.918156147003174,-0.47907307744026184,-0.6741282343864441,-0.6072693467140198
20.30076026916504,0.5286376476287842,2.2899441719055176,0.5132706295139098,3.7635109424591064,-3.7137649059295654,1.5316879749298096,1.840094804763794,3.9570889472961426,-0.4898458421230316,-0.6741282343864441,-0.6072693467140198
20.35062837600708,0.5416877865791321,2.29715633392334,0.5086676065220875,3.7635109424591064,-3.7137649059295654,1.5517680644989014,1.8583941459655762,3.99220871925354,-0.4979313611984253,-0.6741282343864441,-0.6072693467140198
20.40033745765686,0.5572184920310974,2.305776596069336,0.5024201720148995,3.7635109424591064,-3.7137649059295654,1.5768495798110962,1.883870244026184,4.034840106964111,-0.5032057762145996,-0.6741282343864441,-0.6072693467140198
20.451354265213013,0.5719230771064758,2.313753604888916,0.4974122363555034,3.7635109424591064,-3.7137649059295654,1.6034692525863647,1.9126063585281372,4.0775580406188965,-0.5028141140937805,-0.6741282343864441,-0.6072693467140198
20.499934434890747,0.5869047045707703,2.321798324584961,0.4924912791955239,3.7635109424591064,-3.7137649059295654,1.6301686763763428,1.9424312114715576,4.117164134979248,-0.49857932329177856,-0.6741282343864441,-0.6072693467140198
20.55091643333435,0.6019458174705505,2.3298258781433105,0.4863730867329621,3.7635109424591064,-3.7137649059295654,1.6577218770980835,1.97489333152771,4.1549458503723145,-0.49211975932121277,-0.6741282343864441,-0.6072693467140198
20.60080051422119,0.6172553896903992,2.33799409866333,0.4802593069196541,3.7635109424591064,-3.7137649059295654,1.685678482055664,2.009857416152954,4.189992904663086,-0.4844071567058563,-0.6741282343864441,-0.6072693467140198
20.65311098098755,0.6340169310569763,2.3465802669525146,0.4746694653396741,3.7635109424591064,-3.7137649059295654,1.712969183921814,2.0448708534240723,4.222230434417725,-0.47589147090911865,-0.6741282343864441,-0.6072693467140198
20.7011239528656,0.6490960717201233,2.354185104370117,0.4700811751577407,3.7635109424591064,-3.7137649059295654,1.7366604804992676,2.076294422149658,4.250339508056641,-0.46732163429260254,-0.6741282343864441,-0.6072693467140198
20.79759979248047,0.6653207540512085,2.362473487854004,0.4647456883363957,3.7635109424591064,-3.7137649059295654,1.7604167461395264,2.1113357543945312,4.279854774475098,-0.45502179861068726,-0.6741282343864441,-0.6072693467140198
20.802030324935913,0.6689261198043823,2.364276170730591,0.4635330887825641,3.7635109424591064,-3.7137649059295654,1.765171766281128,2.118797540664673,4.285767555236816,-0.45197632908821106,-0.6741282343864441,-0.6072693467140198
20.857479572296143,0.6976279020309448,2.3783116340637207,0.4556965741789403,3.7635109424591064,-3.7137649059295654,1.7980340719223022,2.1732895374298096,4.326286315917969,-0.42367321252822876,-0.6741282343864441,-0.6072693467140198
20.923932313919067,0.715435802936554,2.386909246444702,0.45152891559511127,3.7635109424591064,-3.7137649059295654,1.8172966241836548,2.207825183868408,4.350626468658447,-0.40020620822906494,-0.6741282343864441,-0.6072693467140198
20.957417964935303,0.7323614954948425,2.3948733806610107,0.44749414155965433,3.7635109424591064,-3.7137649059295654,1.8335154056549072,2.236895799636841,4.370150089263916,-0.37878111004829407,-0.6741282343864441,-0.6072693467140198
21.012211084365845,0.7492660284042358,2.4025847911834717,0.44524946570714746,3.7635109424591064,-3.7137649059295654,1.8507479429244995,2.2676193714141846,4.389338493347168,-0.3562767505645752,-0.6741282343864441,-0.6072693467140198
21.062010765075684,0.7658769488334656,2.410112142562866,0.4431153434807326,3.7635109424591064,-3.7137649059295654,1.868828535079956,2.2992358207702637,4.405847072601318,-0.3369758725166321,-0.6741282343864441,-0.6072693467140198
21.169359922409058,0.7823235988616943,2.4173614978790283,0.44287365887344765,3.7635109424591064,-3.7137649059295654,1.88720703125,2.332371950149536,4.422004222869873,-0.3207145631313324,-0.6741282343864441,-0.6072693467140198
21.18104648590088,0.7823235988616943,2.4173614978790283,0.44287365887344765,3.7635109424591064,-3.7137649059295654,1.88720703125,2.332371950149536,4.422004222869873,-0.3207145631313324,-0.6741282343864441,-0.6072693467140198
21.272432327270508,0.8142837285995483,2.43100905418396,0.4456117767261919,3.7635109424591064,-3.7137649059295654,1.9287617206573486,2.4032351970672607,4.459277629852295,-0.290720671415329,-0.6741282343864441,-0.6072693467140198
21.34891963005066,0.8142837285995483,2.43100905418396,0.4456117767261919,3.7635109424591064,-3.7137649059295654,1.9287617206573486,2.4032351970672607,4.459277629852295,-0.290720671415329,-0.6741282343864441,-0.6072693467140198
21.425675868988037,0.8450037240982056,2.4442787170410156,0.4505802002691866,3.7635109424591064,-3.7137649059295654,1.9790887832641602,2.477665424346924,4.502900123596191,-0.2636716067790985,-0.6741282343864441,-0.6072693467140198
21.496805906295776,0.869076132774353,2.454425811767578,0.4575246429429986,3.7635109424591064,-3.7137649059295654,2.018603801727295,2.5285425186157227,4.5347514152526855,-0.24549870193004608,-0.6741282343864441,-0.6072693467140198
21.57915687561035,0.8902391195297241,2.463613510131836,0.4637486774618907,3.7635109424591064,-3.7137649059295654,2.0541672706604004,2.573786497116089,4.564549922943115,-0.22922652959823608,-0.6741282343864441,-0.6072693467140198
21.610368490219116,0.9110066294670105,2.473054885864258,0.4687320669083906,3.7635109424591064,-3.7137649059295654,2.089764356613159,2.6196725368499756,4.596944332122803,-0.2113260179758072,-0.6741282343864441,-0.6072693467140198
21.616864919662476,0.9205878376960754,2.477365732192993,0.4712360775076712,3.7635109424591064,-3.7137649059295654,2.104750871658325,2.6391046047210693,4.611340522766113,-0.20288589596748352,-0.6741282343864441,-0.6072693467140198
21.653708457946777,0.9438930749893188,2.4882545471191406,0.47536247439241647,3.7635109424591064,-3.7137649059295654,2.1455016136169434,2.692669153213501,4.6507344245910645,-0.17597819864749908,-0.6741282343864441,-0.6072693467140198
21.702075242996216,0.9562983512878418,2.494091272354126,0.4768136120863776,3.7635109424591064,-3.7137649059295654,2.1679694652557373,2.7227022647857666,4.6745219230651855,-0.1602649837732315,-0.6741282343864441,-0.6072693467140198
21.75021719932556,0.9684114456176758,2.4998366832733154,0.47742385615590316,3.7635109424591064,-3.7137649059295654,2.18890118598938,2.7488796710968018,4.695460796356201,-0.14593099057674408,-0.6741282343864441,-0.6072693467140198
21.800700664520264,0.9804062247276306,2.5056869983673096,0.4773122484236872,3.7635109424591064,-3.7137649059295654,2.212559938430786,2.776959180831909,4.716061592102051,-0.12825702130794525,-0.6741282343864441,-0.6072693467140198
21.85046625137329,0.9917426109313965,2.5111403465270996,0.4741137115022297,3.7635109424591064,-3.7137649059295654,2.2372355461120605,2.8054800033569336,4.733260631561279,-0.1068485900759697,-0.6741282343864441,-0.6072693467140198
21.901137113571167,1.0022331476211548,2.516827344894409,0.46880228990969564,3.7635109424591064,-3.7137649059295654,2.2615840435028076,2.8350141048431396,4.744475364685059,-0.08291061967611313,-0.6741282343864441,-0.6072693467140198
21.950889587402344,1.0119487047195435,2.5222764015197754,0.4611671528369286,3.7635109424591064,-3.7137649059295654,2.2845096588134766,2.865247964859009,4.748515605926514,-0.060000479221343994,-0.6741282343864441,-0.6072693467140198
22.00026822090149,1.0211156606674194,2.5277771949768066,0.45204356773550897,3.7635109424591064,-3.7137649059295654,2.3046886920928955,2.8966290950775146,4.74521541595459,-0.04059799388051033,-0.6741282343864441,-0.6072693467140198
22.050505876541138,1.029920220375061,2.5332274436950684,0.43984242977602284,3.7635109424591064,-3.7137649059295654,2.320741891860962,2.9290151596069336,4.735104084014893,-0.0250032190233469,-0.6741282343864441,-0.6072693467140198
22.100847959518433,1.0387895107269287,2.5388526916503906,0.42470716934798375,3.7635109424591064,-3.7137649059295654,2.3330347537994385,2.961676597595215,4.718921661376953,-0.011833117343485355,-0.6741282343864441,-0.6072693467140198
22.150226593017578,1.0474824905395508,2.544055461883545,0.40784170318280893,3.7635109424591064,-3.7137649059295654,2.340981960296631,2.992189645767212,4.698371410369873,-0.0011547011090442538,-0.6741282343864441,-0.6072693467140198
22.200419902801514,1.0580953359603882,2.550549268722534,0.38773573112519644,3.7635109424591064,-3.7137649059295654,2.346590995788574,3.025120496749878,4.6701130867004395,0.008403250947594643,-0.6741282343864441,-0.6072693467140198
22.251818418502808,1.0689047574996948,2.5562782287597656,0.37057330609996814,3.7635109424591064,-3.7137649059295654,2.3486244678497314,3.0541036128997803,4.639089107513428,0.014400574378669262,-0.6741282343864441,-0.6072693467140198
22.300737857818604,1.0802903175354004,2.562053918838501,0.3529383939236069,3.7635109424591064,-3.7137649059295654,2.347451686859131,3.081019401550293,4.602461338043213,0.017497871071100235,-0.6741282343864441,-0.6072693467140198
22.350700616836548,1.0920701026916504,2.5681190490722656,0.33243557343652547,3.7635109424591064,-3.7137649059295654,2.343153476715088,3.10208797454834,4.565540313720703,0.016780929639935493,-0.6741282343864441,-0.6072693467140198
22.400639533996582,1.1045476198196411,2.573728084564209,0.31284509328900323,3.7635109424591064,-3.7137649059295654,2.336900234222412,3.1183414459228516,4.5296783447265625,0.013532230630517006,-0.6741282343864441,-0.6072693467140198
22.451544523239136,1.117335557937622,2.579345941543579,0.29284036901386507,3.7635109424591064,-3.7137649059295654,2.327545404434204,3.133976459503174,4.4888505935668945,0.008062876760959625,-0.6741282343864441,-0.6072693467140198
22.50167989730835,1.1303385496139526,2.5849971771240234,0.2732731582102952,3.7635109424591064,-3.7137649059295654,2.317422389984131,3.1471190452575684,4.449634552001953,0.0023976482916623354,-0.6741282343864441,-0.6072693467140198
22.55020499229431,1.1437116861343384,2.59051251411438,0.25256605903561763,3.7635109424591064,-3.7137649059295654,2.309518337249756,3.157841920852661,4.413729667663574,-0.002364460378885269,-0.6741282343864441,-0.6072693467140198
22.600573778152466,1.1572824716567993,2.595660924911499,0.23229139290501385,3.7635109424591064,-3.7137649059295654,2.3014450073242188,3.1683850288391113,4.373639106750488,-0.007092559244483709,-0.6741282343864441,-0.6072693467140198
22.650830507278442,1.1710602045059204,2.6007957458496094,0.21064893397581821,3.7635109424591064,-3.7137649059295654,2.29433012008667,3.177316904067993,4.336848258972168,-0.010480760596692562,-0.6741282343864441,-0.6072693467140198
22.701301097869873,1.185766577720642,2.6056995391845703,0.18842860402212905,3.7635109424591064,-3.7137649059295654,2.285681962966919,3.186114549636841,4.296018600463867,-0.013692243956029415,-0.6741282343864441,-0.6072693467140198
22.750336170196533,1.2004106044769287,2.6105384826660156,0.16574475111089174,3.7635109424591064,-3.7137649059295654,2.2779793739318848,3.192268133163452,4.26057243347168,-0.01646461710333824,-0.6741282343864441,-0.6072693467140198
22.801252365112305,1.2154326438903809,2.6149849891662598,0.14183750321306032,3.7635109424591064,-3.7137649059295654,2.2691972255706787,3.1979782581329346,4.223548889160156,-0.01920110173523426,-0.6741282343864441,-0.6072693467140198
22.850608110427856,1.23074471950531,2.6195120811462402,0.11843723736164322,3.7635109424591064,-3.7137649059295654,2.2594690322875977,3.203348398208618,4.186437129974365,-0.021662937477231026,-0.6741282343864441,-0.6072693467140198
22.901195764541626,1.2442981004714966,2.6233367919921875,0.09650010527411222,3.7635109424591064,-3.7137649059295654,2.249454975128174,3.2078983783721924,4.152528762817383,-0.023083172738552094,-0.6741282343864441,-0.6072693467140198
22.951918601989746,1.2615556716918945,2.6281356811523438,0.06948121686520972,3.7635109424591064,-3.7137649059295654,2.235877752304077,3.21372127532959,4.109001636505127,-0.023205352947115898,-0.6741282343864441,-0.6072693467140198
23.00064492225647,1.2770665884017944,2.631052255630493,0.04252112993970316,3.7635109424591064,-3.7137649059295654,2.22263240814209,3.218817710876465,4.069997787475586,-0.021031150594353676,-0.6741282343864441,-0.6072693467140198
23.052210807800293,1.2931004762649536,2.633702278137207,0.017920179877708838,3.7635109424591064,-3.7137649059295654,2.208040952682495,3.2240653038024902,4.031771659851074,-0.016283970326185226,-0.6741282343864441,-0.6072693467140198
23.100334405899048,1.3077582120895386,2.6355080604553223,-0.006809930967316483,3.7635109424591064,-3.7137649059295654,2.1920816898345947,3.229323148727417,3.9940879344940186,-0.008725820109248161,-0.6741282343864441,-0.6072693467140198
23.151840925216675,1.3236204385757446,2.637207508087158,-0.0313487284103536,3.7635109424591064,-3.7137649059295654,2.1746532917022705,3.234894037246704,3.954395055770874,0.0015474308747798204,-0.6741282343864441,-0.6072693467140198
23.201067209243774,1.3396809101104736,2.638742208480835,-0.056586821437396406,3.7635109424591064,-3.7137649059295654,2.158451557159424,3.240262746810913,3.9185903072357178,0.011302857659757137,-0.6741282343864441,-0.6072693467140198
23.250967502593994,1.3578399419784546,2.639737606048584,-0.08266486005388435,3.7635109424591064,-3.7137649059295654,2.1407690048217773,3.2470738887786865,3.8804337978363037,0.02149323932826519,-0.6741282343864441,-0.6072693467140198
23.3002188205719,1.3737843036651611,2.6403677463531494,-0.10761911386887585,3.7635109424591064,-3.7137649059295654,2.1220316886901855,3.2552285194396973,3.841885566711426,0.030524911358952522,-0.6741282343864441,-0.6072693467140198
23.35025429725647,1.3903121948242188,2.640071153640747,-0.1345051977934462,3.7635109424591064,-3.7137649059295654,2.102356433868408,3.2641944885253906,3.800940752029419,0.03653891012072563,-0.6741282343864441,-0.6072693467140198
23.400306940078735,1.4050061702728271,2.640474796295166,-0.16052013002908824,3.7635109424591064,-3.7137649059295654,2.083040952682495,3.273017406463623,3.7577178478240967,0.0383467935025692,-0.6741282343864441,-0.6072693467140198
23.451109170913696,1.4204201698303223,2.6400983333587646,-0.18779600480318323,3.7635109424591064,-3.7137649059295654,2.064685106277466,3.2809927463531494,3.7137057781219482,0.03722882270812988,-0.6741282343864441,-0.6072693467140198
23.500280618667603,1.4342362880706787,2.639683723449707,-0.21503876504159353,3.7635109424591064,-3.7137649059295654,2.0478203296661377,3.288151502609253,3.6700785160064697,0.034045249223709106,-0.6741282343864441,-0.6072693467140198
23.550978899002075,1.4478671550750732,2.6390533447265625,-0.24517331242849297,3.7635109424591064,-3.7137649059295654,2.0313940048217773,3.2937684059143066,3.627277135848999,0.029579902067780495,-0.6741282343864441,-0.6072693467140198
23.600501537322998,1.4600675106048584,2.6384172439575195,-0.2769703482634986,3.7635109424591064,-3.7137649059295654,2.0152413845062256,3.29754900932312,3.5843849182128906,0.023962566629052162,-0.6741282343864441,-0.6072693467140198
23.65105414390564,1.470568060874939,2.6385834217071533,-0.31156124500340576,3.7635109424591064,-3.7137649059295654,1.9993191957473755,3.299250841140747,3.541193962097168,0.016819600015878677,-0.6741282343864441,-0.6072693467140198
23.700976371765137,1.4803422689437866,2.638803005218506,-0.34748302661404473,3.7635109424591064,-3.7137649059295654,1.9821306467056274,3.299020767211914,3.496279239654541,0.006935541518032551,-0.6741282343864441,-0.6072693467140198
23.7513484954834,1.4895410537719727,2.638252019882202,-0.38172039436666755,3.7635109424591064,-3.7137649059295654,1.964738130569458,3.297093629837036,3.4543356895446777,-0.0059739104472100735,-0.6741282343864441,-0.6072693467140198
23.801038026809692,1.4959795475006104,2.6378209590911865,-0.40686080143168074,3.7635109424591064,-3.7137649059295654,1.9519480466842651,3.294846773147583,3.424313545227051,-0.017770802602171898,-0.6741282343864441,-0.6072693467140198
23.850751399993896,1.5064457654953003,2.6369528770446777,-0.4514923744169795,3.7635109424591064,-3.7137649059295654,1.9306674003601074,3.290381908416748,3.3716037273406982,-0.04272129386663437,-0.6741282343864441,-0.6072693467140198
23.90031933784485,1.5137938261032104,2.6362757682800293,-0.4885687090736104,3.7635109424591064,-3.7137649059295654,1.9177488088607788,3.2866082191467285,3.332360029220581,-0.06222245842218399,-0.6741282343864441,-0.6072693467140198
23.95036268234253,1.521343469619751,2.6349408626556396,-0.5249364442092178,3.7635109424591064,-3.7137649059295654,1.9060063362121582,3.2812867164611816,3.291015625,-0.08280821144580841,-0.6741282343864441,-0.6072693467140198
24.000257968902588,1.5281215906143188,2.6336536407470703,-0.5596834624266354,3.7635109424591064,-3.7137649059295654,1.8949764966964722,3.2753758430480957,3.250743865966797,-0.10212153196334839,-0.6741282343864441,-0.6072693467140198
24.050777435302734,1.5349433422088623,2.632166862487793,-0.5963874567216969,3.7635109424591064,-3.7137649059295654,1.8822932243347168,3.270026922225952,3.205916404724121,-0.119022898375988,-0.6741282343864441,-0.6072693467140198
24.100137948989868,1.539695143699646,2.6311328411102295,-0.6234279121123145,3.7635109424591064,-3.7137649059295654,1.872112512588501,3.266939163208008,3.1711764335632324,-0.12821076810359955,-0.6741282343864441,-0.6072693467140198
24.15063762664795,1.5467067956924438,2.6294748783111572,-0.6623520431424798,3.7635109424591064,-3.7137649059295654,1.8542511463165283,3.263437032699585,3.1152989864349365,-0.13784024119377136,-0.6741282343864441,-0.6072693467140198
24.200023889541626,1.5524743795394897,2.6278789043426514,-0.6963068596298747,3.7635109424591064,-3.7137649059295654,1.8393311500549316,3.261894464492798,3.072582960128784,-0.14254240691661835,-0.6741282343864441,-0.6072693467140198
24.250280618667603,1.5580512285232544,2.626213312149048,-0.7304222259358074,3.7635109424591064,-3.7137649059295654,1.823148250579834,3.261272668838501,3.0288665294647217,-0.14563357830047607,-0.6741282343864441,-0.6072693467140198
24.30062484741211,1.5633550882339478,2.6246116161346436,-0.764240011171833,3.7635109424591064,-3.7137649059295654,1.807119607925415,3.261204242706299,2.9890050888061523,-0.14700418710708618,-0.6741282343864441,-0.6072693467140198
24.35067129135132,1.569291114807129,2.6225666999816895,-0.8025857611258279,3.7635109424591064,-3.7137649059295654,1.787867546081543,3.261378765106201,2.946078300476074,-0.14671719074249268,-0.6741282343864441,-0.6072693467140198
24.400245189666748,1.5751210451126099,2.620652914047241,-0.8407664243797619,3.7635109424591064,-3.7137649059295654,1.7679781913757324,3.2618632316589355,2.9061243534088135,-0.14370286464691162,-0.6741282343864441,-0.6072693467140198
24.451776027679443,1.5808439254760742,2.6179120540618896,-0.8786900854354855,3.7635109424591064,-3.7137649059295654,1.746433973312378,3.26336669921875,2.866497755050659,-0.13745927810668945,-0.6741282343864441,-0.6072693467140198
24.500060319900513,1.5862957239151,2.6153271198272705,-0.9166205068663106,3.7635109424591064,-3.7137649059295654,1.7231041193008423,3.26607346534729,2.8263256549835205,-0.12843038141727448,-0.6741282343864441,-0.6072693467140198
24.550623416900635,1.592226505279541,2.6113390922546387,-0.951906773185836,3.7635109424591064,-3.7137649059295654,1.6983271837234497,3.2703185081481934,2.7848753929138184,-0.11778225004673004,-0.6741282343864441,-0.6072693467140198
24.60023808479309,1.5980000495910645,2.607879161834717,-0.9909243341697217,3.7635109424591064,-3.7137649059295654,1.6700999736785889,3.276900053024292,2.741286516189575,-0.1056491807103157,-0.6741282343864441,-0.6072693467140198
24.651904106140137,1.6029473543167114,2.604465961456299,-1.0237145898546642,3.7635109424591064,-3.7137649059295654,1.6429985761642456,3.284841299057007,2.701960563659668,-0.09555906057357788,-0.6741282343864441,-0.6072693467140198
24.70058798789978,1.6081167459487915,2.5999596118927,-1.0563695860058782,3.7635109424591064,-3.7137649059295654,1.6117815971374512,3.2940266132354736,2.658633232116699,-0.08807674795389175,-0.6741282343864441,-0.6072693467140198
24.750824213027954,1.6128742694854736,2.594884157180786,-1.0848977907421067,3.7635109424591064,-3.7137649059295654,1.5799733400344849,3.3032422065734863,2.613379955291748,-0.08489244431257248,-0.6741282343864441,-0.6072693467140198
24.800578594207764,1.6178102493286133,2.589097261428833,-1.1146630318156643,3.7635109424591064,-3.7137649059295654,1.550033688545227,3.3117990493774414,2.5664989948272705,-0.0855686143040657,-0.6741282343864441,-0.6072693467140198
24.85117530822754,1.6223437786102295,2.5830185413360596,-1.1419239953692208,3.7635109424591064,-3.7137649059295654,1.5230672359466553,3.320572853088379,2.519307851791382,-0.08864805847406387,-0.6741282343864441,-0.6072693467140198
24.900711059570312,1.6273469924926758,2.576979398727417,-1.1695232921305954,3.7635109424591064,-3.7137649059295654,1.497166633605957,3.327604293823242,2.4726173877716064,-0.09340144693851471,-0.6741282343864441,-0.6072693467140198
24.95032525062561,1.631956934928894,2.570948362350464,-1.1961048387100774,3.7635109424591064,-3.7137649059295654,1.473802089691162,3.331254005432129,2.42891526222229,-0.098860964179039,-0.6741282343864441,-0.6072693467140198
25.001158714294434,1.6373403072357178,2.5636179447174072,-1.227350054515471,3.7635109424591064,-3.7137649059295654,1.4480173587799072,3.3309404850006104,2.380690336227417,-0.10588535666465759,-0.6741282343864441,-0.6072693467140198
25.051355361938477,1.6422158479690552,2.555222988128662,-1.2551682197121794,3.7635109424591064,-3.7137649059295654,1.4244953393936157,3.3279106616973877,2.335545063018799,-0.11409123986959457,-0.6741282343864441,-0.6072693467140198
25.100883960723877,1.6472028493881226,2.5464532375335693,-1.2827729601772604,3.7635109424591064,-3.7137649059295654,1.4017037153244019,3.3227734565734863,2.2903504371643066,-0.12458572536706924,-0.6741282343864441,-0.6072693467140198
25.150482654571533,1.6519593000411987,2.536998748779297,-1.3085765306502941,3.7635109424591064,-3.7137649059295654,1.3781943321228027,3.315007448196411,2.2422964572906494,-0.1386287659406662,-0.6741282343864441,-0.6072693467140198
25.200724124908447,1.6563825607299805,2.5272955894470215,-1.332859072713834,3.7635109424591064,-3.7137649059295654,1.3579603433609009,3.3060295581817627,2.198376417160034,-0.1534246802330017,-0.6741282343864441,-0.6072693467140198
25.25067377090454,1.6607898473739624,2.5158324241638184,-1.3556503510549716,3.7635109424591064,-3.7137649059295654,1.338322639465332,3.2950501441955566,2.1512720584869385,-0.16999225318431854,-0.6741282343864441,-0.6072693467140198
25.30081081390381,1.6647439002990723,2.5042455196380615,-1.3754766628580763,3.7635109424591064,-3.7137649059295654,1.3215583562850952,3.2829372882843018,2.1048710346221924,-0.18598748743534088,-0.6741282343864441,-0.6072693467140198
25.350518226623535,1.6685975790023804,2.4913530349731445,-1.3932735601528248,3.7635109424591064,-3.7137649059295654,1.307880163192749,3.2692856788635254,2.0558271408081055,-0.20064611732959747,-0.6741282343864441,-0.6072693467140198
25.400376558303833,1.670850157737732,2.4835586547851562,-1.4033479021739004,3.7635109424591064,-3.7137649059295654,1.302139163017273,3.261411666870117,2.0297691822052,-0.20686261355876923,-0.6741282343864441,-0.6072693467140198
25.45124053955078,1.670850157737732,2.4835586547851562,-1.4033479021739004,3.7635109424591064,-3.7137649059295654,1.302139163017273,3.261411666870117,2.0297691822052,-0.20686261355876923,-0.6741282343864441,-0.6072693467140198
25.50076675415039,1.670850157737732,2.4835586547851562,-1.4033479021739004,3.7635109424591064,-3.7137649059295654,1.302139163017273,3.261411666870117,2.0297691822052,-0.20686261355876923,-0.6741282343864441,-0.6072693467140198
25.551310777664185,1.670850157737732,2.4835586547851562,-1.4033479021739004,3.7635109424591064,-3.7137649059295654,1.302139163017273,3.261411666870117,2.0297691822052,-0.20686261355876923,-0.6741282343864441,-0.6072693467140198
25.600672006607056,1.670850157737732,2.4835586547851562,-1.4033479021739004,3.7635109424591064,-3.7137649059295654,1.302139163017273,3.261411666870117,2.0297691822052,-0.20686261355876923,-0.6741282343864441,-0.6072693467140198
25.652234077453613,1.670850157737732,2.4835586547851562,-1.4033479021739004,3.7635109424591064,-3.7137649059295654,1.302139163017273,3.261411666870117,2.0297691822052,-0.20686261355876923,-0.6741282343864441,-0.6072693467140198
25.700996160507202,1.670850157737732,2.4835586547851562,-1.4033479021739004,3.7635109424591064,-3.7137649059295654,1.302139163017273,3.261411666870117,2.0297691822052,-0.20686261355876923,-0.6741282343864441,-0.6072693467140198
25.751339197158813,1.670850157737732,2.4835586547851562,-1.4033479021739004,3.7635109424591064,-3.7137649059295654,1.302139163017273,3.261411666870117,2.0297691822052,-0.20686261355876923,-0.6741282343864441,-0.6072693467140198
25.80063223838806,1.670850157737732,2.4835586547851562,-1.4033479021739004,3.7635109424591064,-3.7137649059295654,1.302139163017273,3.261411666870117,2.0297691822052,-0.20686261355876923,-0.6741282343864441,-0.6072693467140198
25.85025119781494,1.696135401725769,2.325352907180786,-1.475149165483695,3.7635109424591064,-3.7137649059295654,1.2254866361618042,3.138728380203247,1.5959930419921875,-0.2284458428621292,-0.6741282343864441,-0.6072693467140198
25.900563716888428,1.697576642036438,2.3049051761627197,-1.4756527739925016,3.7635109424591064,-3.7137649059295654,1.216401219367981,3.1233580112457275,1.5485740900039673,-0.22467371821403503,-0.6741282343864441,-0.6072693467140198
25.95057511329651,1.6988924741744995,2.283829689025879,-1.4746950250056838,3.7635109424591064,-3.7137649059295654,1.2068010568618774,3.1075222492218018,1.5024173259735107,-0.22074052691459656,-0.6741282343864441,-0.6072693467140198
26.000184774398804,1.7001551389694214,2.262702465057373,-1.4715661564728293,3.7635109424591064,-3.7137649059295654,1.1961174011230469,3.090109348297119,1.454038143157959,-0.21773746609687805,-0.6741282343864441,-0.6072693467140198
26.050432682037354,1.7009776830673218,2.2420568466186523,-1.4659004159088216,3.7635109424591064,-3.7137649059295654,1.1851727962493896,3.074458122253418,1.4080899953842163,-0.2172216922044754,-0.6741282343864441,-0.6072693467140198
26.100415468215942,1.7017499208450317,2.222022771835327,-1.4581931772064536,3.7635109424591064,-3.7137649059295654,1.171724557876587,3.0583977699279785,1.3570048809051514,-0.22012127935886383,-0.6741282343864441,-0.6072693467140198
26.150614261627197,1.702389121055603,2.2049500942230225,-1.4497944491757535,3.7635109424591064,-3.7137649059295654,1.1596544981002808,3.0441877841949463,1.3104581832885742,-0.22533079981803894,-0.6741282343864441,-0.6072693467140198
26.200913906097412,1.703036904335022,2.1841976642608643,-1.4370812336628767,3.7635109424591064,-3.7137649059295654,1.146377444267273,3.0233044624328613,1.2536427974700928,-0.23456762731075287,-0.6741282343864441,-0.6072693467140198
26.250524759292603,1.7038021087646484,2.1665642261505127,-1.4249674385729385,3.7635109424591064,-3.7137649059295654,1.1372648477554321,3.0009734630584717,1.204695463180542,-0.2444504052400589,-0.6741282343864441,-0.6072693467140198
26.300339460372925,1.7044621706008911,2.1497843265533447,-1.4122663838003682,3.7635109424591064,-3.7137649059295654,1.1303871870040894,2.976107358932495,1.1568249464035034,-0.2549569308757782,-0.6741282343864441,-0.6072693467140198
26.35097599029541,1.705529808998108,2.135530710220337,-1.4019203180529383,3.7635109424591064,-3.7137649059295654,1.1246020793914795,2.951539993286133,1.1124210357666016,-0.26500701904296875,-0.6741282343864441,-0.6072693467140198
26.400348663330078,1.7071634531021118,2.1180951595306396,-1.3897602611115218,3.7635109424591064,-3.7137649059295654,1.1183971166610718,2.92276668548584,1.0634331703186035,-0.2766541838645935,-0.6741282343864441,-0.6072693467140198
26.450819730758667,1.7085896730422974,2.1034305095672607,-1.379605376574534,3.7635109424591064,-3.7137649059295654,1.1131246089935303,2.8950212001800537,1.019938588142395,-0.2885938882827759,-0.6741282343864441,-0.6072693467140198
26.500208854675293,1.7103649377822876,2.0871341228485107,-1.3679143420516808,3.7635109424591064,-3.7137649059295654,1.1086487770080566,2.8623738288879395,0.9715369939804077,-0.3046847879886627,-0.6741282343864441,-0.6072693467140198
26.551260471343994,1.7122442722320557,2.0717215538024902,-1.3578157984003967,3.7635109424591064,-3.7137649059295654,1.1066004037857056,2.830232620239258,0.9256246089935303,-0.3218251168727875,-0.6741282343864441,-0.6072693467140198
26.60081648826599,1.7141975164413452,2.056122303009033,-1.3474189257793288,3.7635109424591064,-3.7137649059295654,1.106662631034851,2.79607892036438,0.8800217509269714,-0.33926060795783997,-0.6741282343864441,-0.6072693467140198
26.651298761367798,1.7161827087402344,2.040590763092041,-1.336674301831547,3.7635109424591064,-3.7137649059295654,1.108343482017517,2.7563424110412598,0.8339160084724426,-0.35621100664138794,-0.6741282343864441,-0.6072693467140198
26.700657844543457,1.718388557434082,2.0250070095062256,-1.325532977593638,3.7635109424591064,-3.7137649059295654,1.1106024980545044,2.7177248001098633,0.7916637063026428,-0.36837175488471985,-0.6741282343864441,-0.6072693467140198
26.75089454650879,1.7204763889312744,2.0096189975738525,-1.3148919621478146,3.7635109424591064,-3.7137649059295654,1.1124581098556519,2.676091194152832,0.7445024847984314,-0.3774626553058624,-0.6741282343864441,-0.6072693467140198
26.801057815551758,1.7228692770004272,1.9941315650939941,-1.3037205786761374,3.7635109424591064,-3.7137649059295654,1.1120662689208984,2.6311841011047363,0.693275511264801,-0.3833370804786682,-0.6741282343864441,-0.6072693467140198
26.85175919532776,1.7252558469772339,1.978851079940796,-1.2913458182936914,3.7635109424591064,-3.7137649059295654,1.1085407733917236,2.5873968601226807,0.6452603936195374,-0.386608362197876,-0.6741282343864441,-0.6072693467140198
26.900538206100464,1.7276445627212524,1.9639849662780762,-1.2797318466599867,3.7635109424591064,-3.7137649059295654,1.1034724712371826,2.544769763946533,0.6012404561042786,-0.3882486820220947,-0.6741282343864441,-0.6072693467140198
26.950066089630127,1.730271816253662,1.9494467973709106,-1.268278551880875,3.7635109424591064,-3.7137649059295654,1.0965937376022339,2.4997713565826416,0.5556365251541138,-0.38880959153175354,-0.6741282343864441,-0.6072693467140198
27.000251293182373,1.733098030090332,1.9354935884475708,-1.2562948136258096,3.7635109424591064,-3.7137649059295654,1.0875043869018555,2.452195882797241,0.5075085759162903,-0.3880217373371124,-0.6741282343864441,-0.6072693467140198
27.051172018051147,1.7358094453811646,1.9216845035552979,-1.2430315930758404,3.7635109424591064,-3.7137649059295654,1.0780123472213745,2.4081318378448486,0.4646034836769104,-0.3864452838897705,-0.6741282343864441,-0.6072693467140198
27.10040855407715,1.738470435142517,1.9081817865371704,-1.229121918472092,3.7635109424591064,-3.7137649059295654,1.066575050354004,2.3599066734313965,0.42009779810905457,-0.3830256164073944,-0.6741282343864441,-0.6072693467140198
27.150208711624146,1.7412363290786743,1.8957560062408447,-1.2146821778022199,3.7635109424591064,-3.7137649059295654,1.0546574592590332,2.313210964202881,0.3789631128311157,-0.37798553705215454,-0.6741282343864441,-0.6072693467140198
27.20045804977417,1.7440822124481201,1.8819692134857178,-1.1975922648055752,3.7635109424591064,-3.7137649059295654,1.0388541221618652,2.2579071521759033,0.3301542103290558,-0.3695921301841736,-0.6741282343864441,-0.6072693467140198
27.250579118728638,1.7471280097961426,1.8689305782318115,-1.1811981408720762,3.7635109424591064,-3.7137649059295654,1.0248068571090698,2.211289405822754,0.28962114453315735,-0.360662579536438,-0.6741282343864441,-0.6072693467140198
27.301174879074097,1.7505189180374146,1.8553274869918823,-1.1647887613323429,3.7635109424591064,-3.7137649059295654,1.009577751159668,2.159255027770996,0.24710112810134888,-0.34955519437789917,-0.6741282343864441,-0.6072693467140198
27.35097646713257,1.7543094158172607,1.8413748741149902,-1.1479848674664015,3.7635109424591064,-3.7137649059295654,0.997981607913971,2.1121034622192383,0.20833003520965576,-0.3391305208206177,-0.6741282343864441,-0.6072693467140198
27.400833129882812,1.7584140300750732,1.8273042440414429,-1.1311320502771762,3.7635109424591064,-3.7137649059295654,0.9884148836135864,2.058295726776123,0.16169577836990356,-0.3293960988521576,-0.6741282343864441,-0.6072693467140198
27.450687885284424,1.7628573179244995,1.8128445148468018,-1.114650542704881,3.7635109424591064,-3.7137649059295654,0.9830527901649475,2.0106117725372314,0.11705610901117325,-0.32372885942459106,-0.6741282343864441,-0.6072693467140198
27.50065326690674,1.7675185203552246,1.7987186908721924,-1.0974944652148722,3.7635109424591064,-3.7137649059295654,0.9795871376991272,1.9606050252914429,0.06923428922891617,-0.3196828067302704,-0.6741282343864441,-0.6072693467140198
27.55042791366577,1.7724031209945679,1.7847447395324707,-1.0798465651476048,3.7635109424591064,-3.7137649059295654,0.9776500463485718,1.9109830856323242,0.021944189444184303,-0.31673213839530945,-0.6741282343864441,-0.6072693467140198
27.601747751235962,1.7774070501327515,1.7710729837417603,-1.0611662115320033,3.7635109424591064,-3.7137649059295654,0.9771021008491516,1.8613927364349365,-0.02486381307244301,-0.3141629993915558,-0.6741282343864441,-0.6072693467140198
27.65050196647644,1.7817384004592896,1.7596460580825806,-1.0451446252722523,3.7635109424591064,-3.7137649059295654,0.9784464836120605,1.8167681694030762,-0.06662912666797638,-0.31206491589546204,-0.6741282343864441,-0.6072693467140198
27.701761960983276,1.7873369455337524,1.7456263303756714,-1.0258494031771646,3.7635109424591064,-3.7137649059295654,0.9825341105461121,1.7608144283294678,-0.11909390240907669,-0.31018611788749695,-0.6741282343864441,-0.6072693467140198
27.7517192363739,1.7916380167007446,1.736116647720337,-1.012409835414075,3.7635109424591064,-3.7137649059295654,0.9876291155815125,1.7213081121444702,-0.15621301531791687,-0.30991238355636597,-0.6741282343864441,-0.6072693467140198
27.80085039138794,1.7981929779052734,1.7216124534606934,-0.9912317357627367,3.7635109424591064,-3.7137649059295654,0.998630940914154,1.6588062047958374,-0.21531236171722412,-0.3123333156108856,-0.6741282343864441,-0.6072693467140198
27.85010075569153,1.8036378622055054,1.709989309310913,-0.9726733042629382,3.7635109424591064,-3.7137649059295654,1.0092908143997192,1.608280897140503,-0.26473498344421387,-0.3164118528366089,-0.6741282343864441,-0.6072693467140198
27.900310754776,1.809012532234192,1.698547124862671,-0.953985917834329,3.7635109424591064,-3.7137649059295654,1.0195180177688599,1.558828592300415,-0.31578412652015686,-0.3209586441516876,-0.6741282343864441,-0.6072693467140198
27.951209545135498,1.814715027809143,1.6873323917388916,-0.9363043767191888,3.7635109424591064,-3.7137649059295654,1.0280041694641113,1.5086196660995483,-0.36669033765792847,-0.32564303278923035,-0.6741282343864441,-0.6072693467140198
28.002013206481934,1.820308804512024,1.676309585571289,-0.9173266836548052,3.7635109424591064,-3.7137649059295654,1.034246563911438,1.459471583366394,-0.4152577817440033,-0.3305957019329071,-0.6741282343864441,-0.6072693467140198
28.050798654556274,1.8259927034378052,1.6652629375457764,-0.8970945899422043,3.7635109424591064,-3.7137649059295654,1.0392588376998901,1.41197669506073,-0.4641839265823364,-0.33272185921669006,-0.6741282343864441,-0.6072693467140198
28.100620985031128,1.8308111429214478,1.656535267829895,-0.8798983890327654,3.7635109424591064,-3.7137649059295654,1.0432409048080444,1.376540184020996,-0.5034989714622498,-0.3305170238018036,-0.6741282343864441,-0.6072693467140198
28.15242838859558,1.8386472463607788,1.6427193880081177,-0.8527768828036424,3.7635109424591064,-3.7137649059295654,1.0506995916366577,1.3219646215438843,-0.5648670792579651,-0.32048988342285156,-0.6741282343864441,-0.6072693467140198
28.201582670211792,1.8455123901367188,1.6312098503112793,-0.8303521803549395,3.7635109424591064,-3.7137649059295654,1.0576492547988892,1.2767086029052734,-0.61351078748703,-0.30714502930641174,-0.6741282343864441,-0.6072693467140198
28.25072717666626,1.8527222871780396,1.619621992111206,-0.8084736544268742,3.7635109424591064,-3.7137649059295654,1.064459204673767,1.230493426322937,-0.6593763828277588,-0.29126688838005066,-0.6741282343864441,-0.6072693467140198
28.30078649520874,1.8603674173355103,1.6081006526947021,-0.7857776355399545,3.7635109424591064,-3.7137649059295654,1.0708210468292236,1.1840384006500244,-0.7024369239807129,-0.2740479111671448,-0.6741282343864441,-0.6072693467140198
28.35128116607666,1.8679907321929932,1.5969029664993286,-0.7622985227214083,3.7635109424591064,-3.7137649059295654,1.075899362564087,1.1372957229614258,-0.7436116933822632,-0.25543203949928284,-0.6741282343864441,-0.6072693467140198
28.400421380996704,1.8751111030578613,1.5868319272994995,-0.7394350655273075,3.7635109424591064,-3.7137649059295654,1.0805954933166504,1.0928179025650024,-0.781240701675415,-0.23652085661888123,-0.6741282343864441,-0.6072693467140198
28.45024824142456,1.8827112913131714,1.5762269496917725,-0.7131703532066517,3.7635109424591064,-3.7137649059295654,1.0867938995361328,1.040078043937683,-0.8232991099357605,-0.2124628722667694,-0.6741282343864441,-0.6072693467140198
28.500754833221436,1.8889657258987427,1.5672301054000854,-0.6874222074177936,3.7635109424591064,-3.7137649059295654,1.092631220817566,0.998745858669281,-0.8541985750198364,-0.19134016335010529,-0.6741282343864441,-0.6072693467140198
28.550685167312622,1.895395040512085,1.5577164888381958,-0.6561431976357791,3.7635109424591064,-3.7137649059295654,1.1014786958694458,0.9504199028015137,-0.8881493806838989,-0.1648261398077011,-0.6741282343864441,-0.6072693467140198
28.601009130477905,1.9012432098388672,1.5493515729904175,-0.625232049292185,3.7635109424591064,-3.7137649059295654,1.1120564937591553,0.9048407077789307,-0.9187907576560974,-0.1382068246603012,-0.6741282343864441,-0.6072693467140198
28.650705337524414,1.906982183456421,1.541432499885559,-0.593154014444144,3.7635109424591064,-3.7137649059295654,1.1251587867736816,0.8569260835647583,-0.94732666015625,-0.11005324125289917,-0.6741282343864441,-0.6072693467140198
28.70057964324951,1.9125581979751587,1.534014105796814,-0.5606801910514734,3.7635109424591064,-3.7137649059295654,1.1377947330474854,0.8151903748512268,-0.9709053039550781,-0.0860135406255722,-0.6741282343864441,-0.6072693467140198
28.750441312789917,1.9183779954910278,1.527415156364441,-0.5296882150150444,3.7635109424591064,-3.7137649059295654,1.151128888130188,0.7715264558792114,-0.9974408149719238,-0.06065304949879646,-0.6741282343864441,-0.6072693467140198
28.801177501678467,1.9242035150527954,1.520880103111267,-0.4989839474176921,3.7635109424591064,-3.7137649059295654,1.1633882522583008,0.7327858805656433,-1.0229039192199707,-0.03902052715420723,-0.6741282343864441,-0.6072693467140198
28.85106110572815,1.931767225265503,1.5128867626190186,-0.4613518902420159,3.7635109424591064,-3.7137649059295654,1.180296778678894,0.6841678023338318,-1.0561108589172363,-0.014953949488699436,-0.6741282343864441,-0.6072693467140198
28.901258945465088,1.9392343759536743,1.505723237991333,-0.4266571435493659,3.7635109424591064,-3.7137649059295654,1.1972182989120483,0.640645444393158,-1.084999918937683,0.0034780921414494514,-0.6741282343864441,-0.6072693467140198
28.950371980667114,1.9462991952896118,1.4993387460708618,-0.39502051444623637,3.7635109424591064,-3.7137649059295654,1.21438729763031,0.6022797226905823,-1.1095528602600098,0.018074210733175278,-0.6741282343864441,-0.6072693467140198
29.000600814819336,1.9558964967727661,1.491248369216919,-0.35348595409699046,3.7635109424591064,-3.7137649059295654,1.2385673522949219,0.5545452833175659,-1.1391314268112183,0.03565648943185806,-0.6741282343864441,-0.6072693467140198
29.050422430038452,1.9652272462844849,1.4840669631958008,-0.3150823347585354,3.7635109424591064,-3.7137649059295654,1.2615607976913452,0.5109374523162842,-1.1652520895004272,0.051778730005025864,-0.6741282343864441,-0.6072693467140198
29.10109853744507,1.9750099182128906,1.4769693613052368,-0.27602509489002863,3.7635109424591064,-3.7137649059295654,1.2843992710113525,0.46692314743995667,-1.1912567615509033,0.06839075684547424,-0.6741282343864441,-0.6072693467140198
29.150829553604126,1.9854177236557007,1.4701206684112549,-0.23648243442899522,3.7635109424591064,-3.7137649059295654,1.3051258325576782,0.4224749505519867,-1.218267798423767,0.0844920352101326,-0.6741282343864441,-0.6072693467140198
29.202104091644287,1.9963029623031616,1.4641239643096924,-0.19619761398971927,3.7635109424591064,-3.7137649059295654,1.3219976425170898,0.37974196672439575,-1.2453687191009521,0.09898141771554947,-0.6741282343864441,-0.6072693467140198
29.254334449768066,2.0080726146698,1.4574531316757202,-0.15550770840289602,3.7635109424591064,-3.7137649059295654,1.3384463787078857,0.32815858721733093,-1.2784152030944824,0.11659130454063416,-0.6741282343864441,-0.6072693467140198
29.307763814926147,2.020388603210449,1.4518792629241943,-0.1120735937190746,3.7635109424591064,-3.7137649059295654,1.3507131338119507,0.28194892406463623,-1.3083045482635498,0.1317152976989746,-0.6741282343864441,-0.6072693467140198
29.351049184799194,2.031989336013794,1.4463709592819214,-0.07378469866363836,3.7635109424591064,-3.7137649059295654,1.3612302541732788,0.23838533461093903,-1.3361607789993286,0.14476464688777924,-0.6741282343864441,-0.6072693467140198
29.400498628616333,2.0447185039520264,1.4417825937271118,-0.034304324183763994,3.7635109424591064,-3.7137649059295654,1.3709887266159058,0.19207201898097992,-1.3633809089660645,0.1589116007089615,-0.6741282343864441,-0.6072693467140198
29.45290184020996,2.057234764099121,1.437476396560669,0.0035430621714623613,3.7635109424591064,-3.7137649059295654,1.3799208402633667,0.14470574259757996,-1.3861569166183472,0.17416414618492126,-0.6741282343864441,-0.6072693467140198
29.50127863883972,2.069772958755493,1.4339030981063843,0.04200965159661224,3.7635109424591064,-3.7137649059295654,1.3879491090774536,0.09421531856060028,-1.404296636581421,0.1897762268781662,-0.6741282343864441,-0.6072693467140198
29.55174994468689,2.0827274322509766,1.430843472480774,0.07818021415281232,3.7635109424591064,-3.7137649059295654,1.3936126232147217,0.04869895428419113,-1.4155404567718506,0.20127058029174805,-0.6741282343864441,-0.6072693467140198
29.600686073303223,2.095716714859009,1.4287797212600708,0.11255635687154122,3.7635109424591064,-3.7137649059295654,1.397709846496582,-0.0002940567210316658,-1.4238052368164062,0.2099565863609314,-0.6741282343864441,-0.6072693467140198
29.650832414627075,2.108471393585205,1.4270066022872925,0.14427126445738914,3.7635109424591064,-3.7137649059295654,1.4003504514694214,-0.053363386541604996,-1.4294742345809937,0.2156790941953659,-0.6741282343864441,-0.6072693467140198
29.701928853988647,2.121464252471924,1.4259642362594604,0.17354195538221492,3.7635109424591064,-3.7137649059295654,1.4020345211029053,-0.10121787339448929,-1.4323909282684326,0.21817618608474731,-0.6741282343864441,-0.6072693467140198
29.751906871795654,2.134551763534546,1.4253467321395874,0.20033612643441695,3.7635109424591064,-3.7137649059295654,1.4042503833770752,-0.1501956582069397,-1.43272066116333,0.21846897900104523,-0.6741282343864441,-0.6072693467140198
29.80085587501526,2.1475424766540527,1.4254258871078491,0.22343029222034352,3.7635109424591064,-3.7137649059295654,1.4072762727737427,-0.1983335018157959,-1.4309600591659546,0.2168092280626297,-0.6741282343864441,-0.6072693467140198
29.852039098739624,2.1611835956573486,1.4257441759109497,0.24656293419651598,3.7635109424591064,-3.7137649059295654,1.4114172458648682,-0.24807590246200562,-1.4270461797714233,0.2136673480272293,-0.6741282343864441,-0.6072693467140198
29.900256395339966,2.174675941467285,1.4270426034927368,0.26597185469655893,3.7635109424591064,-3.7137649059295654,1.415671944618225,-0.29161015152931213,-1.422350287437439,0.20904381573200226,-0.6741282343864441,-0.6072693467140198
29.951348304748535,2.1887567043304443,1.4285633563995361,0.2846723028982734,3.7635109424591064,-3.7137649059295654,1.4200550317764282,-0.3367254436016083,-1.4164512157440186,0.20193687081336975,-0.6741282343864441,-0.6072693467140198
30.00059747695923,2.2023439407348633,1.4304369688034058,0.3003310380141083,3.7635109424591064,-3.7137649059295654,1.42404305934906,-0.3816072642803192,-1.4099516868591309,0.19238945841789246,-0.6741282343864441,-0.6072693467140198
30.052175760269165,2.216245651245117,1.4331530332565308,0.3130598410701442,3.7635109424591064,-3.7137649059295654,1.4280405044555664,-0.42703700065612793,-1.4029958248138428,0.18097876012325287,-0.6741282343864441,-0.6072693467140198
30.100707530975342,2.230339527130127,1.4365617036819458,0.32411582584610293,3.7635109424591064,-3.7137649059295654,1.432957410812378,-0.4732245206832886,-1.395310878753662,0.16810469329357147,-0.6741282343864441,-0.6072693467140198
30.150843858718872,2.244022846221924,1.4396262168884277,0.33287081921403155,3.7635109424591064,-3.7137649059295654,1.4388891458511353,-0.5168777108192444,-1.3871839046478271,0.15456050634384155,-0.6741282343864441,-0.6072693467140198
30.200572729110718,2.259593963623047,1.4437346458435059,0.3412214664435269,3.7635109424591064,-3.7137649059295654,1.4475113153457642,-0.5655809044837952,-1.3780525922775269,0.13872192800045013,-0.6741282343864441,-0.6072693467140198
30.254440784454346,2.275050401687622,1.448183298110962,0.34782064346175867,3.7635109424591064,-3.7137649059295654,1.4572570323944092,-0.6143192648887634,-1.3687442541122437,0.12275192886590958,-0.6741282343864441,-0.6072693467140198
30.301143884658813,2.2909889221191406,1.452991008758545,0.3522904997300373,3.7635109424591064,-3.7137649059295654,1.4658911228179932,-0.6572698354721069,-1.3605070114135742,0.10857348144054413,-0.6741282343864441,-0.6072693467140198
30.351367712020874,2.3074638843536377,1.458096981048584,0.3548400478753286,3.7635109424591064,-3.7137649059295654,1.473753571510315,-0.7020732760429382,-1.3514446020126343,0.09350764751434326,-0.6741282343864441,-0.6072693467140198
30.401242971420288,2.3242874145507812,1.4635257720947266,0.35628717386544434,3.7635109424591064,-3.7137649059295654,1.479153037071228,-0.7471774220466614,-1.3413779735565186,0.0789368748664856,-0.6741282343864441,-0.6072693467140198
30.453192949295044,2.3406412601470947,1.4689998626708984,0.3575426034968076,3.7635109424591064,-3.7137649059295654,1.4808900356292725,-0.795759379863739,-1.3302850723266602,0.0650307685136795,-0.6741282343864441,-0.6072693467140198
30.50101613998413,2.3590457439422607,1.4754638671875,0.35772321509426597,3.7635109424591064,-3.7137649059295654,1.479988694190979,-0.8405078053474426,-1.3204965591430664,0.05398545414209366,-0.6741282343864441,-0.6072693467140198
30.55168604850769,2.375671148300171,1.4812692403793335,0.3578514719466153,3.7635109424591064,-3.7137649059295654,1.477359414100647,-0.8880988359451294,-1.3111423254013062,0.04354466497898102,-0.6741282343864441,-0.6072693467140198
30.600786209106445,2.394273042678833,1.487817406654358,0.35736229535388997,3.7635109424591064,-3.7137649059295654,1.4736981391906738,-0.9387161135673523,-1.302325963973999,0.03368600830435753,-0.6741282343864441,-0.6072693467140198
30.650912761688232,2.4113967418670654,1.4936175346374512,0.3565737091439351,3.7635109424591064,-3.7137649059295654,1.4697264432907104,-0.9817461371421814,-1.2958636283874512,0.026225075125694275,-0.6741282343864441,-0.6072693467140198
30.700605630874634,2.4304358959198,1.5003710985183716,0.35466613857785473,3.7635109424591064,-3.7137649059295654,1.4633885622024536,-1.0364712476730347,-1.2887545824050903,0.017937252297997475,-0.6741282343864441,-0.6072693467140198
30.751814603805542,2.44734525680542,1.5063124895095825,0.35269678594182297,3.7635109424591064,-3.7137649059295654,1.4570422172546387,-1.0801365375518799,-1.2838842868804932,0.011611562222242355,-0.6741282343864441,-0.6072693467140198
30.80170464515686,2.465897560119629,1.5132579803466797,0.3503760679846154,3.7635109424591064,-3.7137649059295654,1.447616457939148,-1.1320223808288574,-1.2785053253173828,0.004545953590422869,-0.6741282343864441,-0.6072693467140198
30.851474285125732,2.4835803508758545,1.5196400880813599,0.3473626144174449,3.7635109424591064,-3.7137649059295654,1.4367139339447021,-1.1814067363739014,-1.2729040384292603,-0.0011649357620626688,-0.6741282343864441,-0.6072693467140198
30.901468992233276,2.4998738765716553,1.5254974365234375,0.34339416545005874,3.7635109424591064,-3.7137649059295654,1.4237362146377563,-1.2336704730987549,-1.2674072980880737,-0.005856410134583712,-0.6741282343864441,-0.6072693467140198
30.95065951347351,2.51617169380188,1.5310910940170288,0.34119913248247824,3.7635109424591064,-3.7137649059295654,1.4121259450912476,-1.2786369323730469,-1.2627110481262207,-0.009242048487067223,-0.6741282343864441,-0.6072693467140198
31.000720739364624,2.5319597721099854,1.5364612340927124,0.33851745754459106,3.7635109424591064,-3.7137649059295654,1.4012328386306763,-1.3257924318313599,-1.2585474252700806,-0.012118017300963402,-0.6741282343864441,-0.6072693467140198
31.051112413406372,2.5468740463256836,1.5415102243423462,0.3347801969593605,3.7635109424591064,-3.7137649059295654,1.3917537927627563,-1.3729841709136963,-1.2545859813690186,-0.014660147950053215,-0.6741282343864441,-0.6072693467140198
31.10077214241028,2.561692714691162,1.5467039346694946,0.3311724925499576,3.7635109424591064,-3.7137649059295654,1.3839366436004639,-1.4204543828964233,-1.2504866123199463,-0.017137695103883743,-0.6741282343864441,-0.6072693467140198
31.150505781173706,2.5763943195343018,1.551925778388977,0.327619421159465,3.7635109424591064,-3.7137649059295654,1.377442717552185,-1.4679009914398193,-1.2456409931182861,-0.019806625321507454,-0.6741282343864441,-0.6072693467140198
31.20076012611389,2.5913729667663574,1.5570042133331299,0.32260125490655644,3.7635109424591064,-3.7137649059295654,1.3716892004013062,-1.515627145767212,-1.2392191886901855,-0.02273283526301384,-0.6741282343864441,-0.6072693467140198
31.2520489692688,2.6062941551208496,1.5624613761901855,0.31814079487581,3.7635109424591064,-3.7137649059295654,1.3662645816802979,-1.563974142074585,-1.2297675609588623,-0.026059824973344803,-0.6741282343864441,-0.6072693467140198
31.300675630569458,2.6212880611419678,1.5675463676452637,0.3128848098615392,3.7635109424591064,-3.7137649059295654,1.360983967781067,-1.6156684160232544,-1.2181025743484497,-0.028817472979426384,-0.6741282343864441,-0.6072693467140198
31.352973461151123,2.637585401535034,1.5732030868530273,0.3056453619387218,3.7635109424591064,-3.7137649059295654,1.3570897579193115,-1.6621687412261963,-1.2063953876495361,-0.029956771060824394,-0.6741282343864441,-0.6072693467140198
31.40032148361206,2.653578996658325,1.57840895652771,0.29850338551870714,3.7635109424591064,-3.7137649059295654,1.3544273376464844,-1.7117329835891724,-1.1936291456222534,-0.02947370707988739,-0.6741282343864441,-0.6072693467140198
31.45154571533203,2.6697616577148438,1.5837482213974,0.2915416263733428,3.7635109424591064,-3.7137649059295654,1.353460669517517,-1.76174795627594,-1.180209994316101,-0.027787072584033012,-0.6741282343864441,-0.6072693467140198
31.501139163970947,2.6863038539886475,1.589106559753418,0.2838402816931852,3.7635109424591064,-3.7137649059295654,1.3538336753845215,-1.8110100030899048,-1.1656994819641113,-0.025548070669174194,-0.6741282343864441,-0.6072693467140198
31.551777601242065,2.703148126602173,1.594512939453125,0.27461969536615166,3.7635109424591064,-3.7137649059295654,1.354443907737732,-1.85863196849823,-1.150217056274414,-0.02281784638762474,-0.6741282343864441,-0.6072693467140198
31.60084629058838,2.7201879024505615,1.599897861480713,0.26433680859959596,3.7635109424591064,-3.7137649059295654,1.3530553579330444,-1.9053996801376343,-1.1341488361358643,-0.019696099683642387,-0.6741282343864441,-0.6072693467140198
31.65135908126831,2.736984968185425,1.6051092147827148,0.2514617366924663,3.7635109424591064,-3.7137649059295654,1.3490315675735474,-1.9513657093048096,-1.1172631978988647,-0.015820255503058434,-0.6741282343864441,-0.6072693467140198
31.700018405914307,2.75339412689209,1.6103583574295044,0.2379317811626437,3.7635109424591064,-3.7137649059295654,1.3426203727722168,-1.9985730648040771,-1.0982011556625366,-0.01080933678895235,-0.6741282343864441,-0.6072693467140198
31.750871896743774,2.7718915939331055,1.6154563426971436,0.22793344297964585,3.7635109424591064,-3.7137649059295654,1.3365780115127563,-2.0390701293945312,-1.0806190967559814,-0.005480809137225151,-0.6741282343864441,-0.6072693467140198
31.800308227539062,2.788318157196045,1.620158314704895,0.21462040228432136,3.7635109424591064,-3.7137649059295654,1.3303402662277222,-2.0811758041381836,-1.0608277320861816,0.0012441903818398714,-0.6741282343864441,-0.6072693467140198
31.85046672821045,2.8053722381591797,1.624527096748352,0.20304888848602426,3.7635109424591064,-3.7137649059295654,1.3238575458526611,-2.126075029373169,-1.038791537284851,0.009496019221842289,-0.6741282343864441,-0.6072693467140198
31.901466131210327,2.821500062942505,1.628798484802246,0.1937042195287882,3.7635109424591064,-3.7137649059295654,1.3179124593734741,-2.166543483734131,-1.0181540250778198,0.017698772251605988,-0.6741282343864441,-0.6072693467140198
31.950671195983887,2.840048313140869,1.6329573392868042,0.18060039654991156,3.7635109424591064,-3.7137649059295654,1.311425805091858,-2.2120258808135986,-0.9944720268249512,0.027315331622958183,-0.6741282343864441,-0.6072693467140198
32.0013062953949,2.855581283569336,1.6366251707077026,0.17154677973091548,3.7635109424591064,-3.7137649059295654,1.3046165704727173,-2.2525813579559326,-0.9728574156761169,0.03550320863723755,-0.6741282343864441,-0.6072693467140198
32.050877809524536,2.871135950088501,1.6398409605026245,0.16245171219813226,3.7635109424591064,-3.7137649059295654,1.2968649864196777,-2.2934811115264893,-0.9510414600372314,0.04319251701235771,-0.6741282343864441,-0.6072693467140198
32.10046124458313,2.8894553184509277,1.6429091691970825,0.14925160050839772,3.7635109424591064,-3.7137649059295654,1.287172555923462,-2.341601848602295,-0.9241539239883423,0.051917899399995804,-0.6741282343864441,-0.6072693467140198
32.15050148963928,2.905773401260376,1.6460767984390259,0.13840772629202786,3.7635109424591064,-3.7137649059295654,1.280608892440796,-2.381680488586426,-0.9006566405296326,0.05858898535370827,-0.6741282343864441,-0.6072693467140198
32.20060396194458,2.922072172164917,1.6489853858947754,0.1279757208373642,3.7635109424591064,-3.7137649059295654,1.2758160829544067,-2.42392635345459,-0.8756925463676453,0.0646786168217659,-0.6741282343864441,-0.6072693467140198
32.25168299674988,2.93687105178833,1.6517608165740967,0.11937695628094243,3.7635109424591064,-3.7137649059295654,1.2743544578552246,-2.4666106700897217,-0.8505672812461853,0.06978316605091095,-0.6741282343864441,-0.6072693467140198
32.30070161819458,2.954871892929077,1.6538667678833008,0.10799332931547233,3.7635109424591064,-3.7137649059295654,1.2763172388076782,-2.5094783306121826,-0.8252366781234741,0.07353346049785614,-0.6741282343864441,-0.6072693467140198
32.35101079940796,2.9716336727142334,1.6561522483825684,0.09750853561840306,3.7635109424591064,-3.7137649059295654,1.2812923192977905,-2.55299973487854,-0.7992075085639954,0.07555367797613144,-0.6741282343864441,-0.6072693467140198
32.401118993759155,2.988135576248169,1.658071517944336,0.08754040043528447,3.7635109424591064,-3.7137649059295654,1.2875328063964844,-2.5889017581939697,-0.7770950198173523,0.07567982375621796,-0.6741282343864441,-0.6072693467140198
32.4512722492218,3.0047035217285156,1.6601063013076782,0.07840154048851317,3.7635109424591064,-3.7137649059295654,1.2955080270767212,-2.623241424560547,-0.7561488747596741,0.07435710728168488,-0.6741282343864441,-0.6072693467140198
32.50353384017944,3.0199644565582275,1.6616050004959106,0.0702780286169988,3.7635109424591064,-3.7137649059295654,1.3041678667068481,-2.6541082859039307,-0.7373863458633423,0.072696752846241,-0.6741282343864441,-0.6072693467140198
32.5518262386322,3.036708354949951,1.663237452507019,0.0620511310286646,3.7635109424591064,-3.7137649059295654,1.3130558729171753,-2.682035207748413,-0.719693660736084,0.0712798461318016,-0.6741282343864441,-0.6072693467140198
32.600648403167725,3.051997423171997,1.664555549621582,0.054223154393784105,3.7635109424591064,-3.7137649059295654,1.3213576078414917,-2.706608772277832,-0.7014769911766052,0.0698322281241417,-0.6741282343864441,-0.6072693467140198
32.65136194229126,3.0669562816619873,1.6660634279251099,0.046336193845452844,3.7635109424591064,-3.7137649059295654,1.329079031944275,-2.7276296615600586,-0.6817762851715088,0.06828488409519196,-0.6741282343864441,-0.6072693467140198
32.7000687122345,3.0815813541412354,1.667051911354065,0.03904178602065714,3.7635109424591064,-3.7137649059295654,1.337659478187561,-2.746225595474243,-0.6604467630386353,0.06620194762945175,-0.6741282343864441,-0.6072693467140198
32.75048279762268,3.0966641902923584,1.6680949926376343,0.03199964006530455,3.7635109424591064,-3.7137649059295654,1.3459917306900024,-2.7637875080108643,-0.6365369558334351,0.06276950240135193,-0.6741282343864441,-0.6072693467140198
32.800114154815674,3.1088979244232178,1.6688286066055298,0.02620194797012335,3.7635109424591064,-3.7137649059295654,1.3509455919265747,-2.777625799179077,-0.6156740188598633,0.059252142906188965,-0.6741282343864441,-0.6072693467140198
32.852062940597534,3.1236636638641357,1.6695923805236816,0.01966051357145221,3.7635109424591064,-3.7137649059295654,1.3553825616836548,-2.7948708534240723,-0.5890490412712097,0.05386318638920784,-0.6741282343864441,-0.6072693467140198
32.90119767189026,3.136840343475342,1.6704473495483398,0.0125507893496477,3.7635109424591064,-3.7137649059295654,1.3582777976989746,-2.8096139430999756,-0.567344605922699,0.048425547778606415,-0.6741282343864441,-0.6072693467140198
32.95024061203003,3.1519060134887695,1.6713535785675049,0.004128114106822856,3.7635109424591064,-3.7137649059295654,1.3610368967056274,-2.8276493549346924,-0.5395195484161377,0.04025861993432045,-0.6741282343864441,-0.6072693467140198
33.00194501876831,3.1664111614227295,1.6718794107437134,-0.0035307984058888554,3.7635109424591064,-3.7137649059295654,1.362389326095581,-2.841948986053467,-0.5130565166473389,0.031673867255449295,-0.6741282343864441,-0.6072693467140198
33.05036187171936,3.181520462036133,1.672225832939148,-0.012019426524597423,3.7635109424591064,-3.7137649059295654,1.3625569343566895,-2.8532302379608154,-0.4876297116279602,0.022930480539798737,-0.6741282343864441,-0.6072693467140198
33.100708961486816,3.1973764896392822,1.6724110841751099,-0.020550530853464123,3.7635109424591064,-3.7137649059295654,1.3617489337921143,-2.863138198852539,-0.46037256717681885,0.013003991916775703,-0.6741282343864441,-0.6072693467140198
33.150684118270874,3.213768720626831,1.672344446182251,-0.028670043965477288,3.7635109424591064,-3.7137649059295654,1.3605914115905762,-2.8724656105041504,-0.4332335591316223,0.0027377631049603224,-0.6741282343864441,-0.6072693467140198
33.200642347335815,3.230760097503662,1.672277569770813,-0.03791609845720598,3.7635109424591064,-3.7137649059295654,1.3609205484390259,-2.8808987140655518,-0.40437835454940796,-0.007568931207060814,-0.6741282343864441,-0.6072693467140198
33.25063705444336,3.248162031173706,1.6719657182693481,-0.046928727865184997,3.7635109424591064,-3.7137649059295654,1.361910343170166,-2.8862664699554443,-0.37347063422203064,-0.018127944320440292,-0.6741282343864441,-0.6072693467140198
33.300593852996826,3.2660460472106934,1.6714555025100708,-0.055255507979110254,3.7635109424591064,-3.7137649059295654,1.3617608547210693,-2.8888332843780518,-0.3405277132987976,-0.028232892975211143,-0.6741282343864441,-0.6072693467140198
33.349933385849,3.283987522125244,1.670872688293457,-0.06372430110251177,3.7635109424591064,-3.7137649059295654,1.3603947162628174,-2.8879880905151367,-0.3069358468055725,-0.037369683384895325,-0.6741282343864441,-0.6072693467140198
33.401761054992676,3.3021798133850098,1.670093297958374,-0.0715315612126315,3.7635109424591064,-3.7137649059295654,1.3583879470825195,-2.8841052055358887,-0.2735251784324646,-0.04498567432165146,-0.6741282343864441,-0.6072693467140198
33.45055079460144,3.3201284408569336,1.669413447380066,-0.07966919456043715,3.7635109424591064,-3.7137649059295654,1.3562567234039307,-2.8771584033966064,-0.2406717836856842,-0.05136570706963539,-0.6741282343864441,-0.6072693467140198
33.50157833099365,3.338146448135376,1.6685532331466675,-0.0873627022392721,3.7635109424591064,-3.7137649059295654,1.3537275791168213,-2.868173122406006,-0.20838961005210876,-0.05693725124001503,-0.6741282343864441,-0.6072693467140198
33.55083703994751,3.3558833599090576,1.667711615562439,-0.09459838654174914,3.7635109424591064,-3.7137649059295654,1.3506203889846802,-2.8565855026245117,-0.17644761502742767,-0.06108569726347923,-0.6741282343864441,-0.6072693467140198
33.60101819038391,3.3736610412597656,1.6667413711547852,-0.10149546758907942,3.7635109424591064,-3.7137649059295654,1.347469687461853,-2.843395471572876,-0.15045787394046783,-0.06323646008968353,-0.6741282343864441,-0.6072693467140198
33.65029335021973,3.391486167907715,1.6655290126800537,-0.10640947710202601,3.7635109424591064,-3.7137649059295654,1.3438324928283691,-2.827371835708618,-0.12505732476711273,-0.06440108269453049,-0.6741282343864441,-0.6072693467140198
33.700316190719604,3.4092540740966797,1.663755178451538,-0.11034765618579571,3.7635109424591064,-3.7137649059295654,1.3394384384155273,-2.8083510398864746,-0.10005919635295868,-0.06510096788406372,-0.6741282343864441,-0.6072693467140198
33.751439571380615,3.4270665645599365,1.661717176437378,-0.11403355431065448,3.7635109424591064,-3.7137649059295654,1.334702730178833,-2.7897865772247314,-0.07778143882751465,-0.06594248116016388,-0.6741282343864441,-0.6072693467140198
33.80130386352539,3.4448254108428955,1.6594377756118774,-0.11682652741016755,3.7635109424591064,-3.7137649059295654,1.3296586275100708,-2.7692155838012695,-0.053549669682979584,-0.06750331819057465,-0.6741282343864441,-0.6072693467140198
33.8500874042511,3.4617817401885986,1.6572626829147339,-0.11871398200938936,3.7635109424591064,-3.7137649059295654,1.3254196643829346,-2.7474582195281982,-0.029629291966557503,-0.06904974579811096,-0.6741282343864441,-0.6072693467140198
33.90039372444153,3.4802961349487305,1.6547355651855469,-0.12180066277954117,3.7635109424591064,-3.7137649059295654,1.321223497390747,-2.721362352371216,-0.00280078686773777,-0.06983958929777145,-0.6741282343864441,-0.6072693467140198
33.950368881225586,3.4980506896972656,1.6524139642715454,-0.1244350152713649,3.7635109424591064,-3.7137649059295654,1.318011999130249,-2.6956193447113037,0.02349206432700157,-0.06928902119398117,-0.6741282343864441,-0.6072693467140198
34.00308394432068,3.515449285507202,1.6502975225448608,-0.12765074678894298,3.7635109424591064,-3.7137649059295654,1.3159918785095215,-2.6715621948242188,0.04818334802985191,-0.06693052500486374,-0.6741282343864441,-0.6072693467140198
34.051154136657715,3.5326075553894043,1.647993564605713,-0.13096878438278245,3.7635109424591064,-3.7137649059295654,1.315384030342102,-2.648021697998047,0.07111601531505585,-0.06303679198026657,-0.6741282343864441,-0.6072693467140198
34.10057711601257,3.5492749214172363,1.645672082901001,-0.13508182470659966,3.7635109424591064,-3.7137649059295654,1.3162280321121216,-2.6221964359283447,0.09443922340869904,-0.05742960423231125,-0.6741282343864441,-0.6072693467140198
34.15028715133667,3.565279960632324,1.6433143615722656,-0.1394328542641911,3.7635109424591064,-3.7137649059295654,1.3185627460479736,-2.5954251289367676,0.11725565791130066,-0.05071341618895531,-0.6741282343864441,-0.6072693467140198
34.20101451873779,3.581317663192749,1.640879511833191,-0.14338304575965202,3.7635109424591064,-3.7137649059295654,1.3222554922103882,-2.5679285526275635,0.14013803005218506,-0.04371127486228943,-0.6741282343864441,-0.6072693467140198
34.2510404586792,3.596721887588501,1.6385420560836792,-0.1502175763003642,3.7635109424591064,-3.7137649059295654,1.3278847932815552,-2.5386006832122803,0.16527368128299713,-0.03748277202248573,-0.6741282343864441,-0.6072693467140198
34.300790309906006,3.6111364364624023,1.6368005275726318,-0.15902662166112805,3.7635109424591064,-3.7137649059295654,1.334747314453125,-2.512441396713257,0.1888035088777542,-0.032899919897317886,-0.6741282343864441,-0.6072693467140198
34.35015654563904,3.6248085498809814,1.635305643081665,-0.17026360617029956,3.7635109424591064,-3.7137649059295654,1.3443444967269897,-2.483574390411377,0.2165156751871109,-0.028661707416176796,-0.6741282343864441,-0.6072693467140198
34.40067005157471,3.6369872093200684,1.6343207359313965,-0.183510972168733,3.7635109424591064,-3.7137649059295654,1.3540000915527344,-2.460280656814575,0.2400791347026825,-0.02587004378437996,-0.6741282343864441,-0.6072693467140198
34.45141386985779,3.649535655975342,1.63353431224823,-0.20107835962465065,3.7635109424591064,-3.7137649059295654,1.3671687841415405,-2.4351632595062256,0.26812952756881714,-0.023930713534355164,-0.6741282343864441,-0.6072693467140198
34.500529766082764,3.6603310108184814,1.6329472064971924,-0.22153583862017323,3.7635109424591064,-3.7137649059295654,1.3823045492172241,-2.4123661518096924,0.2964304983615875,-0.023478884249925613,-0.6741282343864441,-0.6072693467140198
34.55014419555664,3.6701226234436035,1.632150650024414,-0.2444335528417222,3.7635109424591064,-3.7137649059295654,1.3968565464019775,-2.39259672164917,0.3229171931743622,-0.024616021662950516,-0.6741282343864441,-0.6072693467140198
34.60043954849243,3.6785073280334473,1.632675051689148,-0.2730393974508398,3.7635109424591064,-3.7137649059295654,1.4092991352081299,-2.3752076625823975,0.34634819626808167,-0.02682829275727272,-0.6741282343864441,-0.6072693467140198
34.650821924209595,3.6858630180358887,1.6329087018966675,-0.3006853914302433,3.7635109424591064,-3.7137649059295654,1.4208266735076904,-2.3570921421051025,0.36953186988830566,-0.029767286032438278,-0.6741282343864441,-0.6072693467140198
34.700913190841675,3.6936044692993164,1.6334292888641357,-0.33143024447192293,3.7635109424591064,-3.7137649059295654,1.4313123226165771,-2.3383524417877197,0.3915367126464844,-0.033238522708415985,-0.6741282343864441,-0.6072693467140198
34.75159430503845,3.700144052505493,1.633318543434143,-0.35652663513646576,3.7635109424591064,-3.7137649059295654,1.4393266439437866,-2.321873664855957,0.4107758402824402,-0.03657380864024162,-0.6741282343864441,-0.6072693467140198
34.800103187561035,3.7078585624694824,1.6328790187835693,-0.39005535873614366,3.7635109424591064,-3.7137649059295654,1.44794499874115,-2.3027548789978027,0.43572837114334106,-0.04120373725891113,-0.6741282343864441,-0.6072693467140198
34.85088777542114,3.714615821838379,1.632624626159668,-0.4206040486006412,3.7635109424591064,-3.7137649059295654,1.4531357288360596,-2.290800094604492,0.4558982253074646,-0.04503655806183815,-0.6741282343864441,-0.6072693467140198
34.90062689781189,3.7213358879089355,1.6325839757919312,-0.45715343154542487,3.7635109424591064,-3.7137649059295654,1.4566768407821655,-2.2805943489074707,0.4762449562549591,-0.04962403327226639,-0.6741282343864441,-0.6072693467140198
34.95086908340454,3.727572441101074,1.6326216459274292,-0.4933427643763674,3.7635109424591064,-3.7137649059295654,1.4575966596603394,-2.2729387283325195,0.4951743483543396,-0.05510016530752182,-0.6741282343864441,-0.6072693467140198
35.00144362449646,3.733076572418213,1.6328219175338745,-0.5304404380490506,3.7635109424591064,-3.7137649059295654,1.456754446029663,-2.2651138305664062,0.5128189921379089,-0.06179707124829292,-0.6741282343864441,-0.6072693467140198
35.05079960823059,3.7381205558776855,1.632872462272644,-0.5661087135370815,3.7635109424591064,-3.7137649059295654,1.4532263278961182,-2.256518602371216,0.5283390283584595,-0.06903073936700821,-0.6741282343864441,-0.6072693467140198
35.10255169868469,3.7427196502685547,1.6327778100967407,-0.5999223314071673,3.7635109424591064,-3.7137649059295654,1.4482415914535522,-2.2471628189086914,0.5426124930381775,-0.0767211839556694,-0.6741282343864441,-0.6072693467140198
35.150731563568115,3.7470784187316895,1.632288932800293,-0.6318427656782959,3.7635109424591064,-3.7137649059295654,1.4431512355804443,-2.237464427947998,0.5564036965370178,-0.08441320806741714,-0.6741282343864441,-0.6072693467140198
35.201329946517944,3.7511675357818604,1.6316564083099365,-0.6632593084478187,3.7635109424591064,-3.7137649059295654,1.4391745328903198,-2.2269797325134277,0.5700168013572693,-0.09181778877973557,-0.6741282343864441,-0.6072693467140198
35.25072622299194,3.754916191101074,1.6312013864517212,-0.6949858875889151,3.7635109424591064,-3.7137649059295654,1.4366730451583862,-2.2152299880981445,0.5840984582901001,-0.09955456852912903,-0.6741282343864441,-0.6072693467140198
35.300405502319336,3.758553981781006,1.6307778358459473,-0.7266092216457035,3.7635109424591064,-3.7137649059295654,1.4349279403686523,-2.2020318508148193,0.5991575121879578,-0.10844282805919647,-0.6741282343864441,-0.6072693467140198
35.35047793388367,3.762172222137451,1.630327582359314,-0.7583672987984154,3.7635109424591064,-3.7137649059295654,1.434216022491455,-2.190035581588745,0.6128581166267395,-0.11679662764072418,-0.6741282343864441,-0.6072693467140198
35.401090145111084,3.7659499645233154,1.6300840377807617,-0.7898418010537521,3.7635109424591064,-3.7137649059295654,1.4343304634094238,-2.177314281463623,0.6276392340660095,-0.1255689114332199,-0.6741282343864441,-0.6072693467140198
35.45025014877319,3.769718885421753,1.629467248916626,-0.8219034669919083,3.7635109424591064,-3.7137649059295654,1.4355751276016235,-2.164363384246826,0.6431032419204712,-0.13417892158031464,-0.6741282343864441,-0.6072693467140198
35.50185298919678,3.773545026779175,1.6288973093032837,-0.8555760398237686,3.7635109424591064,-3.7137649059295654,1.4378576278686523,-2.1525542736053467,0.6573334336280823,-0.14136289060115814,-0.6741282343864441,-0.6072693467140198
35.55006384849548,3.7772326469421387,1.6283276081085205,-0.8907759647136481,3.7635109424591064,-3.7137649059295654,1.4410784244537354,-2.1418490409851074,0.6709439158439636,-0.14747492969036102,-0.6741282343864441,-0.6072693467140198
35.60110855102539,3.7812817096710205,1.6273584365844727,-0.926200593990501,3.7635109424591064,-3.7137649059295654,1.4453665018081665,-2.1308767795562744,0.6870269179344177,-0.15341876447200775,-0.6741282343864441,-0.6072693467140198
35.649977922439575,3.7852976322174072,1.6258946657180786,-0.9612118258466198,3.7635109424591064,-3.7137649059295654,1.4496325254440308,-2.1198883056640625,0.7047283053398132,-0.15790843963623047,-0.6741282343864441,-0.6072693467140198
35.701268911361694,3.789393901824951,1.6240471601486206,-0.995309745232833,3.7635109424591064,-3.7137649059295654,1.4529895782470703,-2.107666492462158,0.7246224880218506,-0.1607157438993454,-0.6741282343864441,-0.6072693467140198
35.75049543380737,3.7934255599975586,1.621842622756958,-1.0294789080093794,3.7635109424591064,-3.7137649059295654,1.4546071290969849,-2.0954041481018066,0.7454157471656799,-0.16251292824745178,-0.6741282343864441,-0.6072693467140198
35.800742626190186,3.793618679046631,1.6217613220214844,-1.0312261321075569,3.7635109424591064,-3.7137649059295654,1.4546071290969849,-2.0954041481018066,0.7454157471656799,-0.16251292824745178,-0.6741282343864441,-0.6072693467140198
35.85041618347168,3.793618679046631,1.6217613220214844,-1.0312261321075569,3.7635109424591064,-3.7137649059295654,1.4546071290969849,-2.0954041481018066,0.7454157471656799,-0.16251292824745178,-0.6741282343864441,-0.6072693467140198
35.900973320007324,3.793618679046631,1.6217613220214844,-1.0312261321075569,3.7635109424591064,-3.7137649059295654,1.4546071290969849,-2.0954041481018066,0.7454157471656799,-0.16251292824745178,-0.6741282343864441,-0.6072693467140198
35.951513051986694,3.793618679046631,1.6217613220214844,-1.0312261321075569,3.7635109424591064,-3.7137649059295654,1.4546071290969849,-2.0954041481018066,0.7454157471656799,-0.16251292824745178,-0.6741282343864441,-0.6072693467140198
36.00103402137756,3.793618679046631,1.6217613220214844,-1.0312261321075569,3.7635109424591064,-3.7137649059295654,1.4546071290969849,-2.0954041481018066,0.7454157471656799,-0.16251292824745178,-0.6741282343864441,-0.6072693467140198
36.05065178871155,3.793618679046631,1.6217613220214844,-1.0312261321075569,3.7635109424591064,-3.7137649059295654,1.4546071290969849,-2.0954041481018066,0.7454157471656799,-0.16251292824745178,-0.6741282343864441,-0.6072693467140198
36.10046720504761,3.793618679046631,1.6217613220214844,-1.0312261321075569,3.7635109424591064,-3.7137649059295654,1.4546071290969849,-2.0954041481018066,0.7454157471656799,-0.16251292824745178,-0.6741282343864441,-0.6072693467140198
36.15045976638794,3.793618679046631,1.6217613220214844,-1.0312261321075569,3.7635109424591064,-3.7137649059295654,1.4546071290969849,-2.0954041481018066,0.7454157471656799,-0.16251292824745178,-0.6741282343864441,-0.6072693467140198
36.20094132423401,3.8348276615142822,1.5774013996124268,-1.3708578955465347,3.7635109424591064,-3.7137649059295654,1.374848484992981,-1.890832781791687,0.97809237241745,-0.14722445607185364,-0.6741282343864441,-0.6072693467140198
36.25121450424194,3.839477777481079,1.5692671537399292,-1.4131938058042068,3.7635109424591064,-3.7137649059295654,1.361188530921936,-1.8586429357528687,1.0075517892837524,-0.14109688997268677,-0.6741282343864441,-0.6072693467140198
36.30026817321777,3.8436999320983887,1.560868740081787,-1.4580077503989262,3.7635109424591064,-3.7137649059295654,1.351004958152771,-1.8256586790084839,1.0371841192245483,-0.13689997792243958,-0.6741282343864441,-0.6072693467140198
36.35027766227722,3.847874641418457,1.5516163110733032,-1.502084302924621,3.7635109424591064,-3.7137649059295654,1.3439538478851318,-1.7918883562088013,1.0696502923965454,-0.13583286106586456,-0.6741282343864441,-0.6072693467140198
36.400696992874146,3.8517136573791504,1.5418939590454102,-1.5454568461331841,3.7635109424591064,-3.7137649059295654,1.3381928205490112,-1.7583366632461548,1.1053935289382935,-0.13840650022029877,-0.6741282343864441,-0.6072693467140198
36.451565980911255,3.854766607284546,1.5315964221954346,-1.5883438068737623,3.7635109424591064,-3.7137649059295654,1.3332983255386353,-1.7267606258392334,1.1423063278198242,-0.1437443196773529,-0.6741282343864441,-0.6072693467140198
36.50014781951904,3.857286214828491,1.5208067893981934,-1.6305308219580121,3.7635109424591064,-3.7137649059295654,1.3288383483886719,-1.6963568925857544,1.1775074005126953,-0.15026460587978363,-0.6741282343864441,-0.6072693467140198
36.550323724746704,3.8593204021453857,1.509395956993103,-1.671215038430045,3.7635109424591064,-3.7137649059295654,1.3250943422317505,-1.6667656898498535,1.2117855548858643,-0.1568717211484909,-0.6741282343864441,-0.6072693467140198
36.60094690322876,3.860731363296509,1.4975303411483765,-1.7099504397232932,3.7635109424591064,-3.7137649059295654,1.3226542472839355,-1.6395553350448608,1.2465955018997192,-0.1639668047428131,-0.6741282343864441,-0.6072693467140198
36.652995347976685,3.8615176677703857,1.48537015914917,-1.7455287504552837,3.7635109424591064,-3.7137649059295654,1.322712779045105,-1.617050051689148,1.2826613187789917,-0.17225511372089386,-0.6741282343864441,-0.6072693467140198
36.701146364212036,3.8618202209472656,1.4730885028839111,-1.7774862882521039,3.7635109424591064,-3.7137649059295654,1.3257757425308228,-1.599292278289795,1.319628119468689,-0.18191681802272797,-0.6741282343864441,-0.6072693467140198
36.752161264419556,3.861541271209717,1.4605393409729004,-1.807373174225554,3.7635109424591064,-3.7137649059295654,1.3315556049346924,-1.585109829902649,1.3567668199539185,-0.1934424489736557,-0.6741282343864441,-0.6072693467140198
36.80216121673584,3.860445261001587,1.4477834701538086,-1.8355226729421121,3.7635109424591064,-3.7137649059295654,1.3379014730453491,-1.5725270509719849,1.3934447765350342,-0.20669905841350555,-0.6741282343864441,-0.6072693467140198
36.850804805755615,3.8589224815368652,1.4347753524780273,-1.8609546387622729,3.7635109424591064,-3.7137649059295654,1.342985987663269,-1.5613510608673096,1.4299898147583008,-0.22195804119110107,-0.6741282343864441,-0.6072693467140198
36.901163816452026,3.8566930294036865,1.4219142198562622,-1.8821158556735225,3.7635109424591064,-3.7137649059295654,1.3467202186584473,-1.5532112121582031,1.4671059846878052,-0.23919709026813507,-0.6741282343864441,-0.6072693467140198
36.95074439048767,3.8541290760040283,1.409238338470459,-1.899549355456825,3.7635109424591064,-3.7137649059295654,1.3505138158798218,-1.5486360788345337,1.5057278871536255,-0.2583484351634979,-0.6741282343864441,-0.6072693467140198
37.0010347366333,3.851097345352173,1.397320032119751,-1.9128407673620222,3.7635109424591064,-3.7137649059295654,1.3546146154403687,-1.5475865602493286,1.5385998487472534,-0.27457213401794434,-0.6741282343864441,-0.6072693467140198
37.05282402038574,3.8472607135772705,1.3843668699264526,-1.9242526851059243,3.7635109424591064,-3.7137649059295654,1.3595932722091675,-1.5491750240325928,1.5727521181106567,-0.28998664021492004,-0.6741282343864441,-0.6072693467140198
37.10102343559265,3.8432610034942627,1.3726972341537476,-1.9319342531938655,3.7635109424591064,-3.7137649059295654,1.3647098541259766,-1.5534229278564453,1.6066886186599731,-0.3028887212276459,-0.6741282343864441,-0.6072693467140198
37.15067934989929,3.8387906551361084,1.3597184419631958,-1.9393144639143685,3.7635109424591064,-3.7137649059295654,1.3701744079589844,-1.562192678451538,1.64724600315094,-0.315575510263443,-0.6741282343864441,-0.6072693467140198
37.20141792297363,3.8342764377593994,1.3473085165023804,-1.9455925387843989,3.7635109424591064,-3.7137649059295654,1.3745033740997314,-1.5746729373931885,1.6867586374282837,-0.3260238766670227,-0.6741282343864441,-0.6072693467140198
37.25108551979065,3.829996347427368,1.3355756998062134,-1.9518920646544344,3.7635109424591064,-3.7137649059295654,1.3779828548431396,-1.5914051532745361,1.72548246383667,-0.3356028199195862,-0.6741282343864441,-0.6072693467140198
37.30189108848572,3.8247876167297363,1.3216441869735718,-1.9582153689684367,3.7635109424591064,-3.7137649059295654,1.3807305097579956,-1.6120668649673462,1.7659496068954468,-0.34513017535209656,-0.6741282343864441,-0.6072693467140198
37.35046863555908,3.8196983337402344,1.308011770248413,-1.9637465535763672,3.7635109424591064,-3.7137649059295654,1.3825418949127197,-1.6316965818405151,1.803023338317871,-0.35308602452278137,-0.6741282343864441,-0.6072693467140198
37.40137553215027,3.814119577407837,1.2938772439956665,-1.9678080098814545,3.7635109424591064,-3.7137649059295654,1.383947730064392,-1.6534717082977295,1.8434220552444458,-0.360677033662796,-0.6741282343864441,-0.6072693467140198
37.45081543922424,3.8083078861236572,1.2794603109359741,-1.9714042135461072,3.7635109424591064,-3.7137649059295654,1.3847644329071045,-1.6760318279266357,1.8849531412124634,-0.3673470616340637,-0.6741282343864441,-0.6072693467140198
37.50070524215698,3.801997184753418,1.2646883726119995,-1.974623324776805,3.7635109424591064,-3.7137649059295654,1.3853715658187866,-1.6982524394989014,1.9272065162658691,-0.37264370918273926,-0.6741282343864441,-0.6072693467140198
37.5515878200531,3.7954227924346924,1.2499037981033325,-1.976289109366861,3.7635109424591064,-3.7137649059295654,1.3867592811584473,-1.7185977697372437,1.9699983596801758,-0.376609742641449,-0.6741282343864441,-0.6072693467140198
37.600486516952515,3.7883639335632324,1.2349802255630493,-1.977306862453556,3.7635109424591064,-3.7137649059295654,1.3892711400985718,-1.7363474369049072,2.0141847133636475,-0.379608690738678,-0.6741282343864441,-0.6072693467140198
37.652090549468994,3.7813704013824463,1.2201569080352783,-1.9784070482266995,3.7635109424591064,-3.7137649059295654,1.3923019170761108,-1.7525545358657837,2.0610427856445312,-0.3823602795600891,-0.6741282343864441,-0.6072693467140198
37.70079278945923,3.774379014968872,1.2052032947540283,-1.9791673634436473,3.7635109424591064,-3.7137649059295654,1.3961315155029297,-1.7681025266647339,2.1091790199279785,-0.38535088300704956,-0.6741282343864441,-0.6072693467140198
37.75056529045105,3.7673583030700684,1.1900391578674316,-1.9801879246357323,3.7635109424591064,-3.7137649059295654,1.4012846946716309,-1.784312129020691,2.1550960540771484,-0.3893778622150421,-0.6741282343864441,-0.6072693467140198
37.80106234550476,3.7600717544555664,1.1743494272232056,-1.9803722665858092,3.7635109424591064,-3.7137649059295654,1.407913088798523,-1.8017815351486206,2.1997032165527344,-0.3955865800380707,-0.6741282343864441,-0.6072693467140198
37.85093975067139,3.7532460689544678,1.1591461896896362,-1.9820979788824689,3.7635109424591064,-3.7137649059295654,1.4153069257736206,-1.8206982612609863,2.244981288909912,-0.40452176332473755,-0.6741282343864441,-0.6072693467140198
37.90162372589111,3.745378255844116,1.1424227952957153,-1.9819792959352864,3.7635109424591064,-3.7137649059295654,1.4235875606536865,-1.84018874168396,2.2906076908111572,-0.41563674807548523,-0.6741282343864441,-0.6072693467140198
37.95060157775879,3.7379820346832275,1.126341700553894,-1.9826813473792764,3.7635109424591064,-3.7137649059295654,1.4334551095962524,-1.8608914613723755,2.33904767036438,-0.42916375398635864,-0.6741282343864441,-0.6072693467140198
38.00140190124512,3.7304179668426514,1.1105034351348877,-1.9833372918932008,3.7635109424591064,-3.7137649059295654,1.4437179565429688,-1.8791581392288208,2.382845401763916,-0.4427236318588257,-0.6741282343864441,-0.6072693467140198
38.05156087875366,3.7233150005340576,1.0955965518951416,-1.983908586934642,3.7635109424591064,-3.7137649059295654,1.4558614492416382,-1.898486614227295,2.4288249015808105,-0.45808953046798706,-0.6741282343864441,-0.6072693467140198
38.102792263031006,3.7157607078552246,1.0803800821304321,-1.983464453918058,3.7635109424591064,-3.7137649059295654,1.468898892402649,-1.9166336059570312,2.4736874103546143,-0.47482284903526306,-0.6741282343864441,-0.6072693467140198
38.15057730674744,3.708298683166504,1.0653188228607178,-1.9822873129445073,3.7635109424591064,-3.7137649059295654,1.4828377962112427,-1.9348423480987549,2.5208489894866943,-0.4946514070034027,-0.6741282343864441,-0.6072693467140198
38.20040678977966,3.7006587982177734,1.0500479936599731,-1.9793486901520576,3.7635109424591064,-3.7137649059295654,1.4941520690917969,-1.949904203414917,2.5631794929504395,-0.5142635703086853,-0.6741282343864441,-0.6072693467140198
38.25108480453491,3.693952798843384,1.0370359420776367,-1.977508738169769,3.7635109424591064,-3.7137649059295654,1.503873586654663,-1.966124415397644,2.604713201522827,-0.5371013879776001,-0.6741282343864441,-0.6072693467140198
38.30073094367981,3.687140941619873,1.0232692956924438,-1.9755427187631331,3.7635109424591064,-3.7137649059295654,1.5108104944229126,-1.9828572273254395,2.64444899559021,-0.5605394840240479,-0.6741282343864441,-0.6072693467140198
38.3513548374176,3.680654525756836,1.0097098350524902,-1.9729941779294644,3.7635109424591064,-3.7137649059295654,1.5147926807403564,-1.9992008209228516,2.6843340396881104,-0.5844510197639465,-0.6741282343864441,-0.6072693467140198
38.4014093875885,3.6743946075439453,0.9962766766548157,-1.970327222071916,3.7635109424591064,-3.7137649059295654,1.5164262056350708,-2.0138962268829346,2.724278211593628,-0.6075601577758789,-0.6741282343864441,-0.6072693467140198
38.45090460777283,3.667996644973755,0.9826255440711975,-1.9678242428558346,3.7635109424591064,-3.7137649059295654,1.5161898136138916,-2.026283025741577,2.764482021331787,-0.6288281083106995,-0.6741282343864441,-0.6072693467140198
38.50069451332092,3.661641836166382,0.9695588946342468,-1.9645712512531783,3.7635109424591064,-3.7137649059295654,1.5144869089126587,-2.036618709564209,2.8079822063446045,-0.6469365954399109,-0.6741282343864441,-0.6072693467140198
38.550403356552124,3.6546218395233154,0.9549562335014343,-1.9598441690501853,3.7635109424591064,-3.7137649059295654,1.5108115673065186,-2.045165538787842,2.857166290283203,-0.6611029505729675,-0.6741282343864441,-0.6072693467140198
38.60080814361572,3.647925615310669,0.941194474697113,-1.9546251082227057,3.7635109424591064,-3.7137649059295654,1.5056062936782837,-2.0508930683135986,2.902615785598755,-0.669734537601471,-0.6741282343864441,-0.6072693467140198
38.65021562576294,3.640944480895996,0.9268956780433655,-1.9492424101974999,3.7635109424591064,-3.7137649059295654,1.4988895654678345,-2.0550572872161865,2.9500489234924316,-0.6767076849937439,-0.6741282343864441,-0.6072693467140198
38.702882289886475,3.6338014602661133,0.9123092889785767,-1.9436943889848999,3.7635109424591064,-3.7137649059295654,1.4918631315231323,-2.0578155517578125,2.995551824569702,-0.6825503706932068,-0.6741282343864441,-0.6072693467140198
38.750261306762695,3.626716136932373,0.8974334597587585,-1.9375315714943968,3.7635109424591064,-3.7137649059295654,1.4856809377670288,-2.060427188873291,3.039534568786621,-0.687468945980072,-0.6741282343864441,-0.6072693467140198
38.80085802078247,3.619487762451172,0.881980836391449,-1.9327654214328778,3.7635109424591064,-3.7137649059295654,1.4808201789855957,-2.06313157081604,3.082265853881836,-0.6907677054405212,-0.6741282343864441,-0.6072693467140198
38.85184907913208,3.6126210689544678,0.866474449634552,-1.9277018244290542,3.7635109424591064,-3.7137649059295654,1.4771451950073242,-2.065769910812378,3.1240224838256836,-0.6915583610534668,-0.6741282343864441,-0.6072693467140198
38.90296769142151,3.605623722076416,0.850678563117981,-1.9216983078036383,3.7635109424591064,-3.7137649059295654,1.474744200706482,-2.0683326721191406,3.164815664291382,-0.6891429424285889,-0.6741282343864441,-0.6072693467140198
38.95057201385498,3.5985188484191895,0.834475576877594,-1.9153831612765673,3.7635109424591064,-3.7137649059295654,1.4727818965911865,-2.071148633956909,3.2057669162750244,-0.6836894750595093,-0.6741282343864441,-0.6072693467140198
39.00207018852234,3.591581344604492,0.8182429671287537,-1.9094108867368067,3.7635109424591064,-3.7137649059295654,1.470882534980774,-2.074373483657837,3.2482106685638428,-0.6768719553947449,-0.6741282343864441,-0.6072693467140198
39.126322507858276,3.584758996963501,0.8024871349334717,-1.903079330344638,3.7635109424591064,-3.7137649059295654,1.4688136577606201,-2.077531337738037,3.292041063308716,-0.6702328324317932,-0.6741282343864441,-0.6072693467140198
39.12807655334473,3.584758996963501,0.8024871349334717,-1.903079330344638,3.7635109424591064,-3.7137649059295654,1.4688136577606201,-2.077531337738037,3.292041063308716,-0.6702328324317932,-0.6741282343864441,-0.6072693467140198
39.150344133377075,3.5721676349639893,0.7731940150260925,-1.8911362433076486,3.7635109424591064,-3.7137649059295654,1.4664782285690308,-2.082374095916748,3.3703155517578125,-0.662467360496521,-0.6741282343864441,-0.6072693467140198
39.200703859329224,3.565276861190796,0.7560542821884155,-1.8843520820144573,3.7635109424591064,-3.7137649059295654,1.4659481048583984,-2.084620714187622,3.414980411529541,-0.6617703437805176,-0.6741282343864441,-0.6072693467140198
39.25087642669678,3.5595993995666504,0.7418033480644226,-1.8792204615865362,3.7635109424591064,-3.7137649059295654,1.465618371963501,-2.085906744003296,3.4550561904907227,-0.6629728078842163,-0.6741282343864441,-0.6072693467140198
39.30108332633972,3.5535728931427,0.7262221574783325,-1.8742502385424666,3.7635109424591064,-3.7137649059295654,1.4653210639953613,-2.0863757133483887,3.4994359016418457,-0.6655872464179993,-0.6741282343864441,-0.6072693467140198
39.35114049911499,3.5482125282287598,0.7122092843055725,-1.869680264692529,3.7635109424591064,-3.7137649059295654,1.465200424194336,-2.0863165855407715,3.53761887550354,-0.6689271330833435,-0.6741282343864441,-0.6072693467140198
39.40036487579346,3.543449878692627,0.6988778114318848,-1.8654362842979022,3.7635109424591064,-3.7137649059295654,1.4654885530471802,-2.0862233638763428,3.5747640132904053,-0.6726884245872498,-0.6741282343864441,-0.6072693467140198
39.450613498687744,3.538832902908325,0.6860383152961731,-1.8629349631796925,3.7635109424591064,-3.7137649059295654,1.466183066368103,-2.0867178440093994,3.607944965362549,-0.6760935187339783,-0.6741282343864441,-0.6072693467140198
39.5020854473114,3.535102605819702,0.6747145652770996,-1.8629844296700504,3.7635109424591064,-3.7137649059295654,1.4669265747070312,-2.0876004695892334,3.6448681354522705,-0.679592490196228,-0.6741282343864441,-0.6072693467140198
39.551069259643555,3.5321359634399414,0.6646110415458679,-1.8636482814219284,3.7635109424591064,-3.7137649059295654,1.4673222303390503,-2.0889368057250977,3.6843245029449463,-0.6829376220703125,-0.6741282343864441,-0.6072693467140198
39.60159778594971,3.529935598373413,0.6557730436325073,-1.866480447888463,3.7635109424591064,-3.7137649059295654,1.4675337076187134,-2.0900497436523438,3.7273459434509277,-0.6871324181556702,-0.6741282343864441,-0.6072693467140198
39.650750160217285,3.5280842781066895,0.6482021808624268,-1.8718788804034996,3.7635109424591064,-3.7137649059295654,1.467854619026184,-2.0904488563537598,3.762688398361206,-0.6927038431167603,-0.6741282343864441,-0.6072693467140198
39.70065355300903,3.526806592941284,0.6419081687927246,-1.8779794404581573,3.7635109424591064,-3.7137649059295654,1.4685732126235962,-2.0896570682525635,3.787487268447876,-0.7007606625556946,-0.6741282343864441,-0.6072693467140198
39.82537221908569,3.526089668273926,0.6369664072990417,-1.887945149737924,3.7635109424591064,-3.7137649059295654,1.4698715209960938,-2.0881714820861816,3.805565595626831,-0.7108228802680969,-0.6741282343864441,-0.6072693467140198
39.90898537635803,3.526089668273926,0.6369664072990417,-1.887945149737924,3.7635109424591064,-3.7137649059295654,1.4698715209960938,-2.0881714820861816,3.805565595626831,-0.7108228802680969,-0.6741282343864441,-0.6072693467140198
39.989098072052,3.526543378829956,0.6299031376838684,-1.918791814037335,3.7635109424591064,-3.7137649059295654,1.473189115524292,-2.083293914794922,3.862243413925171,-0.7354089021682739,-0.6741282343864441,-0.6072693467140198
40.06928825378418,3.5264766216278076,0.6254321336746216,-1.938773493147214,3.7635109424591064,-3.7137649059295654,1.4753810167312622,-2.0797924995422363,3.920565366744995,-0.7494655251502991,-0.6741282343864441,-0.6072693467140198
40.07234191894531,3.52616548538208,0.6206338405609131,-1.957525330137477,3.7635109424591064,-3.7137649059295654,1.4770987033843994,-2.077554702758789,3.989043951034546,-0.7531023025512695,-0.6741282343864441,-0.6072693467140198
40.10082030296326,3.524735450744629,0.6145159602165222,-1.977194898308472,3.7635109424591064,-3.7137649059295654,1.4779781103134155,-2.0767276287078857,4.064066410064697,-0.7438631653785706,-0.6741282343864441,-0.6072693467140198
40.15108299255371,3.5238680839538574,0.6106239557266235,-1.9861037769125598,3.7635109424591064,-3.7137649059295654,1.477961540222168,-2.076373338699341,4.1013102531433105,-0.7340117692947388,-0.6741282343864441,-0.6072693467140198
40.200538635253906,3.5225186347961426,0.6060490608215332,-1.9943863108519004,3.7635109424591064,-3.7137649059295654,1.4777557849884033,-2.0756943225860596,4.134951591491699,-0.721499502658844,-0.6741282343864441,-0.6072693467140198
40.25087857246399,3.5214109420776367,0.6014482975006104,-2.0027201710863234,3.7635109424591064,-3.7137649059295654,1.477418065071106,-2.07466197013855,4.167218208312988,-0.7062278985977173,-0.6741282343864441,-0.6072693467140198
40.30218529701233,3.520345687866211,0.596756637096405,-2.012280299525488,3.7635109424591064,-3.7137649059295654,1.47706139087677,-2.0732176303863525,4.1985673904418945,-0.6889463663101196,-0.6741282343864441,-0.6072693467140198
40.3504159450531,3.5189731121063232,0.591971755027771,-2.020708556980152,3.7635109424591064,-3.7137649059295654,1.4767414331436157,-2.0716145038604736,4.227983474731445,-0.6717177033424377,-0.6741282343864441,-0.6072693467140198
40.400667667388916,3.5175929069519043,0.5872608423233032,-2.0282067230062815,3.7635109424591064,-3.7137649059295654,1.4766441583633423,-2.070221185684204,4.255584239959717,-0.6551613807678223,-0.6741282343864441,-0.6072693467140198
40.450713872909546,3.5162627696990967,0.5827072858810425,-2.036256317580637,3.7635109424591064,-3.7137649059295654,1.4768857955932617,-2.0692296028137207,4.282145023345947,-0.6376602649688721,-0.6741282343864441,-0.6072693467140198
40.500882387161255,3.514755964279175,0.578084409236908,-2.0432436291453895,3.7635109424591064,-3.7137649059295654,1.477368712425232,-2.0689516067504883,4.308297634124756,-0.6179688572883606,-0.6741282343864441,-0.6072693467140198
40.55079102516174,3.513267993927002,0.5736539959907532,-2.048779742742545,3.7635109424591064,-3.7137649059295654,1.4781131744384766,-2.068924903869629,4.334879398345947,-0.5960077047348022,-0.6741282343864441,-0.6072693467140198
40.602073192596436,3.5112464427948,0.5689414143562317,-2.0546012499153234,3.7635109424591064,-3.7137649059295654,1.4789695739746094,-2.068849802017212,4.361561298370361,-0.5736650228500366,-0.6741282343864441,-0.6072693467140198
40.65054106712341,3.5090160369873047,0.5639736652374268,-2.059390829086581,3.7635109424591064,-3.7137649059295654,1.4796890020370483,-2.0688836574554443,4.38773250579834,-0.5539063811302185,-0.6741282343864441,-0.6072693467140198
40.700340032577515,3.5062408447265625,0.5586560964584351,-2.061794263324435,3.7635109424591064,-3.7137649059295654,1.480296015739441,-2.068995714187622,4.414429187774658,-0.5367638468742371,-0.6741282343864441,-0.6072693467140198
40.75062799453735,3.502963066101074,0.5525856018066406,-2.0619827166277123,3.7635109424591064,-3.7137649059295654,1.4808474779129028,-2.0692026615142822,4.44297981262207,-0.52049720287323,-0.6741282343864441,-0.6072693467140198
40.801058530807495,3.498944044113159,0.5457320809364319,-2.0591318112621337,3.7635109424591064,-3.7137649059295654,1.48148512840271,-2.069445848464966,4.4728240966796875,-0.5041858553886414,-0.6741282343864441,-0.6072693467140198
40.85064649581909,3.4943723678588867,0.5380735397338867,-2.0536728603135073,3.7635109424591064,-3.7137649059295654,1.4821802377700806,-2.0696396827697754,4.502073287963867,-0.4879264831542969,-0.6741282343864441,-0.6072693467140198
40.90041518211365,3.48899507522583,0.5294503569602966,-2.0451997843885668,3.7635109424591064,-3.7137649059295654,1.4828941822052002,-2.069571018218994,4.529372692108154,-0.4725229740142822,-0.6741282343864441,-0.6072693467140198
40.95053672790527,3.4825453758239746,0.5195367932319641,-2.034831637068873,3.7635109424591064,-3.7137649059295654,1.4835633039474487,-2.0692808628082275,4.554880142211914,-0.45775964856147766,-0.6741282343864441,-0.6072693467140198
41.00021815299988,3.4748265743255615,0.5082681179046631,-2.020583326269113,3.7635109424591064,-3.7137649059295654,1.4842259883880615,-2.0690832138061523,4.579882621765137,-0.4430273175239563,-0.6741282343864441,-0.6072693467140198
41.05123281478882,3.466782569885254,0.4961385428905487,-2.0045286538016542,3.7635109424591064,-3.7137649059295654,1.4849557876586914,-2.0689644813537598,4.605019569396973,-0.4278222918510437,-0.6741282343864441,-0.6072693467140198
41.100929975509644,3.4578359127044678,0.48289012908935547,-1.9857374564242993,3.7635109424591064,-3.7137649059295654,1.4857256412506104,-2.0688791275024414,4.630694389343262,-0.4115487039089203,-0.6741282343864441,-0.6072693467140198
41.15042853355408,3.448791742324829,0.46888720989227295,-1.965228839781373,3.7635109424591064,-3.7137649059295654,1.4864132404327393,-2.068983316421509,4.656769275665283,-0.3938398063182831,-0.6741282343864441,-0.6072693467140198
41.200538635253906,3.4399609565734863,0.4555354714393616,-1.9458357112680236,3.7635109424591064,-3.7137649059295654,1.4869492053985596,-2.0690271854400635,4.67966365814209,-0.37733685970306396,-0.6741282343864441,-0.6072693467140198
41.25159239768982,3.4294891357421875,0.4383450448513031,-1.9211511095994533,3.7635109424591064,-3.7137649059295654,1.4874048233032227,-2.0690178871154785,4.707242488861084,-0.35712918639183044,-0.6741282343864441,-0.6072693467140198
41.30060029029846,3.421416759490967,0.42342785000801086,-1.8983034562969758,3.7635109424591064,-3.7137649059295654,1.4878312349319458,-2.0689709186553955,4.730292320251465,-0.34285295009613037,-0.6741282343864441,-0.6072693467140198
41.35051870346069,3.4122419357299805,0.4065418839454651,-1.8742996057882286,3.7635109424591064,-3.7137649059295654,1.4883418083190918,-2.068791389465332,4.755560874938965,-0.3302678167819977,-0.6741282343864441,-0.6072693467140198
41.40203332901001,3.4043588638305664,0.39129161834716797,-1.8535016858980866,3.7635109424591064,-3.7137649059295654,1.4888883829116821,-2.0686302185058594,4.77683162689209,-0.31894251704216003,-0.6741282343864441,-0.6072693467140198
41.4510452747345,3.3964850902557373,0.37394553422927856,-1.8272031523545198,3.7635109424591064,-3.7137649059295654,1.4897173643112183,-2.068422794342041,4.798625946044922,-0.30392181873321533,-0.6741282343864441,-0.6072693467140198
41.50021195411682,3.389233350753784,0.3576503396034241,-1.8027353962774533,3.7635109424591064,-3.7137649059295654,1.4906460046768188,-2.0681509971618652,4.815951824188232,-0.287922203540802,-0.6741282343864441,-0.6072693467140198
41.551711559295654,3.3824191093444824,0.34154418110847473,-1.7784301307175345,3.7635109424591064,-3.7137649059295654,1.4915603399276733,-2.0677669048309326,4.830058574676514,-0.27225226163864136,-0.6741282343864441,-0.6072693467140198
41.60043740272522,3.376342296600342,0.3258049190044403,-1.756159552419309,3.7635109424591064,-3.7137649059295654,1.4927101135253906,-2.0673084259033203,4.841063499450684,-0.25798922777175903,-0.6741282343864441,-0.6072693467140198
41.65062713623047,3.3708200454711914,0.30996912717819214,-1.7346722961064565,3.7635109424591064,-3.7137649059295654,1.4937858581542969,-2.0665833950042725,4.847621917724609,-0.24762870371341705,-0.6741282343864441,-0.6072693467140198
41.70087265968323,3.3659143447875977,0.29455602169036865,-1.7140479254060699,3.7635109424591064,-3.7137649059295654,1.4949400424957275,-2.065790891647339,4.850991725921631,-0.23866987228393555,-0.6741282343864441,-0.6072693467140198
41.75156092643738,3.3614206314086914,0.27934175729751587,-1.6944267008115288,3.7635109424591064,-3.7137649059295654,1.496002435684204,-2.065068006515503,4.851767063140869,-0.23211632668972015,-0.6741282343864441,-0.6072693467140198
41.80170011520386,3.3576014041900635,0.26446256041526794,-1.6772277217708338,3.7635109424591064,-3.7137649059295654,1.4969247579574585,-2.0644025802612305,4.850837230682373,-0.22779572010040283,-0.6741282343864441,-0.6072693467140198
41.85034656524658,3.354398012161255,0.2500961720943451,-1.6622766851250408,3.7635109424591064,-3.7137649059295654,1.4977266788482666,-2.063791275024414,4.8490777015686035,-0.22617138922214508,-0.6741282343864441,-0.6072693467140198
41.90106272697449,3.3513717651367188,0.23603028059005737,-1.647903800859048,3.7635109424591064,-3.7137649059295654,1.4983938932418823,-2.06327486038208,4.846827507019043,-0.22688476741313934,1.4933445453643799,-0.1483726054430008
41.95016288757324,3.348626136779785,0.22210721671581268,-1.6355851336234284,3.7635109424591064,-3.7137649059295654,1.4989070892333984,-2.062839984893799,4.844038009643555,-0.22962799668312073,1.4714984893798828,-0.1329972892999649
42.00127077102661,3.346360921859741,0.20925858616828918,-1.626383584323165,3.7635109424591064,-3.7137649059295654,1.4992398023605347,-2.062404155731201,4.840127944946289,-0.23420122265815735,1.4519507884979248,-0.11213617771863937
42.05062508583069,3.3445966243743896,0.19699497520923615,-1.6194270050755024,3.7635109424591064,-3.7137649059295654,1.4994062185287476,-2.0614514350891113,4.835124492645264,-0.24114589393138885,1.4356777667999268,-0.0882057324051857
42.102657318115234,3.343005895614624,0.18473957479000092,-1.6140880781436378,3.7635109424591064,-3.7137649059295654,1.4994099140167236,-2.060011148452759,4.829774379730225,-0.2507949471473694,1.4181432723999023,-0.06356451660394669
42.15074801445007,3.341872215270996,0.1733614057302475,-1.6101736947005818,3.7635109424591064,-3.7137649059295654,1.4992091655731201,-2.0579564571380615,4.824362754821777,-0.2626878321170807,1.3969603776931763,-0.04297390952706337
42.20011496543884,3.340731620788574,0.16087475419044495,-1.6091282182999067,3.7635109424591064,-3.7137649059295654,1.4986227750778198,-2.0545122623443604,4.817582607269287,-0.27864184975624084,1.3687310218811035,-0.026688534766435623
42.250688314437866,3.339843511581421,0.14920848608016968,-1.6113036028385619,3.7635109424591064,-3.7137649059295654,1.4971952438354492,-2.050037384033203,4.809836387634277,-0.29583078622817993,1.3395220041275024,-0.014052211306989193
42.300716400146484,3.3393607139587402,0.13874487578868866,-1.6161253744776287,3.7635109424591064,-3.7137649059295654,1.4950295686721802,-2.0444231033325195,4.801637649536133,-0.31337377429008484,1.3095602989196777,-0.004229758400470018
42.34985041618347,3.3392229080200195,0.12742114067077637,-1.6261906554639962,3.7635109424591064,-3.7137649059295654,1.4912900924682617,-2.0366456508636475,4.790882587432861,-0.33349522948265076,1.2748597860336304,0.0047409068793058395
42.40097761154175,3.3395140171051025,0.11804038286209106,-1.638972371899768,3.7635109424591064,-3.7137649059295654,1.4862768650054932,-2.0283098220825195,4.780921459197998,-0.3511403203010559,1.2428767681121826,0.010347744449973106
42.451786279678345,3.339998722076416,0.10840918868780136,-1.6554585135653677,3.7635109424591064,-3.7137649059295654,1.4794362783432007,-2.0170645713806152,4.7696919441223145,-0.36990347504615784,1.2038233280181885,0.012983274646103382
42.501240730285645,3.3407094478607178,0.09906876087188721,-1.6781555548291456,3.7635109424591064,-3.7137649059295654,1.4717456102371216,-2.0048062801361084,4.75889253616333,-0.3864712417125702,1.1625854969024658,0.012451263144612312
42.5507390499115,3.34177827835083,0.09090808033943176,-1.7027958946561388,3.7635109424591064,-3.7137649059295654,1.4638323783874512,-1.9907435178756714,4.747889995574951,-0.40171051025390625,1.1186041831970215,0.00810612179338932
42.602245569229126,3.342717170715332,0.08358878642320633,-1.7286670745021813,3.7635109424591064,-3.7137649059295654,1.457451343536377,-1.97383451461792,4.737150192260742,-0.415494829416275,1.073939561843872,-0.0011944547295570374
42.65098428726196,3.3437306880950928,0.07553625851869583,-1.7595015940634107,3.7635109424591064,-3.7137649059295654,1.4535876512527466,-1.9537628889083862,4.725986957550049,-0.42802780866622925,1.0295606851577759,-0.014137975871562958
42.70218086242676,3.3445074558258057,0.0676431655883789,-1.790332472980546,3.7635109424591064,-3.7137649059295654,1.4523060321807861,-1.9312750101089478,4.713770866394043,-0.4390973746776581,0.9851377010345459,-0.029293451458215714
42.751192808151245,3.344735860824585,0.059004224836826324,-1.8221451509103368,3.7635109424591064,-3.7137649059295654,1.453525185585022,-1.9073609113693237,4.700806140899658,-0.4482978880405426,0.9399346113204956,-0.04502776637673378
42.801798582077026,3.344836473464966,0.05009285360574722,-1.854385567239692,3.7635109424591064,-3.7137649059295654,1.4571576118469238,-1.8813868761062622,4.6880292892456055,-0.4557563066482544,0.8941935896873474,-0.05854790285229683
42.85028123855591,3.3441078662872314,0.04001760855317116,-1.885205625585138,3.7635109424591064,-3.7137649059295654,1.4631339311599731,-1.8524848222732544,4.675744533538818,-0.4621792137622833,0.849361777305603,-0.07184786349534988
42.900866985321045,3.3428099155426025,0.029529575258493423,-1.9150412825854648,3.7635109424591064,-3.7137649059295654,1.471861481666565,-1.8209251165390015,4.663144588470459,-0.46743303537368774,0.8068313002586365,-0.08522681891918182
42.95023798942566,3.341142177581787,0.01854632794857025,-1.9460467117906897,3.7635109424591064,-3.7137649059295654,1.4834294319152832,-1.7879008054733276,4.649491786956787,-0.4709257185459137,0.7659562230110168,-0.09535560011863708
43.00087356567383,3.33944034576416,0.007333043497055769,-1.9777374531826166,3.7635109424591064,-3.7137649059295654,1.4970591068267822,-1.7534680366516113,4.634888172149658,-0.4724094867706299,0.7270010709762573,-0.1020030528306961
43.050888776779175,3.3374063968658447,-0.004113225731998682,-2.0097892956834915,3.7635109424591064,-3.7137649059295654,1.5110955238342285,-1.717594861984253,4.620436191558838,-0.47192463278770447,0.6905919909477234,-0.10712752491235733
43.101381063461304,3.334890604019165,-0.015724360942840576,-2.042635726023841,3.7635109424591064,-3.7137649059295654,1.524267554283142,-1.6805580854415894,4.606700420379639,-0.4690447747707367,0.6568570137023926,-0.11107248812913895
43.15092468261719,3.3319106101989746,-0.02766471542418003,-2.073819078913945,3.7635109424591064,-3.7137649059295654,1.5353842973709106,-1.6433334350585938,4.5936431884765625,-0.4641745686531067,0.6233416795730591,-0.11401310563087463
43.20073056221008,3.328420639038086,-0.03954882174730301,-2.10216944880524,3.7635109424591064,-3.7137649059295654,1.5443576574325562,-1.6056238412857056,4.580516815185547,-0.45745351910591125,0.588477373123169,-0.11604690551757812
43.250587940216064,3.324134111404419,-0.05162796750664711,-2.132561151431758,3.7635109424591064,-3.7137649059295654,1.5513734817504883,-1.567102313041687,4.567343711853027,-0.44887006282806396,0.5523418188095093,-0.11597341299057007
43.3012216091156,3.3191003799438477,-0.06392195075750351,-2.161542259687565,3.7635109424591064,-3.7137649059295654,1.5563830137252808,-1.527885913848877,4.554434299468994,-0.4389996826648712,0.515529215335846,-0.11437581479549408
43.351805210113525,3.3133902549743652,-0.07621941715478897,-2.1897568729999697,3.7635109424591064,-3.7137649059295654,1.5591317415237427,-1.488613247871399,4.54094934463501,-0.4287794530391693,0.4790058732032776,-0.11006129533052444
43.40179634094238,3.307753324508667,-0.08812277019023895,-2.2181870131326837,3.7635109424591064,-3.7137649059295654,1.559984803199768,-1.4488338232040405,4.525688648223877,-0.41885143518447876,0.44299831986427307,-0.10423121601343155
43.45159149169922,3.3018651008605957,-0.09923620522022247,-2.244286338481212,3.7635109424591064,-3.7137649059295654,1.5588889122009277,-1.4124776124954224,4.510336399078369,-0.4106731712818146,0.41084668040275574,-0.09752483665943146
43.50111937522888,3.2943851947784424,-0.11308680474758148,-2.27675972343844,3.7635109424591064,-3.7137649059295654,1.5548232793807983,-1.3660578727722168,4.489954948425293,-0.40102675557136536,0.3702239692211151,-0.08823799341917038
43.549983739852905,3.287038803100586,-0.12528176605701447,-2.3037119599063653,3.7635109424591064,-3.7137649059295654,1.5479928255081177,-1.3239710330963135,4.471282958984375,-0.3927840292453766,0.33562296628952026,-0.08133315294981003
43.60059905052185,3.278555393218994,-0.13851289451122284,-2.3318067604150468,3.7635109424591064,-3.7137649059295654,1.5391072034835815,-1.2819652557373047,4.452824592590332,-0.38570448756217957,0.3011927604675293,-0.07641816139221191
43.651166677474976,3.2698049545288086,-0.15104857087135315,-2.357744528575731,3.7635109424591064,-3.7137649059295654,1.529770016670227,-1.2393282651901245,4.434246063232422,-0.3803754150867462,0.2650092840194702,-0.07265470921993256
43.70152020454407,3.260500431060791,-0.16333696246147156,-2.3819034507474055,3.7635109424591064,-3.7137649059295654,1.5218231678009033,-1.1972469091415405,4.4153361320495605,-0.3770258128643036,0.22844666242599487,-0.07033899426460266
43.7508819103241,3.2520925998687744,-0.1739898920059204,-2.4039779714842386,3.7635109424591064,-3.7137649059295654,1.516394019126892,-1.1607121229171753,4.398110389709473,-0.3761405348777771,0.19678419828414917,-0.06849559396505356
43.80059504508972,3.2409303188323975,-0.1874397248029709,-2.43113777939253,3.7635109424591064,-3.7137649059295654,1.5135433673858643,-1.1157019138336182,4.375762462615967,-0.3765610158443451,0.15973339974880219,-0.0666823536157608
43.85153412818909,3.2310171127319336,-0.19926999509334564,-2.4565159007199493,3.7635109424591064,-3.7137649059295654,1.5146300792694092,-1.0735054016113281,4.352962017059326,-0.37814682722091675,0.12406136095523834,-0.06530565023422241
43.90143656730652,3.220574140548706,-0.21074171364307404,-2.481507863888446,3.7635109424591064,-3.7137649059295654,1.5179882049560547,-1.0369096994400024,4.331507682800293,-0.38050833344459534,0.09052429348230362,-0.06487692147493362
43.95021462440491,3.2103424072265625,-0.2218707650899887,-2.5063569076614938,3.7635109424591064,-3.7137649059295654,1.5235358476638794,-0.9990928769111633,4.3082404136657715,-0.38384124636650085,0.05372370779514313,-0.065497986972332
44.0009503364563,3.2005064487457275,-0.2320529669523239,-2.5290777666469957,3.7635109424591064,-3.7137649059295654,1.5311119556427002,-0.963297426700592,4.285686016082764,-0.38779211044311523,0.01733149215579033,-0.06751413643360138
44.05091404914856,3.1893560886383057,-0.24268385767936707,-2.5506743374977554,3.7635109424591064,-3.7137649059295654,1.5427498817443848,-0.9219775795936584,4.2596940994262695,-0.39349326491355896,-0.024922259151935577,-0.07133758813142776
44.101385831832886,3.1781487464904785,-0.25258901715278625,-2.572217382863281,3.7635109424591064,-3.7137649059295654,1.5568448305130005,-0.8817525506019592,4.234554290771484,-0.40038782358169556,-0.06593748182058334,-0.07611754536628723
44.15188550949097,3.1659300327301025,-0.26265519857406616,-2.5958826310104772,3.7635109424591064,-3.7137649059295654,1.5738829374313354,-0.8411733508110046,4.209002494812012,-0.4093012809753418,-0.10651720315217972,-0.08128951489925385
44.20062971115112,3.1540441513061523,-0.271768718957901,-2.616762491235115,3.7635109424591064,-3.7137649059295654,1.5930005311965942,-0.800693929195404,4.183802127838135,-0.4207555949687958,-0.14521650969982147,-0.08674208074808121
44.25082874298096,3.142821788787842,-0.2803329825401306,-2.637476960606419,3.7635109424591064,-3.7137649059295654,1.6147559881210327,-0.7573881149291992,4.158271312713623,-0.4358881413936615,-0.184279203414917,-0.09198767691850662
44.3011794090271,3.13036847114563,-0.2889775335788727,-2.656355155625537,3.7635109424591064,-3.7137649059295654,1.6353483200073242,-0.7184223532676697,4.135382652282715,-0.45204299688339233,-0.2207905501127243,-0.09328077733516693
44.35144376754761,3.116727828979492,-0.2978205382823944,-2.677451892250867,3.7635109424591064,-3.7137649059295654,1.6560548543930054,-0.6776436567306519,4.110162734985352,-0.47121867537498474,-0.2602545917034149,-0.09162458777427673
44.401227951049805,3.1038520336151123,-0.30529868602752686,-2.6939519428677317,3.7635109424591064,-3.7137649059295654,1.6740652322769165,-0.6385417580604553,4.084768295288086,-0.4906022548675537,-0.2963244915008545,-0.08781532198190689
44.45264291763306,3.089556932449341,-0.31372642517089844,-2.7128759851061526,3.7635109424591064,-3.7137649059295654,1.692947506904602,-0.5933913588523865,4.054968357086182,-0.5128419399261475,-0.3326374590396881,-0.08397205173969269
44.57148742675781,3.075608968734741,-0.32147738337516785,-2.7296537744059655,3.7635109424591064,-3.7137649059295654,1.709412693977356,-0.5496572852134705,4.026266574859619,-0.5338344573974609,-0.3657427132129669,-0.0800871029496193
44.648682832717896,3.075608968734741,-0.32147738337516785,-2.7296537744059655,3.7635109424591064,-3.7137649059295654,1.709412693977356,-0.5496572852134705,4.026266574859619,-0.5338344573974609,-0.3657427132129669,-0.0800871029496193
44.72054576873779,3.048524856567383,-0.33522409200668335,-2.7611259038810454,3.7635109424591064,-3.7137649059295654,1.737024188041687,-0.462137907743454,3.9680118560791016,-0.5709769129753113,-0.43457522988319397,-0.070156529545784
44.789653062820435,3.0289690494537354,-0.3446531891822815,-2.784716740430004,3.7635109424591064,-3.7137649059295654,1.752516269683838,-0.39972880482673645,3.929576873779297,-0.5891224145889282,-0.48418769240379333,-0.06090536341071129
44.85813784599304,3.0105202198028564,-0.3532313108444214,-2.8073782587832903,3.7635109424591064,-3.7137649059295654,1.7651022672653198,-0.3354302942752838,3.8961074352264404,-0.6001679301261902,-0.5342926979064941,-0.04906360059976578
44.92660856246948,2.993163585662842,-0.3611445128917694,-2.829355582740258,3.7635109424591064,-3.7137649059295654,1.7744717597961426,-0.2702106237411499,3.867192268371582,-0.6054494976997375,-0.5838965177536011,-0.03430098667740822
44.994611501693726,2.9749598503112793,-0.3689211308956146,-2.8540018562951324,3.7635109424591064,-3.7137649059295654,1.780918836593628,-0.20385637879371643,3.8400075435638428,-0.6055219769477844,-0.6290600299835205,-0.022569483146071434
45.06324553489685,2.9576053619384766,-0.3759656548500061,-2.8788464961491798,3.7635109424591064,-3.7137649059295654,1.7867562770843506,-0.14195293188095093,3.81451153755188,-0.6016775965690613,-0.6737099885940552,-0.015935778617858887
45.13155269622803,2.939640760421753,-0.3828270435333252,-2.9042085735679484,3.7635109424591064,-3.7137649059295654,1.7958840131759644,-0.08361942321062088,3.7894930839538574,-0.5941654443740845,-0.7202603816986084,-0.012619840912520885
45.19800519943237,2.921719551086426,-0.38908469676971436,-2.9299910015049986,3.7635109424591064,-3.7137649059295654,1.8084484338760376,-0.02971743419766426,3.7659218311309814,-0.5830154418945312,-0.7629944086074829,-0.011285504326224327
45.19996690750122,2.905728816986084,-0.39438512921333313,-2.951093503640733,3.7635109424591064,-3.7137649059295654,1.8219016790390015,0.021246744319796562,3.7430593967437744,-0.5679945945739746,-0.8028167486190796,-0.010841114446520805
45.271098613739014,2.904970645904541,-0.3946254253387451,-2.9519935445682903,3.7635109424591064,-3.7137649059295654,1.8223800659179688,0.023566780611872673,3.742065191268921,-0.5671861171722412,-0.8046605587005615,-0.010893666185438633
45.33874440193176,2.884249687194824,-0.40059253573417664,-2.9793456801774343,3.7635109424591064,-3.7137649059295654,1.8371036052703857,0.0831785798072815,3.7139976024627686,-0.542711615562439,-0.8534801006317139,-0.011972000822424889
45.34207844734192,2.8644373416900635,-0.405709832906723,-3.003481064124486,3.7635109424591064,-3.7137649059295654,1.8515658378601074,0.1447102129459381,3.684847116470337,-0.5113030076026917,-0.9027716517448425,-0.015981601551175117
45.350991010665894,2.8461368083953857,-0.40998393297195435,-3.024322402074925,3.7635109424591064,-3.7137649059295654,1.8657476902008057,0.20425492525100708,3.6576812267303467,-0.4763096868991852,-0.9496294260025024,-0.022630292922258377
45.40074133872986,2.8333165645599365,-0.4127245247364044,-3.0391958140651654,3.7635109424591064,-3.7137649059295654,1.876246690750122,0.2475368231534958,3.6393988132476807,-0.4483811855316162,-0.9836997985839844,-0.028710806742310524
45.45069766044617,2.8185620307922363,-0.4155857563018799,-3.055424858337791,3.7635109424591064,-3.7137649059295654,1.8891088962554932,0.2964857220649719,3.6200413703918457,-0.4145166873931885,-1.0212785005569458,-0.03542147949337959
45.50057315826416,2.8050334453582764,-0.4179881811141968,-3.068594538816701,3.7635109424591064,-3.7137649059295654,1.9014363288879395,0.34355786442756653,3.6020500659942627,-0.38115254044532776,-1.0552122592926025,-0.04059617966413498
45.551175594329834,2.7914586067199707,-0.4199911057949066,-3.0812400555727777,3.7635109424591064,-3.7137649059295654,1.9132188558578491,0.39012327790260315,3.5836520195007324,-0.34721839427948,-1.0856239795684814,-0.04355604201555252
45.60095000267029,2.7786378860473633,-0.4215248227119446,-3.09127042314583,3.7635109424591064,-3.7137649059295654,1.9233261346817017,0.4328449070453644,3.565795421600342,-0.3156888782978058,-1.1135882139205933,-0.041330959647893906
45.6512405872345,2.7647910118103027,-0.4227749705314636,-3.1017723329013074,3.7635109424591064,-3.7137649059295654,1.9334460496902466,0.4807114601135254,3.5442583560943604,-0.2813813388347626,-1.1445587873458862,-0.03343459591269493
45.70090317726135,2.7522501945495605,-0.4235914349555969,-3.107766498701428,3.7635109424591064,-3.7137649059295654,1.9413093328475952,0.5243343710899353,3.5218496322631836,-0.25175195932388306,-1.1691951751708984,-0.024041151627898216
45.75188183784485,2.738736867904663,-0.42403119802474976,-3.111713548137683,3.7635109424591064,-3.7137649059295654,1.9488425254821777,0.5737179517745972,3.493257761001587,-0.2201840579509735,-1.1913163661956787,-0.014474403113126755
45.801074504852295,2.7266814708709717,-0.42414793372154236,-3.1125092740384055,3.7635109424591064,-3.7137649059295654,1.9544700384140015,0.6197201013565063,3.463905096054077,-0.19207708537578583,-1.2100458145141602,-0.006877800915390253
45.851359844207764,2.7156102657318115,-0.42395704984664917,-3.110559562622604,3.7635109424591064,-3.7137649059295654,1.9589123725891113,0.6648194193840027,3.4347903728485107,-0.16618631780147552,-1.2288085222244263,0.0008418448269367218
45.90070652961731,2.7049944400787354,-0.4234562814235687,-3.104575284012091,3.7635109424591064,-3.7137649059295654,1.9621671438217163,0.7105443477630615,3.4048588275909424,-0.14152805507183075,-1.247854471206665,0.00901457853615284
45.95061206817627,2.6953439712524414,-0.42270132899284363,-3.0954264132560714,3.7635109424591064,-3.7137649059295654,1.9637932777404785,0.756690263748169,3.3720180988311768,-0.11703693121671677,-1.26565420627594,0.01806292124092579
46.000601291656494,2.68581485748291,-0.42188534140586853,-3.0867848852537265,3.7635109424591064,-3.7137649059295654,1.9638158082962036,0.8026779890060425,3.3361704349517822,-0.09273802489042282,-1.281525731086731,0.027697904035449028
46.051604986190796,2.676323652267456,-0.4219185709953308,-3.0797546690352604,3.7635109424591064,-3.7137649059295654,1.9619346857070923,0.8484604954719543,3.297736167907715,-0.06906308233737946,-1.2949210405349731,0.039594028145074844
46.100924491882324,2.666743040084839,-0.42172181606292725,-3.0730051997804804,3.7635109424591064,-3.7137649059295654,1.9586000442504883,0.8941501379013062,3.2568697929382324,-0.04706009477376938,-1.3065372705459595,0.051913511008024216
46.15151262283325,2.656810998916626,-0.42171722650527954,-3.0660936273811017,3.7635109424591064,-3.7137649059295654,1.9542192220687866,0.9387511014938354,3.21392560005188,-0.027199899777770042,-1.31743323802948,0.06018983945250511
46.20000696182251,2.646243095397949,-0.4214988648891449,-3.0586981237378827,3.7635109424591064,-3.7137649059295654,1.9495357275009155,0.9816146492958069,3.167818546295166,-0.008458270691335201,-1.3298269510269165,0.062342558056116104
46.251121520996094,2.6353440284729004,-0.4211333096027374,-3.050872860098484,3.7635109424591064,-3.7137649059295654,1.9458646774291992,1.023956298828125,3.117265462875366,0.010941448621451855,-1.3437621593475342,0.06441296637058258
46.30019450187683,2.624190330505371,-0.42110389471054077,-3.0442102018245305,3.7635109424591064,-3.7137649059295654,1.9434055089950562,1.067102074623108,3.0637459754943848,0.030954474583268166,-1.3581610918045044,0.06790366023778915
46.35113763809204,2.613481283187866,-0.4209721088409424,-3.037293466281015,3.7635109424591064,-3.7137649059295654,1.9422274827957153,1.1090283393859863,3.013782024383545,0.05046113207936287,-1.3715457916259766,0.06991586089134216
46.40169811248779,2.600992441177368,-0.42115193605422974,-3.027642681240233,3.7635109424591064,-3.7137649059295654,1.9418574571609497,1.1562488079071045,2.96012282371521,0.07501779496669769,-1.3857477903366089,0.06781181693077087
46.45098829269409,2.589386224746704,-0.42126601934432983,-3.0196437392415416,3.7635109424591064,-3.7137649059295654,1.9426677227020264,1.1980979442596436,2.913689136505127,0.09942666441202164,-1.400105357170105,0.06359401345252991
46.5012743473053,2.5756354331970215,-0.4213455021381378,-3.0086943079341704,3.7635109424591064,-3.7137649059295654,1.9442543983459473,1.244566798210144,2.8634040355682373,0.12741494178771973,-1.4173237085342407,0.058675579726696014
46.550570011138916,2.5621349811553955,-0.421516478061676,-2.9982133524650734,3.7635109424591064,-3.7137649059295654,1.9462864398956299,1.289642095565796,2.816643714904785,0.15361101925373077,-1.433211326599121,0.05526530370116234
46.600772857666016,2.5479772090911865,-0.4218456447124481,-2.9863187444082615,3.7635109424591064,-3.7137649059295654,1.94833505153656,1.3356870412826538,2.7705142498016357,0.17882992327213287,-1.4484596252441406,0.05249856784939766
46.65149641036987,2.5341074466705322,-0.42213594913482666,-2.9728492885912976,3.7635109424591064,-3.7137649059295654,1.950571894645691,1.3798918724060059,2.727039337158203,0.20197650790214539,-1.4631640911102295,0.048421408981084824
46.700767517089844,2.518289804458618,-0.4226512908935547,-2.9576497601673957,3.7635109424591064,-3.7137649059295654,1.9540636539459229,1.4296249151229858,2.6790947914123535,0.22758659720420837,-1.4750334024429321,0.045294273644685745
46.75187015533447,2.5027413368225098,-0.4236648380756378,-2.943111998357541,3.7635109424591064,-3.7137649059295654,1.9588663578033447,1.477381944656372,2.6336233615875244,0.2522847652435303,-1.4807010889053345,0.0427432581782341
46.80095410346985,2.486840009689331,-0.4248908460140228,-2.9285383865929906,3.7635109424591064,-3.7137649059295654,1.9641504287719727,1.5251377820968628,2.5880162715911865,0.2777119576931,-1.4827337265014648,0.03907213360071182
46.851314544677734,2.4707040786743164,-0.4263691306114197,-2.9119928844440666,3.7635109424591064,-3.7137649059295654,1.9682620763778687,1.5716779232025146,2.5410895347595215,0.3037605881690979,-1.4841973781585693,0.03319311887025833
46.900840282440186,2.4551076889038086,-0.42792266607284546,-2.895768030378544,3.7635109424591064,-3.7137649059295654,1.9702471494674683,1.61769700050354,2.4929423332214355,0.33031904697418213,-1.4847311973571777,0.026171959936618805
46.95086312294006,2.4378340244293213,-0.4299982786178589,-2.8758457680751923,3.7635109424591064,-3.7137649059295654,1.9698574542999268,1.663314938545227,2.4453701972961426,0.3574320375919342,-1.4829096794128418,0.019944068044424057
47.00218105316162,2.421088695526123,-0.43207022547721863,-2.8555260211372264,3.7635109424591064,-3.7137649059295654,1.9677332639694214,1.7078579664230347,2.3950181007385254,0.38364648818969727,-1.478902816772461,0.015386599116027355
47.05118989944458,2.4050774574279785,-0.43378880620002747,-2.832788578351173,3.7635109424591064,-3.7137649059295654,1.9639372825622559,1.749715805053711,2.341066598892212,0.40415504574775696,-1.474847435951233,0.011678162962198257
47.101263761520386,2.389136791229248,-0.4356852173805237,-2.8070802821474787,3.7635109424591064,-3.7137649059295654,1.9595125913619995,1.7900758981704712,2.284428596496582,0.4182804226875305,-1.4706215858459473,0.0071443128399550915
47.151532888412476,2.374042272567749,-0.4377197027206421,-2.7801639138179084,3.7635109424591064,-3.7137649059295654,1.9538719654083252,1.8306593894958496,2.2273104190826416,0.42805537581443787,-1.466519832611084,0.0035743629559874535
47.20049238204956,2.359673261642456,-0.4395773410797119,-2.750743736962728,3.7635109424591064,-3.7137649059295654,1.9462288618087769,1.8724372386932373,2.1712136268615723,0.4349288046360016,-1.4620765447616577,-0.0010513922898098826
47.251511335372925,2.346259117126465,-0.44139987230300903,-2.7173615076202555,3.7635109424591064,-3.7137649059295654,1.936297059059143,1.9145563840866089,2.1171419620513916,0.4397488534450531,-1.4576618671417236,-0.0056857699528336525
47.300511837005615,2.3339240550994873,-0.44297078251838684,-2.6810505126164488,3.7635109424591064,-3.7137649059295654,1.9239139556884766,1.9571890830993652,2.0657942295074463,0.442899614572525,-1.452763557434082,-0.009198680520057678
47.35071325302124,2.3223698139190674,-0.44489532709121704,-2.6414996036252285,3.7635109424591064,-3.7137649059295654,1.9099829196929932,2.0004091262817383,2.01674222946167,0.4441354274749756,-1.447914719581604,-0.011180104687809944
47.400203227996826,2.3131372928619385,-0.4460866451263428,-2.607935902250457,3.7635109424591064,-3.7137649059295654,1.8952476978302002,2.0435237884521484,1.9686486721038818,0.443360835313797,-1.4412962198257446,-0.011977718211710453
47.45047092437744,2.3028059005737305,-0.44823792576789856,-2.571969408233553,3.7635109424591064,-3.7137649059295654,1.8820046186447144,2.0807628631591797,1.9259330034255981,0.44010841846466064,-1.43350088596344,-0.011566569097340107
47.50122261047363,2.2916386127471924,-0.4514102339744568,-2.5291527024371345,3.7635109424591064,-3.7137649059295654,1.8671903610229492,2.1246888637542725,1.8709970712661743,0.43308204412460327,-1.424524188041687,-0.009947851300239563
47.55080699920654,2.282003879547119,-0.45453011989593506,-2.491657606654832,3.7635109424591064,-3.7137649059295654,1.8559151887893677,2.1624929904937744,1.819948434829712,0.4251708984375,-1.4185903072357178,-0.008227754384279251
47.600685834884644,2.2718629837036133,-0.45811811089515686,-2.454974761072741,3.7635109424591064,-3.7137649059295654,1.845771312713623,2.2000927925109863,1.7707817554473877,0.41720277070999146,-1.4125949144363403,-0.005359243601560593
47.65115928649902,2.2634031772613525,-0.46151044964790344,-2.4210166003603377,3.7635109424591064,-3.7137649059295654,1.8373801708221436,2.2336244583129883,1.7263442277908325,0.412036657333374,-1.4054794311523438,-0.0013182826805859804
47.70093083381653,2.2529027462005615,-0.46583425998687744,-2.377349324390652,3.7635109424591064,-3.7137649059295654,1.827719807624817,2.2746806144714355,1.6693060398101807,0.408395379781723,-1.3974647521972656,0.005909929051995277
47.750664710998535,2.2434351444244385,-0.46989706158638,-2.3396701793629138,3.7635109424591064,-3.7137649059295654,1.820446252822876,2.3085882663726807,1.620545744895935,0.40693068504333496,-1.3892251253128052,0.010839331895112991
47.801673412323,2.23398756980896,-0.47449883818626404,-2.296251629904125,3.7635109424591064,-3.7137649059295654,1.8132795095443726,2.346470594406128,1.567233681678772,0.40589165687561035,-1.3787288665771484,0.01216069608926773
47.85087704658508,2.225254535675049,-0.47946327924728394,-2.256463327856291,3.7635109424591064,-3.7137649059295654,1.8069688081741333,2.382861614227295,1.5176993608474731,0.4052935838699341,-1.368749737739563,0.009359108284115791
47.90042042732239,2.2169342041015625,-0.4848356544971466,-2.215415082062731,3.7635109424591064,-3.7137649059295654,1.8003894090652466,2.41961407661438,1.4683438539505005,0.40532946586608887,-1.3588320016860962,0.003181682201102376
47.95145773887634,2.2081916332244873,-0.49048346281051636,-2.176428559979916,3.7635109424591064,-3.7137649059295654,1.7933847904205322,2.4565587043762207,1.419012188911438,0.4056689739227295,-1.3480231761932373,-0.004771206993609667
48.00188851356506,2.2002687454223633,-0.4962204396724701,-2.135051331890842,3.7635109424591064,-3.7137649059295654,1.7861087322235107,2.4935929775238037,1.369023084640503,0.4064679443836212,-1.3349575996398926,-0.014113419689238071
48.05170798301697,2.1924524307250977,-0.5022034645080566,-2.0926838570889585,3.7635109424591064,-3.7137649059295654,1.778093934059143,2.530137777328491,1.3188705444335938,0.4079141616821289,-1.3199166059494019,-0.024758271872997284
48.101300954818726,2.1852211952209473,-0.5082433819770813,-2.048635453070751,3.7635109424591064,-3.7137649059295654,1.7693397998809814,2.5663983821868896,1.2693219184875488,0.41038215160369873,-1.304147481918335,-0.03681017458438873
48.1504442691803,2.178257703781128,-0.5141130685806274,-2.0047910874539148,3.7635109424591064,-3.7137649059295654,1.7593060731887817,2.6024322509765625,1.2196592092514038,0.41386836767196655,-1.2884783744812012,-0.050135910511016846
48.20081090927124,2.1718966960906982,-0.5197771191596985,-1.9606129538529025,3.7635109424591064,-3.7137649059295654,1.7472978830337524,2.6373679637908936,1.1696888208389282,0.4180128872394562,-1.2725003957748413,-0.0646844208240509
48.25040602684021,2.1658694744110107,-0.5254604816436768,-1.9171233170817443,3.7635109424591064,-3.7137649059295654,1.7335994243621826,2.6697893142700195,1.1217221021652222,0.4222591519355774,-1.2547829151153564,-0.08081860840320587
48.30194425582886,2.160688877105713,-0.531114935874939,-1.8755934839513633,3.7635109424591064,-3.7137649059295654,1.7173861265182495,2.6986920833587646,1.0751222372055054,0.4252341687679291,-1.236365795135498,-0.09716048091650009
48.35104465484619,2.1560871601104736,-0.5368359088897705,-1.8368774632742293,3.7635109424591064,-3.7137649059295654,1.6998891830444336,2.723071336746216,1.0272431373596191,0.4257187843322754,-1.2165462970733643,-0.11377021670341492
48.401071071624756,2.1518912315368652,-0.5425980091094971,-1.801782136486686,3.7635109424591064,-3.7137649059295654,1.6828964948654175,2.7419965267181396,0.9791510701179504,0.4233919680118561,-1.1949304342269897,-0.12992319464683533
48.45073342323303,2.147730588912964,-0.5491005182266235,-1.7713460773128644,3.7635109424591064,-3.7137649059295654,1.66676926612854,2.755267858505249,0.9314774870872498,0.4195444583892822,-1.1727834939956665,-0.14452187716960907
48.50192856788635,2.144979238510132,-0.5545853972434998,-1.748078182841907,3.7635109424591064,-3.7137649059295654,1.6540919542312622,2.76245379447937,0.8908513188362122,0.4154055118560791,-1.1543045043945312,-0.15557050704956055
48.54998970031738,2.1413419246673584,-0.5623762011528015,-1.718380610651242,3.7635109424591064,-3.7137649059295654,1.6373211145401,2.7670772075653076,0.8318063020706177,0.4058380126953125,-1.1267563104629517,-0.16915775835514069
48.60140085220337,2.1384780406951904,-0.5690609216690063,-1.6947362787730613,3.7635109424591064,-3.7137649059295654,1.6247740983963013,2.7656567096710205,0.7820755839347839,0.3939357101917267,-1.1016745567321777,-0.1788746565580368
48.65263652801514,2.1357059478759766,-0.5758668780326843,-1.6748927130570241,3.7635109424591064,-3.7137649059295654,1.6137909889221191,2.760138511657715,0.7362077832221985,0.3800811171531677,-1.076177716255188,-0.1871924251317978
48.70109748840332,2.133450508117676,-0.5827836990356445,-1.657572157083661,3.7635109424591064,-3.7137649059295654,1.6030875444412231,2.751187801361084,0.693254828453064,0.36587321758270264,-1.0502833127975464,-0.19382159411907196
48.75042486190796,2.1312453746795654,-0.5898586511611938,-1.6422909211998118,3.7635109424591064,-3.7137649059295654,1.592861294746399,2.7402400970458984,0.6518595814704895,0.3513582646846771,-1.0233522653579712,-0.19957168400287628
48.80053639411926,2.129366636276245,-0.5975580215454102,-1.6283752114980754,3.7635109424591064,-3.7137649059295654,1.5841556787490845,2.728149175643921,0.6111829280853271,0.3370227813720703,-0.9959192276000977,-0.20363806188106537
48.852466344833374,2.127356767654419,-0.6058579087257385,-1.616174200027386,3.7635109424591064,-3.7137649059295654,1.5755863189697266,2.7152068614959717,0.5691950917243958,0.32335537672042847,-0.967778205871582,-0.20659010112285614
48.9020299911499,2.1255598068237305,-0.6149406433105469,-1.6053966366196848,3.7635109424591064,-3.7137649059295654,1.5662734508514404,2.702000856399536,0.5262144207954407,0.3096475303173065,-0.9387848973274231,-0.20934373140335083
48.95092296600342,2.1238367557525635,-0.6246119141578674,-1.5958514412534535,3.7635109424591064,-3.7137649059295654,1.5563092231750488,2.688565492630005,0.48287639021873474,0.2980463206768036,-0.9107494354248047,-0.21219882369041443
49.000600814819336,2.122061252593994,-0.6351435780525208,-1.5866239366767405,3.7635109424591064,-3.7137649059295654,1.546681523323059,2.674405813217163,0.4389002323150635,0.28975099325180054,-0.8842744827270508,-0.21742434799671173
49.05027747154236,2.120466470718384,-0.6466594934463501,-1.5779431318954371,3.7635109424591064,-3.7137649059295654,1.5371654033660889,2.658989667892456,0.3945516347885132,0.28467586636543274,-0.8574672341346741,-0.22506852447986603
49.100770473480225,2.1192972660064697,-0.6576464772224426,-1.5712717960126985,3.7635109424591064,-3.7137649059295654,1.5280863046646118,2.6442039012908936,0.35549214482307434,0.2826802730560303,-0.833136796951294,-0.2339596450328827
49.15050220489502,2.1192972660064697,-0.6576464772224426,-1.5712717960126985,3.7635109424591064,-3.7137649059295654,1.5280863046646118,2.6442039012908936,0.35549214482307434,0.2826802730560303,-0.833136796951294,-0.2339596450328827
49.20072293281555,2.1192972660064697,-0.6576464772224426,-1.5712717960126985,3.7635109424591064,-3.7137649059295654,1.5280863046646118,2.6442039012908936,0.35549214482307434,0.2826802730560303,-0.833136796951294,-0.2339596450328827
49.25101351737976,2.1192972660064697,-0.6576464772224426,-1.5712717960126985,3.7635109424591064,-3.7137649059295654,1.5280863046646118,2.6442039012908936,0.35549214482307434,0.2826802730560303,-0.833136796951294,-0.2339596450328827
49.30068230628967,2.1192972660064697,-0.6576464772224426,-1.5712717960126985,3.7635109424591064,-3.7137649059295654,1.5280863046646118,2.6442039012908936,0.35549214482307434,0.2826802730560303,-0.833136796951294,-0.2339596450328827
49.35101675987244,2.1192972660064697,-0.6576464772224426,-1.5712717960126985,3.7635109424591064,-3.7137649059295654,1.5280863046646118,2.6442039012908936,0.35549214482307434,0.2826802730560303,-0.833136796951294,-0.2339596450328827
49.40148615837097,2.1192972660064697,-0.6576464772224426,-1.5712717960126985,3.7635109424591064,-3.7137649059295654,1.5280863046646118,2.6442039012908936,0.35549214482307434,0.2826802730560303,-0.833136796951294,-0.2339596450328827
49.45447754859924,2.1192972660064697,-0.6576464772224426,-1.5712717960126985,3.7635109424591064,-3.7137649059295654,1.5280863046646118,2.6442039012908936,0.35549214482307434,0.2826802730560303,-0.833136796951294,-0.2339596450328827
49.500473976135254,2.1192972660064697,-0.6576464772224426,-1.5712717960126985,3.7635109424591064,-3.7137649059295654,1.5280863046646118,2.6442039012908936,0.35549214482307434,0.2826802730560303,-0.833136796951294,-0.2339596450328827
49.5506374835968,2.1136415004730225,-0.8141917586326599,-1.5506345232431018,3.7635109424591064,-3.7137649059295654,1.397972583770752,2.4251153469085693,-0.030273037031292915,0.34314876794815063,-0.6245417594909668,-0.3543094992637634
49.601903438568115,2.1134097576141357,-0.8330984711647034,-1.5522546407383304,3.7635109424591064,-3.7137649059295654,1.383439540863037,2.394700765609741,-0.07836092263460159,0.3571808934211731,-0.6041182279586792,-0.3705298602581024
49.65146327018738,2.113125801086426,-0.8552621603012085,-1.5510513372168628,3.7635109424591064,-3.7137649059295654,1.369707465171814,2.3614721298217773,-0.129524365067482,0.3704206943511963,-0.5814294815063477,-0.38509035110473633
49.70046639442444,2.1129910945892334,-0.8734298944473267,-1.5503630029480504,3.7635109424591064,-3.7137649059295654,1.3596477508544922,2.332139492034912,-0.17184817790985107,0.3806874454021454,-0.5612730979919434,-0.39486777782440186
49.751752853393555,2.1127359867095947,-0.8951740264892578,-1.5509931290181012,3.7635109424591064,-3.7137649059295654,1.350077748298645,2.295457601547241,-0.22435447573661804,0.3874066472053528,-0.534302830696106,-0.4051228165626526
49.800426959991455,2.1125659942626953,-0.9112673401832581,-1.550677423833281,3.7635109424591064,-3.7137649059295654,1.343603491783142,2.2635984420776367,-0.2693358063697815,0.3875434100627899,-0.5094026327133179,-0.4120118319988251
49.851027727127075,2.112089157104492,-0.933929443359375,-1.5506310443371867,3.7635109424591064,-3.7137649059295654,1.3387614488601685,2.231778621673584,-0.3117818832397461,0.38371092081069946,-0.48467370867729187,-0.416640043258667
49.90100336074829,2.111970901489258,-0.951427698135376,-1.5517073157205699,3.7635109424591064,-3.7137649059295654,1.3358322381973267,2.198441505432129,-0.3529873192310333,0.3779979348182678,-0.45953822135925293,-0.41985419392585754
49.95220184326172,2.112041473388672,-0.9701265096664429,-1.5534027767485545,3.7635109424591064,-3.7137649059295654,1.3354160785675049,2.1636438369750977,-0.3937492072582245,0.3717133402824402,-0.4338746666908264,-0.4202516973018646
50.00295662879944,2.112156391143799,-0.9876706004142761,-1.5553544303079603,3.7635109424591064,-3.7137649059295654,1.3378791809082031,2.1277987957000732,-0.43417811393737793,0.3644460439682007,-0.4069993197917938,-0.41860777139663696
50.051005125045776,2.112309455871582,-1.005165934562683,-1.5572344502238613,3.7635109424591064,-3.7137649059295654,1.3429265022277832,2.0903944969177246,-0.47402283549308777,0.3562266528606415,-0.37982311844825745,-0.4147394001483917
50.1013560295105,2.1126086711883545,-1.0180593729019165,-1.560971357701452,3.7635109424591064,-3.7137649059295654,1.3487516641616821,2.0586204528808594,-0.5067518353462219,0.3490705192089081,-0.3567987382411957,-0.40984711050987244
50.15087819099426,2.112762689590454,-1.0390747785568237,-1.5662320724023466,3.7635109424591064,-3.7137649059295654,1.3587913513183594,2.0148582458496094,-0.5520682334899902,0.33660510182380676,-0.3242667615413666,-0.39947837591171265
50.20028901100159,2.1126785278320312,-1.0568091869354248,-1.5703282880587455,3.7635109424591064,-3.7137649059295654,1.367254376411438,1.978555679321289,-0.5897139310836792,0.322177916765213,-0.29586687684059143,-0.3882133960723877
50.25142860412598,2.1126980781555176,-1.0743216276168823,-1.5747833753066776,3.7635109424591064,-3.7137649059295654,1.3739477396011353,1.9434751272201538,-0.6247107982635498,0.3045249283313751,-0.2674204707145691,-0.37629857659339905
50.30286431312561,2.1124253273010254,-1.0927070379257202,-1.5787988124018644,3.7635109424591064,-3.7137649059295654,1.3787802457809448,1.9086660146713257,-0.6564217209815979,0.2846190333366394,-0.23783598840236664,-0.36550939083099365
50.350672245025635,2.1121623516082764,-1.1109941005706787,-1.5835719409662592,3.7635109424591064,-3.7137649059295654,1.381766438484192,1.873175024986267,-0.6877635717391968,0.266349196434021,-0.20889407396316528,-0.3546532392501831
50.40135669708252,2.111849784851074,-1.1296862363815308,-1.5886357752336075,3.7635109424591064,-3.7137649059295654,1.3828696012496948,1.8372539281845093,-0.7202125787734985,0.2512146532535553,-0.18110163509845734,-0.3455236852169037
50.45062780380249,2.111725091934204,-1.1479947566986084,-1.5944065895869173,3.7635109424591064,-3.7137649059295654,1.3830773830413818,1.801203727722168,-0.7546586990356445,0.23718659579753876,-0.15317966043949127,-0.3375515639781952
50.501389503479004,2.1113317012786865,-1.1644757986068726,-1.5997505540443187,3.7635109424591064,-3.7137649059295654,1.3828952312469482,1.7689402103424072,-0.7869662642478943,0.22540226578712463,-0.1275486797094345,-0.33168405294418335
50.55070185661316,2.1113147735595703,-1.1828745603561401,-1.6058872625308886,3.7635109424591064,-3.7137649059295654,1.3818906545639038,1.7301396131515503,-0.8254064321517944,0.21326063573360443,-0.09863617271184921,-0.3245163857936859
50.60159921646118,2.1108901500701904,-1.2010130882263184,-1.613087618828115,3.7635109424591064,-3.7137649059295654,1.3799268007278442,1.6905114650726318,-0.8613302111625671,0.204140305519104,-0.0716688260436058,-0.31665781140327454
50.650882959365845,2.1105093955993652,-1.2174267768859863,-1.6208112667054837,3.7635109424591064,-3.7137649059295654,1.3767099380493164,1.6522483825683594,-0.8938016295433044,0.1979525238275528,-0.045453786849975586,-0.30925872921943665
50.70085668563843,2.110093593597412,-1.233174443244934,-1.6293407845383676,3.7635109424591064,-3.7137649059295654,1.3718478679656982,1.6125468015670776,-0.9273421168327332,0.19252526760101318,-0.017572052776813507,-0.30209049582481384
50.75109052658081,2.1096973419189453,-1.248432993888855,-1.6392492940467602,3.7635109424591064,-3.7137649059295654,1.3659247159957886,1.571583867073059,-0.9618244171142578,0.18634136021137238,0.011028307490050793,-0.2953273355960846
50.8009147644043,2.1092123985290527,-1.2633098363876343,-1.6490883748485492,3.7635109424591064,-3.7137649059295654,1.3593003749847412,1.5309691429138184,-0.997970461845398,0.17816226184368134,0.0402958020567894,-0.2894952595233917
50.85213494300842,2.108811855316162,-1.277543306350708,-1.6599079199719473,3.7635109424591064,-3.7137649059295654,1.352326512336731,1.4918932914733887,-1.0357753038406372,0.16893452405929565,0.06991749256849289,-0.2850892245769501
50.90140748023987,2.1080482006073,-1.2923110723495483,-1.669934452636473,3.7635109424591064,-3.7137649059295654,1.3455318212509155,1.4544841051101685,-1.0749778747558594,0.1591935157775879,0.09931807219982147,-0.28221309185028076
50.95132040977478,2.1073012351989746,-1.3060413599014282,-1.6801481280907429,3.7635109424591064,-3.7137649059295654,1.339227557182312,1.4174764156341553,-1.1141822338104248,0.15030623972415924,0.1283540576696396,-0.2811928391456604
51.001774311065674,2.106464147567749,-1.3213660717010498,-1.6908613388440497,3.7635109424591064,-3.7137649059295654,1.3332418203353882,1.3806523084640503,-1.1510915756225586,0.1419442892074585,0.1577090173959732,-0.2815764248371124
51.05180311203003,2.1051809787750244,-1.3359062671661377,-1.7001963313435269,3.7635109424591064,-3.7137649059295654,1.3275165557861328,1.3447985649108887,-1.1876662969589233,0.13463124632835388,0.18936093151569366,-0.2834288477897644
51.10021638870239,2.1038029193878174,-1.3503446578979492,-1.7096640747023732,3.7635109424591064,-3.7137649059295654,1.321953535079956,1.310150384902954,-1.2235625982284546,0.12622655928134918,0.2201034277677536,-0.2838154733181
51.15218257904053,2.1023948192596436,-1.3649479150772095,-1.7194919197146188,3.7635109424591064,-3.7137649059295654,1.316440463066101,1.276521921157837,-1.2557915449142456,0.11656994372606277,0.2488616704940796,-0.2817339301109314
51.202006340026855,2.1008288860321045,-1.3798152208328247,-1.7288332735708696,3.7635109424591064,-3.7137649059295654,1.3113491535186768,1.2440861463546753,-1.2826167345046997,0.1061638817191124,0.27809715270996094,-0.27881282567977905
51.25090980529785,2.0991950035095215,-1.3947464227676392,-1.7377036042587282,3.7635109424591064,-3.7137649059295654,1.3067952394485474,1.2127406597137451,-1.303938388824463,0.09527921676635742,0.3078973889350891,-0.2754228413105011
51.300464391708374,2.0971806049346924,-1.410093069076538,-1.7459728066341078,3.7635109424591064,-3.7137649059295654,1.3036741018295288,1.1830511093139648,-1.3199899196624756,0.08442952483892441,0.3370451331138611,-0.27198314666748047
51.3514244556427,2.0948352813720703,-1.4256818294525146,-1.7542807403703435,3.7635109424591064,-3.7137649059295654,1.3030344247817993,1.1556826829910278,-1.3315023183822632,0.07396046817302704,0.3653436601161957,-0.26818743348121643
51.4016056060791,2.0921854972839355,-1.4418548345565796,-1.7617883055315993,3.7635109424591064,-3.7137649059295654,1.3039696216583252,1.1311349868774414,-1.3382699489593506,0.06452406197786331,0.3933353126049042,-0.2639816999435425
51.45168900489807,2.0894064903259277,-1.4580397605895996,-1.767954654227888,3.7635109424591064,-3.7137649059295654,1.3041627407073975,1.1081786155700684,-1.3408702611923218,0.05682101845741272,0.4198046624660492,-0.25942060351371765
51.500324010849,2.086223840713501,-1.4740302562713623,-1.7732023905702659,3.7635109424591064,-3.7137649059295654,1.3036795854568481,1.0863677263259888,-1.338909387588501,0.05110485479235649,0.4435083866119385,-0.2540470063686371
51.55122232437134,2.0830249786376953,-1.4899111986160278,-1.7774994385150609,3.7635109424591064,-3.7137649059295654,1.302525520324707,1.0657824277877808,-1.3325316905975342,0.047483447939157486,0.46572408080101013,-0.24840593338012695
51.60118246078491,2.079510450363159,-1.5050820112228394,-1.7782299372665171,3.7635109424591064,-3.7137649059295654,1.3013378381729126,1.04654061794281,-1.3221204280853271,0.0458083376288414,0.4880063235759735,-0.24208702147006989
51.65080738067627,2.0759565830230713,-1.5190907716751099,-1.7763523905036718,3.7635109424591064,-3.7137649059295654,1.3008379936218262,1.028194546699524,-1.3085885047912598,0.04547509923577309,0.5099135637283325,-0.2356281876564026
51.703689098358154,2.0724008083343506,-1.5320613384246826,-1.7720422861387508,3.7635109424591064,-3.7137649059295654,1.3001021146774292,1.0095999240875244,-1.293045163154602,0.04584554210305214,0.53001868724823,-0.22794757783412933
51.75155830383301,2.0689916610717773,-1.5435582399368286,-1.7646817307332334,3.7635109424591064,-3.7137649059295654,1.2993648052215576,0.9907388687133789,-1.2760370969772339,0.04758196696639061,0.5490046739578247,-0.2204565405845642
51.80033278465271,2.065748691558838,-1.5540575981140137,-1.7539641549233898,3.7635109424591064,-3.7137649059295654,1.2977497577667236,0.9711270332336426,-1.2576484680175781,0.05043736845254898,0.5662956237792969,-0.21398311853408813
51.851831912994385,2.0629308223724365,-1.5623959302902222,-1.7418026508269513,3.7635109424591064,-3.7137649059295654,1.2954660654067993,0.9528002738952637,-1.2420238256454468,0.05381609499454498,0.5803542137145996,-0.20889370143413544
51.90150165557861,2.059372901916504,-1.5722638368606567,-1.722817415189484,3.7635109424591064,-3.7137649059295654,1.2915903329849243,0.927761435508728,-1.2243263721466064,0.05924958363175392,0.5972927212715149,-0.20355510711669922
51.95136380195618,2.0564146041870117,-1.5800957679748535,-1.7034285924080572,3.7635109424591064,-3.7137649059295654,1.2877389192581177,0.9049487709999084,-1.2102380990982056,0.06409896910190582,0.6113330721855164,-0.20045313239097595
52.00124001502991,2.0531208515167236,-1.589003324508667,-1.6798389983993887,3.7635109424591064,-3.7137649059295654,1.2833657264709473,0.877668023109436,-1.1955066919326782,0.06923366338014603,0.6234061121940613,-0.19745267927646637
52.05186414718628,2.0503077507019043,-1.597472071647644,-1.6583553299575209,3.7635109424591064,-3.7137649059295654,1.2793532609939575,0.8515861630439758,-1.1840548515319824,0.07341199368238449,0.631335437297821,-0.19530172646045685
52.10026979446411,2.046971082687378,-1.6077381372451782,-1.632196681250421,3.7635109424591064,-3.7137649059295654,1.2749577760696411,0.8207781910896301,-1.1733182668685913,0.07747218757867813,0.6392595171928406,-0.1928517073392868
52.152915239334106,2.043609380722046,-1.6181366443634033,-1.6051723457804825,3.7635109424591064,-3.7137649059295654,1.2705501317977905,0.7896955609321594,-1.1649843454360962,0.0804889127612114,0.645197868347168,-0.19115464389324188
52.200520277023315,2.040334701538086,-1.629285454750061,-1.5756626619590817,3.7635109424591064,-3.7137649059295654,1.2660667896270752,0.7567348480224609,-1.1570881605148315,0.08267974108457565,0.6489102840423584,-0.19021210074424744
52.25186848640442,2.03702712059021,-1.640848159790039,-1.543597836916043,3.7635109424591064,-3.7137649059295654,1.262397289276123,0.7219807505607605,-1.149579405784607,0.08373306691646576,0.6506750583648682,-0.18948473036289215
52.300355672836304,2.0339908599853516,-1.6523739099502563,-1.5088289385182847,3.7635109424591064,-3.7137649059295654,1.2599588632583618,0.687454879283905,-1.1420689821243286,0.08404923230409622,0.6519556045532227,-0.18937988579273224
52.35084939002991,2.0311200618743896,-1.6639609336853027,-1.472448092044593,3.7635109424591064,-3.7137649059295654,1.2580450773239136,0.6530923247337341,-1.1343104839324951,0.08408654481172562,0.6536166667938232,-0.1894904524087906
52.400455951690674,2.0284812450408936,-1.6740751266479492,-1.4392904273440341,3.7635109424591064,-3.7137649059295654,1.2566949129104614,0.6171150803565979,-1.126528263092041,0.08394970744848251,0.6556127667427063,-0.1894584447145462
52.45149517059326,2.0265941619873047,-1.686462163925171,-1.400841506034098,3.7635109424591064,-3.7137649059295654,1.256597638130188,0.5798494815826416,-1.1187710762023926,0.08368828892707825,0.6575431823730469,-0.18941320478916168
52.502890825271606,2.0249879360198975,-1.6979376077651978,-1.3616850974073935,3.7635109424591064,-3.7137649059295654,1.2575962543487549,0.5417154431343079,-1.11129629611969,0.08351078629493713,0.6591759324073792,-0.18948127329349518
52.550264835357666,2.0239245891571045,-1.7086281776428223,-1.3256312707783429,3.7635109424591064,-3.7137649059295654,1.2598047256469727,0.5056470632553101,-1.1048568487167358,0.08343138545751572,0.6599968075752258,-0.18886719644069672
52.60101771354675,2.023491382598877,-1.718674659729004,-1.2935535284768251,3.7635109424591064,-3.7137649059295654,1.2632853984832764,0.470936119556427,-1.0992622375488281,0.08302817493677139,0.660747230052948,-0.1878865361213684
52.65112900733948,2.023500919342041,-1.7334578037261963,-1.2465073353160574,3.7635109424591064,-3.7137649059295654,1.269733190536499,0.42448943853378296,-1.0919528007507324,0.08195718377828598,0.6626809239387512,-0.18679717183113098
52.700932264328,2.024306297302246,-1.7457994222640991,-1.209005949923426,3.7635109424591064,-3.7137649059295654,1.27772855758667,0.38394784927368164,-1.0860073566436768,0.08025158196687698,0.6645880341529846,-0.18626917898654938
52.75100016593933,2.025343894958496,-1.7584084272384644,-1.1719913161791613,3.7635109424591064,-3.7137649059295654,1.2888561487197876,0.3426227867603302,-1.0804592370986938,0.07796786725521088,0.6666076183319092,-0.1858559548854828
52.80059838294983,2.0269782543182373,-1.7712981700897217,-1.135556659959977,3.7635109424591064,-3.7137649059295654,1.3023138046264648,0.3008737862110138,-1.0748757123947144,0.07506231963634491,0.6680920720100403,-0.18505164980888367
52.85038495063782,2.029284954071045,-1.7843931913375854,-1.0987117147042058,3.7635109424591064,-3.7137649059295654,1.3165582418441772,0.25907155871391296,-1.0687474012374878,0.07150989770889282,0.669735848903656,-0.1840880960226059
52.89989423751831,2.0318634510040283,-1.797590970993042,-1.0636407042353846,3.7635109424591064,-3.7137649059295654,1.3294869661331177,0.2172049731016159,-1.0620810985565186,0.0671270489692688,0.6719140410423279,-0.1827920377254486
52.95074915885925,2.0352206230163574,-1.8111134767532349,-1.0298001085250066,3.7635109424591064,-3.7137649059295654,1.3393932580947876,0.17482581734657288,-1.0556402206420898,0.061958055943250656,0.6748732328414917,-0.1810636818408966
53.000930309295654,2.0395824909210205,-1.824892282485962,-0.9972358473512404,3.7635109424591064,-3.7137649059295654,1.3460737466812134,0.13219177722930908,-1.0497479438781738,0.05621714890003204,0.6789764165878296,-0.17875123023986816
53.05160045623779,2.0446219444274902,-1.8388607501983643,-0.9655839840116655,3.7635109424591064,-3.7137649059295654,1.3503756523132324,0.09006289392709732,-1.043739914894104,0.049429140985012054,0.6842914819717407,-0.17578503489494324
53.10495591163635,2.050403118133545,-1.8525035381317139,-0.9365493898220032,3.7635109424591064,-3.7137649059295654,1.3538587093353271,0.049394965171813965,-1.0376180410385132,0.041757870465517044,0.6910531520843506,-0.1729387491941452
53.16444373130798,2.0560665130615234,-1.8650985956192017,-0.9091163181259031,3.7635109424591064,-3.7137649059295654,1.3566399812698364,0.00879544485360384,-1.0316249132156372,0.03343987837433815,0.6990397572517395,-0.16880972683429718
53.241684913635254,2.063483953475952,-1.8791372776031494,-0.8840905592032944,3.7635109424591064,-3.7137649059295654,1.3588470220565796,-0.032998934388160706,-1.0259594917297363,0.024595672264695168,0.7086648344993591,-0.16361463069915771
53.28191161155701,2.071074962615967,-1.8927974700927734,-0.8599683400262175,3.7635109424591064,-3.7137649059295654,1.3596047163009644,-0.07661790400743484,-1.0201706886291504,0.015860825777053833,0.7194060683250427,-0.1567390263080597
53.31633281707764,2.0804853439331055,-1.907925009727478,-0.8371993670488008,3.7635109424591064,-3.7137649059295654,1.3585504293441772,-0.12116801738739014,-1.0144002437591553,0.007406638935208321,0.7307292819023132,-0.14804469048976898
53.35029697418213,2.089168071746826,-1.9213539361953735,-0.8149297990825339,3.7635109424591064,-3.7137649059295654,1.3550801277160645,-0.16655957698822021,-1.0075985193252563,-0.0006787122110836208,0.7425656318664551,-0.1375027745962143
53.400413513183594,2.0981035232543945,-1.9345695972442627,-0.7939593418399867,3.7635109424591064,-3.7137649059295654,1.348793864250183,-0.21303239464759827,-1.0003207921981812,-0.008738351054489613,0.7546218633651733,-0.12448814511299133
53.45098876953125,2.1060233116149902,-1.9458203315734863,-0.7746491739576193,3.7635109424591064,-3.7137649059295654,1.34164297580719,-0.2549366354942322,-0.9934415817260742,-0.01563672162592411,0.7658689022064209,-0.11143792420625687
53.50051236152649,2.1160342693328857,-1.9598143100738525,-0.7519319177009939,3.7635109424591064,-3.7137649059295654,1.3324315547943115,-0.30677032470703125,-0.9847856760025024,-0.024085011333227158,0.7805012464523315,-0.09302663058042526
53.55108642578125,2.125084400177002,-1.971604347229004,-0.7316251183025919,3.7635109424591064,-3.7137649059295654,1.3254754543304443,-0.3527839481830597,-0.9775320887565613,-0.03137835115194321,0.7929975390434265,-0.07553454488515854
53.60077142715454,2.1338274478912354,-1.982834815979004,-0.712069478854345,3.7635109424591064,-3.7137649059295654,1.3208240270614624,-0.3990486264228821,-0.9707170128822327,-0.03891045227646828,0.8061497807502747,-0.05844441428780556
53.65161204338074,2.1427462100982666,-1.9932867288589478,-0.6927485173023957,3.7635109424591064,-3.7137649059295654,1.3187904357910156,-0.4449046850204468,-0.9641068577766418,-0.04682427644729614,0.8207547068595886,-0.042027756571769714
53.70113468170166,2.1515276432037354,-2.003312110900879,-0.6735789854370449,3.7635109424591064,-3.7137649059295654,1.3184500932693481,-0.4899384379386902,-0.9568148255348206,-0.055218636989593506,0.8365035057067871,-0.02745579369366169
53.75193953514099,2.160588026046753,-2.0133237838745117,-0.655001242910349,3.7635109424591064,-3.7137649059295654,1.3189218044281006,-0.5337570905685425,-0.9486310482025146,-0.06409206241369247,0.8527255654335022,-0.014866496436297894
53.80091309547424,2.1698153018951416,-2.0229544639587402,-0.6366859775875519,3.7635109424591064,-3.7137649059295654,1.3196829557418823,-0.5773316025733948,-0.939329981803894,-0.07281141728162766,0.8689539432525635,-0.004600035957992077
53.85203242301941,2.1791751384735107,-2.032501220703125,-0.6182536863558941,3.7635109424591064,-3.7137649059295654,1.3211028575897217,-0.6220871210098267,-0.9286769032478333,-0.08123167604207993,0.8855284452438354,0.004203474149107933
53.90059304237366,2.1885933876037598,-2.0421438217163086,-0.6007150371474207,3.7635109424591064,-3.7137649059295654,1.3235548734664917,-0.6678113341331482,-0.9166626334190369,-0.08912140130996704,0.9041992425918579,0.01187810767441988
53.95044708251953,2.1984848976135254,-2.051274061203003,-0.5839551746360114,3.7635109424591064,-3.7137649059295654,1.3275939226150513,-0.714127779006958,-0.9027608036994934,-0.0965690091252327,0.9255337119102478,0.01817048341035843
54.00167274475098,2.205613136291504,-2.0577526092529297,-0.5720528806391904,3.7635109424591064,-3.7137649059295654,1.3315428495407104,-0.7480894327163696,-0.8911207318305969,-0.10162421315908432,0.9423782229423523,0.02233392372727394
54.0506386756897,2.2186899185180664,-2.068971633911133,-0.551790906837694,3.7635109424591064,-3.7137649059295654,1.340300440788269,-0.8082317113876343,-0.8670463562011719,-0.1091156005859375,0.9751818180084229,0.027359994128346443
54.10051488876343,2.228536367416382,-2.0773818492889404,-0.5372810320432246,3.7635109424591064,-3.7137649059295654,1.3473050594329834,-0.8520910739898682,-0.8475294709205627,-0.11246894299983978,1.001482605934143,0.029667247086763382
54.150792360305786,2.2395212650299072,-2.08579421043396,-0.5230391122119564,3.7635109424591064,-3.7137649059295654,1.3539353609085083,-0.9000413417816162,-0.8250857591629028,-0.11354859173297882,1.032787799835205,0.03037409670650959
54.20064640045166,2.2509045600891113,-2.094367742538452,-0.5086771643528327,3.7635109424591064,-3.7137649059295654,1.3579434156417847,-0.9427886009216309,-0.8056495189666748,-0.11314437538385391,1.0621877908706665,0.02937396429479122
54.251585483551025,2.2636473178863525,-2.1035139560699463,-0.49380665980807786,3.7635109424591064,-3.7137649059295654,1.35936439037323,-0.9911657571792603,-0.7844682931900024,-0.11186913400888443,1.0957775115966797,0.026737863197922707
54.30190968513489,2.2754151821136475,-2.1115615367889404,-0.48159922769053104,3.7635109424591064,-3.7137649059295654,1.3581217527389526,-1.036842942237854,-0.7650802135467529,-0.1101832240819931,1.128761887550354,0.023717069998383522
54.35089564323425,2.289039134979248,-2.1208255290985107,-0.46904990413105757,3.7635109424591064,-3.7137649059295654,1.3554319143295288,-1.081646203994751,-0.7453189492225647,-0.10684175789356232,1.1621196269989014,0.020588887855410576
54.40082120895386,2.3029160499572754,-2.1292800903320312,-0.45740283044409524,3.7635109424591064,-3.7137649059295654,1.3524253368377686,-1.1256866455078125,-0.7249457836151123,-0.10195507854223251,1.193099856376648,0.019094981253147125
54.45053195953369,2.3169782161712646,-2.138125419616699,-0.4457693889809373,3.7635109424591064,-3.7137649059295654,1.3489644527435303,-1.170457124710083,-0.7040789127349854,-0.09499089419841766,1.2240917682647705,0.018354814499616623
54.50204372406006,2.331387996673584,-2.1470751762390137,-0.4339488098759944,3.7635109424591064,-3.7137649059295654,1.34449303150177,-1.216430902481079,-0.6824837923049927,-0.0860598012804985,1.2562605142593384,0.018493864685297012
54.55054187774658,2.345979928970337,-2.1558656692504883,-0.42183459947644386,3.7635109424591064,-3.7137649059295654,1.3388406038284302,-1.263085126876831,-0.6594064831733704,-0.07522858679294586,1.288650393486023,0.019349707290530205
54.60390114784241,2.3605425357818604,-2.164494514465332,-0.41013299494976924,3.7635109424591064,-3.7137649059295654,1.3311707973480225,-1.30949068069458,-0.6342157125473022,-0.0624103844165802,1.3206371068954468,0.021164143458008766
54.65119767189026,2.3753364086151123,-2.173016309738159,-0.39880206731392476,3.7635109424591064,-3.7137649059295654,1.3218854665756226,-1.355100154876709,-0.6074531078338623,-0.04823577404022217,1.352840542793274,0.0241699256002903
54.700955629348755,2.389308452606201,-2.1804378032684326,-0.3887839631519498,3.7635109424591064,-3.7137649059295654,1.3123841285705566,-1.3981012105941772,-0.5807745456695557,-0.03490230068564415,1.3844794034957886,0.02803741954267025
54.75193119049072,2.404782772064209,-2.188748598098755,-0.376744377885183,3.7635109424591064,-3.7137649059295654,1.302616834640503,-1.4456208944320679,-0.5503003001213074,-0.02238350547850132,1.42073655128479,0.03378572687506676
54.80100631713867,2.418590545654297,-2.195809841156006,-0.36673982948539635,3.7635109424591064,-3.7137649059295654,1.2949987649917603,-1.4896821975708008,-0.5210314989089966,-0.012910195626318455,1.4553306102752686,0.04141702502965927
54.85061430931091,2.4340221881866455,-2.203263998031616,-0.35516526748976845,3.7635109424591064,-3.7137649059295654,1.2892345190048218,-1.534589409828186,-0.49192240834236145,-0.00589677132666111,1.4903913736343384,0.050843678414821625
54.900811195373535,2.448869228363037,-2.2103893756866455,-0.3448130584260469,3.7635109424591064,-3.7137649059295654,1.2848501205444336,-1.58034086227417,-0.46267184615135193,-0.000967438449151814,1.5257833003997803,0.06152213364839554
54.950615644454956,2.4624955654144287,-2.2168338298797607,-0.33404937584586886,3.7635109424591064,-3.7137649059295654,1.2818220853805542,-1.6259324550628662,-0.4340171217918396,0.0020064921118319035,1.5606348514556885,0.07210417091846466
55.00073528289795,2.4770450592041016,-2.2235450744628906,-0.32302220891750727,3.7635109424591064,-3.7137649059295654,1.2795583009719849,-1.6700949668884277,-0.40555042028427124,0.0032508880831301212,1.5954684019088745,0.0821097120642662
55.05016279220581,2.49228835105896,-2.2305428981781006,-0.3119562981364803,3.7635109424591064,-3.7137649059295654,1.2778867483139038,-1.7133138179779053,-0.37758108973503113,0.0032598869875073433,1.6291959285736084,0.09101210534572601
55.10085129737854,2.506998300552368,-2.2369229793548584,-0.3021911968212434,3.7635109424591064,-3.7137649059295654,1.2769215106964111,-1.7565677165985107,-0.35032397508621216,0.002462887903675437,1.6632566452026367,0.09702809900045395
55.15120220184326,2.521918535232544,-2.2432847023010254,-0.29172859873220985,3.7635109424591064,-3.7137649059295654,1.2769768238067627,-1.800288200378418,-0.3227193057537079,0.0015507470816373825,1.698655128479004,0.09973008930683136
55.20240235328674,2.536616086959839,-2.249335765838623,-0.2806795297676054,3.7635109424591064,-3.7137649059295654,1.2786214351654053,-1.8440074920654297,-0.29408547282218933,0.000523347407579422,1.7349716424942017,0.10022750496864319
55.25045919418335,2.5516138076782227,-2.255206823348999,-0.27050641529660385,3.7635109424591064,-3.7137649059295654,1.2821271419525146,-1.8880178928375244,-0.26423320174217224,-0.0006160223856568336,1.7704180479049683,0.09970443695783615
55.301734924316406,2.566119432449341,-2.2606699466705322,-0.26082770130263855,3.7635109424591064,-3.7137649059295654,1.2874555587768555,-1.9320809841156006,-0.23342500627040863,-0.0023027912247925997,1.8047900199890137,0.09967854619026184
55.35185766220093,2.580878257751465,-2.2662343978881836,-0.25016327756125767,3.7635109424591064,-3.7137649059295654,1.2942798137664795,-1.9753636121749878,-0.20253685116767883,-0.005077395588159561,1.8399385213851929,0.09841698408126831
55.40132761001587,2.5957465171813965,-2.271792411804199,-0.23997555801593232,3.7635109424591064,-3.7137649059295654,1.301434874534607,-2.017303228378296,-0.17170563340187073,-0.009456337429583073,1.875912070274353,0.09617575258016586
55.45270919799805,2.6107828617095947,-2.2771928310394287,-0.23058787537051506,3.7635109424591064,-3.7137649059295654,1.3072539567947388,-2.0582077503204346,-0.14101864397525787,-0.01612384058535099,1.9125207662582397,0.09191926568746567
55.5013108253479,2.626131057739258,-2.2825965881347656,-0.22168107781133517,3.7635109424591064,-3.7137649059295654,1.3111367225646973,-2.098639488220215,-0.11098878085613251,-0.025070199742913246,1.9500771760940552,0.08582811802625656
55.55148243904114,2.6402995586395264,-2.287463903427124,-0.21195792752461232,3.7635109424591064,-3.7137649059295654,1.3128232955932617,-2.1389143466949463,-0.082206591963768,-0.034873295575380325,1.988358974456787,0.07827319949865341
55.60088920593262,2.656284809112549,-2.292595148086548,-0.20387006238749877,3.7635109424591064,-3.7137649059295654,1.3135738372802734,-2.178255081176758,-0.05449911206960678,-0.04404568672180176,2.0269052982330322,0.0691991075873375
55.65073585510254,2.670722246170044,-2.2972609996795654,-0.1946821361892191,3.7635109424591064,-3.7137649059295654,1.313638687133789,-2.21638560295105,-0.027314068749547005,-0.051987454295158386,2.0631844997406006,0.0605413019657135
55.70060133934021,2.6850996017456055,-2.3017170429229736,-0.18586372248195393,3.7635109424591064,-3.7137649059295654,1.3136612176895142,-2.2542455196380615,0.0010834595886990428,-0.05773923918604851,2.097710132598877,0.053912803530693054
55.75126528739929,2.699080467224121,-2.3059284687042236,-0.17677682131602301,3.7635109424591064,-3.7137649059295654,1.313096046447754,-2.2927515506744385,0.030541181564331055,-0.06031220406293869,2.133955955505371,0.04852806776762009
55.8012490272522,2.7129905223846436,-2.309795379638672,-0.16736598838322755,3.7635109424591064,-3.7137649059295654,1.3123139142990112,-2.331815719604492,0.0609460212290287,-0.06003352999687195,2.1723690032958984,0.04471056908369064
55.851221323013306,2.723057985305786,-2.3127152919769287,-0.1598822812814933,3.7635109424591064,-3.7137649059295654,1.3109108209609985,-2.3619983196258545,0.08469615876674652,-0.05798602104187012,2.2026991844177246,0.04262712597846985
55.90095400810242,2.7413384914398193,-2.317737340927124,-0.14720672614426472,3.7635109424591064,-3.7137649059295654,1.3068937063217163,-2.4096710681915283,0.12122604995965958,-0.05277882516384125,2.249051332473755,0.0396304652094841
55.95299482345581,2.7564902305603027,-2.3216540813446045,-0.13727885659620156,3.7635109424591064,-3.7137649059295654,1.302557110786438,-2.4488790035247803,0.15107586979866028,-0.04712626338005066,2.2861328125,0.038391415029764175
56.001599073410034,2.7716119289398193,-2.325342893600464,-0.1269867978299311,3.7635109424591064,-3.7137649059295654,1.298433780670166,-2.488375663757324,0.18125568330287933,-0.03958119451999664,2.3237860202789307,0.039052706211805344
56.05071496963501,2.7848992347717285,-2.3284966945648193,-0.11935189762438125,3.7635109424591064,-3.7137649059295654,1.2953407764434814,-2.521170139312744,0.20663636922836304,-0.031344376504421234,2.355466604232788,0.04050963371992111
56.101813554763794,2.8037962913513184,-2.332561731338501,-0.10806639626099875,3.7635109424591064,-3.7137649059295654,1.292433500289917,-2.566950798034668,0.24221086502075195,-0.016868872568011284,2.4001107215881348,0.044323425740003586
56.15133357048035,2.8202481269836426,-2.3359665870666504,-0.09859012466285151,3.7635109424591064,-3.7137649059295654,1.2920738458633423,-2.6061863899230957,0.27236947417259216,-0.0013253696961328387,2.4390170574188232,0.049904271960258484
56.2006778717041,2.837135076522827,-2.3391644954681396,-0.08970194595036164,3.7635109424591064,-3.7137649059295654,1.2943819761276245,-2.6444714069366455,0.30158984661102295,0.017112156376242638,2.4788568019866943,0.05615422874689102
56.25027370452881,2.8533084392547607,-2.3420979976654053,-0.08168208652324173,3.7635109424591064,-3.7137649059295654,1.2989234924316406,-2.6789333820343018,0.32848232984542847,0.036325301975011826,2.5169479846954346,0.0618949830532074
56.30165672302246,2.8713293075561523,-2.344942808151245,-0.07342246233213091,3.7635109424591064,-3.7137649059295654,1.3049628734588623,-2.7144408226013184,0.35850226879119873,0.05745510011911392,2.557866334915161,0.06859278678894043
56.35344696044922,2.8885653018951416,-2.3472611904144287,-0.06622977052706679,3.7635109424591064,-3.7137649059295654,1.3118735551834106,-2.7454776763916016,0.38712090253829956,0.07576920092105865,2.594402551651001,0.07330494374036789
56.40247321128845,2.9053587913513184,-2.3495872020721436,-0.0592937819148559,3.7635109424591064,-3.7137649059295654,1.3197473287582397,-2.7751553058624268,0.41617780923843384,0.0914904922246933,2.6322290897369385,0.07397845387458801
56.451176166534424,2.9222419261932373,-2.3515734672546387,-0.05320955945174429,3.7635109424591064,-3.7137649059295654,1.3289637565612793,-2.802828788757324,0.446588397026062,0.10393276810646057,2.67146635055542,0.07214605808258057
56.50104904174805,2.9391837120056152,-2.3538050651550293,-0.04737974673714635,3.7635109424591064,-3.7137649059295654,1.339464783668518,-2.8280153274536133,0.4788563847541809,0.11285477131605148,2.709890842437744,0.06904171407222748
56.55175065994263,2.954167127609253,-2.355480432510376,-0.04253767737780998,3.7635109424591064,-3.7137649059295654,1.3500087261199951,-2.8488903045654297,0.5098968148231506,0.11875513941049576,2.7437922954559326,0.06668178737163544
56.60078048706055,2.972683906555176,-2.357590436935425,-0.03602617560622335,3.7635109424591064,-3.7137649059295654,1.361952781677246,-2.869004726409912,0.544455885887146,0.12315774708986282,2.781122922897339,0.06392518430948257
56.652666091918945,2.9890286922454834,-2.3596513271331787,-0.030690345570397185,3.7635109424591064,-3.7137649059295654,1.3741544485092163,-2.885809898376465,0.5770705938339233,0.1255808025598526,2.8167359828948975,0.061011940240859985
56.70090413093567,3.0053653717041016,-2.3611598014831543,-0.02650193347167932,3.7635109424591064,-3.7137649059295654,1.3852355480194092,-2.9011244773864746,0.6096760034561157,0.12591354548931122,2.8527379035949707,0.05712886154651642
56.7515811920166,3.021855115890503,-2.362727403640747,-0.02201931313368297,3.7635109424591064,-3.7137649059295654,1.393467903137207,-2.916504383087158,0.6432793140411377,0.12421508133411407,2.8888540267944336,0.051407404243946075
56.800777196884155,3.038370132446289,-2.363995313644409,-0.01707386972692193,3.7635109424591064,-3.7137649059295654,1.4002904891967773,-2.931614875793457,0.6777828335762024,0.12018249928951263,2.92514705657959,0.04384705051779747
56.850529193878174,3.0552358627319336,-2.3650732040405273,-0.014512890023662593,3.7635109424591064,-3.7137649059295654,1.4070956707000732,-2.9465088844299316,0.7125608921051025,0.11323098838329315,2.9611241817474365,0.034438807517290115
56.90281414985657,3.0719857215881348,-2.3663032054901123,-0.011234514455318428,3.7635109424591064,-3.7137649059295654,1.4136536121368408,-2.9606411457061768,0.7472633719444275,0.10261275619268417,2.996128797531128,0.024134157225489616
56.9504759311676,3.088839530944824,-2.367131471633911,-0.008676921865213016,3.7635109424591064,-3.7137649059295654,1.4189345836639404,-2.973721742630005,0.7807377576828003,0.08882701396942139,3.0289125442504883,0.016326505690813065
57.00107026100159,3.10465407371521,-2.3679778575897217,-0.0053814478494136385,3.7635109424591064,-3.7137649059295654,1.4236199855804443,-2.9849143028259277,0.8115291595458984,0.074491485953331,3.0627267360687256,0.010265507735311985
57.050397872924805,3.1216204166412354,-2.3687732219696045,-0.002923121759813867,3.7635109424591064,-3.7137649059295654,1.4278520345687866,-2.9963455200195312,0.8386479616165161,0.06114087998867035,3.0977344512939453,0.004976267460733652
57.099910497665405,3.137054443359375,-2.3700919151306152,-0.0019605003741603715,3.7635109424591064,-3.7137649059295654,1.4312965869903564,-3.0076229572296143,0.8631576895713806,0.04959981516003609,3.133314847946167,0.0009727273136377335
57.15025544166565,3.152308464050293,-2.3709499835968018,0.0009800379926161388,3.7635109424591064,-3.7137649059295654,1.4333195686340332,-3.0193443298339844,0.8859930634498596,0.040239494293928146,3.1676838397979736,-0.001967724645510316
57.20153522491455,3.168734312057495,-2.3716492652893066,0.0038494918534340513,3.7635109424591064,-3.7137649059295654,1.4337549209594727,-3.0308637619018555,0.9074400663375854,0.03245275467634201,3.200958490371704,-0.004214712418615818
57.25099778175354,3.1849234104156494,-2.3722376823425293,0.007044671531949343,3.7635109424591064,-3.7137649059295654,1.4349803924560547,-3.041775703430176,0.9275186061859131,0.025705693289637566,3.234212875366211,-0.006191067863255739
57.30154991149902,3.201063394546509,-2.373147487640381,0.010278307857950114,3.7635109424591064,-3.7137649059295654,1.4371821880340576,-3.051923990249634,0.9456708431243896,0.01997656561434269,3.2678110599517822,-0.006586837582290173
57.35136651992798,3.2185096740722656,-2.3736307621002197,0.013233610255386514,3.7635109424591064,-3.7137649059295654,1.440151572227478,-3.06166934967041,0.9620724320411682,0.015291895717382431,3.3017024993896484,-0.0048949578776955605
57.40003943443298,3.2342185974121094,-2.3743841648101807,0.016528707415078964,3.7635109424591064,-3.7137649059295654,1.4437167644500732,-3.0673604011535645,0.9776628613471985,0.011127502657473087,3.3367972373962402,-0.001375360181555152
57.45086407661438,3.2515358924865723,-2.375378131866455,0.020288765169996018,3.7635109424591064,-3.7137649059295654,1.447488784790039,-3.0705294609069824,0.9937193989753723,0.007574101444333792,3.373140573501587,0.002656056545674801
57.50070548057556,3.2688026428222656,-2.3759050369262695,0.02390464463959293,3.7635109424591064,-3.7137649059295654,1.4514003992080688,-3.0695908069610596,1.0105628967285156,0.005016216076910496,3.4101598262786865,0.005399537272751331
57.55086302757263,3.285346508026123,-2.3757708072662354,0.02840591465825882,3.7635109424591064,-3.7137649059295654,1.4544904232025146,-3.0663888454437256,1.026260256767273,0.003959378227591515,3.443847894668579,0.005868591833859682
57.60051083564758,3.3034098148345947,-2.376601457595825,0.033296323628751144,3.7635109424591064,-3.7137649059295654,1.4577386379241943,-3.0571768283843994,1.047132968902588,0.004360911902040243,3.4825010299682617,0.005424582865089178
57.65144634246826,3.3198516368865967,-2.377249240875244,0.03745175318256796,3.7635109424591064,-3.7137649059295654,1.458704948425293,-3.0477492809295654,1.0676264762878418,0.006566688418388367,3.5148866176605225,0.0022280635312199593
57.700286626815796,3.3376410007476807,-2.3771612644195557,0.0423305935086875,3.7635109424591064,-3.7137649059295654,1.4572336673736572,-3.0377745628356934,1.088138461112976,0.010278201662003994,3.545464515686035,-0.0036055361852049828
57.75035905838013,3.3569233417510986,-2.3773891925811768,0.048184516154265215,3.7635109424591064,-3.7137649059295654,1.4529037475585938,-3.0263824462890625,1.1114610433578491,0.016124580055475235,3.578467607498169,-0.012220075353980064
57.80043649673462,3.372905731201172,-2.378068685531616,0.05410028738221968,3.7635109424591064,-3.7137649059295654,1.4474494457244873,-3.0137434005737305,1.1327534914016724,0.022734427824616432,3.6056268215179443,-0.018916238099336624
57.851553201675415,3.391427516937256,-2.3785560131073,0.061613893490330376,3.7635109424591064,-3.7137649059295654,1.4397975206375122,-2.9964330196380615,1.1573578119277954,0.03147416561841965,3.6349096298217773,-0.024284416809678078
57.902135133743286,3.409438133239746,-2.378829002380371,0.06835425944059273,3.7635109424591064,-3.7137649059295654,1.4312593936920166,-2.9768712520599365,1.1815521717071533,0.04129832983016968,3.6631505489349365,-0.028384823352098465
57.95188069343567,3.425914764404297,-2.3791041374206543,0.07459656998426262,3.7635109424591064,-3.7137649059295654,1.4220938682556152,-2.955545663833618,1.2049853801727295,0.05187597870826721,3.6903858184814453,-0.032617390155792236
58.00070929527283,3.4441416263580322,-2.37904953956604,0.08205669123284985,3.7635109424591064,-3.7137649059295654,1.4108718633651733,-2.9295637607574463,1.2317861318588257,0.0649523064494133,3.720676898956299,-0.03913820534944534
58.0510516166687,3.460921049118042,-2.378821849822998,0.08820171397247278,3.7635109424591064,-3.7137649059295654,1.3993538618087769,-2.902952194213867,1.2583715915679932,0.0775609090924263,3.747361183166504,-0.04770524054765701
58.10014820098877,3.4782891273498535,-2.3787598609924316,0.09553201070185423,3.7635109424591064,-3.7137649059295654,1.3870760202407837,-2.8745243549346924,1.2863636016845703,0.08920940011739731,3.7722246646881104,-0.05899769067764282
58.15082573890686,3.494999647140503,-2.378324508666992,0.10298892138824851,3.7635109424591064,-3.7137649059295654,1.3745841979980469,-2.8450348377227783,1.31607186794281,0.0999411791563034,3.7959482669830322,-0.07290096580982208
58.20090365409851,3.510338068008423,-2.378063678741455,0.11069328993982822,3.7635109424591064,-3.7137649059295654,1.362459421157837,-2.816361665725708,1.3468399047851562,0.11000038683414459,3.817399740219116,-0.08308565616607666
58.2514443397522,3.52748703956604,-2.37778902053833,0.11985597520858426,3.7635109424591064,-3.7137649059295654,1.351593255996704,-2.7895374298095703,1.3780978918075562,0.11886598914861679,3.8382153511047363,-0.08797790110111237
58.3012478351593,3.5428571701049805,-2.3775062561035156,0.128990386286696,3.7635109424591064,-3.7137649059295654,1.3422791957855225,-2.7648935317993164,1.4078772068023682,0.12602441012859344,3.858751058578491,-0.09271103143692017
58.351202964782715,3.5608279705047607,-2.3772056102752686,0.13965735101422966,3.7635109424591064,-3.7137649059295654,1.3336915969848633,-2.7373836040496826,1.4418902397155762,0.13249889016151428,3.882232666015625,-0.09861857444047928
58.40104293823242,3.5764389038085938,-2.377030611038208,0.15014550039692945,3.7635109424591064,-3.7137649059295654,1.3275487422943115,-2.712543487548828,1.472884178161621,0.13670216500759125,3.901752233505249,-0.10394547879695892
58.45109272003174,3.594952344894409,-2.376187562942505,0.1614007336454102,3.7635109424591064,-3.7137649059295654,1.3223578929901123,-2.683894634246826,1.5076795816421509,0.1393159180879593,3.922074317932129,-0.10810308158397675
58.50082492828369,3.6123979091644287,-2.375253677368164,0.17180699441618497,3.7635109424591064,-3.7137649059295654,1.3191466331481934,-2.654967784881592,1.5412418842315674,0.1398468166589737,3.9414193630218506,-0.10993624478578568
58.55053925514221,3.6294238567352295,-2.3740692138671875,0.18239741557647934,3.7635109424591064,-3.7137649059295654,1.3176321983337402,-2.62347674369812,1.5761834383010864,0.13914704322814941,3.9610979557037354,-0.10975330322980881
58.60079836845398,3.6458587646484375,-2.3727264404296875,0.19230251524241962,3.7635109424591064,-3.7137649059295654,1.3177998065948486,-2.591143846511841,1.6109658479690552,0.13784871995449066,3.9798364639282227,-0.10869314521551132
58.651464223861694,3.6631741523742676,-2.371264696121216,0.2029714024473479,3.7635109424591064,-3.7137649059295654,1.3195405006408691,-2.552581310272217,1.651287317276001,0.1359778791666031,4.00023078918457,-0.10815928876399994
58.70061945915222,3.6790671348571777,-2.369894027709961,0.2131874087903225,3.7635109424591064,-3.7137649059295654,1.3232710361480713,-2.514953136444092,1.6905285120010376,0.13271081447601318,4.018576622009277,-0.10857012122869492
58.7511944770813,3.6961309909820557,-2.3679616451263428,0.22381467864021046,3.7635109424591064,-3.7137649059295654,1.329636573791504,-2.475503444671631,1.7300853729248047,0.12808755040168762,4.0367231369018555,-0.10734713077545166
58.800233364105225,3.712718963623047,-2.366077423095703,0.23449163473803777,3.7635109424591064,-3.7137649059295654,1.3382933139801025,-2.4338583946228027,1.7706156969070435,0.12189213186502457,4.0541558265686035,-0.10487455129623413
58.850229263305664,3.7298355102539062,-2.3634843826293945,0.24447176886990543,3.7635109424591064,-3.7137649059295654,1.3481433391571045,-2.3902711868286133,1.8129103183746338,0.11411697417497635,4.06799840927124,-0.10405583679676056
58.90090346336365,3.7452125549316406,-2.3616461753845215,0.2546269575375524,3.7635109424591064,-3.7137649059295654,1.3574252128601074,-2.34737229347229,1.8557449579238892,0.10523540526628494,4.077042102813721,-0.10456108301877975
58.950448989868164,3.761333465576172,-2.3591744899749756,0.2645423732886768,3.7635109424591064,-3.7137649059295654,1.3648792505264282,-2.3056066036224365,1.8981434106826782,0.09694373607635498,4.0817060470581055,-0.1045570969581604
59.00005483627319,3.776571035385132,-2.3563449382781982,0.27390288181605704,3.7635109424591064,-3.7137649059295654,1.3708066940307617,-2.2647619247436523,1.9409747123718262,0.09129767119884491,4.082897186279297,-0.10362142324447632
59.05051898956299,3.7920048236846924,-2.353391647338867,0.28297904648040717,3.7635109424591064,-3.7137649059295654,1.375684380531311,-2.2248997688293457,1.984529972076416,0.09008391201496124,4.081068515777588,-0.10301437973976135
59.10037112236023,3.80696177482605,-2.350552558898926,0.2919274038531981,3.7635109424591064,-3.7137649059295654,1.3799761533737183,-2.1852383613586426,2.0288140773773193,0.09288467466831207,4.076956272125244,-0.10228225588798523
59.152448415756226,3.8234455585479736,-2.346937656402588,0.3008874772180347,3.7635109424591064,-3.7137649059295654,1.3835053443908691,-2.145895004272461,2.074022054672241,0.09826518595218658,4.07028865814209,-0.10168560594320297
59.200918674468994,3.839003562927246,-2.343573808670044,0.3109227663772054,3.7635109424591064,-3.7137649059295654,1.38641357421875,-2.1053123474121094,2.1210830211639404,0.10503137856721878,4.061715602874756,-0.10142584145069122
59.25091576576233,3.855123519897461,-2.3398821353912354,0.3206896812359591,3.7635109424591064,-3.7137649059295654,1.3883987665176392,-2.0627901554107666,2.1692862510681152,0.11298899352550507,4.053114891052246,-0.10082896798849106
59.30074620246887,3.872086763381958,-2.3356945514678955,0.33078015261813204,3.7635109424591064,-3.7137649059295654,1.3891136646270752,-2.0190908908843994,2.217761993408203,0.12271600216627121,4.044605731964111,-0.1001662090420723
59.351011991500854,3.888740301132202,-2.331495523452759,0.34136161118573216,3.7635109424591064,-3.7137649059295654,1.3875941038131714,-1.974269151687622,2.265979290008545,0.13488799333572388,4.03441047668457,-0.10124223679304123
59.40099906921387,3.9053001403808594,-2.327197313308716,0.3522371145158055,3.7635109424591064,-3.7137649059295654,1.3841034173965454,-1.9284634590148926,2.3151042461395264,0.14914272725582123,4.0229387283325195,-0.10446640104055405
59.45214581489563,3.922639846801758,-2.3223304748535156,0.36328452677264544,3.7635109424591064,-3.7137649059295654,1.379304051399231,-1.8823976516723633,2.366535186767578,0.1662319153547287,4.011250972747803,-0.10939894616603851
59.500545501708984,3.9393770694732666,-2.317699670791626,0.3748004378979689,3.7635109424591064,-3.7137649059295654,1.3743751049041748,-1.8372336626052856,2.419438600540161,0.1860530823469162,3.998410701751709,-0.11640612035989761
59.55102896690369,3.9553747177124023,-2.3130834102630615,0.38560305498449327,3.7635109424591064,-3.7137649059295654,1.3707160949707031,-1.7947121858596802,2.470616340637207,0.20623880624771118,3.9843602180480957,-0.125456765294075
59.60068130493164,3.973327398300171,-2.307481527328491,0.39805739093632797,3.7635109424591064,-3.7137649059295654,1.3691380023956299,-1.7456026077270508,2.528621196746826,0.22907114028930664,3.9661667346954346,-0.13812275230884552
59.650280237197876,3.9902424812316895,-2.3018081188201904,0.4127110243030429,3.7635109424591064,-3.7137649059295654,1.3696225881576538,-1.698196291923523,2.5818557739257812,0.24965110421180725,3.9473392963409424,-0.15231527388095856
59.70185399055481,4.007129669189453,-2.2962422370910645,0.4257536853287192,3.7635109424591064,-3.7137649059295654,1.37159264087677,-1.6511963605880737,2.633424758911133,0.267415851354599,3.9276058673858643,-0.16845174133777618
59.75014615058899,4.022647380828857,-2.2912654876708984,0.4406436460894692,3.7635109424591064,-3.7137649059295654,1.3741862773895264,-1.605689525604248,2.683337688446045,0.2813202440738678,3.907139539718628,-0.18706844747066498
59.800994634628296,4.037655830383301,-2.286308765411377,0.4558312994396344,3.7635109424591064,-3.7137649059295654,1.3771743774414062,-1.5606505870819092,2.7325210571289062,0.29110875725746155,3.8863017559051514,-0.20885252952575684
59.85121965408325,4.0528693199157715,-2.2809951305389404,0.4721940472401324,3.7635109424591064,-3.7137649059295654,1.3808776140213013,-1.514983057975769,2.781508445739746,0.29776325821876526,3.865748643875122,-0.2320399135351181
59.901007652282715,4.068179607391357,-2.2752208709716797,0.4900365116664921,3.7635109424591064,-3.7137649059295654,1.3853561878204346,-1.4670319557189941,2.8316845893859863,0.30266448855400085,3.844036817550659,-0.25535669922828674
59.95226836204529,4.081784725189209,-2.2704946994781494,0.5102020392082569,3.7635109424591064,-3.7137649059295654,1.390744924545288,-1.4189071655273438,2.8816258907318115,0.30655989050865173,3.8209779262542725,-0.27746841311454773
60.00073862075806,4.09500789642334,-2.2659733295440674,0.533285591750171,3.7635109424591064,-3.7137649059295654,1.397732138633728,-1.370741844177246,2.9308581352233887,0.3100605607032776,3.798903226852417,-0.29657724499702454
60.05056428909302,4.1040568351745605,-2.2630066871643066,0.5518441224797427,3.7635109424591064,-3.7137649059295654,1.4045743942260742,-1.3337244987487793,2.968073844909668,0.3117772340774536,3.7809762954711914,-0.30915752053260803
60.100324392318726,4.118528366088867,-2.25842022895813,0.5885460074608628,3.7635109424591064,-3.7137649059295654,1.417215347290039,-1.2763327360153198,3.0253186225891113,0.3113405108451843,3.7494335174560547,-0.3253259062767029
60.150699615478516,4.128294467926025,-2.2556087970733643,0.6192845788080672,3.7635109424591064,-3.7137649059295654,1.4278351068496704,-1.2325767278671265,3.0703017711639404,0.3087503910064697,3.722752332687378,-0.3354148864746094
60.20159411430359,4.137243747711182,-2.253108501434326,0.652858339815953,3.7635109424591064,-3.7137649059295654,1.4392088651657104,-1.1863930225372314,3.120110273361206,0.30380886793136597,3.693493366241455,-0.3436681032180786
60.25121760368347,4.14636754989624,-2.249903917312622,0.6878651990162449,3.7635109424591064,-3.7137649059295654,1.4490164518356323,-1.1367958784103394,3.17215895652771,0.29631736874580383,3.661572217941284,-0.3502371311187744
60.30130648612976,4.154693126678467,-2.2462399005889893,0.7211913450866707,3.7635109424591064,-3.7137649059295654,1.4551371335983276,-1.0901893377304077,3.2191102504730225,0.28793036937713623,3.6300506591796875,-0.35484302043914795
60.35076594352722,4.160661697387695,-2.244567632675171,0.752807530642408,3.7635109424591064,-3.7137649059295654,1.4585567712783813,-1.0477043390274048,3.2635464668273926,0.2800580561161041,3.599472761154175,-0.35750535130500793
60.40094709396362,4.168607711791992,-2.2408878803253174,0.7900685009829466,3.7635109424591064,-3.7137649059295654,1.4613103866577148,-1.0014883279800415,3.315532922744751,0.27538883686065674,3.56539249420166,-0.35894936323165894
60.4506311416626,4.176675319671631,-2.236429214477539,0.827407521623518,3.7635109424591064,-3.7137649059295654,1.4635690450668335,-0.9573242664337158,3.3673315048217773,0.27664586901664734,3.5334508419036865,-0.3579137325286865
60.50141882896423,4.183005332946777,-2.2334859371185303,0.8667504389829661,3.7635109424591064,-3.7137649059295654,1.4657028913497925,-0.9116977453231812,3.421745777130127,0.2819468080997467,3.5033862590789795,-0.35475224256515503
60.551143169403076,4.188895225524902,-2.2310781478881836,0.9056190654518307,3.7635109424591064,-3.7137649059295654,1.467057228088379,-0.8644539713859558,3.479358434677124,0.2887049615383148,3.4733293056488037,-0.3501719832420349
60.60094475746155,4.194247722625732,-2.229196310043335,0.9455634671780259,3.7635109424591064,-3.7137649059295654,1.466477394104004,-0.8163133859634399,3.5391685962677,0.29410654306411743,3.4462273120880127,-0.3450353145599365
60.651307582855225,4.199032783508301,-2.2275164127349854,0.9873894947334748,3.7635109424591064,-3.7137649059295654,1.4637643098831177,-0.7698410153388977,3.593839168548584,0.2977912425994873,3.4207260608673096,-0.34122583270072937
60.70079755783081,4.203638076782227,-2.2263736724853516,1.0338987937746418,3.7635109424591064,-3.7137649059295654,1.4588664770126343,-0.7174368500709534,3.6506056785583496,0.30139145255088806,3.3901233673095703,-0.33893945813179016
60.75009894371033,4.208461284637451,-2.2253785133361816,1.0811945361133668,3.7635109424591064,-3.7137649059295654,1.453478217124939,-0.668094277381897,3.701359510421753,0.3072356581687927,3.359178066253662,-0.3385850489139557
60.8007972240448,4.213039875030518,-2.224731206893921,1.130696946091109,3.7635109424591064,-3.7137649059295654,1.4493954181671143,-0.6202356219291687,3.752652406692505,0.31794583797454834,3.3277714252471924,-0.33945518732070923
60.85085129737854,4.217828273773193,-2.2238829135894775,1.1819118602147136,3.7635109424591064,-3.7137649059295654,1.4485219717025757,-0.5731424689292908,3.805744171142578,0.33130621910095215,3.2973389625549316,-0.34113579988479614
60.90070152282715,4.22251033782959,-2.223156452178955,1.234980748011186,3.7635109424591064,-3.7137649059295654,1.4508254528045654,-0.5254531502723694,3.8579459190368652,0.34290459752082825,3.2677268981933594,-0.34413057565689087
60.95077180862427,4.226289749145508,-2.222435474395752,1.2882163619413871,3.7635109424591064,-3.7137649059295654,1.4551514387130737,-0.47781017422676086,3.9072072505950928,0.35214129090309143,3.238042116165161,-0.34780076146125793
61.00126099586487,4.231088161468506,-2.221529960632324,1.337950172772414,3.7635109424591064,-3.7137649059295654,1.4602283239364624,-0.43094438314437866,3.95481014251709,0.35643520951271057,3.2085180282592773,-0.3524572253227234
61.05021524429321,4.234942436218262,-2.2196242809295654,1.39026893321919,3.7635109424591064,-3.7137649059295654,1.4655283689498901,-0.3853326439857483,4.000361442565918,0.3542778491973877,3.178875684738159,-0.3576612174510956
61.10099983215332,4.239636421203613,-2.2179312705993652,1.441270943078575,3.7635109424591064,-3.7137649059295654,1.4713457822799683,-0.33942878246307373,4.043858051300049,0.34653687477111816,3.1484060287475586,-0.3633926808834076
61.150660037994385,4.243863105773926,-2.2144248485565186,1.4929738053283124,3.7635109424591064,-3.7137649059295654,1.4778810739517212,-0.2924935519695282,4.085333824157715,0.3351535201072693,3.1175129413604736,-0.36930108070373535
61.20098066329956,4.247452259063721,-2.2100794315338135,1.5487881291473622,3.7635109424591064,-3.7137649059295654,1.485944151878357,-0.2444247305393219,4.124893665313721,0.3214356601238251,3.086364984512329,-0.37427717447280884
61.250327825546265,4.252765655517578,-2.2063422203063965,1.5985941936690946,3.7635109424591064,-3.7137649059295654,1.4961403608322144,-0.19575850665569305,4.162598609924316,0.3064456582069397,3.056475877761841,-0.3780967593193054
61.30051636695862,4.255846977233887,-2.2032644748687744,1.643244754743384,3.7635109424591064,-3.7137649059295654,1.508650779724121,-0.1464381366968155,4.197383880615234,0.28984469175338745,3.0269598960876465,-0.3803565800189972
61.350603342056274,4.260978698730469,-2.1965463161468506,1.6991639211964473,3.7635109424591064,-3.7137649059295654,1.522688865661621,-0.09686274826526642,4.2287750244140625,0.27109649777412415,2.9960439205169678,-0.38012129068374634
61.40137720108032,4.2622785568237305,-2.1919808387756348,1.73530932614878,3.7635109424591064,-3.7137649059295654,1.536163330078125,-0.04843899607658386,4.25714111328125,0.24996285140514374,2.9649055004119873,-0.3777782618999481
61.45207357406616,4.263576507568359,-2.1848843097686768,1.7826075060833675,3.7635109424591064,-3.7137649059295654,1.547593355178833,-0.0013236496597528458,4.283698558807373,0.2264159917831421,2.9356701374053955,-0.37414276599884033
61.500834703445435,4.26540470123291,-2.177539348602295,1.8223428454635033,3.7635109424591064,-3.7137649059295654,1.5567810535430908,0.045840341597795486,4.309792518615723,0.20048770308494568,2.9082329273223877,-0.37010523676872253
61.55041551589966,4.266802787780762,-2.169495105743408,1.8623235990167366,3.7635109424591064,-3.7137649059295654,1.564353108406067,0.09313777834177017,4.3346943855285645,0.17532125115394592,2.8806281089782715,-0.36517706513404846
61.60051369667053,4.268302917480469,-2.1607699394226074,1.902002314659166,3.7635109424591064,-3.7137649059295654,1.5708372592926025,0.14060766994953156,4.359311580657959,0.1532735526561737,2.8530309200286865,-0.35901036858558655
61.65166521072388,4.267902851104736,-2.151587724685669,1.9429405741560986,3.7635109424591064,-3.7137649059295654,1.5765883922576904,0.18831859529018402,4.38487434387207,0.13409414887428284,2.825469493865967,-0.35119718313217163
61.701807260513306,4.269036293029785,-2.1425864696502686,1.9848950343666576,3.7635109424591064,-3.7137649059295654,1.581831932067871,0.23702549934387207,4.411816596984863,0.11738088726997375,2.7999513149261475,-0.3425159454345703
61.75216341018677,4.2686638832092285,-2.132664918899536,2.027074732936375,3.7635109424591064,-3.7137649059295654,1.586364984512329,0.28753164410591125,4.439266204833984,0.10190831869840622,2.7764594554901123,-0.332852303981781
61.8007698059082,4.267392158508301,-2.122424840927124,2.0701945310937977,3.7635109424591064,-3.7137649059295654,1.5903129577636719,0.33949580788612366,4.465646266937256,0.08694695681333542,2.7539403438568115,-0.32288819551467896
61.850799798965454,4.2662153244018555,-2.111955404281616,2.1133055554295086,3.7635109424591064,-3.7137649059295654,1.592785358428955,0.39265334606170654,4.490515232086182,0.07260565459728241,2.731409788131714,-0.31429538130760193
61.90056085586548,4.263458728790283,-2.100123882293701,2.153309363472527,3.7635109424591064,-3.7137649059295654,1.5934836864471436,0.4463777542114258,4.514583110809326,0.05949505791068077,2.708113431930542,-0.3084799349308014
61.95089387893677,4.259729862213135,-2.088606834411621,2.1930940206775738,3.7635109424591064,-3.7137649059295654,1.5923740863800049,0.4999111592769623,4.539046287536621,0.046407800167798996,2.6830532550811768,-0.30540725588798523
62.000155448913574,4.255618095397949,-2.077906370162964,2.2316043989567453,3.7635109424591064,-3.7137649059295654,1.5903807878494263,0.5519953966140747,4.564587116241455,0.03194268420338631,2.65706205368042,-0.3052072525024414
62.05109000205994,4.250372409820557,-2.0665829181671143,2.269658262568241,3.7635109424591064,-3.7137649059295654,1.590985655784607,0.6027118563652039,4.591607570648193,0.015520204789936543,2.6322250366210938,-0.30809855461120605
62.10143423080444,4.244162082672119,-2.053586959838867,2.3089682524101427,3.7635109424591064,-3.7137649059295654,1.5961562395095825,0.6524336934089661,4.6197733879089355,-0.0024078497663140297,2.609093427658081,-0.3135623633861542
62.151026487350464,4.238595962524414,-2.043076992034912,2.3480972943287686,3.7635109424591064,-3.7137649059295654,1.6044000387191772,0.7008519172668457,4.648102283477783,-0.021826211363077164,2.5854625701904297,-0.32124626636505127
62.201016664505005,4.232216835021973,-2.0311520099639893,2.387937037444318,3.7635109424591064,-3.7137649059295654,1.6142574548721313,0.7476931214332581,4.6763129234313965,-0.040470417588949203,2.5605013370513916,-0.33099791407585144
62.252187728881836,4.225265026092529,-2.019099473953247,2.4281218221946843,3.7635109424591064,-3.7137649059295654,1.6248811483383179,0.7934222221374512,4.704103469848633,-0.0572042316198349,2.534986972808838,-0.34317365288734436
62.301873207092285,4.2160773277282715,-2.0044519901275635,2.4697320701064593,3.7635109424591064,-3.7137649059295654,1.6359809637069702,0.8392388224601746,4.7285919189453125,-0.07268202304840088,2.508633613586426,-0.35750025510787964
62.35075378417969,4.207547664642334,-1.9928333759307861,2.5083340215751218,3.7635109424591064,-3.7137649059295654,1.6470798254013062,0.8866658806800842,4.747753143310547,-0.08734092116355896,2.480896234512329,-0.37388190627098083
62.40086078643799,4.19991397857666,-1.9827758073806763,2.545691319899588,3.7635109424591064,-3.7137649059295654,1.6582015752792358,0.9353946447372437,4.760922908782959,-0.10010349750518799,2.451141357421875,-0.3914951682090759
62.4503870010376,4.189627170562744,-1.9714940786361694,2.5853576594277734,3.7635109424591064,-3.7137649059295654,1.6695653200149536,0.9846466779708862,4.768371105194092,-0.10951724648475647,2.4192371368408203,-0.4106455147266388
62.50080871582031,4.180415153503418,-1.9619083404541016,2.6211613909466775,3.7635109424591064,-3.7137649059295654,1.6800429821014404,1.0282020568847656,4.770888805389404,-0.11572463065385818,2.391038656234741,-0.42745041847229004
62.55075407028198,4.168160915374756,-1.9503390789031982,2.6616378903236675,3.7635109424591064,-3.7137649059295654,1.6940269470214844,1.0817880630493164,4.769250869750977,-0.12014572322368622,2.3561160564422607,-0.44735240936279297
62.6009247303009,4.158884525299072,-1.9419634342193604,2.6941338872882197,3.7635109424591064,-3.7137649059295654,1.7060697078704834,1.1264135837554932,4.764061450958252,-0.12043103575706482,2.326608419418335,-0.462248831987381
62.651238203048706,4.146454811096191,-1.9315372705459595,2.731137870865415,3.7635109424591064,-3.7137649059295654,1.7186384201049805,1.1755385398864746,4.754409313201904,-0.11774209886789322,2.2913835048675537,-0.4756290316581726
62.701122999191284,4.13612699508667,-1.9235048294067383,2.7612076237355,3.7635109424591064,-3.7137649059295654,1.7274802923202515,1.220575213432312,4.743090629577637,-0.1131843775510788,2.2570669651031494,-0.48528987169265747
62.750284910202026,4.124541282653809,-1.9152635335922241,2.794145861178102,3.7635109424591064,-3.7137649059295654,1.73271644115448,1.2712446451187134,4.727700233459473,-0.10575948655605316,2.2169697284698486,-0.49353015422821045
62.800787925720215,4.11384916305542,-1.9080573320388794,2.824963242227731,3.7635109424591064,-3.7137649059295654,1.7342729568481445,1.3190633058547974,4.7112884521484375,-0.09655843675136566,2.1806771755218506,-0.4992228150367737
62.85028123855591,4.103074073791504,-1.9010995626449585,2.856267815595709,3.7635109424591064,-3.7137649059295654,1.733971357345581,1.3665635585784912,4.693463325500488,-0.08578084409236908,2.1461775302886963,-0.5036172270774841
62.9006781578064,4.09246826171875,-1.8945856094360352,2.887683781217239,3.7635109424591064,-3.7137649059295654,1.7328126430511475,1.4138367176055908,4.674676418304443,-0.07451320439577103,2.1107287406921387,-0.5068243741989136
62.95064687728882,4.081510543823242,-1.8881646394729614,2.919831954894487,3.7635109424591064,-3.7137649059295654,1.7312778234481812,1.4611417055130005,4.656022548675537,-0.06343930214643478,2.073274850845337,-0.508882999420166
63.00049591064453,4.070545196533203,-1.8821001052856445,2.9527379759918895,3.7635109424591064,-3.7137649059295654,1.728974461555481,1.5083582401275635,4.6385626792907715,-0.051860153675079346,2.0339441299438477,-0.5096858739852905
63.050445318222046,4.059995651245117,-1.8765836954116821,2.986999225795396,3.7635109424591064,-3.7137649059295654,1.7254164218902588,1.5551223754882812,4.622470855712891,-0.0397748202085495,1.993140697479248,-0.5081002116203308
63.10023546218872,4.049889087677002,-1.8717821836471558,3.022385402428057,3.7635109424591064,-3.7137649059295654,1.7198761701583862,1.601664662361145,4.6065287590026855,-0.028465256094932556,1.950663685798645,-0.5041684508323669
63.15064072608948,4.038274765014648,-1.8659456968307495,3.066143867720196,3.7635109424591064,-3.7137649059295654,1.711582064628601,1.6470485925674438,4.589040756225586,-0.019492745399475098,1.907528042793274,-0.4981486201286316
63.20039391517639,4.027319431304932,-1.8617058992385864,3.1054272697768712,3.7635109424591064,-3.7137649059295654,1.7012792825698853,1.6901600360870361,4.5694732666015625,-0.012778021395206451,1.8651654720306396,-0.49035921692848206
63.25029444694519,4.015588760375977,-1.8572924137115479,-3.1340916938258534,3.7635109424591064,-3.7137649059295654,1.6917450428009033,1.7319273948669434,4.548092842102051,-0.00870282482355833,1.8275752067565918,-0.48392659425735474
63.301138401031494,4.003194808959961,-1.8536111116409302,-3.091282100398352,3.7635109424591064,-3.7137649059295654,1.6862871646881104,1.7741456031799316,4.526806354522705,-0.007078778464347124,1.7908387184143066,-0.4805014729499817
63.35014319419861,3.9908347129821777,-1.850142478942871,-3.0464169889456114,3.7635109424591064,-3.7137649059295654,1.6848950386047363,1.8172184228897095,4.505942344665527,-0.006803245283663273,1.750571370124817,-0.4785638451576233
63.40049934387207,3.9782984256744385,-1.8471875190734863,-3.000002876737142,3.7635109424591064,-3.7137649059295654,1.68610417842865,1.8606277704238892,4.483887195587158,-0.009451755322515965,1.7076208591461182,-0.4775373637676239
63.45095252990723,3.966641664505005,-1.8448704481124878,-2.9551957457369977,3.7635109424591064,-3.7137649059295654,1.6876837015151978,1.9013253450393677,4.461673259735107,-0.014884913340210915,1.66765296459198,-0.47566670179367065
63.50076627731323,3.9539527893066406,-1.8431521654129028,-2.9035081138455494,3.7635109424591064,-3.7137649059295654,1.688266396522522,1.946488380432129,4.435434818267822,-0.024631045758724213,1.6244146823883057,-0.4735255539417267
63.551191568374634,3.942854166030884,-1.841845154762268,-2.8536752113974875,3.7635109424591064,-3.7137649059295654,1.6882960796356201,1.9893523454666138,4.410410404205322,-0.03686537593603134,1.5823806524276733,-0.47299909591674805
63.600552797317505,3.9326231479644775,-1.8411635160446167,-2.8039861330595466,3.7635109424591064,-3.7137649059295654,1.6879262924194336,2.033076286315918,4.386494159698486,-0.04678364098072052,1.5382931232452393,-0.4744856357574463
63.65113687515259,3.922759532928467,-1.8406568765640259,-2.754527110881049,3.7635109424591064,-3.7137649059295654,1.6882810592651367,2.0768587589263916,4.364486217498779,-0.04904651269316673,1.4929862022399902,-0.4777212142944336
63.701486110687256,3.9141106605529785,-1.840341567993164,-2.7045847342892855,3.7635109424591064,-3.7137649059295654,1.6907470226287842,2.1196413040161133,4.3410844802856445,-0.05807910114526749,1.445082664489746,-0.4822087585926056
63.75134873390198,3.9062387943267822,-1.8404325246810913,-2.6551932222279926,3.7635109424591064,-3.7137649059295654,1.6961092948913574,2.161129951477051,4.314724922180176,-0.07462190836668015,1.3941824436187744,-0.48781919479370117
63.800771951675415,3.902092933654785,-1.8384287357330322,-2.601819213834009,3.7635109424591064,-3.7137649059295654,1.7038553953170776,2.201625347137451,4.28731632232666,-0.0920286625623703,1.3422327041625977,-0.49199122190475464
63.8516001701355,3.895750045776367,-1.8378267288208008,-2.5499771087055456,3.7635109424591064,-3.7137649059295654,1.7122297286987305,2.241482973098755,4.261804103851318,-0.10665091872215271,1.2938282489776611,-0.495197057723999
63.90183663368225,3.889329671859741,-1.8373024463653564,-2.4984830033652523,3.7635109424591064,-3.7137649059295654,1.7186795473098755,2.281189203262329,4.237821578979492,-0.11743663251399994,1.2479099035263062,-0.49577781558036804
63.95063781738281,3.883300542831421,-1.8366620540618896,-2.4477554579584013,3.7635109424591064,-3.7137649059295654,1.722548484802246,2.320819854736328,4.214446544647217,-0.12478449940681458,1.2020288705825806,-0.4919666349887848
64.00070095062256,3.876751184463501,-1.8369691371917725,-2.4001338333839883,3.7635109424591064,-3.7137649059295654,1.723805546760559,2.3601021766662598,4.190943241119385,-0.12845683097839355,1.1564955711364746,-0.48547160625457764
64.05083298683167,3.8721280097961426,-1.8359260559082031,-2.352049977234147,3.7635109424591064,-3.7137649059295654,1.7217481136322021,2.3985071182250977,4.168917179107666,-0.12925268709659576,1.111983299255371,-0.4783153235912323
64.10078430175781,3.867900848388672,-1.835028052330017,-2.3069807092428114,3.7635109424591064,-3.7137649059295654,1.7179304361343384,2.434987783432007,4.150949001312256,-0.12772594392299652,1.0689022541046143,-0.4717295467853546
64.15075445175171,3.86380672454834,-1.834076166152954,-2.255600369904937,3.7635109424591064,-3.7137649059295654,1.7123812437057495,2.470062732696533,4.138505935668945,-0.12390600889921188,1.0263768434524536,-0.46474987268447876
64.20023512840271,3.8601105213165283,-1.83309805393219,-2.2055098080540154,3.7635109424591064,-3.7137649059295654,1.7055331468582153,2.5041823387145996,4.130373954772949,-0.11793119460344315,0.9835704565048218,-0.457090824842453
64.25114250183105,3.855722665786743,-1.8320115804672241,-2.1575442342965188,3.7635109424591064,-3.7137649059295654,1.696510910987854,2.536914348602295,4.123486518859863,-0.11063848435878754,0.9403333067893982,-0.4477953612804413
64.30105090141296,3.8513686656951904,-1.8310729265213013,-2.1090565509857613,3.7635109424591064,-3.7137649059295654,1.6841936111450195,2.5671327114105225,4.118247032165527,-0.10284630954265594,0.8960298895835876,-0.436414510011673
64.35126304626465,3.847696304321289,-1.8303602933883667,-2.0600522405154953,3.7635109424591064,-3.7137649059295654,1.6675677299499512,2.592890739440918,4.113712310791016,-0.09482196718454361,0.8500168323516846,-0.42298945784568787
64.40112805366516,3.8436543941497803,-1.8294942378997803,-2.011920438116307,3.7635109424591064,-3.7137649059295654,1.6478381156921387,2.6156938076019287,4.108883380889893,-0.08639246225357056,0.8028942346572876,-0.40775731205940247
64.45060181617737,3.839944362640381,-1.8291723728179932,-1.9619689252584043,3.7635109424591064,-3.7137649059295654,1.6265584230422974,2.638455629348755,4.103569984436035,-0.07791000604629517,0.7576659917831421,-0.3922320306301117
64.50057721138,3.835681438446045,-1.8294202089309692,-1.9104022120850281,3.7635109424591064,-3.7137649059295654,1.6068886518478394,2.6621334552764893,4.098768711090088,-0.06973325461149216,0.714350163936615,-0.37932443618774414
64.55106782913208,3.83158278465271,-1.830106496810913,-1.8577317506979198,3.7635109424591064,-3.7137649059295654,1.590466022491455,2.6855878829956055,4.094496250152588,-0.06273888796567917,0.6693845391273499,-0.36939260363578796
64.60075330734253,3.8273422718048096,-1.8309239149093628,-1.8057372908276335,3.7635109424591064,-3.7137649059295654,1.5769234895706177,2.7079734802246094,4.090291976928711,-0.057043589651584625,0.6252245306968689,-0.3635052740573883
