t,chair_x,chair_y,chair_yaw
0.0,-2.0502465979328965,2.0422442314626763,0.01394698770271066
0.04987144470214844,-2.0502465979328965,2.0422442314626763,0.01394698770271066
0.10001707077026367,-2.0525160061943195,2.040323357249155,0.01320738248368189
0.14991044998168945,-2.0525160061943195,2.040323357249155,0.01320738248368189
0.1997835636138916,-2.0514871425187504,2.039523322056611,0.012765627868557002
0.24990582466125488,-2.0514871425187504,2.039523322056611,0.012765627868557002
0.2998771667480469,-2.0471879131141346,2.039470701763752,0.013068535146472375
0.34973645210266113,-2.0471879131141346,2.039470701763752,0.013068535146472375
0.39969968795776367,-2.0463628895429657,2.0439255412682034,0.011084302381936657
0.44983696937561035,-2.0463628895429657,2.0439255412682034,0.011084302381936657
0.4996480941772461,-2.0449599850339366,2.0441157621034107,0.0038436531122491503
0.5495650768280029,-2.0449599850339366,2.0441157621034107,0.0038436531122491503
0.5999248027801514,-2.0459610397916475,2.0446597708002354,-0.007518868129650988
0.6499431133270264,-2.0459610397916475,2.0446597708002354,-0.007518868129650988
0.6996960639953613,-2.0396980813977637,2.044409201858594,-0.0240395940605153
0.7498433589935303,-2.0396980813977637,2.044409201858594,-0.0240395940605153
0.7996737957000732,-2.033565836238316,2.0455370397561787,-0.046176527210620884
0.8499300479888916,-2.033565836238316,2.0455370397561787,-0.046176527210620884
0.8997097015380859,-2.027369151873887,2.042180777439588,-0.07995243695843235
0.9497315883636475,-2.027369151873887,2.042180777439588,-0.07995243695843235
0.9995832443237305,-2.0132037892497268,2.037244022236594,-0.12328788675348264
1.0495836734771729,-2.0132037892497268,2.037244022236594,-0.12328788675348264
1.099855661392212,-1.9969523079848122,2.0297944499728993,-0.1736867721854497
1.1498675346374512,-1.9969523079848122,2.0297944499728993,-0.1736867721854497
1.1998820304870605,-1.9774980003000902,2.018871708601216,-0.22949181851030181
1.2498359680175781,-1.9774980003000902,2.018871708601216,-0.22949181851030181
1.2999153137207031,-1.959816441052438,2.0105905813353293,-0.28887295344268654
1.3499534130096436,-1.959816441052438,2.0105905813353293,-0.28887295344268654
1.3999366760253906,-1.9355855065493623,1.998991777346557,-0.351022349922254
1.449732780456543,-1.9355855065493623,1.998991777346557,-0.351022349922254
1.499816656112671,-1.9138714366904073,1.9906806331888687,-0.41010118691477254
1.54978346824646,-1.9138714366904073,1.9906806331888687,-0.41010118691477254
1.5999581813812256,-1.8876222396386624,1.9794174396531776,-0.46920560642435843
1.6499052047729492,-1.8876222396386624,1.9794174396531776,-0.46920560642435843
1.6997101306915283,-1.8600719504915628,1.9661760732317517,-0.5243479838160304
1.7497997283935547,-1.8600719504915628,1.9661760732317517,-0.5243479838160304
1.7995662689208984,-1.8360701743235481,1.9484940439108414,-0.5762381811207595
1.8496582508087158,-1.8360701743235481,1.9484940439108414,-0.5762381811207595
1.8996303081512451,-1.8186324011359785,1.9336520334603668,-0.6235660387183253
1.9498815536499023,-1.8186324011359785,1.9336520334603668,-0.6235660387183253
1.999786138534546,-1.7975136176089936,1.9199333379021888,-0.6676435718819747
2.0498435497283936,-1.7975136176089936,1.9199333379021888,-0.6676435718819747
2.0998716354370117,-1.7780785894028448,1.9034631300514053,-0.7055430334188464
2.149646520614624,-1.7780785894028448,1.9034631300514053,-0.7055430334188464
2.199763298034668,-1.7605486460395918,1.8837279379258467,-0.7383175894053053
2.2499051094055176,-1.7605486460395918,1.8837279379258467,-0.7383175894053053
2.299821138381958,-1.7385199882349487,1.8629189599949099,-0.764182480883099
2.3497676849365234,-1.7385199882349487,1.8629189599949099,-0.764182480883099
2.4000210762023926,-1.7181143887112924,1.8367397258243034,-0.7861511160831903
2.44987416267395,-1.7181143887112924,1.8367397258243034,-0.7861511160831903
2.4997849464416504,-1.7011099400595922,1.817207599881804,-0.8034838251718892
2.549970865249634,-1.7011099400595922,1.817207599881804,-0.8034838251718892
2.599898338317871,-1.6828683249258811,1.79717887012661,-0.8167471440987063
2.6498425006866455,-1.6828683249258811,1.79717887012661,-0.8167471440987063
2.699644088745117,-1.6602805613574128,1.7795765128130008,-0.8310571187158443
2.7497212886810303,-1.6602805613574128,1.7795765128130008,-0.8310571187158443
2.800145387649536,-1.636550558179026,1.7590632794316858,-0.8450335902078683
2.8497469425201416,-1.636550558179026,1.7590632794316858,-0.8450335902078683
2.8997902870178223,-1.6163539830835338,1.7388244171326863,-0.8600202699252952
2.9497745037078857,-1.6163539830835338,1.7388244171326863,-0.8600202699252952
2.9997341632843018,-1.5976682160105713,1.7182526455445442,-0.8741057103792266
3.050151824951172,-1.5976682160105713,1.7182526455445442,-0.8741057103792266
3.0999326705932617,-1.5800358240470544,1.6959731136086447,-0.8886839885974753
3.1497485637664795,-1.5800358240470544,1.6959731136086447,-0.8886839885974753
3.199817419052124,-1.5587079247141904,1.6734217002452492,-0.9032899888843807
3.249683380126953,-1.5587079247141904,1.6734217002452492,-0.9032899888843807
3.299948215484619,-1.5382371389496834,1.64706098492766,-0.9168340343529648
3.3500723838806152,-1.5382371389496834,1.64706098492766,-0.9168340343529648
3.399900436401367,-1.5178478563022617,1.6201486325013152,-0.9293035211669431
3.4500374794006348,-1.5178478563022617,1.6201486325013152,-0.9293035211669431
3.4995834827423096,-1.498791211568242,1.5966963592690593,-0.9414471449673825
3.5498573780059814,-1.498791211568242,1.5966963592690593,-0.9414471449673825
3.5997519493103027,-1.4812383241611575,1.5733539030040702,-0.953302260973326
3.650057554244995,-1.4812383241611575,1.5733539030040702,-0.953302260973326
3.6997756958007812,-1.4641335925908363,1.5484167063852143,-0.9633663723346474
3.7499210834503174,-1.4641335925908363,1.5484167063852143,-0.9633663723346474
3.7996599674224854,-1.4473676084561666,1.5251116372080693,-0.9731835722557857
3.84966778755188,-1.4473676084561666,1.5251116372080693,-0.9731835722557857
3.8997902870178223,-1.4313776408954246,1.5005604110849056,-0.9834722533375644
3.9498562812805176,-1.4313776408954246,1.5005604110849056,-0.9834722533375644
3.9999377727508545,-1.4127608630288973,1.4764271714718373,-0.9940971813062948
4.049789190292358,-1.4127608630288973,1.4764271714718373,-0.9940971813062948
4.100241422653198,-1.3963705299687585,1.4498253931875893,-1.0041643582874658
4.149916410446167,-1.3963705299687585,1.4498253931875893,-1.0041643582874658
4.199901342391968,-1.3811363804049879,1.4266566542735482,-1.0156901974436214
4.249783277511597,-1.3811363804049879,1.4266566542735482,-1.0156901974436214
4.299800395965576,-1.3670930934966024,1.4049922965903638,-1.0253231734530774
4.350543737411499,-1.3670930934966024,1.4049922965903638,-1.0253231734530774
4.399778366088867,-1.3493980695005878,1.3791645218680035,-1.0361098834002564
4.4499359130859375,-1.3493980695005878,1.3791645218680035,-1.0361098834002564
4.499881267547607,-1.3346707046305348,1.3544619757598069,-1.0447698926456925
4.5498130321502686,-1.3346707046305348,1.3544619757598069,-1.0447698926456925
4.599468946456909,-1.3187298027079575,1.327417466522592,-1.0519765334518947
4.650482892990112,-1.3187298027079575,1.327417466522592,-1.0519765334518947
4.699620962142944,-1.30383018179664,1.3013849026810007,-1.0582730001937488
4.749706745147705,-1.30383018179664,1.3013849026810007,-1.0582730001937488
4.799847364425659,-1.2853137606654519,1.2755736093708054,-1.0620941368687473
4.849884748458862,-1.2853137606654519,1.2755736093708054,-1.0620941368687473
4.899815082550049,-1.269340441972509,1.249873890610359,-1.066019756148946
4.949741840362549,-1.269340441972509,1.249873890610359,-1.066019756148946
4.999745845794678,-1.251406638564768,1.2285324983929236,-1.0669485896528121
5.050222158432007,-1.251406638564768,1.2285324983929236,-1.0669485896528121
5.099843502044678,-1.2340918258860802,1.2062612587676869,-1.0663262953184416
5.1498589515686035,-1.2340918258860802,1.2062612587676869,-1.0663262953184416
5.200012445449829,-1.2159142361353317,1.176923975314852,-1.067032132561937
5.24992299079895,-1.2159142361353317,1.176923975314852,-1.067032132561937
5.299623966217041,-1.198646352536386,1.150368679324695,-1.0651490656212568
5.349782943725586,-1.198646352536386,1.150368679324695,-1.0651490656212568
5.399662971496582,-1.1836446711260735,1.125718572176689,-1.0656360711421096
5.449780464172363,-1.1836446711260735,1.125718572176689,-1.0656360711421096
5.499731779098511,-1.1700665793598612,1.1010720757370043,-1.065313175404156
5.550018310546875,-1.1700665793598612,1.1010720757370043,-1.065313175404156
5.599667549133301,-1.1569696146527182,1.0765366516558323,-1.065410656503062
5.6498308181762695,-1.1569696146527182,1.0765366516558323,-1.065410656503062
5.699750661849976,-1.1413120613634962,1.0513652178657449,-1.0673023495294516
5.749905824661255,-1.1413120613634962,1.0513652178657449,-1.0673023495294516
5.799633741378784,-1.1273124122506366,1.023608980754835,-1.068095440980466
5.8498194217681885,-1.1273124122506366,1.023608980754835,-1.068095440980466
5.899772644042969,-1.1132895620838483,0.9967318789268836,-1.0663921941213201
5.949872732162476,-1.1132895620838483,0.9967318789268836,-1.0663921941213201
5.999768018722534,-1.0985809629865748,0.9680019639732579,-1.0673905269321429
6.049997806549072,-1.0985809629865748,0.9680019639732579,-1.0673905269321429
6.09984016418457,-1.0787785469388065,0.9427988257507169,-1.0650533800044566
6.150221586227417,-1.0787785469388065,0.9427988257507169,-1.0650533800044566
6.199731349945068,-1.0641606172500058,0.9199624415422003,-1.0646804181993526
6.249862432479858,-1.0641606172500058,0.9199624415422003,-1.0646804181993526
6.29968786239624,-1.0490930590327618,0.893500102602461,-1.063361417359727
6.349788188934326,-1.0490930590327618,0.893500102602461,-1.063361417359727
6.39976692199707,-1.0306506107977764,0.8677520181032812,-1.0644874662000339
6.4498820304870605,-1.0306506107977764,0.8677520181032812,-1.0644874662000339
6.499855041503906,-1.0136361176314446,0.8418858758719653,-1.0640963068542857
6.549912214279175,-1.0136361176314446,0.8418858758719653,-1.0640963068542857
6.599766254425049,-0.996664697830879,0.8174090826330779,-1.0625590121660586
6.649830102920532,-0.996664697830879,0.8174090826330779,-1.0625590121660586
6.699678659439087,-0.9815114562814563,0.7928541063306366,-1.0627129545511198
6.749913930892944,-0.9815114562814563,0.7928541063306366,-1.0627129545511198
6.7997822761535645,-0.9661993955305431,0.7658819866877623,-1.0632294510724396
6.849717140197754,-0.9661993955305431,0.7658819866877623,-1.0632294510724396
6.89989709854126,-0.9480190104594113,0.7403654906737527,-1.0631605935915132
6.949821949005127,-0.9480190104594113,0.7403654906737527,-1.0631605935915132
6.9997687339782715,-0.9331427275242974,0.7155375866150238,-1.0638299480688376
7.049743890762329,-0.9331427275242974,0.7155375866150238,-1.0638299480688376
7.099822282791138,-0.916512720642915,0.691949784630891,-1.0650261963983008
7.149697542190552,-0.916512720642915,0.691949784630891,-1.0650261963983008
7.199621915817261,-0.9027415106005107,0.6638412399874789,-1.0652151452866858
7.249947547912598,-0.9027415106005107,0.6638412399874789,-1.0652151452866858
7.299671649932861,-0.8871695350661448,0.6342300922669737,-1.0668173904379852
7.3497538566589355,-0.8871695350661448,0.6342300922669737,-1.0668173904379852
7.39971661567688,-0.8718426424058899,0.6047100387216234,-1.0660976107272733
7.449691534042358,-0.8718426424058899,0.6047100387216234,-1.0660976107272733
7.499759197235107,-0.8563639125933148,0.5821375287601466,-1.067387554616066
7.549724817276001,-0.8563639125933148,0.5821375287601466,-1.067387554616066
7.599751949310303,-0.8417082327552639,0.5563305666549243,-1.0678513731422414
7.650070667266846,-0.8417082327552639,0.5563305666549243,-1.0678513731422414
7.69955587387085,-0.8288796144916502,0.5296718030445206,-1.0671849979697794
7.750054359436035,-0.8288796144916502,0.5296718030445206,-1.0671849979697794
7.800450801849365,-0.8116268011146046,0.5031566628093194,-1.0657942817392387
7.849806308746338,-0.8116268011146046,0.5031566628093194,-1.0657942817392387
7.899913311004639,-0.7977767357520369,0.4768592132013674,-1.0640994162591437
7.94977593421936,-0.7977767357520369,0.4768592132013674,-1.0640994162591437
7.999513626098633,-0.7804505739854146,0.4519814384935607,-1.0630204175289248
8.049670457839966,-0.7804505739854146,0.4519814384935607,-1.0630204175289248
8.100836515426636,-0.7653422703636669,0.4246520330630613,-1.0624120210526702
8.14980173110962,-0.7653422703636669,0.4246520330630613,-1.0624120210526702
8.199787855148315,-0.7521224484333993,0.4018412162733296,-1.0608762952434234
8.250111818313599,-0.7521224484333993,0.4018412162733296,-1.0608762952434234
8.299673080444336,-0.7328471575862775,0.37678395114615226,-1.059669990589944
8.349821090698242,-0.7328471575862775,0.37678395114615226,-1.059669990589944
8.399661302566528,-0.7126020842894417,0.35032381238762034,-1.0606717878328904
8.44963550567627,-0.7126020842894417,0.35032381238762034,-1.0606717878328904
8.499508142471313,-0.6947669364642062,0.32483088759272427,-1.0602162832573645
8.549585580825806,-0.6947669364642062,0.32483088759272427,-1.0602162832573645
8.59969973564148,-0.6774092666369861,0.29842153427374496,-1.0576413202105293
8.649879217147827,-0.6774092666369861,0.29842153427374496,-1.0576413202105293
8.699861526489258,-0.6624738273397898,0.27110834303117143,-1.0603657654286842
8.749869108200073,-0.6624738273397898,0.27110834303117143,-1.0603657654286842
8.799823522567749,-0.6443178578426201,0.244650840962985,-1.0607546944346262
8.849922180175781,-0.6443178578426201,0.244650840962985,-1.0607546944346262
8.899725198745728,-0.6281331131493926,0.21821676627345948,-1.0595517815227322
8.949647426605225,-0.6281331131493926,0.21821676627345948,-1.0595517815227322
9.000002384185791,-0.6150440842399896,0.19662720519758908,-1.059366780421318
9.04973030090332,-0.6150440842399896,0.19662720519758908,-1.059366780421318
9.099831581115723,-0.6010574795294847,0.1752625645993765,-1.0604201304265561
9.150019884109497,-0.6010574795294847,0.1752625645993765,-1.0604201304265561
9.199735879898071,-0.5870850327216569,0.15180906439763642,-1.0617294056803417
9.24978518486023,-0.5870850327216569,0.15180906439763642,-1.0617294056803417
9.299848079681396,-0.5712177901073177,0.12433663513249771,-1.0654110598272426
9.349805355072021,-0.5712177901073177,0.12433663513249771,-1.0654110598272426
9.39968991279602,-0.5510001697271538,0.09318805613857728,-1.069724493162627
9.44983196258545,-0.5510001697271538,0.09318805613857728,-1.069724493162627
9.499823808670044,-0.5332742426120249,0.06841576214555628,-1.0728274720180608
9.550061464309692,-0.5332742426120249,0.06841576214555628,-1.0728274720180608
9.599727392196655,-0.5184348292428279,0.04140133298613285,-1.0763608821485282
9.649866819381714,-0.5184348292428279,0.04140133298613285,-1.0763608821485282
9.699776411056519,-0.5048339643543274,0.013200062166007658,-1.07518997772255
9.74973177909851,-0.5048339643543274,0.013200062166007658,-1.07518997772255
9.79994797706604,-0.49110188085965967,-0.004313810877738529,-1.066019120224949
9.850146770477295,-0.49110188085965967,-0.004313810877738529,-1.066019120224949
9.899503707885742,-0.48275087626671054,-0.01648981145735174,-1.0478981233587734
9.95090937614441,-0.48275087626671054,-0.01648981145735174,-1.0478981233587734
9.999936819076538,-0.4724176845956466,-0.026186388906501996,-1.0182772181263362
10.050834894180298,-0.4724176845956466,-0.026186388906501996,-1.0182772181263362
10.09982419013977,-0.46716775507426056,-0.024825044378179735,-0.9846277445507271
10.149916172027588,-0.46716775507426056,-0.024825044378179735,-0.9846277445507271
10.199758291244507,-0.4645121188126716,-0.025202538797190373,-0.9458508643146357
10.249618530273438,-0.4645121188126716,-0.025202538797190373,-0.9458508643146357
10.299787044525146,-0.4619771749336221,-0.024850917122486334,-0.8973909271140618
10.349722146987915,-0.4619771749336221,-0.024850917122486334,-0.8973909271140618
10.399674892425537,-0.45702376312110105,-0.024548776636026844,-0.8408321117543005
10.450490713119507,-0.45702376312110105,-0.024548776636026844,-0.8408321117543005
10.499818563461304,-0.45124072682985406,-0.02204644752655461,-0.772928997207802
10.54971957206726,-0.45124072682985406,-0.02204644752655461,-0.772928997207802
10.599722385406494,-0.4475274875478895,-0.019320091221235743,-0.6964305169021389
10.650349140167236,-0.4475274875478895,-0.019320091221235743,-0.6964305169021389
10.699936151504517,-0.44338672244095795,-0.015335365473281022,-0.6069510291912167
10.749762058258057,-0.44338672244095795,-0.015335365473281022,-0.6069510291912167
10.799696683883667,-0.4419537656916018,-0.010210686428975803,-0.5083583153417784
10.849836587905884,-0.4419537656916018,-0.010210686428975803,-0.5083583153417784
10.89975357055664,-0.43803611589285335,-0.0017047544633797054,-0.4020794814312009
10.949938297271729,-0.43803611589285335,-0.0017047544633797054,-0.4020794814312009
10.999835968017578,-0.4337175762403447,0.005133988637534746,-0.29653485909856797
11.04982304573059,-0.4337175762403447,0.005133988637534746,-0.29653485909856797
11.100578546524048,-0.43099400963707934,0.009606408512885682,-0.19229758970841415
11.14984393119812,-0.43099400963707934,0.009606408512885682,-0.19229758970841415
11.199667930603027,-0.42730252775761224,0.019697619265967893,-0.09285465975034937
11.250011205673218,-0.42730252775761224,0.019697619265967893,-0.09285465975034937
11.299898862838745,-0.4252640437852906,0.027110963927162092,0.005550063152967537
11.350226402282715,-0.4252640437852906,0.027110963927162092,0.005550063152967537
11.399752378463745,-0.422568306657589,0.03633273054762327,0.1062904082041479
11.449901819229126,-0.422568306657589,0.03633273054762327,0.1062904082041479
11.499719619750977,-0.4200199052971088,0.04702522310461189,0.20777812283035163
11.549693822860718,-0.4200199052971088,0.04702522310461189,0.20777812283035163
11.599830865859985,-0.41767318690855604,0.052845820531140335,0.30624524089886956
11.6497163772583,-0.41767318690855604,0.052845820531140335,0.30624524089886956
11.699755191802979,-0.41725073962273956,0.06264938367648257,0.4083262781622859
11.749723434448242,-0.41725073962273956,0.06264938367648257,0.4083262781622859
11.799967527389526,-0.4135528328243718,0.07023636613430964,0.5041396165136075
11.849706649780273,-0.4135528328243718,0.07023636613430964,0.5041396165136075
11.899738788604736,-0.4118929896961743,0.07977592177498863,0.5986614698044588
11.949849128723145,-0.4118929896961743,0.07977592177498863,0.5986614698044588
11.999609470367432,-0.4096723115276209,0.08968122839882353,0.6850202966164104
12.050000190734863,-0.4096723115276209,0.08968122839882353,0.6850202966164104
12.099802494049072,-0.40997578664211193,0.1027873219162393,0.769556730937952
12.149714231491089,-0.40997578664211193,0.1027873219162393,0.769556730937952
12.2001211643219,-0.4078912916351629,0.11883633308521782,0.847448184350547
12.249740600585938,-0.4078912916351629,0.11883633308521782,0.847448184350547
12.299580097198486,-0.40275410440309656,0.13489332440244195,0.9181578746649817
12.349823236465454,-0.40275410440309656,0.13489332440244195,0.9181578746649817
12.399798154830933,-0.3931779848107731,0.15528886927687685,0.9786695661865302
12.449950933456421,-0.3931779848107731,0.15528886927687685,0.9786695661865302
12.499775648117065,-0.3831260927067327,0.17282043321419738,1.0344332050415503
12.55025315284729,-0.3831260927067327,0.17282043321419738,1.0344332050415503
12.59993314743042,-0.3752122293364587,0.1964309813698879,1.0811863187945898
12.651223182678223,-0.3752122293364587,0.1964309813698879,1.0811863187945898
12.69970703125,-0.37170048995734145,0.21583539015950345,1.1198326346284713
12.750105142593384,-0.37170048995734145,0.21583539015950345,1.1198326346284713
12.799888134002686,-0.362515454763808,0.2351882724975498,1.154796157544618
12.84977912902832,-0.362515454763808,0.2351882724975498,1.154796157544618
12.89967393875122,-0.3541403945807154,0.25836027931537114,1.1841742625623148
12.949760437011719,-0.3541403945807154,0.25836027931537114,1.1841742625623148
12.999782800674438,-0.3490788565581569,0.2839326016755969,1.210890220864378
13.049801349639893,-0.3490788565581569,0.2839326016755969,1.210890220864378
13.099526643753052,-0.33882823939704587,0.30984549315355153,1.2315867984490216
13.149715662002563,-0.33882823939704587,0.30984549315355153,1.2315867984490216
13.20052981376648,-0.3339118409585823,0.3388165008432603,1.2499513042849262
13.253211736679077,-0.3339118409585823,0.3388165008432603,1.2499513042849262
13.300087451934814,-0.32530500928885514,0.3677817555171105,1.265476906773806
13.35001015663147,-0.32530500928885514,0.3677817555171105,1.265476906773806
13.399789094924927,-0.31892031462463266,0.3978287870440597,1.2810404168286245
13.449761629104614,-0.31892031462463266,0.3978287870440597,1.2810404168286245
13.499656438827515,-0.3134216214160809,0.4285694339806653,1.2953650104992833
13.549810886383057,-0.3134216214160809,0.4285694339806653,1.2953650104992833
13.59983229637146,-0.3103539685545985,0.46142514218496083,1.3118353444624364
13.649663209915161,-0.3103539685545985,0.46142514218496083,1.3118353444624364
13.69982385635376,-0.304339881128274,0.4843852978457129,1.326824655530566
13.74975061416626,-0.304339881128274,0.4843852978457129,1.326824655530566
13.799787044525146,-0.2989406892007933,0.5133871013449849,1.3409248649380459
13.849722623825073,-0.2989406892007933,0.5133871013449849,1.3409248649380459
13.899784564971924,-0.29182776644930564,0.5411080635843548,1.3546067114629405
13.949956893920898,-0.29182776644930564,0.5411080635843548,1.3546067114629405
13.999702215194702,-0.28982354886654427,0.5736642522303355,1.3687982780517562
14.049910306930542,-0.28982354886654427,0.5736642522303355,1.3687982780517562
14.099797248840332,-0.2868720003222269,0.5981403571187806,1.3819613010370166
14.149829387664795,-0.2868720003222269,0.5981403571187806,1.3819613010370166
14.199633359909058,-0.2828071234926391,0.6287868459334972,1.395247727887045
14.249849081039429,-0.2828071234926391,0.6287868459334972,1.395247727887045
14.299785137176514,-0.2799624065667182,0.6573377480397528,1.4066220920838468
14.349975109100342,-0.2799624065667182,0.6573377480397528,1.4066220920838468
14.399805068969727,-0.27814844456225674,0.6899395073410767,1.4189876425970396
14.449793577194214,-0.27814844456225674,0.6899395073410767,1.4189876425970396
14.499685764312744,-0.2788589833459045,0.7190611753207534,1.4306639837542556
14.549870491027832,-0.2788589833459045,0.7190611753207534,1.4306639837542556
14.600034236907959,-0.27218023907429295,0.7518682871470258,1.4419395346493584
14.649794816970825,-0.27218023907429295,0.7518682871470258,1.4419395346493584
14.69977855682373,-0.2730941738441539,0.7795779341867916,1.4523773558061872
14.749825477600098,-0.2730941738441539,0.7795779341867916,1.4523773558061872
14.799617052078247,-0.27181882820861236,0.8125486336044899,1.462363360507602
14.849779605865479,-0.27181882820861236,0.8125486336044899,1.462363360507602
14.899818658828735,-0.27244111254248365,0.8403226895656747,1.4710189575611836
14.949973583221436,-0.27244111254248365,0.8403226895656747,1.4710189575611836
14.999754667282104,-0.27233574622020107,0.8721630414810118,1.4773801493712193
15.049952507019043,-0.27233574622020107,0.8721630414810118,1.4773801493712193
15.099685907363892,-0.26884024848949517,0.9035262554120643,1.4827639013063199
15.149578332901001,-0.26884024848949517,0.9035262554120643,1.4827639013063199
15.199544668197632,-0.26736286636270995,0.9360856478879028,1.4863232295682383
15.250021934509277,-0.26736286636270995,0.9360856478879028,1.4863232295682383
15.299839735031128,-0.26573943738496125,0.964953373028364,1.4880790215249515
15.34967827796936,-0.26573943738496125,0.964953373028364,1.4880790215249515
15.39966082572937,-0.26610612314343984,0.996688755226344,1.4888162478012283
15.449707508087158,-0.26610612314343984,0.996688755226344,1.4888162478012283
15.499777793884277,-0.261929796374775,1.0274529116929494,1.49129765968698
15.549724817276001,-0.261929796374775,1.0274529116929494,1.49129765968698
15.59978461265564,-0.26105974372794755,1.0559185608912485,1.4934251231698055
15.64980959892273,-0.26105974372794755,1.0559185608912485,1.4934251231698055
15.6997811794281,-0.2646303014000396,1.0871984661400458,1.4970411013058103
15.749818801879883,-0.2646303014000396,1.0871984661400458,1.4970411013058103
15.799914836883545,-0.26439108613327367,1.1152378441707653,1.4983108287738027
15.84994387626648,-0.26439108613327367,1.1152378441707653,1.4983108287738027
15.89995265007019,-0.265116590535308,1.1473915744896201,1.502842823445441
15.94969916343689,-0.265116590535308,1.1473915744896201,1.502842823445441
15.999648809432983,-0.2641620498373636,1.1775280213700128,1.5078741141551446
16.049595832824707,-0.2641620498373636,1.1775280213700128,1.5078741141551446
16.09966540336609,-0.26372239285594096,1.2075909520832973,1.5123967620296588
16.150019645690918,-0.26372239285594096,1.2075909520832973,1.5123967620296588
16.200115203857422,-0.26161962633982494,1.2394665174790158,1.514527860717648
16.249921083450317,-0.26161962633982494,1.2394665174790158,1.514527860717648
16.29985785484314,-0.26091365192374116,1.2691269530183389,1.5180532372800346
16.35044550895691,-0.26091365192374116,1.2691269530183389,1.5180532372800346
16.399693489074707,-0.257382426628512,1.3005680936437074,1.5197078844575391
16.450215339660645,-0.257382426628512,1.3005680936437074,1.5197078844575391
16.499812126159668,-0.26004434804124055,1.332635181399068,1.523267120106694
16.54976463317871,-0.26004434804124055,1.332635181399068,1.523267120106694
16.59969711303711,-0.2641198116845509,1.3632430723335696,1.5275455330960925
16.649922132492065,-0.2641198116845509,1.3632430723335696,1.5275455330960925
16.699782848358154,-0.26677965949765803,1.3941142822300205,1.5325778875494127
16.749670267105103,-0.26677965949765803,1.3941142822300205,1.5325778875494127
16.799866676330566,-0.266121020184891,1.4240802074149856,1.5358172997272856
16.8498592376709,-0.266121020184891,1.4240802074149856,1.5358172997272856
16.899775981903076,-0.2660139955781811,1.4542639321106607,1.539992631140962
16.949716091156006,-0.2660139955781811,1.4542639321106607,1.539992631140962
16.999723434448242,-0.2687251668439895,1.4890009521152763,1.5445650292514057
17.05000877380371,-0.2687251668439895,1.4890009521152763,1.5445650292514057
17.099961280822754,-0.26818683874362426,1.521060961408583,1.5495046481282333
17.149699449539185,-0.26818683874362426,1.521060961408583,1.5495046481282333
17.199612140655518,-0.2679573798522329,1.5534534324142917,1.552621090736302
17.251103401184082,-0.2679573798522329,1.5534534324142917,1.552621090736302
17.299713850021362,-0.2701094600433369,1.581356871599108,1.5576656158105564
17.34995698928833,-0.2701094600433369,1.581356871599108,1.5576656158105564
17.39992594718933,-0.27111952765256375,1.609198584107529,1.5632637345034825
17.45035171508789,-0.27111952765256375,1.609198584107529,1.5632637345034825
17.49990224838257,-0.27252583434294253,1.6382128482183222,1.5691448879219903
17.54979419708252,-0.27252583434294253,1.6382128482183222,1.5691448879219903
17.599831342697144,-0.27310782118023214,1.6646214110164892,1.5741970508941108
17.653547286987305,-0.27310782118023214,1.6646214110164892,1.5741970508941108
17.699707984924316,-0.27579985844271243,1.6923261096234894,1.5783875871789417
17.749834537506104,-0.27579985844271243,1.6923261096234894,1.5783875871789417
17.79982566833496,-0.2790113064439589,1.716322999282851,1.5801934372303836
17.851311683654785,-0.2790113064439589,1.716322999282851,1.5801934372303836
17.899688720703125,-0.28261610516227487,1.743993683348892,1.5746522274291828
17.949869632720947,-0.28261610516227487,1.743993683348892,1.5746522274291828
17.999878883361816,-0.2864051228249572,1.7643275598953954,1.5598601660862372
18.050395965576172,-0.2864051228249572,1.7643275598953954,1.5598601660862372
18.099918603897095,-0.28362603980412154,1.7851390325253886,1.53294510392965
18.14971899986267,-0.28362603980412154,1.7851390325253886,1.53294510392965
18.199677228927612,-0.28024466571543816,1.8019670164685497,1.4946716426101823
18.249995708465576,-0.28024466571543816,1.8019670164685497,1.4946716426101823
18.300005674362183,-0.2751302976993132,1.818607971998993,1.4429686670041273
18.34978723526001,-0.2751302976993132,1.818607971998993,1.4429686670041273
18.399852991104126,-0.26914164002740115,1.8337931858997538,1.3808095449526787
18.449923515319824,-0.26914164002740115,1.8337931858997538,1.3808095449526787
18.499907732009888,-0.25717753811767347,1.84800265929835,1.3144464874436037
18.550934553146362,-0.25717753811767347,1.84800265929835,1.3144464874436037
18.600369691848755,-0.2495088655766563,1.8676102089400588,1.2431945844099668
18.64971399307251,-0.2495088655766563,1.8676102089400588,1.2431945844099668
18.699848175048828,-0.23726407242763892,1.886451731813812,1.1602862133530905
18.74982976913452,-0.23726407242763892,1.886451731813812,1.1602862133530905
18.799898147583008,-0.22255740282868164,1.9057327647276896,1.0689378012573407
18.849951028823853,-0.22255740282868164,1.9057327647276896,1.0689378012573407
18.89984655380249,-0.20773249493390322,1.923309586122183,0.9769363778816607
18.950160026550293,-0.20773249493390322,1.923309586122183,0.9769363778816607
18.99971580505371,-0.18995030199275226,1.9405053886825119,0.8834944499008038
19.049920320510864,-0.18995030199275226,1.9405053886825119,0.8834944499008038
19.09974241256714,-0.17040373595588104,1.9531089800199168,0.799094793548682
19.14994192123413,-0.17040373595588104,1.9531089800199168,0.799094793548682
19.2017502784729,-0.15259191383129755,1.9666165287143547,0.7181428614116177
19.24994969367981,-0.15259191383129755,1.9666165287143547,0.7181428614116177
19.29991579055786,-0.131032694960874,1.9795715905553566,0.6522256675336595
19.349926471710205,-0.131032694960874,1.9795715905553566,0.6522256675336595
19.39980983734131,-0.11223346364470965,1.9925801451448257,0.603674287990505
19.449920654296875,-0.11223346364470965,1.9925801451448257,0.603674287990505
19.500261783599854,-0.09233935096932977,2.0026342795367422,0.5664046311115146
19.549838542938232,-0.09233935096932977,2.0026342795367422,0.5664046311115146
19.599710941314697,-0.0711570814453773,2.0171213012931903,0.5411267566517121
19.65011692047119,-0.0711570814453773,2.0171213012931903,0.5411267566517121
19.6998929977417,-0.04587468030547176,2.0324092600158656,0.5229615992612288
19.74998164176941,-0.04587468030547176,2.0324092600158656,0.5229615992612288
19.79975414276123,-0.024997921184644833,2.0451206273163076,0.507114754287054
19.849777221679688,-0.024997921184644833,2.0451206273163076,0.507114754287054
19.89969801902771,-0.00256341288586881,2.057020742214446,0.4916273023070494
19.94976544380188,-0.00256341288586881,2.057020742214446,0.4916273023070494
20.00018286705017,0.02325601589857651,2.070825515324302,0.47771842633656986
20.049641847610474,0.02325601589857651,2.070825515324302,0.47771842633656986
20.099751234054565,0.053668541698704164,2.085746716563184,0.4607920605624528
20.14967942237854,0.053668541698704164,2.085746716563184,0.4607920605624528
20.199981689453125,0.08068040774076701,2.1009753385216476,0.4437233553456038
20.250684022903442,0.08068040774076701,2.1009753385216476,0.4437233553456038
20.29988408088684,0.11049688831269755,2.117165658487466,0.4258463319717782
20.350357055664062,0.11049688831269755,2.117165658487466,0.4258463319717782
20.400080680847168,0.1375225578057757,2.1320918667228708,0.4085123974380498
20.449800729751587,0.1375225578057757,2.1320918667228708,0.4085123974380498
20.49979329109192,0.16648334356312855,2.1453323153510744,0.3902955223874024
20.550086498260498,0.16648334356312855,2.1453323153510744,0.3902955223874024
20.599794626235962,0.19271244733689186,2.154145940682762,0.3733177260030402
20.650009393692017,0.19271244733689186,2.154145940682762,0.3733177260030402
20.69977641105652,0.2169967420584118,2.1638837268852615,0.3572068277076241
20.74987554550171,0.2169967420584118,2.1638837268852615,0.3572068277076241
20.799819707870483,0.24480027419030992,2.1746337421755957,0.3405685123367048
20.849794626235962,0.24480027419030992,2.1746337421755957,0.3405685123367048
20.900023937225342,0.27409742545105276,2.190850091818412,0.3265021768477206
20.94980478286743,0.27409742545105276,2.190850091818412,0.3265021768477206
20.99983310699463,0.29826727948102205,2.2038485162853534,0.3149766027885773
21.050369024276733,0.29826727948102205,2.2038485162853534,0.3149766027885773
21.099692821502686,0.32745861001017473,2.21529337101116,0.30514852051595387
21.149827480316162,0.32745861001017473,2.21529337101116,0.30514852051595387
21.19966149330139,0.3597560270704032,2.2263046996326676,0.29589527286716943
21.249797105789185,0.3597560270704032,2.2263046996326676,0.29589527286716943
21.30001735687256,0.3890082965550521,2.2331164934186942,0.28435534812356206
21.349798679351807,0.3890082965550521,2.2331164934186942,0.28435534812356206
21.39984941482544,0.4178961246407108,2.242558457276276,0.2745355899243278
21.44981813430786,0.4178961246407108,2.242558457276276,0.2745355899243278
21.49997854232788,0.44714428770793857,2.250872613974795,0.26586402320134733
21.54981803894043,0.44714428770793857,2.250872613974795,0.26586402320134733
21.60034966468811,0.4779220767580512,2.258111788798425,0.2567370500257516
21.649989366531372,0.4779220767580512,2.258111788798425,0.2567370500257516
21.699772357940674,0.507161399115224,2.2645406515053845,0.24615617928417344
21.74987506866455,0.507161399115224,2.2645406515053845,0.24615617928417344
21.79971742630005,0.537014973016652,2.2716798831679967,0.23610700617906935
21.849920511245728,0.537014973016652,2.2716798831679967,0.23610700617906935
21.90009117126465,0.5641632627775943,2.2800502029858305,0.2265563291858615
21.949811220169067,0.5641632627775943,2.2800502029858305,0.2265563291858615
21.999725103378296,0.5981205900293995,2.287541284679708,0.21851269343636942
22.049647569656372,0.5981205900293995,2.287541284679708,0.21851269343636942
22.099809169769287,0.6291752658707892,2.2955308896891027,0.21138185749235586
22.149797439575195,0.6291752658707892,2.2955308896891027,0.21138185749235586
22.199804067611694,0.6566527284123829,2.301181684664123,0.20759742091146846
22.25017547607422,0.6566527284123829,2.301181684664123,0.20759742091146846
22.299825429916382,0.6898349611658003,2.3058462099634496,0.20382987140544348
22.350107431411743,0.6898349611658003,2.3058462099634496,0.20382987140544348
22.399837017059326,0.713805338861017,2.3147081717322244,0.20277945897774882
22.44973087310791,0.713805338861017,2.3147081717322244,0.20277945897774882
22.499874114990234,0.7447877810892021,2.3209912567812188,0.1995525922182057
22.549931526184082,0.7447877810892021,2.3209912567812188,0.1995525922182057
22.59972834587097,0.7705413121388964,2.3305481801876873,0.1983419108544949
22.649853706359863,0.7705413121388964,2.3305481801876873,0.1983419108544949
22.699769973754883,0.7998464439842377,2.33827869862612,0.1978857939857104
22.74981665611267,0.7998464439842377,2.33827869862612,0.1978857939857104
22.799916744232178,0.8333869443306745,2.348266360312103,0.19747933808528328
22.850802421569824,0.8333869443306745,2.348266360312103,0.19747933808528328
22.899747848510742,0.8671202669128437,2.3584578407698746,0.1987446656916758
22.949888706207275,0.8671202669128437,2.3584578407698746,0.1987446656916758
22.99951148033142,0.9005551907515552,2.3667286760203705,0.19909259779626307
23.049696683883667,0.9005551907515552,2.3667286760203705,0.19909259779626307
23.100438356399536,0.9281247495196903,2.3731454365262588,0.19877370023375826
23.14993119239807,0.9281247495196903,2.3731454365262588,0.19877370023375826
23.200318813323975,0.9612871475151532,2.381437324404028,0.19812862429674316
23.25003719329834,0.9612871475151532,2.381437324404028,0.19812862429674316
23.299886226654053,0.9911429618103269,2.389493373694896,0.19840295353692616
23.349779844284058,0.9911429618103269,2.389493373694896,0.19840295353692616
23.399554014205933,1.0218924935794143,2.3974808811512287,0.19843114939865475
23.45012903213501,1.0218924935794143,2.3974808811512287,0.19843114939865475
23.500229358673096,1.0465822197244532,2.404483656088017,0.19770557055688287
23.549870014190674,1.0465822197244532,2.404483656088017,0.19770557055688287
23.600061416625977,1.0742952600593512,2.4123584549714936,0.19928489625461607
23.649754524230957,1.0742952600593512,2.4123584549714936,0.19928489625461607
23.699928760528564,1.1015899456023577,2.42072194155634,0.19924431885723376
23.74966287612915,1.1015899456023577,2.42072194155634,0.19924431885723376
23.79990029335022,1.1312204546104534,2.4293215866650697,0.1998511268959602
23.850385427474976,1.1312204546104534,2.4293215866650697,0.1998511268959602
23.899707555770874,1.1608100346228973,2.434908977811731,0.19841385275724657
23.949815034866333,1.1608100346228973,2.434908977811731,0.19841385275724657
24.000171899795532,1.1946986279036649,2.4416024413284734,0.19556520706604064
24.050010442733765,1.1946986279036649,2.4416024413284734,0.19556520706604064
24.09991765022278,1.2247350788624367,2.449204578322125,0.19582575335728525
24.149707078933716,1.2247350788624367,2.449204578322125,0.19582575335728525
24.199687719345093,1.2489449411012543,2.4616821269185087,0.19518113400185574
24.249790906906128,1.2489449411012543,2.4616821269185087,0.19518113400185574
24.299734354019165,1.2831592350679082,2.4679713974222466,0.19359392242301132
24.35012698173523,1.2831592350679082,2.4679713974222466,0.19359392242301132
24.39974284172058,1.3122365987705698,2.4757552956401483,0.19155638794861674
24.44994354248047,1.3122365987705698,2.4757552956401483,0.19155638794861674
24.499633073806763,1.3450739117221617,2.480794012740637,0.19078031129974432
24.550158262252808,1.3450739117221617,2.480794012740637,0.19078031129974432
24.60002565383911,1.3738893635180534,2.489363888010634,0.18936307022140456
24.649864435195923,1.3738893635180534,2.489363888010634,0.18936307022140456
24.69980263710022,1.4037544442167593,2.495869533201767,0.1876931778218456
24.749916791915894,1.4037544442167593,2.495869533201767,0.1876931778218456
24.799771785736084,1.4309501041139632,2.503613834054952,0.18662785420511452
24.8499596118927,1.4309501041139632,2.503613834054952,0.18662785420511452
24.899839878082275,1.4584524194561725,2.5108460920216875,0.18245599360829845
24.949662923812866,1.4584524194561725,2.5108460920216875,0.18245599360829845
24.999471426010132,1.488886799979884,2.5151411896644174,0.16778233365977943
25.0505051612854,1.488886799979884,2.5151411896644174,0.16778233365977943
25.09972357749939,1.515055851625277,2.5195730784105597,0.14901667520244305
25.15001678466797,1.515055851625277,2.5195730784105597,0.14901667520244305
25.199718475341797,1.53799975724071,2.5204777385465627,0.11778693490674907
25.249717473983765,1.53799975724071,2.5204777385465627,0.11778693490674907
25.299888849258423,1.564083973194186,2.5212939722748677,0.07414704156449996
25.350142240524292,1.564083973194186,2.5212939722748677,0.07414704156449996
25.39989948272705,1.583596064701313,2.5206271466709906,0.018877823813497226
25.44989514350891,1.583596064701313,2.5206271466709906,0.018877823813497226
25.499756813049316,1.6045506530899651,2.5182809665219246,-0.05243516466473736
25.5499005317688,1.6045506530899651,2.5182809665219246,-0.05243516466473736
25.59984588623047,1.622324755674074,2.513812379055166,-0.11343288187729526
25.649924278259277,1.622324755674074,2.513812379055166,-0.11343288187729526
25.69975733757019,1.635667936166804,2.508168828726372,-0.17194920279246037
25.749948024749756,1.635667936166804,2.508168828726372,-0.17194920279246037
25.799991846084595,1.65345366876523,2.5069257410565466,-0.23204057097894434
25.849852561950684,1.65345366876523,2.5069257410565466,-0.23204057097894434
25.900031328201294,1.6669636212699286,2.4986237014944632,-0.29423072886432416
25.949759006500244,1.6669636212699286,2.4986237014944632,-0.29423072886432416
25.999823093414307,1.6801405030179979,2.4889884101520874,-0.36207726489170905
26.04979705810547,1.6801405030179979,2.4889884101520874,-0.36207726489170905
26.09989356994629,1.6900452670700876,2.4753348807569875,-0.43610365639522436
26.149667978286743,1.6900452670700876,2.4753348807569875,-0.43610365639522436
26.199740409851074,1.7034310213996988,2.4642166619369164,-0.5155845980084938
26.249967098236084,1.7034310213996988,2.4642166619369164,-0.5155845980084938
26.299700021743774,1.721155298437471,2.444839731624151,-0.6027571031463742
26.349780321121216,1.721155298437471,2.444839731624151,-0.6027571031463742
26.399686574935913,1.7442488819870607,2.42774122207111,-0.6907967648304253
26.449739933013916,1.7442488819870607,2.42774122207111,-0.6907967648304253
26.49990153312683,1.7623821862480387,2.406285211199194,-0.7791104876002166
26.549681901931763,1.7623821862480387,2.406285211199194,-0.7791104876002166
26.59975242614746,1.779532398408617,2.381769918233426,-0.86090229981159
26.649812698364258,1.779532398408617,2.381769918233426,-0.86090229981159
26.699772834777832,1.7900986437290107,2.362469328412596,-0.927894547209218
26.74988555908203,1.7900986437290107,2.362469328412596,-0.927894547209218
26.799704551696777,1.8002024390739926,2.344711296601384,-0.981611760105682
26.84986114501953,1.8002024390739926,2.344711296601384,-0.981611760105682
26.899935960769653,1.814976972011294,2.3215815953076495,-1.0243169241922858
26.950201988220215,1.814976972011294,2.3215815953076495,-1.0243169241922858
26.99978256225586,1.8244561886071888,2.3010057257042704,-1.0536744604922625
27.050333738327026,1.8244561886071888,2.3010057257042704,-1.0536744604922625
27.099573373794556,1.8357833585215457,2.2759369814973356,-1.0787379578413803
27.149919033050537,1.8357833585215457,2.2759369814973356,-1.0787379578413803
27.19990611076355,1.849549565192371,2.253679010873914,-1.1007318599282685
27.249879837036133,1.849549565192371,2.253679010873914,-1.1007318599282685
27.299689531326294,1.8637291708073433,2.2309084788784026,-1.1217922846785136
27.349807739257812,1.8637291708073433,2.2309084788784026,-1.1217922846785136
27.39984631538391,1.8754926769668614,2.202489743172461,-1.1459181110686505
27.449716806411743,1.8754926769668614,2.202489743172461,-1.1459181110686505
27.499911069869995,1.8889260818148104,2.1760106159727344,-1.1699602899232
27.549846410751343,1.8889260818148104,2.1760106159727344,-1.1699602899232
27.599868297576904,1.8978476358295617,2.149780829409586,-1.1966366374470925
27.649932622909546,1.8978476358295617,2.149780829409586,-1.1966366374470925
27.699584245681763,1.9087828760294345,2.1179734086874107,-1.223155707175871
27.750221014022827,1.9087828760294345,2.1179734086874107,-1.223155707175871
27.79991054534912,1.9215377407618852,2.0864142431421664,-1.2464445306037983
27.851714849472046,1.9215377407618852,2.0864142431421664,-1.2464445306037983
27.9000723361969,1.9271310974036553,2.0547261706987574,-1.2708176529808226
27.949885845184326,1.9271310974036553,2.0547261706987574,-1.2708176529808226
28.0000057220459,1.9331285016258002,2.0233310354532517,-1.296262156216934
28.04995369911194,1.9331285016258002,2.0233310354532517,-1.296262156216934
28.099764108657837,1.9396467746842962,1.9927740530044105,-1.320844947798828
28.150002479553223,1.9396467746842962,1.9927740530044105,-1.320844947798828
28.199631929397583,1.946006963301872,1.9676515063222981,-1.3441009547609022
28.249814748764038,1.946006963301872,1.9676515063222981,-1.3441009547609022
28.2996346950531,1.954953291420593,1.936692846527762,-1.3700340691460091
28.349996089935303,1.954953291420593,1.936692846527762,-1.3700340691460091
28.40002751350403,1.960589120988989,1.9084906836984186,-1.3945443949486804
28.44999122619629,1.960589120988989,1.9084906836984186,-1.3945443949486804
28.49983787536621,1.9688424049620183,1.8774630632852112,-1.419359615885242
28.549871921539307,1.9688424049620183,1.8774630632852112,-1.419359615885242
28.599932193756104,1.9723585311002017,1.8488334371235606,-1.4436335602016375
28.649850845336914,1.9723585311002017,1.8488334371235606,-1.4436335602016375
28.69964361190796,1.9811645250382994,1.8180380719708877,-1.46833059652071
28.750166177749634,1.9811645250382994,1.8180380719708877,-1.46833059652071
28.79991126060486,1.9810592076952316,1.7870414201588907,-1.4942309568010568
28.8496253490448,1.9810592076952316,1.7870414201588907,-1.4942309568010568
28.89995002746582,1.984389195655415,1.7575089070830159,-1.5221664157031618
28.9497492313385,1.984389195655415,1.7575089070830159,-1.5221664157031618
28.999685049057007,1.9880753662666042,1.725792685536157,-1.5516771667782325
29.05001425743103,1.9880753662666042,1.725792685536157,-1.5516771667782325
29.100179433822632,1.9845132192706811,1.694171377955465,-1.582572723130096
29.149656057357788,1.9845132192706811,1.694171377955465,-1.582572723130096
29.20015573501587,1.9826079482472834,1.667282490104171,-1.6099870562767782
29.250056743621826,1.9826079482472834,1.667282490104171,-1.6099870562767782
29.300000429153442,1.97774984854182,1.6460973155112828,-1.6292484035784482
29.35042715072632,1.97774984854182,1.6460973155112828,-1.6292484035784482
29.40003514289856,1.9779559471986048,1.6298097677081964,-1.6421613359170744
29.450034141540527,1.9779559471986048,1.6298097677081964,-1.6421613359170744
29.499763250350952,1.9782068253351113,1.6182075540517316,-1.643099059265567
29.549792766571045,1.9782068253351113,1.6182075540517316,-1.643099059265567
29.5997474193573,1.9774388379658434,1.6105573017495536,-1.634302762188267
29.650023221969604,1.9774388379658434,1.6105573017495536,-1.634302762188267
29.699642419815063,1.9807333806372662,1.6076731071568031,-1.6180420053210973
29.749953031539917,1.9807333806372662,1.6076731071568031,-1.6180420053210973
29.799994945526123,1.9816669619276566,1.609573422030159,-1.6004693837155106
29.84971785545349,1.9816669619276566,1.609573422030159,-1.6004693837155106
29.89965295791626,1.9859908648902438,1.6110914155354128,-1.5728912199457687
29.949769258499146,1.9859908648902438,1.6110914155354128,-1.5728912199457687
29.999747037887573,1.9863546879871399,1.6109581592833266,-1.5343849743577107
30.04988121986389,1.9863546879871399,1.6109581592833266,-1.5343849743577107
30.09984064102173,1.9923429888765505,1.6075512459178203,-1.4848693342714707
30.14986252784729,1.9923429888765505,1.6075512459178203,-1.4848693342714707
30.199517965316772,1.9979751467323477,1.6089603959965995,-1.4257450769835935
30.25033664703369,1.9979751467323477,1.6089603959965995,-1.4257450769835935
30.299994707107544,2.003002357203358,1.6080189134454639,-1.3545899704468447
30.349919319152832,2.003002357203358,1.6080189134454639,-1.3545899704468447
30.399713039398193,2.009909092248523,1.6059439958421031,-1.2708147586013614
30.449793815612793,2.009909092248523,1.6059439958421031,-1.2708147586013614
30.499683141708374,2.017086633288044,1.60414739820296,-1.1793736087126878
30.550055742263794,2.017086633288044,1.60414739820296,-1.1793736087126878
30.59987497329712,2.0242120875481318,1.6086448162704743,-1.0808807873460087
30.650490522384644,2.0242120875481318,1.6086448162704743,-1.0808807873460087
30.699844360351562,2.0319779869601255,1.6109244984228266,-0.9728087233825212
30.749786853790283,2.0319779869601255,1.6109244984228266,-0.9728087233825212
30.79999852180481,2.0446244531466666,1.6094213353251845,-0.8684331674005874
30.849748373031616,2.0446244531466666,1.6094213353251845,-0.8684331674005874
30.899768114089966,2.058354197612739,1.6022354742564784,-0.7689761735812397
30.949649333953857,2.058354197612739,1.6022354742564784,-0.7689761735812397
30.999892711639404,2.071119170809731,1.6047809774621837,-0.6696223212000441
31.050062894821167,2.071119170809731,1.6047809774621837,-0.6696223212000441
31.09982395172119,2.084131878405973,1.6012885322450208,-0.5792670465784108
31.149869918823242,2.084131878405973,1.6012885322450208,-0.5792670465784108
31.199668884277344,2.102611520351614,1.6024288436626704,-0.49934245735679494
31.249852895736694,2.102611520351614,1.6024288436626704,-0.49934245735679494
31.299606800079346,2.117839689261247,1.6007476359085566,-0.4330500363338922
31.349805116653442,2.117839689261247,1.6007476359085566,-0.4330500363338922
31.399723291397095,2.135351536664979,1.5973463168227804,-0.37646604255164484
31.449790000915527,2.135351536664979,1.5973463168227804,-0.37646604255164484
31.49987292289734,2.1503126654483022,1.5931662597562783,-0.3273014441763467
31.549894332885742,2.1503126654483022,1.5931662597562783,-0.3273014441763467
31.599843502044678,2.1700204053359453,1.5885346021377966,-0.2864455990043644
31.64992332458496,2.1700204053359453,1.5885346021377966,-0.2864455990043644
31.69992232322693,2.1890465923559557,1.58565890843246,-0.2527587555494235
31.749730348587036,2.1890465923559557,1.58565890843246,-0.2527587555494235
31.800020456314087,2.2169462013710195,1.579829252652876,-0.2238506767265213
31.84996509552002,2.2169462013710195,1.579829252652876,-0.2238506767265213
31.899770498275757,2.2429602085366263,1.5779232805488228,-0.20190763021434016
31.949889183044434,2.2429602085366263,1.5779232805488228,-0.20190763021434016
31.99966287612915,2.2659942427591053,1.5756228551648892,-0.18062522809054152
32.049713373184204,2.2659942427591053,1.5756228551648892,-0.18062522809054152
32.09962177276611,2.293851679780058,1.5724911709266887,-0.16087841756904897
32.14977431297302,2.293851679780058,1.5724911709266887,-0.16087841756904897
32.19990515708923,2.3255012713792427,1.569524269225588,-0.14014663812172104
32.249770402908325,2.3255012713792427,1.569524269225588,-0.14014663812172104
32.30014252662659,2.354252278612245,1.569363772328951,-0.1195670444219534
32.35070824623108,2.354252278612245,1.569363772328951,-0.1195670444219534
32.39999461174011,2.3852307306829443,1.5647697165844983,-0.10190862817052522
32.450228452682495,2.3852307306829443,1.5647697165844983,-0.10190862817052522
32.49972629547119,2.414909305915846,1.5664230125627066,-0.0842343338281615
32.549845933914185,2.414909305915846,1.5664230125627066,-0.0842343338281615
32.59977579116821,2.446147773363335,1.5643559007762848,-0.07024276561537982
32.64981174468994,2.446147773363335,1.5643559007762848,-0.07024276561537982
32.69976186752319,2.472122393369567,1.5675286091860439,-0.054873897334688296
32.74980044364929,2.472122393369567,1.5675286091860439,-0.054873897334688296
32.8000283241272,2.503478280574898,1.5679025186310487,-0.04121294058069973
32.84974670410156,2.503478280574898,1.5679025186310487,-0.04121294058069973
32.89955806732178,2.531993232419275,1.5674985183747332,-0.028556720542488912
32.94976329803467,2.531993232419275,1.5674985183747332,-0.028556720542488912
32.99960517883301,2.560488384978366,1.5699632808790753,-0.014829929963198199
33.049680948257446,2.560488384978366,1.5699632808790753,-0.014829929963198199
33.09955453872681,2.590714108621797,1.5726199523893494,-0.00044522633612770684
33.14961647987366,2.590714108621797,1.5726199523893494,-0.00044522633612770684
33.19981360435486,2.62069036932919,1.5760640352544317,0.012946633071436595
33.249510049819946,2.62069036932919,1.5760640352544317,0.012946633071436595
33.29974675178528,2.6486707434052166,1.5798947839407187,0.023285613679966743
33.349926710128784,2.6486707434052166,1.5798947839407187,0.023285613679966743
33.399513483047485,2.678121490179329,1.5823963898713231,0.03358338119676081
33.44986128807068,2.678121490179329,1.5823963898713231,0.03358338119676081
33.49978542327881,2.7038793716900438,1.5856240082145518,0.045379611866415474
33.550411224365234,2.7038793716900438,1.5856240082145518,0.045379611866415474
33.600093364715576,2.7366437631766907,1.5882997523594047,0.056780999034825724
33.649824380874634,2.7366437631766907,1.5882997523594047,0.056780999034825724
33.700326442718506,2.7673269718920084,1.5903298652074254,0.06656678936036274
33.75016736984253,2.7673269718920084,1.5903298652074254,0.06656678936036274
33.799792528152466,2.798727480022075,1.5957982797429189,0.0781927793261707
33.849881410598755,2.798727480022075,1.5957982797429189,0.0781927793261707
33.89956283569336,2.827734179657929,1.601471991901168,0.08618396435773497
33.95010805130005,2.827734179657929,1.601471991901168,0.08618396435773497
33.9999098777771,2.8611221725016884,1.6039227274225911,0.09264329936971225
34.04995822906494,2.8611221725016884,1.6039227274225911,0.09264329936971225
34.10009145736694,2.8914908066515057,1.6093795824551071,0.09797211355948496
34.149741888046265,2.8914908066515057,1.6093795824551071,0.09797211355948496
34.19985556602478,2.9233665603915187,1.614269492670047,0.09901510180656242
34.24983263015747,2.9233665603915187,1.614269492670047,0.09901510180656242
34.29983711242676,2.9523029314546703,1.6196896782165027,0.09950989997358764
34.34995770454407,2.9523029314546703,1.6196896782165027,0.09950989997358764
34.399847745895386,2.9812607721589623,1.6256367846868065,0.10072026327211815
34.44996452331543,2.9812607721589623,1.6256367846868065,0.10072026327211815
34.49970197677612,3.00938174813629,1.628578652175565,0.100526635935476
34.549848556518555,3.00938174813629,1.628578652175565,0.100526635935476
34.59989142417908,3.0391866978729905,1.6341709184536626,0.10171606491038916
34.65011930465698,3.0391866978729905,1.6341709184536626,0.10171606491038916
34.69981837272644,3.070186527224071,1.6381345114126902,0.09999311209948605
34.74974203109741,3.070186527224071,1.6381345114126902,0.09999311209948605
34.79959678649902,3.0964880576060816,1.6407607329001335,0.10103149567128326
34.84987926483154,3.0964880576060816,1.6407607329001335,0.10103149567128326
34.89973521232605,3.1281819862889577,1.6451277543626968,0.10206437411119244
34.949753761291504,3.1281819862889577,1.6451277543626968,0.10206437411119244
34.99991750717163,3.1631133031957646,1.649405374288478,0.10243543448173001
35.04971170425415,3.1631133031957646,1.649405374288478,0.10243543448173001
35.0998272895813,3.1930441196813044,1.6560601884626633,0.10465977727135867
35.1498966217041,3.1930441196813044,1.6560601884626633,0.10465977727135867
35.19994139671326,3.2217592835851727,1.6610352317743775,0.10849915461685868
35.24972081184387,3.2217592835851727,1.6610352317743775,0.10849915461685868
35.299734592437744,3.252100914466105,1.665621629787274,0.10756874532119504
35.34992289543152,3.252100914466105,1.665621629787274,0.10756874532119504
35.40059566497803,3.2820728361694025,1.6700912427050707,0.11124790929871552
35.450225830078125,3.2820728361694025,1.6700912427050707,0.11124790929871552
35.499751567840576,3.3098643437953887,1.674161424773472,0.11045933921058268
35.54992055892944,3.3098643437953887,1.674161424773472,0.11045933921058268
35.599732875823975,3.340499952210945,1.6755559781999787,0.11080717811325831
35.65034818649292,3.340499952210945,1.6755559781999787,0.11080717811325831
35.6998655796051,3.3707822089128703,1.6843922382405543,0.11338867325371592
35.74980187416077,3.3707822089128703,1.6843922382405543,0.11338867325371592
35.800095558166504,3.3991116040840605,1.6906372793184212,0.11593108110017332
35.84983277320862,3.3991116040840605,1.6906372793184212,0.11593108110017332
35.899775981903076,3.4275435286771208,1.696123264701532,0.11689000750461401
35.949727058410645,3.4275435286771208,1.696123264701532,0.11689000750461401
35.9997181892395,3.457283133147257,1.701681215106432,0.11862903228510166
36.04982566833496,3.457283133147257,1.701681215106432,0.11862903228510166
36.099852561950684,3.487668821486257,1.7051011336759143,0.12027841151678992
36.14975547790527,3.487668821486257,1.7051011336759143,0.12027841151678992
36.19980525970459,3.517000113575346,1.7100564152485733,0.12214256474871127
36.24987506866455,3.517000113575346,1.7100564152485733,0.12214256474871127
36.29969334602356,3.547875092349371,1.7163470041561013,0.1232257651519409
36.34965395927429,3.547875092349371,1.7163470041561013,0.1232257651519409
36.39979386329651,3.5739239213666387,1.7216941778282395,0.12634994535698027
36.4501006603241,3.5739239213666387,1.7216941778282395,0.12634994535698027
36.49957776069641,3.601610981664628,1.7283907961464036,0.12796422700530888
36.55046987533569,3.601610981664628,1.7283907961464036,0.12796422700530888
36.59995913505554,3.629099231114095,1.7357434148004918,0.13050522912096243
36.6497437953949,3.629099231114095,1.7357434148004918,0.13050522912096243
36.6997504234314,3.6629462820828147,1.741081740080126,0.13267932276587427
36.749776124954224,3.6629462820828147,1.741081740080126,0.13267932276587427
36.79998564720154,3.694321146228325,1.7426947366009586,0.1339719394465481
36.85127115249634,3.694321146228325,1.7426947366009586,0.1339719394465481
36.89973998069763,3.7231388318867324,1.7468970119274714,0.13858908468757997
36.94974327087402,3.7231388318867324,1.7468970119274714,0.13858908468757997
36.99963426589966,3.7552889180495113,1.7530544339357388,0.1399014661492717
37.04968190193176,3.7552889180495113,1.7530544339357388,0.1399014661492717
37.099815130233765,3.7842647349228917,1.7589042023797332,0.1415515382179577
37.14982604980469,3.7842647349228917,1.7589042023797332,0.1415515382179577
37.19991087913513,3.8138309741294165,1.764351677443063,0.14383924162745793
37.24999475479126,3.8138309741294165,1.764351677443063,0.14383924162745793
37.29956769943237,3.8436532575821065,1.771920106396772,0.14773851383230094
37.34990382194519,3.8436532575821065,1.771920106396772,0.14773851383230094
37.3999400138855,3.87083403692251,1.7784419083763598,0.14960067371353847
37.45001578330994,3.87083403692251,1.7784419083763598,0.14960067371353847
37.499927282333374,3.8993176243208776,1.785497853169321,0.15286524729840345
37.54979372024536,3.8993176243208776,1.785497853169321,0.15286524729840345
37.599557876586914,3.9293720875292184,1.7928724409243688,0.15776214528344684
37.64977025985718,3.9293720875292184,1.7928724409243688,0.15776214528344684
37.70004415512085,3.959418521594709,1.796716688089521,0.16154120764883928
37.74972176551819,3.959418521594709,1.796716688089521,0.16154120764883928
37.79970073699951,3.9907129006233966,1.8020778141784886,0.1680620699620402
37.849796295166016,3.9907129006233966,1.8020778141784886,0.1680620699620402
37.89954924583435,4.022242180303748,1.809541189243618,0.1735702816007882
37.949737310409546,4.022242180303748,1.809541189243618,0.1735702816007882
38.00069713592529,4.046428950685116,1.8144939215114766,0.1767641462693641
38.04969811439514,4.046428950685116,1.8144939215114766,0.1767641462693641
38.099642276763916,4.072473950541576,1.819000222180657,0.17418451012219646
38.14979577064514,4.072473950541576,1.819000222180657,0.17418451012219646
38.19988942146301,4.086801616231542,1.824651192909586,0.16678659890917666
38.25048351287842,4.086801616231542,1.824651192909586,0.16678659890917666
38.299755334854126,4.100723375692812,1.8227665439957668,0.1494220824730748
38.34986639022827,4.100723375692812,1.8227665439957668,0.1494220824730748
38.39974403381348,4.1095631619034245,1.8230166995914208,0.119775416368041
38.45004987716675,4.1095631619034245,1.8230166995914208,0.119775416368041
38.49969005584717,4.11321351711235,1.8248974797864055,0.084324417190011
38.55030608177185,4.11321351711235,1.8248974797864055,0.084324417190011
38.599926233291626,4.116328975183777,1.821921403310196,0.04442779263415359
38.65027737617493,4.116328975183777,1.821921403310196,0.04442779263415359
38.69974088668823,4.123146962986961,1.8149736167372688,-0.008758185981472835
38.750309467315674,4.123146962986961,1.8149736167372688,-0.008758185981472835
38.79974341392517,4.124623674722985,1.8112371964705978,-0.06783321801911381
38.84990620613098,4.124623674722985,1.8112371964705978,-0.06783321801911381
38.89968800544739,4.127969829367826,1.8029536043700825,-0.13857933593000665
38.94972372055054,4.127969829367826,1.8029536043700825,-0.13857933593000665
38.99979329109192,4.129449879076918,1.7963208541881526,-0.21826125971154595
39.050272703170776,4.129449879076918,1.7963208541881526,-0.21826125971154595
39.09976243972778,4.134545192384389,1.7917045279467765,-0.31122474609852036
39.149797677993774,4.134545192384389,1.7917045279467765,-0.31122474609852036
39.200023889541626,4.133719961585735,1.7847543547727442,-0.41129110920045814
39.24980568885803,4.133719961585735,1.7847543547727442,-0.41129110920045814
39.299877405166626,4.135033185901136,1.7772819335965067,-0.5164046221079288
39.34994077682495,4.135033185901136,1.7772819335965067,-0.5164046221079288
39.40018367767334,4.141227962807333,1.7661279558659584,-0.6315612503704211
39.44996213912964,4.141227962807333,1.7661279558659584,-0.6315612503704211
39.49969244003296,4.132946544463398,1.7585576873578237,-0.7385237706416008
39.54989504814148,4.132946544463398,1.7585576873578237,-0.7385237706416008
39.5998740196228,4.128493877171528,1.751238962045094,-0.8495841661102895
39.649885177612305,4.128493877171528,1.751238962045094,-0.8495841661102895
39.69982671737671,4.126307015833227,1.7397638104422195,-0.9540334967706384
39.74969172477722,4.126307015833227,1.7397638104422195,-0.9540334967706384
39.79965543746948,4.132784781619147,1.7262059343046954,-1.0450214361322006
39.84983849525452,4.132784781619147,1.7262059343046954,-1.0450214361322006
39.89979887008667,4.130161951470697,1.7121028518830819,-1.116922069442572
39.94975209236145,4.130161951470697,1.7121028518830819,-1.116922069442572
39.99984312057495,4.128221471955025,1.6913220656986683,-1.1754684960888475
40.04963731765747,4.128221471955025,1.6913220656986683,-1.1754684960888475
40.09985589981079,4.133237967192622,1.6708432877996342,-1.2310607760535606
40.14993691444397,4.133237967192622,1.6708432877996342,-1.2310607760535606
40.19981932640076,4.137756218403066,1.6548728462692717,-1.2885311553069076
40.25024962425232,4.137756218403066,1.6548728462692717,-1.2885311553069076
40.29999494552612,4.141352235446733,1.6373943171029817,-1.3434802528842615
40.34973740577698,4.141352235446733,1.6373943171029817,-1.3434802528842615
40.400052309036255,4.143860551808823,1.621563708801184,-1.3952315543874247
40.44979286193848,4.143860551808823,1.621563708801184,-1.3952315543874247
40.49989557266235,4.141144618253182,1.6033806886452173,-1.4416137517003884
40.55005884170532,4.141144618253182,1.6033806886452173,-1.4416137517003884
40.59976768493652,4.140663391548302,1.5789117879486576,-1.4875804325596849
40.649935245513916,4.140663391548302,1.5789117879486576,-1.4875804325596849
40.700085163116455,4.141430922387813,1.554361810800791,-1.5312829891111155
40.75020098686218,4.141430922387813,1.554361810800791,-1.5312829891111155
40.79980134963989,4.1412921417379644,1.5280407383378496,-1.5701342514485312
40.84969878196716,4.1412921417379644,1.5280407383378496,-1.5701342514485312
40.89984130859375,4.141855645478742,1.5023313877090345,-1.6079977715778218
40.95014500617981,4.141855645478742,1.5023313877090345,-1.6079977715778218
41.00019812583923,4.137997419757284,1.4722331209199795,-1.6371389087816541
41.0501184463501,4.137997419757284,1.4722331209199795,-1.6371389087816541
41.09976291656494,4.135509158218574,1.444430623513464,-1.6627232313976232
41.150028705596924,4.135509158218574,1.444430623513464,-1.6627232313976232
41.19978857040405,4.131966392313501,1.4137094717686094,-1.684595619350814
41.24990701675415,4.131966392313501,1.4137094717686094,-1.684595619350814
41.30007219314575,4.130777091942964,1.3833995592307171,-1.703549826569061
41.349867820739746,4.130777091942964,1.3833995592307171,-1.703549826569061
41.400418281555176,4.131651998827534,1.352045540071278,-1.7205007717221599
41.449753522872925,4.131651998827534,1.352045540071278,-1.7205007717221599
41.499884605407715,4.1294404467284265,1.320906156969403,-1.7370323608644471
41.550049781799316,4.1294404467284265,1.320906156969403,-1.7370323608644471
41.59996724128723,4.123770223773077,1.2848724180286613,-1.7518791005745473
41.651198625564575,4.123770223773077,1.2848724180286613,-1.7518791005745473
41.69982624053955,4.119874377292541,1.252783279008871,-1.768589659155336
41.749693393707275,4.119874377292541,1.252783279008871,-1.768589659155336
41.799789905548096,4.11206517010402,1.2218653196809113,-1.7804113086125992
41.84969997406006,4.11206517010402,1.2218653196809113,-1.7804113086125992
41.89986491203308,4.101451893036785,1.197621426153399,-1.793146458945785
41.949859857559204,4.101451893036785,1.197621426153399,-1.793146458945785
41.99990367889404,4.096091974737328,1.1664555403476529,-1.8055753689107197
42.04992341995239,4.096091974737328,1.1664555403476529,-1.8055753689107197
42.099544048309326,4.086352386557567,1.1368206617971557,-1.816207856531911
42.1501100063324,4.086352386557567,1.1368206617971557,-1.816207856531911
42.19981622695923,4.076876316929165,1.1062877158705702,-1.8272327418930652
42.24983596801758,4.076876316929165,1.1062877158705702,-1.8272327418930652
42.299840450286865,4.067127735184885,1.0750496381661478,-1.8392854034332096
42.34964060783386,4.067127735184885,1.0750496381661478,-1.8392854034332096
42.399938344955444,4.062850999939459,1.0444333408060613,-1.8495651874479881
42.450377464294434,4.062850999939459,1.0444333408060613,-1.8495651874479881
42.49988865852356,4.058322155480753,1.0133869683636616,-1.860513569411403
42.55016374588013,4.058322155480753,1.0133869683636616,-1.860513569411403
42.59990215301514,4.050491643985778,0.9846253505508676,-1.870776956408921
42.64983034133911,4.050491643985778,0.9846253505508676,-1.870776956408921
42.700403928756714,4.0398347713874765,0.9558404917915193,-1.8823322203085573
42.75123190879822,4.0398347713874765,0.9558404917915193,-1.8823322203085573
42.799641847610474,4.033172186026086,0.9301879657195206,-1.893988231821175
42.84994316101074,4.033172186026086,0.9301879657195206,-1.893988231821175
42.89989757537842,4.022498964683325,0.9027763076455206,-1.9044653990897136
42.950809478759766,4.022498964683325,0.9027763076455206,-1.9044653990897136
43.00001072883606,4.0135546417815595,0.8732989761517945,-1.91386628901559
43.049803256988525,4.0135546417815595,0.8732989761517945,-1.91386628901559
43.09981060028076,4.003283290277459,0.8443938840326397,-1.9230087185996572
43.149731159210205,4.003283290277459,0.8443938840326397,-1.9230087185996572
43.19972538948059,3.993855016528517,0.8134842441093626,-1.9261190932762864
43.2498095035553,3.993855016528517,0.8134842441093626,-1.9261190932762864
43.299588441848755,3.9811207680099185,0.7822461209377657,-1.931099466603968
43.34974932670593,3.9811207680099185,0.7822461209377657,-1.931099466603968
43.39971685409546,3.972957384448775,0.7517278899760133,-1.9329810868773187
43.45020318031311,3.972957384448775,0.7517278899760133,-1.9329810868773187
43.49983596801758,3.9641195108521368,0.7205280892360636,-1.9317246467305285
43.54975962638855,3.9641195108521368,0.7205280892360636,-1.9317246467305285
43.59988617897034,3.9489690075644894,0.6881274656308874,-1.9337835439125204
43.64986228942871,3.9489690075644894,0.6881274656308874,-1.9337835439125204
43.700324058532715,3.9431245907803056,0.6594748081319701,-1.9337230462026542
43.750269412994385,3.9431245907803056,0.6594748081319701,-1.9337230462026542
43.79981279373169,3.9334837619946255,0.6330976080280555,-1.9312321396402268
43.84997367858887,3.9334837619946255,0.6330976080280555,-1.9312321396402268
43.89985275268555,3.926534528299304,0.6023633575341127,-1.930154461340655
43.94973564147949,3.926534528299304,0.6023633575341127,-1.930154461340655
43.99968099594116,3.9154297466219727,0.5746734981558962,-1.9298933294072298
44.05002784729004,3.9154297466219727,0.5746734981558962,-1.9298933294072298
44.099952936172485,3.908291886846036,0.5460611914225341,-1.927455459340842
44.15087842941284,3.908291886846036,0.5460611914225341,-1.927455459340842
44.19987201690674,3.899729650272856,0.5163844005257711,-1.9268625411894145
44.24984669685364,3.899729650272856,0.5163844005257711,-1.9268625411894145
44.29959201812744,3.8914131642573224,0.49032352410944874,-1.9266722983737883
44.349822998046875,3.8914131642573224,0.49032352410944874,-1.9266722983737883
44.39975714683533,3.879847700799581,0.46337314063277657,-1.9257201118780976
44.449870586395264,3.879847700799581,0.46337314063277657,-1.9257201118780976
44.49995136260986,3.8710411884716347,0.43363410468631863,-1.9261167292675123
44.549893379211426,3.8710411884716347,0.43363410468631863,-1.9261167292675123
44.5998055934906,3.86163388555355,0.40306669535975664,-1.9259218686105852
44.649866580963135,3.86163388555355,0.40306669535975664,-1.9259218686105852
44.699930906295776,3.8529385638306577,0.37373019111400435,-1.9251697032870667
44.749850273132324,3.8529385638306577,0.37373019111400435,-1.9251697032870667
44.799887895584106,3.8417665172061746,0.341198093145656,-1.9255266153343786
44.84995794296265,3.8417665172061746,0.341198093145656,-1.9255266153343786
44.89963722229004,3.833444108173974,0.31377268303394,-1.9258800541133134
44.94989800453186,3.833444108173974,0.31377268303394,-1.9258800541133134
45.000483751297,3.823254473642547,0.28029761924311675,-1.9255264795263507
45.05059242248535,3.823254473642547,0.28029761924311675,-1.9255264795263507
45.09971022605896,3.8182700810425096,0.2480060939271302,-1.9267858857509836
45.14996862411499,3.8182700810425096,0.2480060939271302,-1.9267858857509836
45.19987630844116,3.8093936263064734,0.2188422140017635,-1.9279386364377504
45.24993681907654,3.8093936263064734,0.2188422140017635,-1.9279386364377504
45.299925565719604,3.7966003509302046,0.18963234352211567,-1.9294765982187303
45.34987664222717,3.7966003509302046,0.18963234352211567,-1.9294765982187303
45.399980783462524,3.7846110601084284,0.15763540127651982,-1.9292150528124115
45.45636034011841,3.7846110601084284,0.15763540127651982,-1.9292150528124115
45.504185914993286,3.7846110601084284,0.15763540127651982,-1.9292150528124115
45.550447940826416,3.7846110601084284,0.15763540127651982,-1.9292150528124115
45.599581718444824,3.7603006725505805,0.1027213740888906,-1.9313123358395026
45.650166749954224,3.7603006725505805,0.1027213740888906,-1.9313123358395026
45.69987654685974,3.7506012885486646,0.07404142802311531,-1.9318581214441273
45.74993705749512,3.7506012885486646,0.07404142802311531,-1.9318581214441273
45.79986095428467,3.7450924433249417,0.04767437547153718,-1.9328309472238596
45.849798917770386,3.7450924433249417,0.04767437547153718,-1.9328309472238596
45.89991116523743,3.7359018178886645,0.01606506860858447,-1.9325873918113903
45.94993329048157,3.7359018178886645,0.01606506860858447,-1.9325873918113903
46.000951528549194,3.728167682823126,-0.010217449993480295,-1.9335645242870667
46.04989576339722,3.728167682823126,-0.010217449993480295,-1.9335645242870667
46.09975743293762,3.7232261182145825,-0.03945730892775657,-1.9351096028276427
46.14999604225159,3.7232261182145825,-0.03945730892775657,-1.9351096028276427
46.199872732162476,3.7149862827457696,-0.0703006462528516,-1.9371418033037735
46.251349449157715,3.7149862827457696,-0.0703006462528516,-1.9371418033037735
46.300426959991455,3.7041419004134584,-0.0974452230618979,-1.9385039489874347
46.35012483596802,3.7041419004134584,-0.0974452230618979,-1.9385039489874347
46.399564266204834,3.6924333702794483,-0.12173439780090473,-1.9487593611082477
46.44979524612427,3.6924333702794483,-0.12173439780090473,-1.9487593611082477
46.49973511695862,3.6805661430505685,-0.145767907863824,-1.964327884866749
46.54983687400818,3.6805661430505685,-0.145767907863824,-1.964327884866749
46.600037813186646,3.669877711672771,-0.17099112173088687,-1.993129086835372
46.64989423751831,3.669877711672771,-0.17099112173088687,-1.993129086835372
46.70073366165161,3.6580535944034542,-0.1939044069225272,-2.030769253709192
46.74975562095642,3.6580535944034542,-0.1939044069225272,-2.030769253709192
46.800328731536865,3.6451372721233133,-0.21817702549830226,-2.082266596288526
46.84989786148071,3.6451372721233133,-0.21817702549830226,-2.082266596288526
46.8996422290802,3.6302055389941863,-0.23632467039455668,-2.1453311570468205
46.950002670288086,3.6302055389941863,-0.23632467039455668,-2.1453311570468205
47.0044949054718,3.6302055389941863,-0.23632467039455668,-2.1453311570468205
47.053274393081665,3.614256529281959,-0.251301679057628,-2.220498257270396
47.10060405731201,3.5968512660717815,-0.25679690763233176,-2.3024548158410867
47.14977717399597,3.5968512660717815,-0.25679690763233176,-2.3024548158410867
47.19976449012756,3.578586912286437,-0.26707027632874863,-2.3863217228026596
47.24996733665466,3.578586912286437,-0.26707027632874863,-2.3863217228026596
47.29990315437317,3.557926244660009,-0.2780998675644464,-2.472967826795663
47.34998798370361,3.557926244660009,-0.2780998675644464,-2.472967826795663
47.39987134933472,3.5384559573190293,-0.2847284336043657,-2.5568650579115264
47.449973583221436,3.5384559573190293,-0.2847284336043657,-2.5568650579115264
47.49967169761658,3.518861757200045,-0.2941577511560792,-2.637828032553538
47.54999804496765,3.518861757200045,-0.2941577511560792,-2.637828032553538
47.60000205039978,3.4922700115078644,-0.2998886371943757,-2.7155529892151784
47.64992666244507,3.4922700115078644,-0.2998886371943757,-2.7155529892151784
47.70009779930115,3.4736433141995526,-0.304306298377856,-2.7910714363304914
47.74962639808655,3.4736433141995526,-0.304306298377856,-2.7910714363304914
47.79988503456116,3.4555342591023175,-0.3063720055498366,-2.859924390873548
47.85030221939087,3.4555342591023175,-0.3063720055498366,-2.859924390873548
47.89987111091614,3.437059086900333,-0.3070851316492884,-2.9183905991552623
47.949767112731934,3.437059086900333,-0.3070851316492884,-2.9183905991552623
48.00002098083496,3.417460212866893,-0.31115316240226276,-2.9665249845620076
48.05061650276184,3.417460212866893,-0.31115316240226276,-2.9665249845620076
48.09967398643494,3.3939867782981343,-0.313327017548041,-3.0102189256745775
48.14970803260803,3.3939867782981343,-0.313327017548041,-3.0102189256745775
48.19982194900513,3.3720712125148804,-0.3131314145519948,-3.0444663905026026
48.249940395355225,3.3720712125148804,-0.3131314145519948,-3.0444663905026026
48.29965114593506,3.354883204540683,-0.3144024030163361,-3.0734800263759268
48.35003972053528,3.354883204540683,-0.3144024030163361,-3.0734800263759268
48.39967060089111,3.329064323884766,-0.3134113832865804,-3.102756168854164
48.45002460479736,3.329064323884766,-0.3134113832865804,-3.102756168854164
48.49982476234436,3.3035661097329614,-0.31627431236727105,-3.128766543163756
48.549843072891235,3.3035661097329614,-0.31627431236727105,-3.128766543163756
48.59977412223816,3.274953680658026,-0.315424002009952,3.1292372371556234
48.649813413619995,3.274953680658026,-0.315424002009952,3.1292372371556234
48.69984817504883,3.2403934944136585,-0.3149118891085052,3.1064627545145074
48.7499041557312,3.2403934944136585,-0.3149118891085052,3.1064627545145074
48.799726486206055,3.2138682911307503,-0.31481963456526846,3.087255528290448
48.84989047050476,3.2138682911307503,-0.31481963456526846,3.087255528290448
48.90338373184204,3.1829858249114515,-0.31421906725226995,3.067553925164977
48.9541654586792,3.1829858249114515,-0.31421906725226995,3.067553925164977
48.999913692474365,3.152151198251718,-0.31147717725233626,3.051740480747053
49.05002021789551,3.152151198251718,-0.31147717725233626,3.051740480747053
49.0999960899353,3.1238550703103227,-0.30442088238072235,3.035226860185172
49.149784088134766,3.1238550703103227,-0.30442088238072235,3.035226860185172
49.200026512145996,3.091045048997822,-0.30314727590687846,3.0211943433099555
49.25003623962402,3.091045048997822,-0.30314727590687846,3.0211943433099555
49.29972839355469,3.0572549416189014,-0.3000674950272931,3.0070493174999156
49.34980249404907,3.0572549416189014,-0.3000674950272931,3.0070493174999156
49.39963960647583,3.0296404122803438,-0.2966497591009693,2.997006713566102
49.449830293655396,3.0296404122803438,-0.2966497591009693,2.997006713566102
49.49981212615967,2.998157134903952,-0.2927698115597643,2.9836689344042138
49.550567626953125,2.998157134903952,-0.2927698115597643,2.9836689344042138
49.599878549575806,2.962743702268834,-0.2912364373114432,2.974007430869138
49.64981698989868,2.962743702268834,-0.2912364373114432,2.974007430869138
49.69984436035156,2.9320427336560275,-0.28233165062926957,2.9621164930171435
49.749876976013184,2.9320427336560275,-0.28233165062926957,2.9621164930171435
49.799753189086914,2.902058136641667,-0.27937267874968563,2.953245879623733
49.850849628448486,2.902058136641667,-0.27937267874968563,2.953245879623733
49.89961552619934,2.8705556382621937,-0.27307536855907805,2.9422188899153756
49.949522495269775,2.8705556382621937,-0.27307536855907805,2.9422188899153756
49.99974298477173,2.841870738892567,-0.2701541222126951,2.9337725643743524
50.049999952316284,2.841870738892567,-0.2701541222126951,2.9337725643743524
50.09986066818237,2.8134402615012943,-0.26663708884782705,2.9218565178660656
50.15003037452698,2.8134402615012943,-0.26663708884782705,2.9218565178660656
50.19976258277893,2.7858658618837886,-0.2606357048605584,2.911876120085796
50.24999976158142,2.7858658618837886,-0.2606357048605584,2.911876120085796
50.299731492996216,2.7648016362063164,-0.2538138133084362,2.9024637095850054
50.3499813079834,2.7648016362063164,-0.2538138133084362,2.9024637095850054
50.39994215965271,2.736816555857448,-0.24676115322275413,2.892620686971038
50.44973587989807,2.736816555857448,-0.24676115322275413,2.892620686971038
50.50104331970215,2.710613817323864,-0.23986541294705746,2.8827380073784328
50.54989504814148,2.710613817323864,-0.23986541294705746,2.8827380073784328
50.599730253219604,2.676502550586327,-0.23243391034480984,2.870589000227895
50.6500027179718,2.676502550586327,-0.23243391034480984,2.870589000227895
50.699910402297974,2.6460737024062793,-0.22546702828706316,2.8609836545859064
50.74999189376831,2.6460737024062793,-0.22546702828706316,2.8609836545859064
50.79959487915039,2.6121062056637996,-0.2195210670696476,2.850984253628733
50.84979248046875,2.6121062056637996,-0.2195210670696476,2.850984253628733
50.89998984336853,2.5831153635322535,-0.20969825408450937,2.839810038354213
50.949946880340576,2.5831153635322535,-0.20969825408450937,2.839810038354213
50.999845027923584,2.549650509251891,-0.20090574699217686,2.8297199779406026
51.04996585845947,2.549650509251891,-0.20090574699217686,2.8297199779406026
51.09974789619446,2.516808152329032,-0.19484304941855368,2.8209008130854993
51.15011644363403,2.516808152329032,-0.19484304941855368,2.8209008130854993
51.199958086013794,2.4918409518711684,-0.18376212580512993,2.809436932254063
51.24986910820007,2.4918409518711684,-0.18376212580512993,2.809436932254063
51.29997444152832,2.4610675813851923,-0.1773349870870966,2.801630957365195
51.349669456481934,2.4610675813851923,-0.1773349870870966,2.801630957365195
51.399880170822144,2.431981914899308,-0.16807318059480034,2.793098574266432
51.449743032455444,2.431981914899308,-0.16807318059480034,2.793098574266432
51.50013828277588,2.4049349014731876,-0.1617641503296844,2.7866057197273544
51.55001735687256,2.4049349014731876,-0.1617641503296844,2.7866057197273544
51.599846601486206,2.376734438450079,-0.1511251898292728,2.7816014556545
51.64991331100464,2.376734438450079,-0.1511251898292728,2.7816014556545
51.699857234954834,2.350314971744405,-0.14290807849601414,2.7797830739292646
51.749995946884155,2.350314971744405,-0.14290807849601414,2.7797830739292646
51.79982900619507,2.3219064958045808,-0.13272341362065954,2.7796204088938583
51.84984588623047,2.3219064958045808,-0.13272341362065954,2.7796204088938583
51.899707555770874,2.2955598045362615,-0.12267881635400604,2.780537614842205
51.9501314163208,2.2955598045362615,-0.12267881635400604,2.780537614842205
52.001123666763306,2.270952024079712,-0.11092069436588389,2.779046336510124
52.05005216598511,2.270952024079712,-0.11092069436588389,2.779046336510124
52.09984755516052,2.2404758376002523,-0.1036467408792614,2.7810841359098992
52.14980101585388,2.2404758376002523,-0.1036467408792614,2.7810841359098992
52.199991941452026,2.2109775236380242,-0.09187934394271305,2.7814481721832482
52.24997854232788,2.2109775236380242,-0.09187934394271305,2.7814481721832482
52.29969310760498,2.1821959242553772,-0.08161879449305584,2.781202851738106
52.34996199607849,2.1821959242553772,-0.08161879449305584,2.781202851738106
52.399953842163086,2.150635389258996,-0.07162361847319312,2.7784084293004865
52.4499032497406,2.150635389258996,-0.07162361847319312,2.7784084293004865
52.500056743621826,2.1208500846681924,-0.06413837933395511,2.778938592209253
52.5499324798584,2.1208500846681924,-0.06413837933395511,2.778938592209253
52.59988474845886,2.0932131761223056,-0.0590393698678467,2.7781791306987618
52.64981389045715,2.0932131761223056,-0.0590393698678467,2.7781791306987618
52.7044837474823,2.0672265747062717,-0.05021579878391078,2.7763639103559647
52.75332307815552,2.0672265747062717,-0.05021579878391078,2.7763639103559647
52.80051064491272,2.0672265747062717,-0.05021579878391078,2.7763639103559647
52.85004138946533,2.0381656598625764,-0.03768358640637657,2.7762388410306795
52.899834871292114,2.015592418452478,-0.029552564020495588,2.7808946998508994
52.95011329650879,2.015592418452478,-0.029552564020495588,2.7808946998508994
52.999794006347656,1.9973393979219811,-0.02360043474616775,2.7950483923416347
53.04970932006836,1.9973393979219811,-0.02360043474616775,2.7950483923416347
53.09970998764038,1.9830298402954265,-0.02325420273671245,2.8189485117842987
53.149717569351196,1.9830298402954265,-0.02325420273671245,2.8189485117842987
53.200016260147095,1.9724758350243323,-0.022644652833972025,2.838009460953496
53.249804735183716,1.9724758350243323,-0.022644652833972025,2.838009460953496
53.29978919029236,1.9654355816007996,-0.022980821442316314,2.847973255779784
53.34983515739441,1.9654355816007996,-0.022980821442316314,2.847973255779784
53.399779319763184,1.9618667412458535,-0.02406232533839229,2.8526452075336293
53.449786901474,1.9618667412458535,-0.02406232533839229,2.8526452075336293
53.50095868110657,1.961931509073567,-0.023285725749922027,2.8552700090037835
53.54969620704651,1.961931509073567,-0.023285725749922027,2.8552700090037835
53.599820613861084,1.966907272207423,-0.021989024085604943,2.85604805190039
53.649917125701904,1.966907272207423,-0.021989024085604943,2.85604805190039
53.69985222816467,1.9635504806203306,-0.02079602316217905,2.8581216726078815
53.75059914588928,1.9635504806203306,-0.02079602316217905,2.8581216726078815
53.79975748062134,1.9638256580010431,-0.022484368613787727,2.8674232296262923
53.84981346130371,1.9638256580010431,-0.022484368613787727,2.8674232296262923
53.89960217475891,1.9637547593988607,-0.023412862731658136,2.882586802657959
53.94970750808716,1.9637547593988607,-0.023412862731658136,2.882586802657959
53.99976134300232,1.9667542559035305,-0.02395337305603474,2.9046667265900328
54.050071001052856,1.9667542559035305,-0.02395337305603474,2.9046667265900328
54.10120439529419,1.9650958219610473,-0.026677534086275302,2.934686309633961
54.14991593360901,1.9650958219610473,-0.026677534086275302,2.934686309633961
54.19979286193848,1.9633032652402889,-0.02935414585296047,2.9710091004911927
54.24976396560669,1.9633032652402889,-0.02935414585296047,2.9710091004911927
54.30053925514221,1.9659180378292695,-0.03344516719382482,3.0150181246926753
54.34992527961731,1.9659180378292695,-0.03344516719382482,3.0150181246926753
54.39993953704834,1.9668168904661407,-0.038219936654741875,3.066779289993827
54.450071573257446,1.9668168904661407,-0.038219936654741875,3.066779289993827
54.499690532684326,1.968020640657089,-0.04180589069388674,3.125300611554327
54.55169987678528,1.968020640657089,-0.04180589069388674,3.125300611554327
54.599857568740845,1.959652141323051,-0.04675146477708571,-3.0912254213407424
54.649927854537964,1.959652141323051,-0.04675146477708571,-3.0912254213407424
54.69962167739868,1.956994491717565,-0.05255787449562011,-3.018675256832764
54.74968910217285,1.956994491717565,-0.05255787449562011,-3.018675256832764
54.79982852935791,1.954163896719385,-0.061302343086192194,-2.9415525016621435
54.84982991218567,1.954163896719385,-0.061302343086192194,-2.9415525016621435
54.899755239486694,1.9504010090372297,-0.06862182176030215,-2.860508789460233
54.949995279312134,1.9504010090372297,-0.06862182176030215,-2.860508789460233
54.999741077423096,1.9513082834282842,-0.07957016949835213,-2.772469185603157
55.04990267753601,1.9513082834282842,-0.07957016949835213,-2.772469185603157
55.099852561950684,1.9537148440948264,-0.08794650997966244,-2.6802822892392038
55.149752140045166,1.9537148440948264,-0.08794650997966244,-2.6802822892392038
55.19989252090454,1.9539289723163906,-0.09713751275137755,-2.5812122389257843
55.25121331214905,1.9539289723163906,-0.09713751275137755,-2.5812122389257843
55.29982256889343,1.949653419483518,-0.10979745561336954,-2.478750311178915
55.35094881057739,1.949653419483518,-0.10979745561336954,-2.478750311178915
55.39968132972717,1.946193137392634,-0.1228894718928421,-2.3776116044895734
55.44971179962158,1.946193137392634,-0.1228894718928421,-2.3776116044895734
55.499757289886475,1.9454603492544005,-0.13803729667086362,-2.2814488012408387
55.55078935623169,1.9454603492544005,-0.13803729667086362,-2.2814488012408387
55.599905252456665,1.943631996302576,-0.15885880965983917,-2.1926075844482353
55.64987349510193,1.943631996302576,-0.15885880965983917,-2.1926075844482353
55.69981646537781,1.939112569942403,-0.17388457954333475,-2.1171789612841265
55.749759674072266,1.939112569942403,-0.17388457954333475,-2.1171789612841265
55.79973864555359,1.9357765334264794,-0.19329910850455395,-2.0534920687561677
55.85000491142273,1.9357765334264794,-0.19329910850455395,-2.0534920687561677
55.89986228942871,1.9312197492842917,-0.21324406968118226,-1.9993294134998358
55.94984531402588,1.9312197492842917,-0.21324406968118226,-1.9993294134998358
55.99972677230835,1.929346054903754,-0.2302232830776289,-1.9572082506056516
56.04992747306824,1.929346054903754,-0.2302232830776289,-1.9572082506056516
56.09986209869385,1.9237194782247518,-0.2518730386170823,-1.921556190586855
56.149916887283325,1.9237194782247518,-0.2518730386170823,-1.921556190586855
56.19981598854065,1.921312206135594,-0.2761768654434267,-1.8938001773508666
56.24963355064392,1.921312206135594,-0.2761768654434267,-1.8938001773508666
56.299824953079224,1.9144607965956555,-0.2991977373596446,-1.868634691165977
56.349989891052246,1.9144607965956555,-0.2991977373596446,-1.868634691165977
56.39984917640686,1.9078055658524258,-0.32369729294949806,-1.8493132845707163
56.44980978965759,1.9078055658524258,-0.32369729294949806,-1.8493132845707163
56.49963641166687,1.9028632781515793,-0.3478651156131212,-1.8302085426574575
56.54987025260925,1.9028632781515793,-0.3478651156131212,-1.8302085426574575
56.599735736846924,1.9006877932530604,-0.37517391035841086,-1.8125826805402698
56.649972915649414,1.9006877932530604,-0.37517391035841086,-1.8125826805402698
56.69974875450134,1.8964203411075047,-0.40216244836347564,-1.7924345884807495
56.74999499320984,1.8964203411075047,-0.40216244836347564,-1.7924345884807495
56.79992055892944,1.8932640865793446,-0.4331295620391643,-1.7746478504782366
56.84961652755737,1.8932640865793446,-0.4331295620391643,-1.7746478504782366
56.899837255477905,1.8867824308269292,-0.46405804369758413,-1.7590326565739232
56.94990921020508,1.8867824308269292,-0.46405804369758413,-1.7590326565739232
57.00026607513428,1.8852318162157118,-0.49274196335806736,-1.7444499702450607
57.04969048500061,1.8852318162157118,-0.49274196335806736,-1.7444499702450607
57.09964632987976,1.879416708688231,-0.5204754568255345,-1.7300287511909005
57.149887800216675,1.879416708688231,-0.5204754568255345,-1.7300287511909005
57.19970893859863,1.879530142295008,-0.5465383545346708,-1.717571056030266
57.24981665611267,1.879530142295008,-0.5465383545346708,-1.717571056030266
57.29986310005188,1.8748064820222232,-0.5785646590302533,-1.7040192258488618
57.349751710891724,1.8748064820222232,-0.5785646590302533,-1.7040192258488618
57.39970111846924,1.8730740633399263,-0.6078530264914163,-1.692372464779152
57.44970679283142,1.8730740633399263,-0.6078530264914163,-1.692372464779152
57.49978947639465,1.873961358168459,-0.638296452723014,-1.679057092955632
57.54995369911194,1.873961358168459,-0.638296452723014,-1.679057092955632
57.59983825683594,1.8726662236371399,-0.672588290759866,-1.6652412991685417
57.650097131729126,1.8726662236371399,-0.672588290759866,-1.6652412991685417
57.69976854324341,1.8724362337723142,-0.7029839591148916,-1.652547489977899
57.750550985336304,1.8724362337723142,-0.7029839591148916,-1.652547489977899
57.8000864982605,1.8732452184455013,-0.7335435263193112,-1.6407318089509817
57.85024404525757,1.8732452184455013,-0.7335435263193112,-1.6407318089509817
57.89988303184509,1.8704543240960854,-0.763195535462244,-1.628418608833427
57.94995331764221,1.8704543240960854,-0.763195535462244,-1.628418608833427
57.99972486495972,1.8714378361063815,-0.7960195566161429,-1.6178061607655656
58.05010390281677,1.8714378361063815,-0.7960195566161429,-1.6178061607655656
58.09994602203369,1.8708873852167394,-0.8285467288050766,-1.6101916515033436
58.14998984336853,1.8708873852167394,-0.8285467288050766,-1.6101916515033436
58.19981265068054,1.8756747453701237,-0.8604625377820667,-1.6027495579510214
58.2499737739563,1.8756747453701237,-0.8604625377820667,-1.6027495579510214
58.29981303215027,1.8767613271114418,-0.8926375567315125,-1.5996763575243926
58.349812269210815,1.8767613271114418,-0.8926375567315125,-1.5996763575243926
58.39986252784729,1.8755618611939735,-0.9249557187541859,-1.596339083593236
58.449920654296875,1.8755618611939735,-0.9249557187541859,-1.596339083593236
58.499539613723755,1.8772259587591076,-0.9529496585210168,-1.5951205221244797
58.54986834526062,1.8772259587591076,-0.9529496585210168,-1.5951205221244797
58.59994602203369,1.8796754913566212,-0.9828850917341715,-1.593175430485086
58.65014362335205,1.8796754913566212,-0.9828850917341715,-1.593175430485086
58.699846029281616,1.883034347499622,-1.0121004315209223,-1.5942229899039477
58.74986386299133,1.883034347499622,-1.0121004315209223,-1.5942229899039477
58.799710273742676,1.8808992787545915,-1.0417633375476691,-1.5942139187726403
58.85043144226074,1.8808992787545915,-1.0417633375476691,-1.5942139187726403
58.8997642993927,1.8865716975785485,-1.0708537209099098,-1.5927884551887506
58.95044946670532,1.8865716975785485,-1.0708537209099098,-1.5927884551887506
58.99991488456726,1.8843189459126728,-1.1028545531952227,-1.5929012096723945
59.05000615119934,1.8843189459126728,-1.1028545531952227,-1.5929012096723945
59.099541664123535,1.884836798359897,-1.1333519737505675,-1.5913632864948777
59.150022745132446,1.884836798359897,-1.1333519737505675,-1.5913632864948777
59.19984269142151,1.886374448565206,-1.164821130957004,-1.5893257585465241
59.24985122680664,1.886374448565206,-1.164821130957004,-1.5893257585465241
59.299851417541504,1.888449169733642,-1.1950509375948375,-1.5884256795902834
59.349895000457764,1.888449169733642,-1.1950509375948375,-1.5884256795902834
59.399590492248535,1.8893046661335726,-1.225818743788461,-1.5870105591885708
59.44986820220947,1.8893046661335726,-1.225818743788461,-1.5870105591885708
59.499687910079956,1.886129794853541,-1.2575698335564789,-1.5842457839051776
59.54987668991089,1.886129794853541,-1.2575698335564789,-1.5842457839051776
59.599853515625,1.8874510239948086,-1.2881795990667775,-1.584025191042772
59.649911880493164,1.8874510239948086,-1.2881795990667775,-1.584025191042772
59.699601888656616,1.8878224387034133,-1.3175691694516058,-1.582210217089011
59.75010275840759,1.8878224387034133,-1.3175691694516058,-1.582210217089011
59.79983139038086,1.8889218683554378,-1.3456712806811424,-1.5809083071578949
59.84969878196716,1.8889218683554378,-1.3456712806811424,-1.5809083071578949
59.899919271469116,1.8911380225286798,-1.3734228489617049,-1.5803343107024914
59.95086717605591,1.8911380225286798,-1.3734228489617049,-1.5803343107024914
59.99967074394226,1.8929622093576517,-1.4049170104820097,-1.5783725295651085
60.05003380775452,1.8929622093576517,-1.4049170104820097,-1.5783725295651085
60.09994029998779,1.8927665405929874,-1.4357318069249374,-1.5774667457393061
60.15057873725891,1.8927665405929874,-1.4357318069249374,-1.5774667457393061
60.20001554489136,1.895438545593452,-1.4685325264086702,-1.5767688338670283
60.24971389770508,1.895438545593452,-1.4685325264086702,-1.5767688338670283
60.29983353614807,1.9016640894951566,-1.4981285751674003,-1.5768758172780886
60.349857330322266,1.9016640894951566,-1.4981285751674003,-1.5768758172780886
60.3998384475708,1.9034455488196789,-1.5257534052510442,-1.5757984608670907
60.453922271728516,1.9034455488196789,-1.5257534052510442,-1.5757984608670907
60.50478959083557,1.9034455488196789,-1.5257534052510442,-1.5757984608670907
60.55167746543884,1.9045305285433505,-1.5564439379420896,-1.5752300546929117
60.59986329078674,1.9019314558735576,-1.5866905090074228,-1.5777400477363968
60.64995813369751,1.9019314558735576,-1.5866905090074228,-1.5777400477363968
60.69988942146301,1.901613333500005,-1.6163273496555077,-1.578966770547044
60.74971318244934,1.901613333500005,-1.6163273496555077,-1.578966770547044
60.7998583316803,1.9015070736484814,-1.6462567277693647,-1.5810969815035907
60.85037398338318,1.9015070736484814,-1.6462567277693647,-1.5810969815035907
60.89984965324402,1.8997933708540866,-1.6779422696571844,-1.583240500388622
60.95003271102905,1.8997933708540866,-1.6779422696571844,-1.583240500388622
60.999828577041626,1.9006542809811877,-1.708183974070073,-1.5845688363892927
61.04997253417969,1.9006542809811877,-1.708183974070073,-1.5845688363892927
61.099822759628296,1.9000312508968735,-1.7344108314493802,-1.5844948213805976
61.14987277984619,1.9000312508968735,-1.7344108314493802,-1.5844948213805976
61.19980978965759,1.9007159639089493,-1.7629903418532182,-1.5853066191611624
61.249959230422974,1.9007159639089493,-1.7629903418532182,-1.5853066191611624
61.29962658882141,1.9019262465114048,-1.7943186647422722,-1.5848489666912418
61.349942445755005,1.9019262465114048,-1.7943186647422722,-1.5848489666912418
61.399882793426514,1.9041190392080696,-1.8240868252885951,-1.5861442128901313
61.44992542266846,1.9041190392080696,-1.8240868252885951,-1.5861442128901313
61.50000238418579,1.9052522819555724,-1.8543178054351614,-1.5844753390702342
61.5498948097229,1.9052522819555724,-1.8543178054351614,-1.5844753390702342
61.59987783432007,1.9075223779448727,-1.881440095936426,-1.5851597486910196
61.64975929260254,1.9075223779448727,-1.881440095936426,-1.5851597486910196
61.699867486953735,1.9057702277071693,-1.912021975108842,-1.5850818261759159
61.74998497962952,1.9057702277071693,-1.912021975108842,-1.5850818261759159
61.8009717464447,1.9076981808832711,-1.942052426559967,-1.5837400595387705
61.85028862953186,1.9076981808832711,-1.942052426559967,-1.5837400595387705
61.899847984313965,1.9107945632575591,-1.9728662752000425,-1.5821047095893745
61.95002055168152,1.9107945632575591,-1.9728662752000425,-1.5821047095893745
61.99964189529419,1.9152910801445973,-2.0046662438092318,-1.5825329995416495
62.050153970718384,1.9152910801445973,-2.0046662438092318,-1.5825329995416495
62.10001277923584,1.9162825738258713,-2.03660425207945,-1.5807944248566606
62.1498327255249,1.9162825738258713,-2.03660425207945,-1.5807944248566606
62.199756383895874,1.9180722351637944,-2.0633032814311134,-1.580085434249828
62.24997520446777,1.9180722351637944,-2.0633032814311134,-1.580085434249828
62.29961562156677,1.9205596755038397,-2.095290267219952,-1.5793670705252862
62.35003685951233,1.9205596755038397,-2.095290267219952,-1.5793670705252862
62.39987301826477,1.9204514155066,-2.1250487805364466,-1.5766733380641396
62.44976043701172,1.9204514155066,-2.1250487805364466,-1.5766733380641396
62.501081228256226,1.919621633041044,-2.1555674055341725,-1.5765886110450988
62.5498321056366,1.919621633041044,-2.1555674055341725,-1.5765886110450988
62.59959650039673,1.9223383997813557,-2.187816179851358,-1.5747377694566749
62.64976358413696,1.9223383997813557,-2.187816179851358,-1.5747377694566749
62.699832916259766,1.9265668728282856,-2.216485780276057,-1.5716343620418984
62.749815702438354,1.9265668728282856,-2.216485780276057,-1.5716343620418984
62.799800872802734,1.9257095579030776,-2.2520724751357766,-1.5707417189773474
62.849879026412964,1.9257095579030776,-2.2520724751357766,-1.5707417189773474
62.8996787071228,1.9294315495074132,-2.2800186108708975,-1.568904055281509
62.949803829193115,1.9294315495074132,-2.2800186108708975,-1.568904055281509
63.00026082992554,1.9304618162372418,-2.3092674120742647,-1.5664352805976198
63.04979610443115,1.9304618162372418,-2.3092674120742647,-1.5664352805976198
63.10004448890686,1.9294665271706204,-2.3398989282925626,-1.564411939379415
63.149930000305176,1.9294665271706204,-2.3398989282925626,-1.564411939379415
63.199639081954956,1.9308368412628247,-2.3698471629289637,-1.5616504564058749
63.24986720085144,1.9308368412628247,-2.3698471629289637,-1.5616504564058749
63.2997670173645,1.9303637762833106,-2.3996805598339828,-1.5595868112291367
63.3498969078064,1.9303637762833106,-2.3996805598339828,-1.5595868112291367
63.40011477470398,1.9341456481857142,-2.4280558628483564,-1.5554673823572553
63.449995279312134,1.9341456481857142,-2.4280558628483564,-1.5554673823572553
63.49975109100342,1.935084033042539,-2.4556457020521183,-1.5542590410534862
63.55092406272888,1.935084033042539,-2.4556457020521183,-1.5542590410534862
63.59975004196167,1.9383907529866773,-2.48731647545208,-1.5501488429256154
63.650272846221924,1.9383907529866773,-2.48731647545208,-1.5501488429256154
63.699925661087036,1.9437808174731692,-2.5173524631006376,-1.5457001551313407
63.74996757507324,1.9437808174731692,-2.5173524631006376,-1.5457001551313407
63.79985761642456,1.9450482356030612,-2.5463067769877203,-1.5399280722092226
63.849857568740845,1.9450482356030612,-2.5463067769877203,-1.5399280722092226
63.899888038635254,1.9449987038729175,-2.57657985722481,-1.5357908163742853
63.953410387039185,1.9449987038729175,-2.57657985722481,-1.5357908163742853
64.0033769607544,1.9449987038729175,-2.57657985722481,-1.5357908163742853
64.05120372772217,1.9495893201889969,-2.6084038500047604,-1.5287619603915379
64.09978294372559,1.953567317188692,-2.6408379076405306,-1.5218866615497084
64.15029072761536,1.953567317188692,-2.6408379076405306,-1.5218866615497084
64.19965696334839,1.954652089366183,-2.6729878819957613,-1.5181130230362536
64.24996328353882,1.954652089366183,-2.6729878819957613,-1.5181130230362536
64.29957270622253,1.9577770989431997,-2.697723558342981,-1.5174222650698064
64.35319113731384,1.9577770989431997,-2.697723558342981,-1.5174222650698064
64.39980816841125,1.9575230884294725,-2.7181995606040963,-1.5197151699571128
64.44977593421936,1.9575230884294725,-2.7181995606040963,-1.5197151699571128
64.49964690208435,1.9586725738410127,-2.7332687310090624,-1.53135924147941
64.55015969276428,1.9586725738410127,-2.7332687310090624,-1.53135924147941
64.59976243972778,1.9586088673806883,-2.743688766538331,-1.551979511095663
64.65063786506653,1.9586088673806883,-2.743688766538331,-1.551979511095663
64.70026469230652,1.9602113659428329,-2.749791474442138,-1.5851278960943986
64.74994373321533,1.9602113659428329,-2.749791474442138,-1.5851278960943986
64.79962038993835,1.9564965852901983,-2.7551646685779705,-1.6175027464294924
64.84980249404907,1.9564965852901983,-2.7551646685779705,-1.6175027464294924
64.89994978904724,1.9501240916443672,-2.7632070248708125,-1.659979149611338
64.94970774650574,1.9501240916443672,-2.7632070248708125,-1.659979149611338
64.9997935295105,1.9488379127854107,-2.7651956929851913,-1.7110770230305212
65.04997944831848,1.9488379127854107,-2.7651956929851913,-1.7110770230305212
65.09975361824036,1.9439082523616158,-2.7680727463789063,-1.774567065377112
65.14984846115112,1.9439082523616158,-2.7680727463789063,-1.774567065377112
65.19973826408386,1.9370204833572482,-2.7729723429339455,-1.8459153778030317
65.249915599823,1.9370204833572482,-2.7729723429339455,-1.8459153778030317
65.29988884925842,1.9268038122910947,-2.772145174442456,-1.929242772493457
65.34986472129822,1.9268038122910947,-2.772145174442456,-1.929242772493457
65.399742603302,1.9215569706176499,-2.773944032932509,-2.022301813520445
65.4497275352478,1.9215569706176499,-2.773944032932509,-2.022301813520445
65.49968075752258,1.9111680318403306,-2.7771198526638976,-2.124426322991921
65.5506694316864,1.9111680318403306,-2.7771198526638976,-2.124426322991921
65.59992408752441,1.9006325156756592,-2.7763124906739174,-2.2347618935250906
65.64996099472046,1.9006325156756592,-2.7763124906739174,-2.2347618935250906
65.69982409477234,1.8849173570091005,-2.7825210461541667,-2.3456397697360267
65.74987697601318,1.8849173570091005,-2.7825210461541667,-2.3456397697360267
65.79962706565857,1.8739944462563403,-2.785115679101924,-2.453469960309605
65.84985733032227,1.8739944462563403,-2.785115679101924,-2.453469960309605
65.89991044998169,1.8594663918019376,-2.7868418430990345,-2.555968700003081
65.94982314109802,1.8594663918019376,-2.7868418430990345,-2.555968700003081
66.0074315071106,1.8594663918019376,-2.7868418430990345,-2.555968700003081
66.05360507965088,1.8432504602293915,-2.784837899023962,-2.6515231144560936
66.09996962547302,1.8268390140439352,-2.7867904163678268,-2.7328305689302814
66.14991855621338,1.8268390140439352,-2.7867904163678268,-2.7328305689302814
66.19976091384888,1.8072851123473572,-2.786755471478799,-2.806388586864329
66.24994611740112,1.8072851123473572,-2.786755471478799,-2.806388586864329
66.29990649223328,1.7854761983122598,-2.7896668490417613,-2.8717125048398
66.3498969078064,1.7854761983122598,-2.7896668490417613,-2.8717125048398
66.39965319633484,1.7650248427053106,-2.78887904807643,-2.925853396118464
66.449871301651,1.7650248427053106,-2.78887904807643,-2.925853396118464
66.4997410774231,1.7399095453939613,-2.789159583448334,-2.9719245020120377
66.54995560646057,1.7399095453939613,-2.789159583448334,-2.9719245020120377
66.59999656677246,1.7193560402874806,-2.788262067370186,-3.011321973153681
66.64970064163208,1.7193560402874806,-2.788262067370186,-3.011321973153681
66.69988250732422,1.695951187593159,-2.7868296004179887,-3.0460359738121405
66.74982905387878,1.695951187593159,-2.7868296004179887,-3.0460359738121405
66.79960250854492,1.6749738159180934,-2.785947169640357,-3.080390350056472
66.8500702381134,1.6749738159180934,-2.785947169640357,-3.080390350056472
66.89964270591736,1.6485961211358349,-2.7876884776125532,-3.108943395091684
66.95005750656128,1.6485961211358349,-2.7876884776125532,-3.108943395091684
66.99984741210938,1.6240216999784198,-2.7881905137771343,-3.135003582324453
67.04959416389465,1.6240216999784198,-2.7881905137771343,-3.135003582324453
67.09973216056824,1.5963982256313736,-2.7898012259976026,3.12089598342607
67.1500654220581,1.5963982256313736,-2.7898012259976026,3.12089598342607
67.19980382919312,1.5684580555968093,-2.791688960454471,3.0949203498979068
67.24982833862305,1.5684580555968093,-2.791688960454471,3.0949203498979068
67.29976320266724,1.5412790173543998,-2.790602513702054,3.0714681036248477
67.35015201568604,1.5412790173543998,-2.790602513702054,3.0714681036248477
67.39961767196655,1.5116889304224166,-2.7897475129576765,3.0520442504463317
67.45021224021912,1.5116889304224166,-2.7897475129576765,3.0520442504463317
67.49973940849304,1.4783605941922116,-2.78760592776818,3.032899325810405
67.55017280578613,1.4783605941922116,-2.78760592776818,3.032899325810405
67.59999918937683,1.4501462842263235,-2.7871980639089644,3.018520743148996
67.64988255500793,1.4501462842263235,-2.7871980639089644,3.018520743148996
67.69975638389587,1.4209025645167042,-2.7841234568388193,3.0036331245449586
67.7499623298645,1.4209025645167042,-2.7841234568388193,3.0036331245449586
67.79964780807495,1.3925141576089552,-2.77940764365904,2.9914952595330653
67.84982776641846,1.3925141576089552,-2.77940764365904,2.9914952595330653
67.89982199668884,1.3659901197003714,-2.7723637578296922,2.9805278175926193
67.94974422454834,1.3659901197003714,-2.7723637578296922,2.9805278175926193
67.99982380867004,1.3329283508619494,-2.7667595000498797,2.967918373205422
68.04983019828796,1.3329283508619494,-2.7667595000498797,2.967918373205422
68.09966778755188,1.29825019708886,-2.762077736189218,2.9571719335262023
68.1501293182373,1.29825019708886,-2.762077736189218,2.9571719335262023
68.19979453086853,1.2645987684079742,-2.7573796804145805,2.945746067033086
68.25008416175842,1.2645987684079742,-2.7573796804145805,2.945746067033086
68.30075359344482,1.2311404911970418,-2.752640101133661,2.934704328520291
68.34989070892334,1.2311404911970418,-2.752640101133661,2.934704328520291
68.40029978752136,1.1947409849010857,-2.7475875102765186,2.923958604596101
68.4498610496521,1.1947409849010857,-2.7475875102765186,2.923958604596101
68.49979496002197,1.1677057784157365,-2.744134382889221,2.9119746544448843
68.54989719390869,1.1677057784157365,-2.744134382889221,2.9119746544448843
68.59977984428406,1.141584640113669,-2.73456923382543,2.9013583051833938
68.64997267723083,1.141584640113669,-2.73456923382543,2.9013583051833938
68.69992685317993,1.1162323474182843,-2.731399309728453,2.891486352823473
68.75009846687317,1.1162323474182843,-2.731399309728453,2.891486352823473
68.79974961280823,1.089788540363181,-2.7251146141370213,2.8811219331917246
68.84996271133423,1.089788540363181,-2.7251146141370213,2.8811219331917246
68.90008425712585,1.060176696296663,-2.7184232176605985,2.8700593301433366
68.94997525215149,1.060176696296663,-2.7184232176605985,2.8700593301433366
68.99989104270935,1.0323327833865992,-2.7100543196765394,2.8613540945897507
69.04992985725403,1.0323327833865992,-2.7100543196765394,2.8613540945897507
69.09975361824036,1.0032154699892724,-2.701698014204971,2.8545172083931725
69.1498510837555,1.0032154699892724,-2.701698014204971,2.8545172083931725
69.19971823692322,0.9722415904280521,-2.6949331437020794,2.845967162714648
69.24971032142639,0.9722415904280521,-2.6949331437020794,2.845967162714648
69.30002427101135,0.9419355281013198,-2.6859430323465867,2.842943004487011
69.3499264717102,0.9419355281013198,-2.6859430323465867,2.842943004487011
69.40004587173462,0.911913197789574,-2.678456261036006,2.8427523646950212
69.45023584365845,0.911913197789574,-2.678456261036006,2.8427523646950212
69.49985074996948,0.8833219247414841,-2.6720898466323977,2.844325768474214
69.55004000663757,0.8833219247414841,-2.6720898466323977,2.844325768474214
69.59989285469055,0.8518627353417694,-2.6640008778281894,2.845927603011009
69.65010166168213,0.8518627353417694,-2.6640008778281894,2.845927603011009
69.7000641822815,0.8241094814697469,-2.654427389197749,2.8481521707981097
69.75004863739014,0.8241094814697469,-2.654427389197749,2.8481521707981097
69.79963707923889,0.7925866708414786,-2.6486132069645207,2.848435376176297
69.84976553916931,0.7925866708414786,-2.6486132069645207,2.848435376176297
69.89974284172058,0.7594083212515668,-2.641832990644291,2.8489968582697927
69.94994115829468,0.7594083212515668,-2.641832990644291,2.8489968582697927
70.0000216960907,0.7300677788620311,-2.634631326914172,2.8504419645425645
70.04983234405518,0.7300677788620311,-2.634631326914172,2.8504419645425645
70.09966897964478,0.705618829510529,-2.628768418456442,2.849606500069754
70.14992427825928,0.705618829510529,-2.628768418456442,2.849606500069754
70.19976878166199,0.6775332427167162,-2.6247789817998086,2.8515926425885225
70.25017642974854,0.6775332427167162,-2.6247789817998086,2.8515926425885225
70.29987740516663,0.6454271261890696,-2.616755957187553,2.851358465711255
70.34981083869934,0.6454271261890696,-2.616755957187553,2.851358465711255
70.3998110294342,0.6176659416600432,-2.6070757965129325,2.854554000386559
70.44979476928711,0.6176659416600432,-2.6070757965129325,2.854554000386559
70.49975776672363,0.5916960639636659,-2.598676543222859,2.853613360627976
70.55036354064941,0.5916960639636659,-2.598676543222859,2.853613360627976
70.59990096092224,0.561962983815883,-2.5902851377118883,2.8539317752936357
70.64995837211609,0.561962983815883,-2.5902851377118883,2.8539317752936357
70.69988250732422,0.5272082618382974,-2.5845948033485677,2.8507195325335073
70.74981141090393,0.5272082618382974,-2.5845948033485677,2.8507195325335073
70.79982256889343,0.4982495070452695,-2.576515980267611,2.8512789230015487
70.85001492500305,0.4982495070452695,-2.576515980267611,2.8512789230015487
70.89968180656433,0.46593452143983227,-2.5696934414718213,2.8520356423456006
70.95013999938965,0.46593452143983227,-2.5696934414718213,2.8520356423456006
71.00319385528564,0.4370566792743742,-2.5618190057782595,2.8497804278210945
71.05111145973206,0.4370566792743742,-2.5618190057782595,2.8497804278210945
71.09972310066223,0.4081190379157693,-2.5559133130838547,2.850215182292759
71.14962649345398,0.4081190379157693,-2.5559133130838547,2.850215182292759
71.19967222213745,0.3783310016086566,-2.5516809589103424,2.8501774234785846
71.24984121322632,0.3783310016086566,-2.5516809589103424,2.8501774234785846
71.29980111122131,0.34804246817645423,-2.5446248536871416,2.8507006258590657
71.34976935386658,0.34804246817645423,-2.5446248536871416,2.8507006258590657
71.39972305297852,0.3212573009582149,-2.537449193151522,2.8507706596296214
71.44957566261292,0.3212573009582149,-2.537449193151522,2.8507706596296214
71.4998779296875,0.28553657780334774,-2.531877421321899,2.8498825953658136
71.54985880851746,0.28553657780334774,-2.531877421321899,2.8498825953658136
71.59976363182068,0.25232035555762167,-2.5246666954342083,2.8484935233172046
71.64988040924072,0.25232035555762167,-2.5246666954342083,2.8484935233172046
71.69990038871765,0.220231313954369,-2.5180048000403845,2.8480603336519774
71.74971389770508,0.220231313954369,-2.5180048000403845,2.8480603336519774
71.79981803894043,0.1963515292258624,-2.507655466496639,2.8492050004635505
71.84997057914734,0.1963515292258624,-2.507655466496639,2.8492050004635505
71.89992642402649,0.1664287717336138,-2.500562515267121,2.8495391499750267
71.94977617263794,0.1664287717336138,-2.500562515267121,2.8495391499750267
71.9999315738678,0.13916983690031348,-2.4935157540744313,2.8488126585667475
72.04986023902893,0.13916983690031348,-2.4935157540744313,2.8488126585667475
72.09969234466553,0.10398284357801879,-2.486934170614209,2.850638598681497
72.15012693405151,0.10398284357801879,-2.486934170614209,2.850638598681497
72.19978427886963,0.07424752976211901,-2.478579511098241,2.850823611503418
72.24981141090393,0.07424752976211901,-2.478579511098241,2.850823611503418
72.29969549179077,0.04560389412139276,-2.4765894585019175,2.850892853024965
72.35014939308167,0.04560389412139276,-2.4765894585019175,2.850892853024965
72.40003037452698,0.017821366493270485,-2.469540851158227,2.853954974486465
72.45004153251648,0.017821366493270485,-2.469540851158227,2.853954974486465
72.5005829334259,-0.01087215044049894,-2.463543542638318,2.8516553658482966
72.54993915557861,-0.01087215044049894,-2.463543542638318,2.8516553658482966
72.59990215301514,-0.03899798407431021,-2.454118521267826,2.8522686768818786
72.64993834495544,-0.03899798407431021,-2.454118521267826,2.8522686768818786
72.70013952255249,-0.06603325636167584,-2.4482333051827587,2.851207220711174
72.75025987625122,-0.06603325636167584,-2.4482333051827587,2.851207220711174
72.79993677139282,-0.09266214876722512,-2.4389004460528603,2.8510054672652094
72.8497383594513,-0.09266214876722512,-2.4389004460528603,2.8510054672652094
72.89979410171509,-0.12284037160205213,-2.4292537822926032,2.851390937815243
72.94972085952759,-0.12284037160205213,-2.4292537822926032,2.851390937815243
73.00002479553223,-0.15313607625302644,-2.42466002633626,2.852207106082218
73.04972386360168,-0.15313607625302644,-2.42466002633626,2.852207106082218
73.09976363182068,-0.181429982114089,-2.4173664563108512,2.8526444656526597
73.14973521232605,-0.181429982114089,-2.4173664563108512,2.8526444656526597
73.19984889030457,-0.214547784379372,-2.409314057350923,2.8522161782869158
73.25131702423096,-0.214547784379372,-2.409314057350923,2.8522161782869158
73.29990458488464,-0.243818642144374,-2.402328044898599,2.8522635692766034
73.34998607635498,-0.243818642144374,-2.402328044898599,2.8522635692766034
73.39972400665283,-0.27631291084291904,-2.3959017011749637,2.8542540296348435
73.45010185241699,-0.27631291084291904,-2.3959017011749637,2.8542540296348435
73.49975633621216,-0.3080357336443858,-2.390455282507846,2.8535973812862467
73.54980444908142,-0.3080357336443858,-2.390455282507846,2.8535973812862467
73.59983944892883,-0.33785258026773246,-2.3817015861352813,2.8544339117398203
73.65000939369202,-0.33785258026773246,-2.3817015861352813,2.8544339117398203
73.69976091384888,-0.36944585171256367,-2.3761341696179112,2.8545187198666087
73.74996662139893,-0.36944585171256367,-2.3761341696179112,2.8545187198666087
73.79963850975037,-0.3977105595527448,-2.3670818027804494,2.854013807518862
73.84998726844788,-0.3977105595527448,-2.3670818027804494,2.854013807518862
73.89999079704285,-0.4248413610341634,-2.358738453646589,2.853445591099782
73.95029354095459,-0.4248413610341634,-2.358738453646589,2.853445591099782
73.99988269805908,-0.45340509574573035,-2.3524667848944176,2.8541630956920225
74.05032444000244,-0.45340509574573035,-2.3524667848944176,2.8541630956920225
74.10170555114746,-0.48107786335318187,-2.3451903900686193,2.854829165356398
74.1497437953949,-0.48107786335318187,-2.3451903900686193,2.854829165356398
74.20001935958862,-0.50895428431732,-2.3369373387684185,2.8574240189472992
74.24971079826355,-0.50895428431732,-2.3369373387684185,2.8574240189472992
74.299809217453,-0.5413619531736862,-2.3309711721876734,2.8583169174042067
74.3500349521637,-0.5413619531736862,-2.3309711721876734,2.8583169174042067
74.39963698387146,-0.5705960422625713,-2.3267827021965357,2.858069129991038
74.45024275779724,-0.5705960422625713,-2.3267827021965357,2.858069129991038
74.50110173225403,-0.6013794936245668,-2.3203062320208714,2.8571904565258905
74.54987907409668,-0.6013794936245668,-2.3203062320208714,2.8571904565258905
74.5999231338501,-0.6300229805443602,-2.3131406269958603,2.8584574138555845
74.65048623085022,-0.6300229805443602,-2.3131406269958603,2.8584574138555845
74.69990277290344,-0.657825354202244,-2.307019954192469,2.8564739171482474
74.749831199646,-0.657825354202244,-2.307019954192469,2.8564739171482474
74.79973459243774,-0.6862560606137009,-2.302423128905058,2.8588924870897023
74.84989857673645,-0.6862560606137009,-2.302423128905058,2.8588924870897023
74.899897813797,-0.7191485249136043,-2.296603085504039,2.8560572435965685
74.94971227645874,-0.7191485249136043,-2.296603085504039,2.8560572435965685
74.99972033500671,-0.7495224654406838,-2.2914918791981345,2.857331968619717
75.05031871795654,-0.7495224654406838,-2.2914918791981345,2.857331968619717
75.09980583190918,-0.7796207159590003,-2.281421305820363,2.855526389498755
75.14953851699829,-0.7796207159590003,-2.281421305820363,2.855526389498755
75.19974184036255,-0.8124201191078504,-2.2757135260984276,2.8575043274511613
75.24998784065247,-0.8124201191078504,-2.2757135260984276,2.8575043274511613
75.30080366134644,-0.8445034974176557,-2.2668737418579323,2.855143973867373
75.34972929954529,-0.8445034974176557,-2.2668737418579323,2.855143973867373
75.39982390403748,-0.8740531413080022,-2.2591018127938614,2.8557525139167312
75.44979810714722,-0.8740531413080022,-2.2591018127938614,2.8557525139167312
75.49992275238037,-0.8991771103899089,-2.2526585664080954,2.855688770952972
75.5497612953186,-0.8991771103899089,-2.2526585664080954,2.855688770952972
75.60128378868103,-0.9256686299747361,-2.246484821067671,2.8536807797877595
75.65003371238708,-0.9256686299747361,-2.246484821067671,2.8536807797877595
75.69970440864563,-0.9516022094081183,-2.239870638520664,2.8555654390785645
75.74974226951599,-0.9516022094081183,-2.239870638520664,2.8555654390785645
75.79993748664856,-0.9800374605190136,-2.2345972311270486,2.856143677386824
75.84987902641296,-0.9800374605190136,-2.2345972311270486,2.856143677386824
75.89966011047363,-1.013213942659559,-2.2279405620810846,2.8556611186424563
75.94971346855164,-1.013213942659559,-2.2279405620810846,2.8556611186424563
75.99984455108643,-1.04348166237574,-2.2223144041343734,2.858177112370089
76.04977059364319,-1.04348166237574,-2.2223144041343734,2.858177112370089
76.09986853599548,-1.0713194036550986,-2.2132517417819324,2.8559148656937787
76.14988827705383,-1.0713194036550986,-2.2132517417819324,2.8559148656937787
76.19976282119751,-1.0966967336131788,-2.2058907786153736,2.8566757045280067
76.24988865852356,-1.0966967336131788,-2.2058907786153736,2.8566757045280067
76.29990148544312,-1.1266302814886848,-2.2020834535794616,2.855610915688778
76.34974718093872,-1.1266302814886848,-2.2020834535794616,2.855610915688778
76.40183782577515,-1.1576678517780699,-2.195678414571738,2.8557900898473925
76.45019793510437,-1.1576678517780699,-2.195678414571738,2.8557900898473925
76.49971127510071,-1.1862661403799184,-2.189890780991986,2.8571673709647927
76.55003213882446,-1.1862661403799184,-2.189890780991986,2.8571673709647927
76.59975242614746,-1.2144814800059587,-2.183306134600269,2.857125858352164
76.6499240398407,-1.2144814800059587,-2.183306134600269,2.857125858352164
76.699782371521,-1.2452461976095055,-2.1760339460803104,2.857395729910868
76.74965214729309,-1.2452461976095055,-2.1760339460803104,2.857395729910868
76.79971480369568,-1.2763671995465187,-2.168982461206911,2.8569585334647805
76.84996151924133,-1.2763671995465187,-2.168982461206911,2.8569585334647805
76.8998475074768,-1.3131425307609939,-2.1646573114124776,2.8575744820331486
76.94983053207397,-1.3131425307609939,-2.1646573114124776,2.8575744820331486
76.99980998039246,-1.3397333793551591,-2.15638862692131,2.857372328441201
77.05006384849548,-1.3397333793551591,-2.15638862692131,2.857372328441201
77.09979462623596,-1.3721728221754783,-2.1482210772946417,2.858629499217617
77.14991879463196,-1.3721728221754783,-2.1482210772946417,2.858629499217617
77.1998336315155,-1.3991684711304626,-2.1398464142743943,2.8565381861102
77.24979019165039,-1.3991684711304626,-2.1398464142743943,2.8565381861102
