t,chair_x,chair_y,chair_yaw,human5_x,human5_y,human6_x,human6_y,human7_x,human7_y,human8_x,human8_y
0.0,-0.9628863334655762,1.7447736263275146,0.007535161896084791,nan,nan,nan,nan,nan,nan,nan,nan
0.04862689971923828,-0.9629017114639282,1.7448234558105469,0.007478524279022777,nan,nan,nan,nan,nan,nan,nan,nan
0.0963137149810791,-0.9628238081932068,1.7448534965515137,0.0074051880639053914,nan,nan,nan,nan,nan,nan,nan,nan
0.14617419242858887,-0.9627217650413513,1.7448463439941406,0.0073715781757299195,nan,nan,nan,nan,nan,nan,nan,nan
0.20068979263305664,-0.962629497051239,1.7448011636734009,0.007378484937311958,nan,nan,nan,nan,nan,nan,nan,nan
0.2460331916809082,-0.9626234769821167,1.744765043258667,0.007323429053578367,nan,nan,nan,nan,nan,nan,nan,nan
0.29603123664855957,-0.9626754522323608,1.744732141494751,0.007353019838006665,nan,nan,nan,nan,nan,nan,nan,nan
0.34607696533203125,-0.9627602100372314,1.7447010278701782,0.007371701823402446,nan,nan,nan,nan,nan,nan,nan,nan
0.4019894599914551,-0.9628579020500183,1.7446956634521484,0.007433082459558914,nan,nan,nan,nan,nan,nan,nan,nan
0.4462010860443115,-0.9629167318344116,1.7447381019592285,0.007414513426752755,nan,nan,nan,nan,nan,nan,nan,nan
0.4960782527923584,-0.9629102945327759,1.7447885274887085,0.0073961230871891805,nan,nan,nan,nan,nan,nan,nan,nan
0.5513651371002197,-0.9628317952156067,1.7447748184204102,0.007400351500249804,nan,nan,nan,nan,nan,nan,nan,nan
0.5991687774658203,-0.9627978205680847,1.744742751121521,0.0074042740373714035,nan,nan,nan,nan,nan,nan,nan,nan
0.6461355686187744,-0.9627737998962402,1.744709849357605,0.007456398885500092,nan,nan,nan,nan,nan,nan,nan,nan
0.6962428092956543,-0.9627746939659119,1.7447201013565063,0.007506983470191624,nan,nan,nan,nan,nan,nan,nan,nan
0.7467930316925049,-0.9627686738967896,1.7447080612182617,0.007549409561654294,nan,nan,nan,nan,nan,nan,nan,nan
0.7960615158081055,-0.9627903699874878,1.7447595596313477,0.007422228417575382,nan,nan,nan,nan,nan,nan,nan,nan
0.8462488651275635,-0.9628224968910217,1.7447624206542969,0.007365209663507882,nan,nan,nan,nan,nan,nan,nan,nan
0.8960998058319092,-0.9628081321716309,1.7447620630264282,0.007357634539538516,nan,nan,nan,nan,nan,nan,nan,nan
0.9473187923431396,-0.9627971053123474,1.7447571754455566,0.00740498936210649,nan,nan,nan,nan,nan,nan,nan,nan
0.9960734844207764,-0.962774932384491,1.7447376251220703,0.007401691490718424,nan,nan,nan,nan,nan,nan,nan,nan
1.0508182048797607,-0.9627905488014221,1.74472975730896,0.0074389720584609985,nan,nan,nan,nan,nan,nan,nan,nan
1.1017940044403076,-0.9627767205238342,1.7447257041931152,0.0073499808693169395,nan,nan,nan,nan,nan,nan,nan,nan
1.1460623741149902,-0.9626597166061401,1.744748830795288,0.007091694483133927,nan,nan,nan,nan,nan,nan,nan,nan
1.1972272396087646,-0.9625393748283386,1.7448253631591797,0.006309270505590199,nan,nan,nan,nan,nan,nan,nan,nan
1.2466824054718018,-0.9621557593345642,1.744985580444336,0.004722687845764251,nan,nan,nan,nan,nan,nan,nan,nan
1.30094313621521,-0.9612424373626709,1.7450891733169556,0.003245276656966803,nan,nan,nan,nan,nan,nan,nan,nan
1.3474185466766357,-0.9589784145355225,1.7450395822525024,0.001455861873421626,nan,nan,nan,nan,nan,nan,nan,nan
1.3966681957244873,-0.9569562673568726,1.7450944185256958,-0.00030584940688117276,nan,nan,nan,nan,nan,nan,nan,nan
1.4460883140563965,-0.95399010181427,1.745318055152893,-0.004387759175769789,nan,nan,nan,nan,nan,nan,nan,nan
1.49605131149292,-0.9510034322738647,1.7454558610916138,-0.008128573517690472,nan,nan,nan,nan,nan,nan,nan,nan
1.5463061332702637,-0.9482858180999756,1.7455551624298096,-0.012261885773384221,nan,nan,nan,nan,nan,nan,nan,nan
1.5975258350372314,-0.9442650675773621,1.7457679510116577,-0.01865975261687242,nan,nan,nan,nan,nan,nan,nan,nan
1.6461513042449951,-0.9413077235221863,1.7462873458862305,-0.0255014156842445,nan,nan,nan,nan,nan,nan,nan,nan
1.6960721015930176,-0.9368417263031006,1.7467381954193115,-0.03521918701410982,nan,nan,nan,nan,nan,nan,nan,nan
1.746147632598877,-0.9336137771606445,1.7470701932907104,-0.04632416686019914,nan,nan,nan,nan,nan,nan,nan,nan
1.7960550785064697,-0.9313125014305115,1.7486255168914795,-0.06286283526015354,nan,nan,nan,nan,nan,nan,nan,nan
1.8508522510528564,-0.9286679029464722,1.7492635250091553,-0.07383934912674343,nan,nan,nan,nan,nan,nan,nan,nan
1.896223783493042,-0.925078272819519,1.7496213912963867,-0.0871490220250298,nan,nan,nan,nan,nan,nan,nan,nan
1.9463653564453125,-0.922066867351532,1.7502975463867188,-0.09940092703291864,nan,nan,nan,nan,nan,nan,nan,nan
1.9977493286132812,-0.9182160496711731,1.7507141828536987,-0.11467405271163662,nan,nan,nan,nan,nan,nan,nan,nan
2.0461127758026123,-0.9135607481002808,1.7512319087982178,-0.13135734008761346,nan,nan,nan,nan,nan,nan,nan,nan
2.09604549407959,-0.9095792174339294,1.7518564462661743,-0.1465938126624778,nan,nan,nan,nan,nan,nan,nan,nan
2.146679401397705,-0.9051135778427124,1.7522653341293335,-0.16300973840757452,nan,nan,nan,nan,nan,nan,nan,nan
2.196066379547119,-0.9002041220664978,1.752737045288086,-0.18247925534267004,nan,nan,nan,nan,nan,nan,nan,nan
2.246086835861206,-0.8938328623771667,1.7533584833145142,-0.20981412666570237,nan,nan,nan,nan,nan,nan,nan,nan
2.2989559173583984,-0.8894710540771484,1.7540335655212402,-0.23157158390549026,nan,nan,nan,nan,nan,nan,nan,nan
2.3506977558135986,-0.8834689855575562,1.7544925212860107,-0.2590674838286558,nan,nan,nan,nan,nan,nan,nan,nan
2.3973348140716553,-0.8780503869056702,1.7552639245986938,-0.29054318393883094,nan,nan,nan,nan,nan,nan,nan,nan
2.446234941482544,-0.870786190032959,1.7561683654785156,-0.3342523678822929,nan,nan,nan,nan,nan,nan,nan,nan
2.4960927963256836,-0.8665676116943359,1.7565945386886597,-0.36107319273608735,nan,nan,nan,nan,nan,nan,nan,nan
2.546067714691162,-0.8566175699234009,1.7573063373565674,-0.41828600194213517,nan,nan,nan,nan,nan,nan,nan,nan
2.596148729324341,-0.846869707107544,1.7548227310180664,-0.45643016044601037,nan,nan,nan,nan,nan,nan,nan,nan
2.6464016437530518,-0.8400911092758179,1.7557313442230225,-0.5066219725610412,nan,nan,nan,nan,nan,nan,nan,nan
2.6969552040100098,-0.8309333324432373,1.7541697025299072,-0.547286696419092,nan,nan,nan,nan,nan,nan,nan,nan
2.7495346069335938,-0.8202588558197021,1.7514691352844238,-0.5975552631370017,nan,nan,nan,nan,nan,nan,nan,nan
2.8030507564544678,-0.8097978830337524,1.7481133937835693,-0.6454322710967535,nan,nan,nan,nan,nan,nan,nan,nan
2.8464131355285645,-0.7993669509887695,1.7441160678863525,-0.6913947606804318,nan,nan,nan,nan,nan,nan,nan,nan
2.8969521522521973,-0.789214551448822,1.7394721508026123,-0.7404407444261122,nan,nan,nan,nan,nan,nan,nan,nan
2.9464075565338135,-0.7771999835968018,1.7329736948013306,-0.7928500589510092,nan,nan,nan,nan,nan,nan,nan,nan
2.9960896968841553,-0.7663326263427734,1.7270439863204956,-0.8439859358150039,nan,nan,nan,nan,nan,nan,nan,nan
3.0509562492370605,-0.7532288432121277,1.7176437377929688,-0.8997173017138046,nan,nan,nan,nan,nan,nan,nan,nan
3.096148729324341,-0.7417639493942261,1.7087903022766113,-0.9540115345372682,nan,nan,nan,nan,nan,nan,nan,nan
3.1460912227630615,-0.7287157773971558,1.6972836256027222,-1.010537702135491,nan,nan,nan,nan,nan,nan,nan,nan
3.1979079246520996,-0.7194391489028931,1.688218355178833,-1.0568912503411527,nan,nan,nan,nan,nan,nan,nan,nan
3.2487728595733643,-0.7079671621322632,1.6758008003234863,-1.1152742752248181,nan,nan,nan,nan,nan,nan,nan,nan
3.2960615158081055,-0.6972077488899231,1.6633352041244507,-1.1708006255126404,nan,nan,nan,nan,nan,nan,nan,nan
3.3497841358184814,-0.6896190047264099,1.6528080701828003,-1.2142989290364292,nan,nan,nan,nan,nan,nan,nan,nan
3.3966410160064697,-0.6802204847335815,1.6386160850524902,-1.265912867382853,nan,nan,nan,nan,nan,nan,nan,nan
3.4464261531829834,-0.6717207431793213,1.623482584953308,-1.3145748615199817,nan,nan,nan,nan,nan,nan,nan,nan
3.496778964996338,-0.6649072766304016,1.609204649925232,-1.3541011789106239,nan,nan,nan,nan,nan,nan,nan,nan
3.546391725540161,-0.6589338183403015,1.5952129364013672,-1.3888746240615435,nan,nan,nan,nan,nan,nan,nan,nan
3.5974738597869873,-0.6539770364761353,1.5817935466766357,-1.4191256031439878,nan,nan,nan,nan,nan,nan,nan,nan
3.646064043045044,-0.6492995023727417,1.5663650035858154,-1.4499086524193503,nan,nan,nan,nan,nan,nan,nan,nan
3.700429916381836,-0.645054280757904,1.551919937133789,-1.475654582177141,nan,nan,nan,nan,nan,nan,nan,nan
3.7463998794555664,-0.6414971947669983,1.5377458333969116,-1.498294428588228,nan,nan,nan,nan,nan,nan,nan,nan
3.800321578979492,-0.6388161182403564,1.5248757600784302,-1.5166963052694191,nan,nan,nan,nan,nan,nan,nan,nan
3.8461015224456787,-0.6362570524215698,1.5096031427383423,-1.5345567990381241,nan,nan,nan,nan,nan,nan,nan,nan
3.9013264179229736,-0.6347317099571228,1.4960647821426392,-1.5477379122357238,nan,nan,nan,nan,nan,nan,nan,nan
3.9487104415893555,-0.633147656917572,1.482408881187439,-1.559598882172127,nan,nan,nan,nan,nan,nan,nan,nan
3.996166467666626,-0.6318178772926331,1.4647631645202637,-1.5709444840874953,nan,nan,nan,nan,nan,nan,nan,nan
4.0466461181640625,-0.6311953067779541,1.4514294862747192,-1.5786602295073722,nan,nan,nan,nan,nan,nan,nan,nan
4.096166610717773,-0.6309001445770264,1.4371124505996704,-1.58474058311634,nan,nan,nan,nan,nan,nan,nan,nan
4.146154403686523,-0.6310313940048218,1.4215614795684814,-1.5891824072178284,nan,nan,nan,nan,nan,nan,nan,nan
4.202520370483398,-0.6313394904136658,1.4050449132919312,-1.5913655907697655,nan,nan,nan,nan,nan,nan,nan,nan
4.246163368225098,-0.6318809986114502,1.3890964984893799,-1.5918011747776655,nan,nan,nan,nan,nan,nan,nan,nan
4.297435522079468,-0.632354199886322,1.3746644258499146,-1.5904949114779088,nan,nan,nan,nan,nan,nan,nan,nan
4.350688457489014,-0.6331495642662048,1.3575851917266846,-1.5872490940120252,nan,nan,nan,nan,nan,nan,nan,nan
4.3993589878082275,-0.633888304233551,1.3410773277282715,-1.5827520281386098,nan,nan,nan,nan,nan,nan,nan,nan
4.4461328983306885,-0.635034441947937,1.3236949443817139,-1.576495202798318,nan,nan,nan,nan,nan,nan,nan,nan
4.496043682098389,-0.6362643837928772,1.3071919679641724,-1.5699812213916908,nan,nan,nan,nan,nan,nan,nan,nan
4.546226739883423,-0.6375392079353333,1.2904263734817505,-1.5632879671025826,nan,nan,nan,nan,nan,nan,nan,nan
4.596860408782959,-0.6388128995895386,1.2739022970199585,-1.5556829954745939,nan,nan,nan,nan,nan,nan,nan,nan
4.650114059448242,-0.6397768259048462,1.2581608295440674,-1.5478952349997028,nan,nan,nan,nan,nan,nan,nan,nan
4.696511268615723,-0.6403661966323853,1.2415879964828491,-1.5394875045739203,nan,nan,nan,nan,nan,nan,nan,nan
4.750079393386841,-0.6412307620048523,1.225108027458191,-1.5313259717378949,nan,nan,nan,nan,nan,nan,nan,nan
4.796318292617798,-0.641543984413147,1.2070919275283813,-1.5235957451345432,nan,nan,nan,nan,nan,nan,nan,nan
4.846576690673828,-0.6418831944465637,1.1923778057098389,-1.5162756896404714,nan,nan,nan,nan,nan,nan,nan,nan
4.899316072463989,-0.6421408653259277,1.174988865852356,-1.5082165350315393,nan,nan,nan,nan,nan,nan,nan,nan
4.949376583099365,-0.6421587467193604,1.1581956148147583,-1.5007275814227636,nan,nan,nan,nan,nan,nan,nan,nan
4.996374130249023,-0.6420587301254272,1.1426746845245361,-1.4938896426658208,nan,nan,nan,nan,nan,nan,nan,nan
5.046295642852783,-0.64215487241745,1.1245208978652954,-1.4848197948975923,nan,nan,nan,nan,nan,nan,nan,nan
5.096188068389893,-0.6416417956352234,1.1107094287872314,-1.479973684085793,nan,nan,nan,nan,nan,nan,nan,nan
5.146052598953247,-0.6412369012832642,1.0913485288619995,-1.4718084909152485,nan,nan,nan,nan,nan,nan,nan,nan
5.200895309448242,-0.6408866047859192,1.0765951871871948,-1.4656073603085438,nan,nan,nan,nan,nan,nan,nan,nan
5.246096849441528,-0.6403400897979736,1.058060646057129,-1.4579137897577434,nan,nan,nan,nan,nan,nan,nan,nan
5.297130823135376,-0.6395057439804077,1.0437452793121338,-1.4522209344244126,nan,nan,nan,nan,nan,nan,nan,nan
5.346128463745117,-0.6384570002555847,1.0252054929733276,-1.44486544058021,nan,nan,nan,nan,nan,nan,nan,nan
5.396009683609009,-0.6375846266746521,1.009850263595581,-1.4385926722587026,nan,nan,nan,nan,nan,nan,nan,nan
5.44600772857666,-0.6365257501602173,0.9948315024375916,-1.4331401366690555,nan,nan,nan,nan,nan,nan,nan,nan
5.497419118881226,-0.6352763772010803,0.9785797595977783,-1.4282790875009765,nan,nan,nan,nan,nan,nan,nan,nan
5.546144723892212,-0.63385409116745,0.9615155458450317,-1.4231429818210557,nan,nan,nan,nan,nan,nan,nan,nan
5.601251125335693,-0.6326523423194885,0.9452967643737793,-1.4181379586375995,nan,nan,nan,nan,nan,nan,nan,nan
5.646472930908203,-0.6311601400375366,0.9310151934623718,-1.4147621647459605,nan,nan,nan,nan,nan,nan,nan,nan
5.696063041687012,-0.6292333602905273,0.912811815738678,-1.4111828196725125,nan,nan,nan,nan,nan,nan,nan,nan
5.746206521987915,-0.6275095343589783,0.8967862725257874,-1.4076923831365329,nan,nan,nan,nan,nan,nan,nan,nan
5.796274185180664,-0.6256495714187622,0.8807279467582703,-1.4046972388260093,nan,nan,nan,nan,nan,nan,nan,nan
5.846049070358276,-0.6236562728881836,0.8643213510513306,-1.4020630018015487,nan,nan,nan,nan,nan,nan,nan,nan
5.900285482406616,-0.6218405365943909,0.8490812182426453,-1.399178236107263,nan,nan,nan,nan,nan,nan,nan,nan
5.950981855392456,-0.6196208000183105,0.8319311141967773,-1.3963418655473656,nan,nan,nan,nan,nan,nan,nan,nan
5.997551202774048,-0.6176691055297852,0.8172779679298401,-1.3942753798651932,nan,nan,nan,nan,nan,nan,nan,nan
6.04604697227478,-0.6162480711936951,0.80635005235672,-1.3923980662921862,nan,nan,nan,nan,nan,nan,nan,nan
6.096064567565918,-0.6133907437324524,0.782528817653656,-1.3888281322211047,nan,nan,nan,nan,nan,nan,nan,nan
6.149035215377808,-0.6114600300788879,0.766931414604187,-1.3869385874370892,nan,nan,nan,nan,nan,nan,nan,nan
6.199153423309326,-0.6098860502243042,0.7548698782920837,-1.385195808105093,nan,nan,nan,nan,nan,nan,nan,nan
6.248894929885864,-0.6071528196334839,0.7334736585617065,-1.3815979155148217,nan,nan,nan,nan,nan,nan,nan,nan
6.296273946762085,-0.6045427322387695,0.7158116698265076,-1.3792342650344231,nan,nan,nan,nan,nan,nan,nan,nan
6.349215030670166,-0.6023621559143066,0.70008385181427,-1.3777468974249172,nan,nan,nan,nan,nan,nan,nan,nan
6.397684812545776,-0.6000034213066101,0.6835615634918213,-1.3757176255371664,nan,nan,nan,nan,nan,nan,nan,nan
6.4471094608306885,-0.5977638959884644,0.6687744855880737,-1.3741049773317893,nan,nan,nan,nan,nan,nan,nan,nan
6.4961442947387695,-0.5949569940567017,0.6512786746025085,-1.3726785488470683,nan,nan,nan,nan,nan,nan,nan,nan
6.546068429946899,-0.5924087166786194,0.6327946186065674,-1.3707288837199811,nan,nan,nan,nan,nan,nan,nan,nan
6.596061706542969,-0.5899211764335632,0.6163322329521179,-1.3690615079303596,nan,nan,nan,nan,nan,nan,nan,nan
6.646165370941162,-0.5875641107559204,0.6009052395820618,-1.3674806818852931,nan,nan,nan,nan,nan,nan,nan,nan
6.696483612060547,-0.584916353225708,0.5839666724205017,-1.3659297553211622,nan,nan,nan,nan,nan,nan,nan,nan
6.749341726303101,-0.5825969576835632,0.5690016150474548,-1.364291312432914,nan,nan,nan,nan,nan,nan,nan,nan
6.796908140182495,-0.5802018642425537,0.553911030292511,-1.362820018349484,nan,nan,nan,nan,nan,nan,nan,nan
6.849656820297241,-0.5774797201156616,0.5374024510383606,-1.361056005618965,nan,nan,nan,nan,nan,nan,nan,nan
6.896198749542236,-0.5753657817840576,0.5229598879814148,-1.359025873534339,nan,nan,nan,nan,nan,nan,nan,nan
6.946245908737183,-0.5727973580360413,0.5080879926681519,-1.357330664273262,nan,nan,nan,nan,nan,nan,nan,nan
6.996056318283081,-0.5703444480895996,0.4931233823299408,-1.3536921811613045,nan,nan,nan,nan,nan,nan,nan,nan
7.050192356109619,-0.5684162974357605,0.4795611798763275,-1.3483690135538515,nan,nan,nan,nan,nan,nan,nan,nan
7.096067428588867,-0.5666003823280334,0.46774646639823914,-1.341478253994623,nan,nan,nan,nan,nan,nan,nan,nan
7.148832559585571,-0.5656872987747192,0.45836499333381653,-1.333905493431343,nan,nan,nan,nan,nan,nan,nan,nan
7.196237802505493,-0.5650840401649475,0.4502386152744293,-1.3242038218396228,nan,nan,nan,nan,nan,nan,nan,nan
7.248004674911499,-0.5649016499519348,0.4429532587528229,-1.3113223539733292,nan,nan,nan,nan,nan,nan,nan,nan
7.301254987716675,-0.5651448369026184,0.43771958351135254,-1.2955418766789433,nan,nan,nan,nan,nan,nan,nan,nan
7.351126670837402,-0.5655710101127625,0.43409299850463867,-1.2780001205800515,nan,nan,nan,nan,nan,nan,nan,nan
7.396276473999023,-0.5658324956893921,0.43087273836135864,-1.2620131133526444,nan,nan,nan,nan,nan,nan,nan,nan
7.446326732635498,-0.5660441517829895,0.4281846880912781,-1.2502707482624102,nan,nan,nan,nan,nan,nan,nan,nan
7.496045351028442,-0.5658798217773438,0.425316721200943,-1.2370358625042481,nan,nan,nan,nan,nan,nan,nan,nan
7.546083688735962,-0.566231906414032,0.4214976131916046,-1.2149876827641606,nan,nan,nan,nan,nan,nan,nan,nan
7.596074342727661,-0.5669980645179749,0.4186192750930786,-1.1946192555536008,nan,nan,nan,nan,nan,nan,nan,nan
7.6476194858551025,-0.5683525204658508,0.4160107970237732,-1.17306561183886,nan,nan,nan,nan,nan,nan,nan,nan
7.701721906661987,-0.5690361857414246,0.41194555163383484,-1.145325321482135,nan,nan,nan,nan,nan,nan,nan,nan
7.746243953704834,-0.5701261758804321,0.40941762924194336,-1.12279523482405,nan,nan,nan,nan,nan,nan,nan,nan
7.80041766166687,-0.571013331413269,0.4052479565143585,-1.0877913522137017,nan,nan,nan,nan,nan,nan,nan,nan
7.846719980239868,-0.5722000598907471,0.40204817056655884,-1.057606447855664,nan,nan,nan,nan,nan,nan,nan,nan
7.896058082580566,-0.573539674282074,0.3975962996482849,-1.0128870856744911,nan,nan,nan,nan,nan,nan,nan,nan
7.946109294891357,-0.5746358036994934,0.39385801553726196,-0.9729325687185102,nan,nan,nan,nan,nan,nan,nan,nan
7.997167348861694,-0.5757999420166016,0.3894844651222229,-0.9243269036620506,nan,nan,nan,nan,nan,nan,nan,nan
8.046023607254028,-0.5772800445556641,0.3854706883430481,-0.8751671284219462,nan,nan,nan,nan,nan,nan,nan,nan
8.096598148345947,-0.5785613059997559,0.3816746175289154,-0.8286621110796372,nan,nan,nan,nan,nan,nan,nan,nan
8.146005868911743,-0.5798485279083252,0.37765586376190186,-0.7800633881968501,nan,nan,nan,nan,nan,nan,nan,nan
8.196085453033447,-0.5812819600105286,0.3724081218242645,-0.7152304762161087,nan,nan,nan,nan,nan,nan,nan,nan
8.24788212776184,-0.5823768377304077,0.3678204119205475,-0.6591746962101557,nan,nan,nan,nan,nan,nan,nan,nan
8.301608324050903,-0.5836267471313477,0.3629164397716522,-0.5990892613088753,nan,nan,nan,nan,nan,nan,nan,nan
8.346009969711304,-0.5844641327857971,0.35846149921417236,-0.5454426837045121,nan,nan,nan,nan,nan,nan,nan,nan
8.402252197265625,-0.5851005911827087,0.3542713522911072,-0.4878334737487207,nan,nan,nan,nan,nan,nan,nan,nan
8.44620966911316,-0.5853221416473389,0.3497031629085541,-0.43737749646255863,nan,nan,nan,nan,nan,nan,nan,nan
8.496063232421875,-0.585498034954071,0.344136506319046,-0.37275447000921236,nan,nan,nan,nan,nan,nan,nan,nan
8.546228885650635,-0.5852749943733215,0.3392951190471649,-0.31751873714623513,nan,nan,nan,nan,nan,nan,nan,nan
8.596103429794312,-0.5849133133888245,0.3349059820175171,-0.2669036897478859,nan,nan,nan,nan,nan,nan,nan,nan
8.646086692810059,-0.5844401121139526,0.3299356698989868,-0.21229597509979192,nan,nan,nan,nan,nan,nan,nan,nan
8.69605541229248,-0.5835683345794678,0.32574471831321716,-0.160997449291599,nan,nan,nan,nan,nan,nan,nan,nan
8.746150255203247,-0.5828134417533875,0.32167017459869385,-0.10970630799579008,nan,nan,nan,nan,nan,nan,nan,nan
8.797694444656372,-0.5817373394966125,0.3180372714996338,-0.06129612426276695,nan,nan,nan,nan,nan,nan,nan,nan
8.848122596740723,-0.5803453922271729,0.31375980377197266,-0.009081229051662353,nan,nan,nan,nan,nan,nan,nan,nan
8.897811889648438,-0.5782511830329895,0.30973950028419495,0.04344868067662382,nan,nan,nan,nan,nan,nan,nan,nan
8.94617486000061,-0.5766271948814392,0.3058781623840332,0.09257000541855855,nan,nan,nan,nan,nan,nan,nan,nan
8.996122360229492,-0.5746703743934631,0.30233779549598694,0.13913614740104294,nan,nan,nan,nan,nan,nan,nan,nan
9.046088218688965,-0.5719299912452698,0.29759782552719116,0.20366006676153078,nan,nan,nan,nan,nan,nan,nan,nan
9.096256256103516,-0.5694447755813599,0.29421550035476685,0.25351646974366804,nan,nan,nan,nan,nan,nan,nan,nan
9.146364450454712,-0.5668457746505737,0.2910570800304413,0.30025192288981456,nan,nan,nan,nan,nan,nan,nan,nan
9.196103811264038,-0.5627883672714233,0.28714752197265625,0.3623297332330854,nan,nan,nan,nan,nan,nan,nan,nan
9.248708009719849,-0.5595971941947937,0.28460440039634705,0.4069878045674043,nan,nan,nan,nan,nan,nan,nan,nan
9.29621171951294,-0.5544794797897339,0.28146934509277344,0.4673908437156341,nan,nan,nan,nan,nan,nan,nan,nan
9.346127271652222,-0.5496633052825928,0.27913469076156616,0.5238695605778739,nan,nan,nan,nan,nan,nan,nan,nan
9.398283004760742,-0.5438932180404663,0.2773318886756897,0.5739603104822663,nan,nan,nan,nan,nan,nan,nan,nan
9.446210861206055,-0.5378105640411377,0.27544209361076355,0.6339591057151864,nan,nan,nan,nan,nan,nan,nan,nan
9.496103763580322,-0.5314479470252991,0.27445128560066223,0.6885725042600728,nan,nan,nan,nan,nan,nan,nan,nan
9.546350479125977,-0.5266030430793762,0.27413082122802734,0.7286143561241943,nan,nan,nan,nan,nan,nan,nan,nan
9.596052169799805,-0.518582820892334,0.2746913731098175,0.7862177202196174,nan,nan,nan,nan,nan,nan,nan,nan
9.646069288253784,-0.509122371673584,0.27656540274620056,0.8537886043889931,nan,nan,nan,nan,nan,nan,nan,nan
9.696199417114258,-0.5020987391471863,0.2784026265144348,0.9035296481963594,nan,nan,nan,nan,nan,nan,nan,nan
9.748648881912231,-0.49384427070617676,0.2818327844142914,0.9580087715648643,nan,nan,nan,nan,nan,nan,nan,nan
9.797316789627075,-0.48482415080070496,0.28663432598114014,1.0151086163803469,nan,nan,nan,nan,nan,nan,nan,nan
9.846268653869629,-0.477525919675827,0.2913092076778412,1.0620399008043262,nan,nan,nan,nan,nan,nan,nan,nan
9.89646863937378,-0.47112783789634705,0.2962878346443176,1.1003597661858466,nan,nan,nan,nan,nan,nan,nan,nan
9.946097612380981,-0.4603250026702881,0.30724748969078064,1.162075205849776,nan,nan,nan,nan,nan,nan,nan,nan
9.998872756958008,-0.4532128572463989,0.3157273828983307,1.200596157008359,nan,nan,nan,nan,nan,nan,nan,nan
10.046393156051636,-0.44624266028404236,0.3255918025970459,1.2379238413506994,nan,nan,nan,nan,nan,nan,nan,nan
10.0994873046875,-0.43947649002075195,0.3357962369918823,1.2734864122079619,nan,nan,nan,nan,nan,nan,nan,nan
10.14875602722168,-0.43316712975502014,0.3460603654384613,1.3064846284051217,nan,nan,nan,nan,nan,nan,nan,nan
10.196038246154785,-0.42693543434143066,0.35732465982437134,1.3371536559888804,nan,nan,nan,nan,nan,nan,nan,nan
10.24603271484375,-0.4217100441455841,0.3683808147907257,1.3621460040994324,nan,nan,nan,nan,nan,nan,nan,nan
10.296507358551025,-0.4173089563846588,0.378170907497406,1.381584132401015,nan,nan,nan,nan,nan,nan,nan,nan
10.346298933029175,-0.4130619168281555,0.38971900939941406,1.4004330901989166,nan,nan,nan,nan,nan,nan,nan,nan
10.39607548713684,-0.40855637192726135,0.40274980664253235,1.418126651760259,nan,nan,nan,nan,nan,nan,nan,nan
10.446102857589722,-0.4047090709209442,0.41508594155311584,1.4323390636274143,nan,nan,nan,nan,nan,nan,nan,nan
10.496157169342041,-0.4016532301902771,0.42606890201568604,1.4432367532769128,nan,nan,nan,nan,nan,nan,nan,nan
10.549720525741577,-0.39807894825935364,0.4398380517959595,1.4552599480803914,nan,nan,nan,nan,nan,nan,nan,nan
10.601253032684326,-0.3946746587753296,0.45391929149627686,1.4651700092533881,nan,nan,nan,nan,nan,nan,nan,nan
10.648644924163818,-0.39203885197639465,0.46690133213996887,1.4728064929202025,nan,nan,nan,nan,nan,nan,nan,nan
10.696124792098999,-0.38935354351997375,0.4802509844303131,1.4796729543615423,nan,nan,nan,nan,nan,nan,nan,nan
10.749255657196045,-0.38665515184402466,0.49642741680145264,1.4866098388081703,nan,nan,nan,nan,nan,nan,nan,nan
10.79622197151184,-0.38414955139160156,0.5112451910972595,1.4921194940036484,nan,nan,nan,nan,nan,nan,nan,nan
10.846261262893677,-0.3816787898540497,0.5262179374694824,1.4970962566417156,nan,nan,nan,nan,nan,nan,nan,nan
10.896121501922607,-0.37961700558662415,0.5406526327133179,1.5006449154202073,nan,nan,nan,nan,nan,nan,nan,nan
10.946105003356934,-0.3773082494735718,0.5570774674415588,1.503659018266264,nan,nan,nan,nan,nan,nan,nan,nan
10.99609112739563,-0.3751872181892395,0.572389543056488,1.505435057273201,nan,nan,nan,nan,nan,nan,nan,nan
11.04625654220581,-0.3739803433418274,0.5836570262908936,1.5060814376933123,nan,nan,nan,nan,nan,nan,nan,nan
11.097136974334717,-0.37200674414634705,0.601955771446228,1.5068007946822681,nan,nan,nan,nan,nan,nan,nan,nan
11.149502515792847,-0.37035349011421204,0.6185187101364136,1.5063289190224747,nan,nan,nan,nan,nan,nan,nan,nan
11.196136951446533,-0.36877647042274475,0.6343156695365906,1.5060433700664388,nan,nan,nan,nan,nan,nan,nan,nan
11.2468581199646,-0.36706221103668213,0.6509490609169006,1.504541710044644,nan,nan,nan,nan,nan,nan,nan,nan
11.296133279800415,-0.3657008409500122,0.6665706038475037,1.5028709141709171,nan,nan,nan,nan,nan,nan,nan,nan
11.346062898635864,-0.3644217252731323,0.6806672215461731,1.5009868997474831,nan,nan,nan,nan,nan,nan,nan,nan
11.39903736114502,-0.3631424009799957,0.6963640451431274,1.4990279252502197,nan,nan,nan,nan,nan,nan,nan,nan
11.446102380752563,-0.36163145303726196,0.7136450409889221,1.4958736408484277,nan,nan,nan,nan,nan,nan,nan,nan
11.498905658721924,-0.36069780588150024,0.7283434271812439,1.492417812940015,nan,nan,nan,nan,nan,nan,nan,nan
11.547472953796387,-0.35964369773864746,0.7430107593536377,1.489114887335788,nan,nan,nan,nan,nan,nan,nan,nan
11.596083402633667,-0.3581479787826538,0.7602567076683044,1.4853930030128566,nan,nan,nan,nan,nan,nan,nan,nan
11.64607048034668,-0.35667887330055237,0.7757918834686279,1.4816517644941023,nan,nan,nan,nan,nan,nan,nan,nan
11.699772119522095,-0.3553745150566101,0.7904444932937622,1.478922020660198,nan,nan,nan,nan,nan,nan,nan,nan
11.751423835754395,-0.35345983505249023,0.8068413734436035,1.4759281441288383,nan,nan,nan,nan,nan,nan,nan,nan
11.796115636825562,-0.35169336199760437,0.8223851323127747,1.4726516973917785,nan,nan,nan,nan,nan,nan,nan,nan
11.846528053283691,-0.3503452241420746,0.8361485600471497,1.4697240150574675,nan,nan,nan,nan,nan,nan,nan,nan
11.899097919464111,-0.34844937920570374,0.8525570034980774,1.4664022721550314,nan,nan,nan,nan,nan,nan,nan,nan
11.946471691131592,-0.3466714918613434,0.868859589099884,1.4633002182629455,nan,nan,nan,nan,nan,nan,nan,nan
11.996319055557251,-0.3447703719139099,0.8842529058456421,1.4606407069131275,nan,nan,nan,nan,nan,nan,nan,nan
12.048515796661377,-0.342886358499527,0.8995625376701355,1.4572489196512246,nan,nan,nan,nan,nan,nan,nan,nan
12.096057415008545,-0.34112730622291565,0.9140334725379944,1.4548422088750714,nan,nan,nan,nan,nan,nan,nan,nan
12.146139860153198,-0.33904629945755005,0.9300917983055115,1.4519006995880255,nan,nan,nan,nan,nan,nan,nan,nan
12.200381517410278,-0.3370046317577362,0.9452288746833801,1.4491963953801512,nan,nan,nan,nan,nan,nan,nan,nan
12.24815320968628,-0.3354122042655945,0.9570327401161194,1.447209874169117,nan,nan,nan,nan,nan,nan,nan,nan
12.298434019088745,-0.3328750729560852,0.9751018285751343,1.444066523848189,nan,nan,nan,nan,nan,nan,nan,nan
12.34608006477356,-0.33115971088409424,0.9895755648612976,1.441183299634174,nan,nan,nan,nan,nan,nan,nan,nan
12.396054744720459,-0.3289165198802948,1.0066970586776733,1.4378236395861124,nan,nan,nan,nan,nan,nan,nan,nan
12.446123123168945,-0.32693904638290405,1.0217891931533813,1.4344973216160732,nan,nan,nan,nan,nan,nan,nan,nan
12.497842073440552,-0.3246954083442688,1.0356340408325195,1.4326729600481605,nan,nan,nan,nan,nan,nan,nan,nan
12.546221494674683,-0.32210132479667664,1.0527633428573608,1.4291964565814737,nan,nan,nan,nan,nan,nan,nan,nan
12.600581645965576,-0.3196346163749695,1.0679254531860352,1.4263958341066845,nan,nan,nan,nan,nan,nan,nan,nan
12.65017819404602,-0.31738027930259705,1.0824980735778809,1.4235963388274406,nan,nan,nan,nan,nan,nan,nan,nan
12.701268434524536,-0.31501126289367676,1.096962809562683,1.4209303449551616,nan,nan,nan,nan,nan,nan,nan,nan
12.746349573135376,-0.3123021125793457,1.1137176752090454,1.4169325404095514,nan,nan,nan,nan,nan,nan,nan,nan
12.79604434967041,-0.309770792722702,1.1276439428329468,1.414424595405687,nan,nan,nan,nan,nan,nan,nan,nan
12.85124659538269,-0.3074888586997986,1.1421854496002197,1.4104096495162448,nan,nan,nan,nan,nan,nan,nan,nan
12.896097183227539,-0.304799348115921,1.1565786600112915,1.4065176581157302,nan,nan,nan,nan,nan,nan,nan,nan
12.946289300918579,-0.3022770285606384,1.1719262599945068,1.4010347724509418,nan,nan,nan,nan,nan,nan,nan,nan
12.996774196624756,-0.30012550950050354,1.1845401525497437,1.3945183857250867,nan,nan,nan,nan,nan,nan,nan,nan
13.052673578262329,-0.2977616786956787,1.2001838684082031,1.384807432024271,nan,nan,nan,nan,nan,nan,nan,nan
13.100645780563354,-0.2957194745540619,1.2135000228881836,1.374965919225721,nan,nan,nan,nan,nan,nan,nan,nan
13.146304607391357,-0.2935502231121063,1.2276197671890259,1.3620328717060055,nan,nan,nan,nan,nan,nan,nan,nan
13.201504468917847,-0.2916301488876343,1.2426011562347412,1.3448962607094193,nan,nan,nan,nan,nan,nan,nan,nan
13.248406648635864,-0.28992241621017456,1.2562907934188843,1.3257472709513185,nan,nan,nan,nan,nan,nan,nan,nan
13.296117305755615,-0.2881768047809601,1.2716610431671143,1.3008024281906094,nan,nan,nan,nan,nan,nan,nan,nan
13.351056098937988,-0.2860765755176544,1.286502480506897,1.274263624975572,nan,nan,nan,nan,nan,nan,nan,nan
13.396210670471191,-0.28412169218063354,1.3010367155075073,1.246168261256622,nan,nan,nan,nan,nan,nan,nan,nan
13.44633960723877,-0.28161847591400146,1.3174265623092651,1.2112580923858256,nan,nan,nan,nan,nan,nan,nan,nan
13.496353149414062,-0.2792317271232605,1.3313974142074585,1.1805625889328955,nan,nan,nan,nan,nan,nan,nan,nan
13.549327850341797,-0.27554503083229065,1.3483250141143799,1.143726736609442,nan,nan,nan,nan,nan,nan,nan,nan
13.596043109893799,-0.2712431252002716,1.3645108938217163,1.1096758225982888,nan,nan,nan,nan,nan,nan,nan,nan
13.650026559829712,-0.265950083732605,1.3812669515609741,1.0746459170695717,nan,nan,nan,nan,nan,nan,nan,nan
13.696287155151367,-0.26089388132095337,1.3952457904815674,1.0464983601922953,nan,nan,nan,nan,nan,nan,nan,nan
13.74669599533081,-0.2542693018913269,1.4121845960617065,1.012743497123988,nan,nan,nan,nan,nan,nan,nan,nan
13.796616792678833,-0.2483370304107666,1.4252933263778687,0.9884433177595042,nan,nan,nan,nan,nan,nan,nan,nan
13.848471879959106,-0.2409689873456955,1.4400618076324463,0.9614678197914124,nan,nan,nan,nan,nan,nan,nan,nan
13.896467208862305,-0.23339532315731049,1.453477382659912,0.9387662690467914,nan,nan,nan,nan,nan,nan,nan,nan
13.947214126586914,-0.22507324814796448,1.4673924446105957,0.9170629055652165,nan,nan,nan,nan,nan,nan,nan,nan
13.996086597442627,-0.21745537221431732,1.4793663024902344,0.9001342932809487,nan,nan,nan,nan,nan,nan,nan,nan
14.051315546035767,-0.20866993069648743,1.492576003074646,0.8829882316352312,nan,nan,nan,nan,nan,nan,nan,nan
14.096050262451172,-0.19986915588378906,1.50492262840271,0.868671541965978,nan,nan,nan,nan,nan,nan,nan,nan
14.14609980583191,-0.19063642621040344,1.5169960260391235,0.8555375714015806,nan,nan,nan,nan,nan,nan,nan,nan
14.196280241012573,-0.1839354783296585,1.525499939918518,0.846490717184416,nan,nan,nan,nan,nan,nan,nan,nan
14.247181177139282,-0.17242546379566193,1.5400958061218262,0.8326200795651693,nan,nan,nan,nan,nan,nan,nan,nan
14.296068668365479,-0.16175612807273865,1.5525420904159546,0.8231298630098474,nan,nan,nan,nan,nan,nan,nan,nan
14.346243381500244,-0.1542537361383438,1.5610452890396118,0.8173965341766483,nan,nan,nan,nan,nan,nan,nan,nan
14.39725112915039,-0.141835018992424,1.574556589126587,0.8091939426643299,nan,nan,nan,nan,nan,nan,nan,nan
14.446217060089111,-0.13209453225135803,1.5847753286361694,0.80443099980077,nan,nan,nan,nan,nan,nan,nan,nan
14.49615216255188,-0.11830922216176987,1.5988423824310303,0.799004505314506,nan,nan,nan,nan,nan,nan,nan,nan
14.546159744262695,-0.10686801373958588,1.6102526187896729,0.7952459083541441,nan,nan,nan,nan,nan,nan,nan,nan
14.596174478530884,-0.09556155651807785,1.6216522455215454,0.7909542686303951,nan,nan,nan,nan,nan,nan,nan,nan
14.646255493164062,-0.08444398641586304,1.6330974102020264,0.7863077761573665,nan,nan,nan,nan,nan,nan,nan,nan
14.696645498275757,-0.0745588093996048,1.6431095600128174,0.7817992772484789,nan,nan,nan,nan,nan,nan,nan,nan
14.746123313903809,-0.061862535774707794,1.6558984518051147,0.7757901611030232,nan,nan,nan,nan,nan,nan,nan,nan
14.797509908676147,-0.05171578750014305,1.6660940647125244,0.7708798791005212,nan,nan,nan,nan,nan,nan,nan,nan
14.84609341621399,-0.04093361273407936,1.6770973205566406,0.7646260083059149,nan,nan,nan,nan,nan,nan,nan,nan
14.896105289459229,-0.028297457844018936,1.6896182298660278,0.7566506226828581,nan,nan,nan,nan,nan,nan,nan,nan
14.946412563323975,-0.01626211777329445,1.7019131183624268,0.7481345489749424,nan,nan,nan,nan,nan,nan,nan,nan
14.996993780136108,-0.005301135126501322,1.7131046056747437,0.7393600100645621,nan,nan,nan,nan,nan,nan,nan,nan
15.04608416557312,0.006665695458650589,1.7251778841018677,0.727855155100774,nan,nan,nan,nan,nan,nan,nan,nan
15.098252296447754,0.017756540328264236,1.7360693216323853,0.7166815475820619,nan,nan,nan,nan,nan,nan,nan,nan
15.146218299865723,0.03008127585053444,1.7480353116989136,0.7026944348013223,nan,nan,nan,nan,nan,nan,nan,nan
15.196253061294556,0.041804179549217224,1.7591756582260132,0.687885552709404,nan,nan,nan,nan,nan,nan,nan,nan
15.246334791183472,0.05236019939184189,1.7689640522003174,0.6741714904400784,nan,nan,nan,nan,nan,nan,nan,nan
15.299298763275146,0.06503180414438248,1.7803829908370972,0.6574339957755506,nan,nan,nan,nan,nan,nan,nan,nan
15.351099014282227,0.07780317962169647,1.7917520999908447,0.6405577795703323,nan,nan,nan,nan,nan,nan,nan,nan
15.398257970809937,0.08883947134017944,1.8012765645980835,0.6260846173098763,nan,nan,nan,nan,nan,nan,nan,nan
15.446362018585205,0.10147970169782639,1.8118314743041992,0.6100478474135198,nan,nan,nan,nan,nan,nan,nan,nan
15.499783515930176,0.11567268520593643,1.8234471082687378,0.5924814442262355,nan,nan,nan,nan,nan,nan,nan,nan
15.551031827926636,0.12865100800991058,1.8336799144744873,0.5767158453341324,nan,nan,nan,nan,nan,nan,nan,nan
15.601170539855957,0.1415974199771881,1.8438340425491333,0.5612832154908675,nan,nan,nan,nan,nan,nan,nan,nan
15.6473867893219,0.1540089249610901,1.8530861139297485,0.5476512970734623,nan,nan,nan,nan,nan,nan,nan,nan
15.696120023727417,0.16803580522537231,1.8629889488220215,0.5325323382148083,nan,nan,nan,nan,nan,nan,nan,nan
15.74642276763916,0.17854827642440796,1.8701258897781372,0.5218202161706109,nan,nan,nan,nan,nan,nan,nan,nan
15.7962486743927,0.19340293109416962,1.8799076080322266,0.5067396694632548,nan,nan,nan,nan,nan,nan,nan,nan
15.846235752105713,0.2086317241191864,1.889392614364624,0.49227272295089514,nan,nan,nan,nan,nan,nan,nan,nan
15.901809692382812,0.22164160013198853,1.8970723152160645,0.48058059041169077,nan,nan,nan,nan,nan,nan,nan,nan
15.94605016708374,0.23610031604766846,1.9054268598556519,0.4678733977884214,nan,nan,nan,nan,nan,nan,nan,nan
15.997099876403809,0.24925477802753448,1.912675142288208,0.4578572998975285,nan,nan,nan,nan,nan,nan,nan,nan
16.046361207962036,0.26005518436431885,1.9183863401412964,0.4501414242531641,nan,nan,nan,nan,nan,nan,nan,nan
16.09977960586548,0.27716001868247986,1.9272384643554688,0.43876124244905085,nan,nan,nan,nan,nan,nan,nan,nan
16.14608407020569,0.29112839698791504,1.9342477321624756,0.429745678498371,nan,nan,nan,nan,nan,nan,nan,nan
16.196078538894653,0.30618566274642944,1.9416221380233765,0.42121717297663264,nan,nan,nan,nan,nan,nan,nan,nan
16.24917507171631,0.3164520859718323,1.9464383125305176,0.4156618780051492,nan,nan,nan,nan,nan,nan,nan,nan
16.29892349243164,0.33315762877464294,1.954040288925171,0.40751963434739125,nan,nan,nan,nan,nan,nan,nan,nan
16.34680461883545,0.3474808931350708,1.9601068496704102,0.4014315949979261,nan,nan,nan,nan,nan,nan,nan,nan
16.400840759277344,0.36353185772895813,1.9671255350112915,0.39511744702294777,nan,nan,nan,nan,nan,nan,nan,nan
16.446264266967773,0.37194961309432983,1.9721260070800781,0.3896931178229101,nan,nan,nan,nan,nan,nan,nan,nan
16.501009941101074,0.3922713100910187,1.9791946411132812,0.38533671992123814,nan,nan,nan,nan,nan,nan,nan,nan
16.546475648880005,0.40333178639411926,1.983782410621643,0.3825224084782784,nan,nan,nan,nan,nan,nan,nan,nan
16.59616756439209,0.42167389392852783,1.9908379316329956,0.37858768511395435,nan,nan,nan,nan,nan,nan,nan,nan
16.646080493927002,0.43674057722091675,1.9964298009872437,0.3759997255856806,nan,nan,nan,nan,nan,nan,nan,nan
16.69613027572632,0.4502998888492584,2.0012614727020264,0.3745758549485402,nan,nan,nan,nan,nan,nan,nan,nan
16.746368646621704,0.4636910557746887,2.005816698074341,0.37298846749547787,nan,nan,nan,nan,nan,nan,nan,nan
16.796144723892212,0.4806019365787506,2.0117862224578857,0.37228947742532387,nan,nan,nan,nan,nan,nan,nan,nan
16.846165418624878,0.49736687541007996,2.017563581466675,0.371392991297579,nan,nan,nan,nan,nan,nan,nan,nan
16.896106719970703,0.5104399919509888,2.0223143100738525,0.3709995090023067,nan,nan,nan,nan,nan,nan,nan,nan
16.950929164886475,0.5265790224075317,2.028153419494629,0.37131642978613294,nan,nan,nan,nan,nan,nan,nan,nan
16.996102809906006,0.541410505771637,2.0333938598632812,0.3716581213405291,nan,nan,nan,nan,nan,nan,nan,nan
17.0467746257782,0.5546798706054688,2.038083076477051,0.3726599685625785,nan,nan,nan,nan,nan,nan,nan,nan
17.096056699752808,0.5708282589912415,2.0438060760498047,0.3743625508086785,nan,nan,nan,nan,nan,nan,nan,nan
17.146267652511597,0.584351658821106,2.048438310623169,0.37584246639664937,nan,nan,nan,nan,nan,nan,nan,nan
17.196438789367676,0.5978519916534424,2.0530788898468018,0.3775553933308906,nan,nan,nan,nan,nan,nan,nan,nan
17.250735759735107,0.6139389276504517,2.058469295501709,0.37969354664541277,nan,nan,nan,nan,nan,nan,nan,nan
17.29645037651062,0.6267445087432861,2.063009262084961,0.38142427442031646,nan,nan,nan,nan,nan,nan,nan,nan
17.346293449401855,0.6415112614631653,2.0683178901672363,0.3832649739303813,nan,nan,nan,nan,nan,nan,nan,nan
17.396126747131348,0.6547433733940125,2.0731453895568848,0.3850589216170381,nan,nan,nan,nan,nan,nan,nan,nan
17.44792652130127,0.6690426468849182,2.0783395767211914,0.38717472888295845,nan,nan,nan,nan,nan,nan,nan,nan
17.496105194091797,0.6831960082054138,2.0835840702056885,0.38968291452001447,nan,nan,nan,nan,nan,nan,nan,nan
17.546805143356323,0.6963847875595093,2.088745594024658,0.39152278554237907,nan,nan,nan,nan,nan,nan,nan,nan
17.596363067626953,0.7078517079353333,2.0930440425872803,0.3932977506671785,nan,nan,nan,nan,nan,nan,nan,nan
17.646112203598022,0.7272887229919434,2.100247383117676,0.3964352918256189,nan,nan,nan,nan,nan,nan,nan,nan
17.69664239883423,0.7407395839691162,2.1055710315704346,0.39858006058007883,nan,nan,nan,nan,nan,nan,nan,nan
17.74674129486084,0.7544854879379272,2.110684871673584,0.4007369394676832,nan,nan,nan,nan,nan,nan,nan,nan
17.800375938415527,0.7695755362510681,2.1163480281829834,0.4025073125023324,nan,nan,nan,nan,nan,nan,nan,nan
17.846247673034668,0.7824902534484863,2.1212966442108154,0.4047336241686949,nan,nan,nan,nan,nan,nan,nan,nan
17.897197723388672,0.7832621932029724,2.121634006500244,0.40486089522498253,nan,nan,nan,nan,nan,nan,nan,nan
17.94799828529358,0.8127493262290955,2.132862091064453,0.408974854505405,nan,nan,nan,nan,nan,nan,nan,nan
18.00093364715576,0.8270424008369446,2.1382508277893066,0.411770333189807,nan,nan,nan,nan,nan,nan,nan,nan
18.046935558319092,0.8414990305900574,2.1437337398529053,0.4144084991341484,nan,nan,nan,nan,nan,nan,nan,nan
18.101218938827515,0.8568025827407837,2.149564743041992,0.417120622679115,nan,nan,nan,nan,nan,nan,nan,nan
18.146680116653442,0.8686079978942871,2.154271125793457,0.4190905896581033,nan,nan,nan,nan,nan,nan,nan,nan
18.199280977249146,0.884514331817627,2.1606462001800537,0.4221049564819966,nan,nan,nan,nan,nan,nan,nan,nan
18.251375913619995,0.8996382355690002,2.1666512489318848,0.42498166241719665,nan,nan,nan,nan,nan,nan,nan,nan
18.2998046875,0.9137731194496155,2.1724331378936768,0.42759998412567196,nan,nan,nan,nan,nan,nan,nan,nan
18.349255084991455,0.9255216717720032,2.177168846130371,0.4299206956162113,nan,nan,nan,nan,nan,nan,nan,nan
18.3967502117157,0.9417297840118408,2.1839354038238525,0.43284214206513894,nan,nan,nan,nan,nan,nan,nan,nan
18.446234703063965,0.9533858299255371,2.1886987686157227,0.4350776446167551,nan,nan,nan,nan,nan,nan,nan,nan
18.49634027481079,0.9695045351982117,2.195420742034912,0.43836820993616404,nan,nan,nan,nan,nan,nan,nan,nan
18.546732664108276,0.9824850559234619,2.200972080230713,0.4407655921948136,nan,nan,nan,nan,nan,nan,nan,nan
18.59609365463257,0.9971221685409546,2.2070956230163574,0.4437729014858286,nan,nan,nan,nan,nan,nan,nan,nan
18.647882223129272,1.00877845287323,2.2119710445404053,0.4457385346463557,nan,nan,nan,nan,nan,nan,nan,nan
18.69608998298645,1.024797797203064,2.218708038330078,0.44787186174911714,nan,nan,nan,nan,nan,nan,nan,nan
18.74634861946106,1.0383273363113403,2.2243635654449463,0.4495049722708905,nan,nan,nan,nan,nan,nan,nan,nan
18.796085834503174,1.0516172647476196,2.229963779449463,0.450316648063054,nan,nan,nan,nan,nan,nan,nan,nan
18.846097469329834,1.0646802186965942,2.2355332374572754,0.45149896445342147,nan,nan,nan,nan,nan,nan,nan,nan
18.89608097076416,1.0773013830184937,2.2408533096313477,0.4513126980592816,nan,nan,nan,nan,nan,nan,nan,nan
18.94714379310608,1.0880744457244873,2.245577096939087,0.44997473929455,nan,nan,nan,nan,nan,nan,nan,nan
18.99626874923706,1.1007400751113892,2.2514328956604004,0.44602926351628525,nan,nan,nan,nan,nan,nan,nan,nan
19.046730279922485,1.1108521223068237,2.256413698196411,0.4403387228404387,nan,nan,nan,nan,nan,nan,nan,nan
19.09611940383911,1.1212117671966553,2.261946439743042,0.43192276576425787,nan,nan,nan,nan,nan,nan,nan,nan
19.14633584022522,1.1286259889602661,2.2659623622894287,0.4239023858913116,nan,nan,nan,nan,nan,nan,nan,nan
19.196096658706665,1.1411676406860352,2.2726998329162598,0.4078731433161672,nan,nan,nan,nan,nan,nan,nan,nan
19.24677348136902,1.1521068811416626,2.278958559036255,0.3891594401402431,nan,nan,nan,nan,nan,nan,nan,nan
19.296088457107544,1.1599037647247314,2.2844736576080322,0.36900012031745605,nan,nan,nan,nan,nan,nan,nan,nan
19.346025466918945,1.1730751991271973,2.2911434173583984,0.34212562706052957,nan,nan,nan,nan,nan,nan,nan,nan
19.396191835403442,1.1819350719451904,2.296992540359497,0.3141129687261482,nan,nan,nan,nan,nan,nan,nan,nan
19.446056604385376,1.1959160566329956,2.303601026535034,0.281753132375481,nan,nan,nan,nan,nan,nan,nan,nan
19.502192974090576,1.2087808847427368,2.310584306716919,0.24474025581336803,nan,nan,nan,nan,nan,nan,nan,nan
19.546298265457153,1.2211591005325317,2.317049026489258,0.20592723488483783,nan,nan,nan,nan,nan,nan,nan,nan
19.596570253372192,1.2355371713638306,2.323892593383789,0.16165994019216132,nan,nan,nan,nan,nan,nan,nan,nan
19.65148663520813,1.248650074005127,2.3297698497772217,0.11851786323380574,nan,nan,nan,nan,nan,nan,nan,nan
19.696059942245483,1.2643282413482666,2.3358051776885986,0.0675640055718673,nan,nan,nan,nan,nan,nan,nan,nan
19.746300220489502,1.2762941122055054,2.339897632598877,0.028822493637880534,nan,nan,nan,nan,nan,nan,nan,nan
19.79603934288025,1.2955106496810913,2.345646619796753,-0.03270211073687146,nan,nan,nan,nan,nan,nan,nan,nan
19.846164226531982,1.309685468673706,2.348736047744751,-0.0764809088595385,nan,nan,nan,nan,nan,nan,nan,nan
19.89972162246704,1.3268436193466187,2.3513758182525635,-0.12624786437045782,nan,nan,nan,nan,nan,nan,nan,nan
19.94610071182251,1.3442639112472534,2.353226900100708,-0.17460377516974712,nan,nan,nan,nan,nan,nan,nan,nan
19.999746561050415,1.3596160411834717,2.3537838459014893,-0.2145949433918446,nan,nan,nan,nan,nan,nan,nan,nan
20.046311140060425,1.3764746189117432,2.353311777114868,-0.2554406000057026,nan,nan,nan,nan,nan,nan,nan,nan
20.096095085144043,1.3912488222122192,2.3521993160247803,-0.2878984658789458,nan,nan,nan,nan,nan,nan,nan,nan
20.146188259124756,1.4070091247558594,2.3499112129211426,-0.32023981293876863,nan,nan,nan,nan,nan,nan,nan,nan
20.19621706008911,1.41996431350708,2.347405433654785,-0.34458443820188817,nan,nan,nan,nan,nan,nan,nan,nan
20.246298789978027,1.4361851215362549,2.3439910411834717,-0.3715325817663486,nan,nan,nan,nan,nan,nan,nan,nan
20.296352863311768,1.4505141973495483,2.3404648303985596,-0.39248686481922657,nan,nan,nan,nan,nan,nan,nan,nan
20.34639596939087,1.4626296758651733,2.336890459060669,-0.4076170457440728,nan,nan,nan,nan,nan,nan,nan,nan
20.399704217910767,1.4793908596038818,2.3315443992614746,-0.42653358537653674,nan,nan,nan,nan,nan,nan,nan,nan
20.446074724197388,1.4931106567382812,2.3265743255615234,-0.44074642375179796,nan,nan,nan,nan,nan,nan,nan,nan
20.499096870422363,1.505982756614685,2.3216567039489746,-0.4539570664855735,nan,nan,nan,nan,nan,nan,nan,nan
20.551150798797607,1.520051121711731,2.3160300254821777,-0.46854171898431546,nan,nan,nan,nan,nan,nan,nan,nan
20.601102113723755,1.5323632955551147,2.3109402656555176,-0.4819466645754659,nan,nan,nan,nan,nan,nan,nan,nan
20.648752689361572,1.5451158285140991,2.305601119995117,-0.49709836566393256,nan,nan,nan,nan,nan,nan,nan,nan
20.697818517684937,1.5578290224075317,2.300020933151245,-0.5123137861951903,nan,nan,nan,nan,nan,nan,nan,nan
20.75087332725525,1.5713459253311157,2.293949842453003,-0.5289304323649391,nan,nan,nan,nan,nan,nan,nan,nan
20.796317100524902,1.5840959548950195,2.2878785133361816,-0.5450435114409882,nan,nan,nan,nan,nan,nan,nan,nan
20.846517086029053,1.5969822406768799,2.281606674194336,-0.5617333206393833,nan,nan,nan,nan,nan,nan,nan,nan
20.896457195281982,1.6101022958755493,2.2746593952178955,-0.5804901123506938,nan,nan,nan,nan,nan,nan,nan,nan
20.94607138633728,1.6229732036590576,2.267897129058838,-0.6011389569594304,nan,nan,nan,nan,nan,nan,nan,nan
20.9960994720459,1.6368577480316162,2.2604799270629883,-0.6245940744145105,nan,nan,nan,nan,nan,nan,nan,nan
21.046459436416626,1.6495983600616455,2.253512144088745,-0.6474373513651293,nan,nan,nan,nan,nan,nan,nan,nan
21.096493005752563,1.6618117094039917,2.2469305992126465,-0.6722666248506093,nan,nan,nan,nan,nan,nan,nan,nan
21.14964461326599,1.6773109436035156,2.2385408878326416,-0.7069491640978717,nan,nan,nan,nan,nan,nan,nan,nan
21.1962993144989,1.6891382932662964,2.2320950031280518,-0.735765500093741,nan,nan,nan,nan,nan,nan,nan,nan
21.24638843536377,1.7044073343276978,2.223250150680542,-0.774897994275242,nan,nan,nan,nan,nan,nan,nan,nan
21.29703974723816,1.719510555267334,2.2134628295898438,-0.8153176360589385,nan,nan,nan,nan,nan,nan,nan,nan
21.346209049224854,1.7340728044509888,2.202944755554199,-0.8552900499828567,nan,nan,nan,nan,nan,nan,nan,nan
21.396695852279663,1.7475031614303589,2.1924307346343994,-0.892820675855701,nan,nan,nan,nan,nan,nan,nan,nan
21.44620990753174,1.7598426342010498,2.1818292140960693,-0.9268773044269324,nan,nan,nan,nan,nan,nan,nan,nan
21.496229648590088,1.7729225158691406,2.1697099208831787,-0.9636181083888453,nan,nan,nan,nan,nan,nan,nan,nan
21.546050310134888,1.7833725214004517,2.1593196392059326,-0.9927687456441762,nan,nan,nan,nan,nan,nan,nan,nan
21.598979949951172,1.7949992418289185,2.146467924118042,-1.0246292221525952,nan,nan,nan,nan,nan,nan,nan,nan
21.64663004875183,1.8048489093780518,2.134617567062378,-1.0508170942509516,nan,nan,nan,nan,nan,nan,nan,nan
21.696139812469482,1.8150578737258911,2.1214957237243652,-1.0781763922213283,nan,nan,nan,nan,nan,nan,nan,nan
21.74978280067444,1.8242356777191162,2.1085236072540283,-1.1019567496589753,nan,nan,nan,nan,nan,nan,nan,nan
21.79638123512268,1.832427740097046,2.096269130706787,-1.1222882954193953,nan,nan,nan,nan,nan,nan,nan,nan
21.846259593963623,1.8403741121292114,2.0834875106811523,-1.140282265462373,nan,nan,nan,nan,nan,nan,nan,nan
21.89611506462097,1.848193883895874,2.0688657760620117,-1.1558122602336873,nan,nan,nan,nan,nan,nan,nan,nan
21.946029663085938,1.8538521528244019,2.0574233531951904,-1.1657931245450557,nan,nan,nan,nan,nan,nan,nan,nan
21.99608826637268,1.8591424226760864,2.045485258102417,-1.173118070787316,nan,nan,nan,nan,nan,nan,nan,nan
22.04610562324524,1.8641481399536133,2.033431053161621,-1.1777576642459398,nan,nan,nan,nan,nan,nan,nan,nan
22.09716272354126,1.8680332899093628,2.023191452026367,-1.1797463366265206,nan,nan,nan,nan,nan,nan,nan,nan
22.150205612182617,1.87214994430542,2.01187801361084,-1.1782357583252425,nan,nan,nan,nan,nan,nan,nan,nan
22.199557781219482,1.8755115270614624,2.0021040439605713,-1.174301221837981,nan,nan,nan,nan,nan,nan,nan,nan
22.246086359024048,1.8792237043380737,1.9912112951278687,-1.1664638568256096,nan,nan,nan,nan,nan,nan,nan,nan
22.296072006225586,1.8825420141220093,1.980849266052246,-1.1556111482094649,nan,nan,nan,nan,nan,nan,nan,nan
22.34612250328064,1.88548743724823,1.970674991607666,-1.1419972095292628,nan,nan,nan,nan,nan,nan,nan,nan
22.396045684814453,1.888701319694519,1.9588866233825684,-1.123384131416585,nan,nan,nan,nan,nan,nan,nan,nan
22.446724891662598,1.8915079832077026,1.947887897491455,-1.1038764586329397,nan,nan,nan,nan,nan,nan,nan,nan
22.49634552001953,1.8946691751480103,1.9364200830459595,-1.0818082831979858,nan,nan,nan,nan,nan,nan,nan,nan
22.54615807533264,1.898802399635315,1.9220983982086182,-1.052260340409991,nan,nan,nan,nan,nan,nan,nan,nan
22.596068143844604,1.9027669429779053,1.9085663557052612,-1.0221020277967259,nan,nan,nan,nan,nan,nan,nan,nan
22.646132469177246,1.9072716236114502,1.8949761390686035,-0.988605231895699,nan,nan,nan,nan,nan,nan,nan,nan
22.6962673664093,1.9113816022872925,1.8824481964111328,-0.9559975345066773,nan,nan,nan,nan,nan,nan,nan,nan
22.74650502204895,1.917401671409607,1.866193175315857,-0.9121581800033877,nan,nan,nan,nan,nan,nan,nan,nan
22.796043634414673,1.9236299991607666,1.851219892501831,-0.8692090975851552,nan,nan,nan,nan,nan,nan,nan,nan
22.84664273262024,1.9296964406967163,1.838200330734253,-0.8297478959832153,nan,nan,nan,nan,nan,nan,nan,nan
22.9007351398468,1.9383372068405151,1.8221653699874878,-0.7803660303311191,nan,nan,nan,nan,nan,nan,nan,nan
22.94620943069458,1.947062373161316,1.808273434638977,-0.7361009786370382,nan,nan,nan,nan,nan,nan,nan,nan
22.9960777759552,1.956173300743103,1.7945374250411987,-0.6936749065023115,nan,nan,nan,nan,nan,nan,nan,nan
23.051357984542847,1.9663320779800415,1.7812505960464478,-0.6539092750728237,nan,nan,nan,nan,nan,nan,nan,nan
23.100491046905518,1.9771474599838257,1.7685234546661377,-0.6158626576107615,nan,nan,nan,nan,nan,nan,nan,nan
23.14629030227661,1.9880820512771606,1.7567678689956665,-0.5793864219457704,nan,nan,nan,nan,nan,nan,nan,nan
23.196138858795166,1.9977855682373047,1.746216058731079,-0.5509658579961776,nan,nan,nan,nan,nan,nan,nan,nan
23.25225806236267,2.0105626583099365,1.734036922454834,-0.5175985309880689,nan,nan,nan,nan,nan,nan,nan,nan
23.29645299911499,2.0217442512512207,1.724185585975647,-0.49215411250118535,nan,nan,nan,nan,nan,nan,nan,nan
23.34607434272766,2.033754587173462,1.7145384550094604,-0.4685601782291888,nan,nan,nan,nan,nan,nan,nan,nan
23.396125078201294,2.0467257499694824,1.7052619457244873,-0.4469672179408797,nan,nan,nan,nan,nan,nan,nan,nan
23.44607138633728,2.0591182708740234,1.6970092058181763,-0.42972035160432076,nan,nan,nan,nan,nan,nan,nan,nan
23.49612021446228,2.0717928409576416,1.6891803741455078,-0.41492550358692043,nan,nan,nan,nan,nan,nan,nan,nan
23.547914743423462,2.084028720855713,1.6822290420532227,-0.40272893519304676,nan,nan,nan,nan,nan,nan,nan,nan
23.600485801696777,2.098003625869751,1.6748121976852417,-0.39171121202923465,nan,nan,nan,nan,nan,nan,nan,nan
23.646557807922363,2.110786199569702,1.6683787107467651,-0.3827314518238513,nan,nan,nan,nan,nan,nan,nan,nan
23.696494102478027,2.125072717666626,1.6614570617675781,-0.3738656774425533,nan,nan,nan,nan,nan,nan,nan,nan
23.746217489242554,2.1387953758239746,1.6549021005630493,-0.3653615716821413,nan,nan,nan,nan,nan,nan,nan,nan
23.800974369049072,2.1523330211639404,1.6487280130386353,-0.3574900046413888,nan,nan,nan,nan,nan,nan,nan,nan
23.846503734588623,2.1659700870513916,1.6424682140350342,-0.34883230989745245,nan,nan,nan,nan,nan,nan,nan,nan
23.896083116531372,2.1789047718048096,1.6368520259857178,-0.3406930261928147,nan,nan,nan,nan,nan,nan,nan,nan
23.949403524398804,2.1935834884643555,1.630180835723877,-0.33024899705625,nan,nan,nan,nan,nan,nan,nan,nan
24.000837087631226,2.2069578170776367,1.624284267425537,-0.3205970125622782,nan,nan,nan,nan,nan,nan,nan,nan
24.046186447143555,2.2215733528137207,1.6179516315460205,-0.31122049348584335,nan,nan,nan,nan,nan,nan,nan,nan
24.096076250076294,2.2364742755889893,1.6115026473999023,-0.2991760068772237,nan,nan,nan,nan,nan,nan,nan,nan
24.146060466766357,2.250277519226074,1.605770468711853,-0.2890510477384194,nan,nan,nan,nan,nan,nan,nan,nan
24.196666717529297,2.2640573978424072,1.6000338792800903,-0.2769555381813454,nan,nan,nan,nan,nan,nan,nan,nan
24.250932693481445,2.281247138977051,1.592751383781433,-0.2586516909586035,nan,nan,nan,nan,nan,nan,nan,nan
24.296375274658203,2.2939882278442383,1.5875517129898071,-0.24585659409094882,nan,nan,nan,nan,nan,nan,nan,nan
24.346094369888306,2.309563398361206,1.5811879634857178,-0.22741455232598182,nan,nan,nan,nan,nan,nan,nan,nan
24.39611554145813,2.325723171234131,1.5748612880706787,-0.2057758448890454,nan,nan,nan,nan,nan,nan,nan,nan
24.44727897644043,2.3396732807159424,1.569461703300476,-0.18780273056476463,nan,nan,nan,nan,nan,nan,nan,nan
24.501054286956787,2.354832172393799,1.5640919208526611,-0.16757512204238614,nan,nan,nan,nan,nan,nan,nan,nan
24.546138525009155,2.3716483116149902,1.5582036972045898,-0.14593881116324164,nan,nan,nan,nan,nan,nan,nan,nan
24.59647297859192,2.386050224304199,1.553651213645935,-0.12822051909973955,nan,nan,nan,nan,nan,nan,nan,nan
24.646628618240356,2.4005026817321777,1.5493383407592773,-0.11110322740868289,nan,nan,nan,nan,nan,nan,nan,nan
24.698068857192993,2.4160549640655518,1.544888973236084,-0.09324553109527063,nan,nan,nan,nan,nan,nan,nan,nan
24.7464599609375,2.430790901184082,1.541329264640808,-0.07535381752370858,nan,nan,nan,nan,nan,nan,nan,nan
24.796484231948853,2.4460484981536865,1.5378581285476685,-0.06050164108315361,nan,nan,nan,nan,nan,nan,nan,nan
24.850345134735107,2.4616785049438477,1.534956932067871,-0.04323029525109748,nan,nan,nan,nan,nan,nan,nan,nan
24.89681911468506,2.4770872592926025,1.532392978668213,-0.02843045339184378,nan,nan,nan,nan,nan,nan,nan,nan
24.94608187675476,2.4932568073272705,1.5298882722854614,-0.0138601916869222,nan,nan,nan,nan,nan,nan,nan,nan
24.997016668319702,2.5070900917053223,1.5282586812973022,-0.000914112812917305,nan,nan,nan,nan,nan,nan,nan,nan
25.05106782913208,2.523341655731201,1.5263574123382568,0.011962616639507713,nan,nan,nan,nan,nan,nan,nan,nan
25.100359678268433,2.537447452545166,1.5251127481460571,0.023168065462675764,nan,nan,nan,nan,nan,nan,nan,nan
25.14842176437378,2.55251407623291,1.5242563486099243,0.03380971750671222,nan,nan,nan,nan,nan,nan,nan,nan
25.196133613586426,2.5685503482818604,1.5233285427093506,0.043594204268330425,nan,nan,nan,nan,nan,nan,nan,nan
25.248204708099365,2.5818943977355957,1.52271568775177,0.05156190949651901,nan,nan,nan,nan,nan,nan,nan,nan
25.29611086845398,2.598996877670288,1.5222975015640259,0.060275282682782726,nan,nan,nan,nan,nan,nan,nan,nan
25.346187114715576,2.614020824432373,1.5223231315612793,0.06708756912440386,nan,nan,nan,nan,nan,nan,nan,nan
25.396174907684326,2.629261016845703,1.5224791765213013,0.07389868102425128,nan,nan,nan,nan,nan,nan,nan,nan
25.446091651916504,2.644622802734375,1.5225452184677124,0.0802524149883879,nan,nan,nan,nan,nan,nan,nan,nan
25.496572971343994,2.658133029937744,1.522566556930542,0.08520932852781846,nan,nan,nan,nan,nan,nan,nan,nan
25.550337553024292,2.674999713897705,1.522965431213379,0.09033944999149168,nan,nan,nan,nan,nan,nan,nan,nan
25.59980344772339,2.6896026134490967,1.5232861042022705,0.09504445368343284,nan,nan,nan,nan,nan,nan,nan,nan
25.64726996421814,2.703702926635742,1.5242106914520264,0.09849395462468039,nan,nan,nan,nan,nan,nan,nan,nan
25.6965172290802,2.71799635887146,1.5249031782150269,0.102213503216735,nan,nan,nan,nan,nan,nan,nan,nan
25.746309757232666,2.7321794033050537,1.525713324546814,0.10455927524665248,nan,nan,nan,nan,nan,nan,nan,nan
25.796317100524902,2.7483441829681396,1.5267877578735352,0.10886889000461615,nan,nan,nan,nan,nan,nan,nan,nan
25.846545934677124,2.7649948596954346,1.527807593345642,0.11220345399703885,nan,nan,nan,nan,nan,nan,nan,nan
25.901312351226807,2.780601978302002,1.5284225940704346,0.11678074715566068,nan,nan,nan,nan,nan,nan,nan,nan
25.948304891586304,2.7959868907928467,1.5293229818344116,0.12033461476727494,nan,nan,nan,nan,nan,nan,nan,nan
25.997621774673462,2.8112094402313232,1.5303550958633423,0.12358920456920089,nan,nan,nan,nan,nan,nan,nan,nan
26.051079511642456,2.8245785236358643,1.5311163663864136,0.12657561704156753,nan,nan,nan,nan,nan,nan,nan,nan
26.100935220718384,2.8420863151550293,1.5327144861221313,0.12942308837702035,nan,nan,nan,nan,nan,nan,nan,nan
26.14605450630188,2.8570849895477295,1.5339784622192383,0.1316479853175743,nan,nan,nan,nan,nan,nan,nan,nan
26.196216821670532,2.8704349994659424,1.5352513790130615,0.13332830396940049,nan,nan,nan,nan,nan,nan,nan,nan
26.246034383773804,2.8856089115142822,1.5367177724838257,0.1348530909612027,nan,nan,nan,nan,nan,nan,nan,nan
26.297412157058716,2.9008805751800537,1.5382299423217773,0.13563107350564077,nan,nan,nan,nan,nan,nan,nan,nan
26.346118688583374,2.913639545440674,1.5394463539123535,0.13602666278433886,nan,nan,nan,nan,nan,nan,nan,nan
26.398081064224243,2.927988052368164,1.5408732891082764,0.13654555882385405,nan,nan,nan,nan,nan,nan,nan,nan
26.44617533683777,2.9489030838012695,1.543229341506958,0.1358777127828799,nan,nan,nan,nan,nan,nan,nan,nan
26.49620270729065,2.963099956512451,1.5447502136230469,0.1350760627925027,nan,nan,nan,nan,nan,nan,nan,nan
26.546286821365356,2.9780373573303223,1.5464543104171753,0.1341505564760737,nan,nan,nan,nan,nan,nan,nan,nan
26.599828720092773,2.9928653240203857,1.5482029914855957,0.13244684709442037,nan,nan,nan,nan,nan,nan,nan,nan
26.646288633346558,3.007826089859009,1.5502206087112427,0.13018066435711714,nan,nan,nan,nan,nan,nan,nan,nan
26.69637155532837,3.0218818187713623,1.5519940853118896,0.12794163112128987,nan,nan,nan,nan,nan,nan,nan,nan
26.74635100364685,3.035158395767212,1.5537848472595215,0.12551091634872943,nan,nan,nan,nan,nan,nan,nan,nan
26.79629874229431,3.051560878753662,1.5555049180984497,0.11886953933920487,nan,nan,nan,nan,nan,nan,nan,nan
26.84702444076538,3.0660147666931152,1.5575978755950928,0.11626171493905954,nan,nan,nan,nan,nan,nan,nan,nan
26.89610242843628,3.07895565032959,1.5587252378463745,0.11295105862276887,nan,nan,nan,nan,nan,nan,nan,nan
26.947362661361694,3.0957462787628174,1.5604398250579834,0.10973858646454161,nan,nan,nan,nan,nan,nan,nan,nan
26.996886730194092,3.110081195831299,1.5620509386062622,0.10735591143075394,nan,nan,nan,nan,nan,nan,nan,nan
27.046036958694458,3.1260080337524414,1.563523769378662,0.10502441978524914,nan,nan,nan,nan,nan,nan,nan,nan
27.096163749694824,3.1419222354888916,1.5651549100875854,0.1014964601759773,nan,nan,nan,nan,nan,nan,nan,nan
27.146089553833008,3.1569643020629883,1.5665401220321655,0.09859012369590257,nan,nan,nan,nan,nan,nan,nan,nan
27.196688413619995,3.1714932918548584,1.5677767992019653,0.09654984794905422,nan,nan,nan,nan,nan,nan,nan,nan
27.247422695159912,3.1867105960845947,1.568935513496399,0.09401072459374007,nan,nan,nan,nan,nan,nan,nan,nan
27.296108722686768,3.2027130126953125,1.5701967477798462,0.09098110726785491,nan,nan,nan,nan,nan,nan,nan,nan
27.346156358718872,3.2178232669830322,1.5713140964508057,0.08813365389561358,nan,nan,nan,nan,nan,nan,nan,nan
27.39610767364502,3.2332723140716553,1.5725979804992676,0.08580215337289752,nan,nan,nan,nan,nan,nan,nan,nan
27.446327686309814,3.2485759258270264,1.5739188194274902,0.08324555156257797,nan,nan,nan,nan,nan,nan,nan,nan
27.496082544326782,3.2637317180633545,1.5751196146011353,0.08048322974503556,nan,nan,nan,nan,nan,nan,nan,nan
27.546238899230957,3.279045343399048,1.576278805732727,0.07823550993590023,nan,nan,nan,nan,nan,nan,nan,nan
27.596035957336426,3.2933833599090576,1.577439785003662,0.07568787326971145,nan,nan,nan,nan,nan,nan,nan,nan
27.64824628829956,3.308689594268799,1.5786535739898682,0.07337110948583493,nan,nan,nan,nan,nan,nan,nan,nan
27.69658088684082,3.3239080905914307,1.5796337127685547,0.07102871092504524,nan,nan,nan,nan,nan,nan,nan,nan
27.746066093444824,3.3397836685180664,1.5805985927581787,0.06842627754870327,nan,nan,nan,nan,nan,nan,nan,nan
27.799651384353638,3.3539764881134033,1.581476092338562,0.06632500093614901,nan,nan,nan,nan,nan,nan,nan,nan
27.84618043899536,3.369847059249878,1.5823994874954224,0.06406359266217992,nan,nan,nan,nan,nan,nan,nan,nan
27.896378993988037,3.3848423957824707,1.5832418203353882,0.06190446285622835,nan,nan,nan,nan,nan,nan,nan,nan
27.946767568588257,3.398918390274048,1.5840108394622803,0.05949063996019457,nan,nan,nan,nan,nan,nan,nan,nan
28.000571250915527,3.41378116607666,1.584821105003357,0.05641205941812778,nan,nan,nan,nan,nan,nan,nan,nan
28.046085119247437,3.4300239086151123,1.585688591003418,0.05454121367913139,nan,nan,nan,nan,nan,nan,nan,nan
28.096155881881714,3.445228099822998,1.5864834785461426,0.0522754675594812,nan,nan,nan,nan,nan,nan,nan,nan
28.146060943603516,3.4593636989593506,1.5868667364120483,0.050026302919721634,nan,nan,nan,nan,nan,nan,nan,nan
28.196388006210327,3.475269079208374,1.5875109434127808,0.0476334232467638,nan,nan,nan,nan,nan,nan,nan,nan
28.248980283737183,3.4901790618896484,1.58820378780365,0.04605087600809569,nan,nan,nan,nan,nan,nan,nan,nan
28.29610323905945,3.5058975219726562,1.5886849164962769,0.04364965629679657,nan,nan,nan,nan,nan,nan,nan,nan
28.34669780731201,3.520310878753662,1.5889346599578857,0.04144206324582405,nan,nan,nan,nan,nan,nan,nan,nan
28.39675521850586,3.5335593223571777,1.589539647102356,0.03809717957337876,nan,nan,nan,nan,nan,nan,nan,nan
28.44621443748474,3.5470287799835205,1.589840292930603,0.03516153303617231,nan,nan,nan,nan,nan,nan,nan,nan
28.49608564376831,3.560896396636963,1.5902637243270874,0.03030666718775718,nan,nan,nan,nan,nan,nan,nan,nan
28.546094179153442,3.5723118782043457,1.590914011001587,0.024484575446963166,nan,nan,nan,nan,nan,nan,nan,nan
28.596165418624878,3.58404803276062,1.5916255712509155,0.016537848648950505,nan,nan,nan,nan,nan,nan,nan,nan
28.647053003311157,3.591003179550171,1.5920559167861938,0.010908318965781243,nan,nan,nan,nan,nan,nan,nan,nan
28.700840950012207,3.6033506393432617,1.5930888652801514,-0.0030223668044556612,nan,nan,nan,nan,nan,nan,nan,nan
28.748677492141724,3.6080873012542725,1.5936236381530762,-0.010668758129505579,nan,nan,nan,nan,nan,nan,nan,nan
28.7961266040802,3.6192569732666016,1.5952467918395996,-0.03312429144002325,nan,nan,nan,nan,nan,nan,nan,nan
28.84706163406372,3.6268138885498047,1.5966688394546509,-0.05388034613543884,nan,nan,nan,nan,nan,nan,nan,nan
28.901084423065186,3.634052276611328,1.598164439201355,-0.0792339084905781,nan,nan,nan,nan,nan,nan,nan,nan
28.94623565673828,3.6409153938293457,1.5999997854232788,-0.10738305188417725,nan,nan,nan,nan,nan,nan,nan,nan
28.99609375,3.646756410598755,1.6013102531433105,-0.12972832773495388,nan,nan,nan,nan,nan,nan,nan,nan
29.049965143203735,3.6519293785095215,1.602130651473999,-0.1490547239291378,nan,nan,nan,nan,nan,nan,nan,nan
29.09635639190674,3.6609766483306885,1.6035076379776,-0.18302974374051229,nan,nan,nan,nan,nan,nan,nan,nan
29.146294832229614,3.6681830883026123,1.6044621467590332,-0.21320025434553255,nan,nan,nan,nan,nan,nan,nan,nan
29.200443267822266,3.6761834621429443,1.6056281328201294,-0.2512064805702199,nan,nan,nan,nan,nan,nan,nan,nan
29.24612259864807,3.682086944580078,1.606525182723999,-0.28192051308835475,nan,nan,nan,nan,nan,nan,nan,nan
29.296395540237427,3.687828779220581,1.6075141429901123,-0.3177223721697725,nan,nan,nan,nan,nan,nan,nan,nan
29.34976840019226,3.693746566772461,1.6089649200439453,-0.360138263297203,nan,nan,nan,nan,nan,nan,nan,nan
29.396108865737915,3.6984081268310547,1.6102057695388794,-0.4008920745428405,nan,nan,nan,nan,nan,nan,nan,nan
29.446050882339478,3.702669858932495,1.6114287376403809,-0.4431316600563126,nan,nan,nan,nan,nan,nan,nan,nan
29.49851632118225,3.706249475479126,1.6127692461013794,-0.4851251287085886,nan,nan,nan,nan,nan,nan,nan,nan
29.55068826675415,3.710299491882324,1.6151995658874512,-0.5372569386544871,nan,nan,nan,nan,nan,nan,nan,nan
29.596081018447876,3.7133278846740723,1.6166354417800903,-0.5785391353336237,nan,nan,nan,nan,nan,nan,nan,nan
29.646268844604492,3.7176034450531006,1.6194216012954712,-0.6395561935875569,nan,nan,nan,nan,nan,nan,nan,nan
29.6961407661438,3.720989942550659,1.6216570138931274,-0.6926911414969137,nan,nan,nan,nan,nan,nan,nan,nan
29.749046087265015,3.7243638038635254,1.6242671012878418,-0.7487243748331655,nan,nan,nan,nan,nan,nan,nan,nan
29.796051025390625,3.7278711795806885,1.6261659860610962,-0.8004888742020987,nan,nan,nan,nan,nan,nan,nan,nan
29.846136569976807,3.731860637664795,1.628475546836853,-0.8602647768243615,nan,nan,nan,nan,nan,nan,nan,nan
29.896132230758667,3.735913038253784,1.630049705505371,-0.9173927073940809,nan,nan,nan,nan,nan,nan,nan,nan
29.94619107246399,3.7401251792907715,1.6309298276901245,-0.9735933937240349,nan,nan,nan,nan,nan,nan,nan,nan
29.996081590652466,3.744577407836914,1.6310158967971802,-1.0290778721652736,nan,nan,nan,nan,nan,nan,nan,nan
30.046074151992798,3.7493019104003906,1.630608081817627,-1.0838453559725285,nan,nan,nan,nan,nan,nan,nan,nan
30.096097707748413,3.753937005996704,1.6298784017562866,-1.1363081250730218,nan,nan,nan,nan,nan,nan,nan,nan
30.146042585372925,3.7594404220581055,1.6282209157943726,-1.194346815151634,nan,nan,nan,nan,nan,nan,nan,nan
30.196166038513184,3.7644104957580566,1.6258994340896606,-1.2490244248239013,nan,nan,nan,nan,nan,nan,nan,nan
30.246676445007324,3.7687458992004395,1.6230849027633667,-1.2965337110498463,nan,nan,nan,nan,nan,nan,nan,nan
30.29607367515564,3.7744433879852295,1.618442177772522,-1.3592978417070425,nan,nan,nan,nan,nan,nan,nan,nan
30.34665846824646,3.778517484664917,1.6144514083862305,-1.4044042502003673,nan,nan,nan,nan,nan,nan,nan,nan
30.396018505096436,3.783628225326538,1.6081730127334595,-1.4660202630080983,nan,nan,nan,nan,nan,nan,nan,nan
30.446068048477173,3.788339853286743,1.6015896797180176,-1.5204329371133674,nan,nan,nan,nan,nan,nan,nan,nan
30.49660086631775,3.7920351028442383,1.5946977138519287,-1.570563021632482,nan,nan,nan,nan,nan,nan,nan,nan
30.549989223480225,3.79638934135437,1.5853382349014282,-1.6330999537617876,nan,nan,nan,nan,nan,nan,nan,nan
30.5961434841156,3.800199031829834,1.5751863718032837,-1.694222618147679,nan,nan,nan,nan,nan,nan,nan,nan
30.646087169647217,3.8030173778533936,1.5651590824127197,-1.74917817243546,nan,nan,nan,nan,nan,nan,nan,nan
30.701260805130005,3.8051400184631348,1.5534133911132812,-1.806361334917885,nan,nan,nan,nan,nan,nan,nan,nan
30.746315240859985,3.80601167678833,1.5402061939239502,-1.865208751340095,nan,nan,nan,nan,nan,nan,nan,nan
30.796366691589355,3.8061869144439697,1.528679370880127,-1.9155610967962033,nan,nan,nan,nan,nan,nan,nan,nan
30.846285581588745,3.8048105239868164,1.5165824890136719,-1.9593450037577154,nan,nan,nan,nan,nan,nan,nan,nan
30.90233540534973,3.8020527362823486,1.5007802248001099,-2.0136503206830065,nan,nan,nan,nan,nan,nan,nan,nan
30.95204472541809,3.7988815307617188,1.4882311820983887,-2.0545873510305337,nan,nan,nan,nan,nan,nan,nan,nan
30.996078968048096,3.7949419021606445,1.4753237962722778,-2.093192901121926,nan,nan,nan,nan,nan,nan,nan,nan
31.049038410186768,3.790262222290039,1.4632046222686768,-2.1260407339059677,nan,nan,nan,nan,nan,nan,nan,nan
31.09635066986084,3.7853879928588867,1.4517040252685547,-2.1533279147242412,nan,nan,nan,nan,nan,nan,nan,nan
31.146642208099365,3.7790961265563965,1.438555359840393,-2.182117881605087,nan,nan,nan,nan,nan,nan,nan,nan
31.198652982711792,3.772495746612549,1.42576003074646,-2.208075088186568,nan,nan,nan,nan,nan,nan,nan,nan
31.246098041534424,3.765064239501953,1.4123762845993042,-2.232462380370261,nan,nan,nan,nan,nan,nan,nan,nan
31.29618263244629,3.7587249279022217,1.4020380973815918,-2.249363890372382,nan,nan,nan,nan,nan,nan,nan,nan
31.346225261688232,3.7508339881896973,1.3898744583129883,-2.267645905623694,nan,nan,nan,nan,nan,nan,nan,nan
31.39605188369751,3.743875026702881,1.3800451755523682,-2.2805728212209613,nan,nan,nan,nan,nan,nan,nan,nan
31.449130535125732,3.734788656234741,1.3679115772247314,-2.2948385152396296,nan,nan,nan,nan,nan,nan,nan,nan
31.501092195510864,3.7261343002319336,1.3569672107696533,-2.306281663573985,nan,nan,nan,nan,nan,nan,nan,nan
31.546330213546753,3.7171316146850586,1.3461501598358154,-2.315952687916302,nan,nan,nan,nan,nan,nan,nan,nan
31.600311517715454,3.708148717880249,1.3361057043075562,-2.320967720647873,nan,nan,nan,nan,nan,nan,nan,nan
31.646040439605713,3.69893741607666,1.3268966674804688,-2.322738358294456,nan,nan,nan,nan,nan,nan,nan,nan
31.70129418373108,3.690370559692383,1.319084882736206,-2.3212100727709624,nan,nan,nan,nan,nan,nan,nan,nan
31.746413707733154,3.680849552154541,1.310685396194458,-2.3154032298224467,nan,nan,nan,nan,nan,nan,nan,nan
31.796286582946777,3.672421455383301,1.3035188913345337,-2.307536956173555,nan,nan,nan,nan,nan,nan,nan,nan
31.84676742553711,3.663463830947876,1.295863151550293,-2.2946887467073935,nan,nan,nan,nan,nan,nan,nan,nan
31.896345138549805,3.653900384902954,1.287645936012268,-2.27765873511069,nan,nan,nan,nan,nan,nan,nan,nan
31.94736957550049,3.644979238510132,1.2801750898361206,-2.259666783315929,nan,nan,nan,nan,nan,nan,nan,nan
31.999369621276855,3.6356678009033203,1.272530198097229,-2.2389823846829766,nan,nan,nan,nan,nan,nan,nan,nan
32.05058550834656,3.624467372894287,1.2635074853897095,-2.2108280896713595,nan,nan,nan,nan,nan,nan,nan,nan
32.10123324394226,3.613776445388794,1.2552229166030884,-2.1823000056791133,nan,nan,nan,nan,nan,nan,nan,nan
32.150057554244995,3.6029231548309326,1.2463585138320923,-2.1511007468947296,nan,nan,nan,nan,nan,nan,nan,nan
32.19621706008911,3.5928077697753906,1.2373926639556885,-2.1190108201239,nan,nan,nan,nan,nan,nan,nan,nan
32.25008034706116,3.5813755989074707,1.2268345355987549,-2.0803657068276418,nan,nan,nan,nan,nan,nan,nan,nan
32.30092787742615,3.5711047649383545,1.2169071435928345,-2.0431080071563876,nan,nan,nan,nan,nan,nan,nan,nan
32.34627294540405,3.5595767498016357,1.204732060432434,-1.998646433558933,nan,nan,nan,nan,nan,nan,nan,nan
32.39608907699585,3.550159454345703,1.194162368774414,-1.9579486386192995,nan,nan,nan,nan,nan,nan,nan,nan
32.44795775413513,3.540022134780884,1.1815998554229736,-1.9132336717068796,nan,nan,nan,nan,nan,nan,nan,nan
32.49614095687866,3.5298948287963867,1.1673640012741089,-1.8661116343923294,nan,nan,nan,nan,nan,nan,nan,nan
32.54607081413269,3.521312713623047,1.1545355319976807,-1.8250760308970164,nan,nan,nan,nan,nan,nan,nan,nan
32.59613299369812,3.5125508308410645,1.1394367218017578,-1.7819258756840413,nan,nan,nan,nan,nan,nan,nan,nan
32.64779567718506,3.5055649280548096,1.1259158849716187,-1.7448568057775993,nan,nan,nan,nan,nan,nan,nan,nan
32.69852137565613,3.4987783432006836,1.1112604141235352,-1.7078098470234577,nan,nan,nan,nan,nan,nan,nan,nan
32.7472128868103,3.493151903152466,1.0964754819869995,-1.6738115153315254,nan,nan,nan,nan,nan,nan,nan,nan
32.79635787010193,3.488152503967285,1.081059217453003,-1.642128761074961,nan,nan,nan,nan,nan,nan,nan,nan
32.85077166557312,3.4842171669006348,1.0665370225906372,-1.61503517978828,nan,nan,nan,nan,nan,nan,nan,nan
32.89609742164612,3.481032609939575,1.053131103515625,-1.5923984141757537,nan,nan,nan,nan,nan,nan,nan,nan
32.950151205062866,3.478174924850464,1.03843355178833,-1.5701051411106153,nan,nan,nan,nan,nan,nan,nan,nan
32.998915672302246,3.4760682582855225,1.0252587795257568,-1.552933086277269,nan,nan,nan,nan,nan,nan,nan,nan
33.046087980270386,3.474236488342285,1.0100045204162598,-1.5359738579994784,nan,nan,nan,nan,nan,nan,nan,nan
33.102041482925415,3.472973108291626,0.9960666298866272,-1.5239869768222394,nan,nan,nan,nan,nan,nan,nan,nan
33.14617156982422,3.4722535610198975,0.9826900959014893,-1.513921823697979,nan,nan,nan,nan,nan,nan,nan,nan
33.19608187675476,3.4719090461730957,0.9686187505722046,-1.5045193893668696,nan,nan,nan,nan,nan,nan,nan,nan
33.25158619880676,3.4716291427612305,0.9541547298431396,-1.4963329910047323,nan,nan,nan,nan,nan,nan,nan,nan
33.296082973480225,3.4716343879699707,0.9397318959236145,-1.4896431307101454,nan,nan,nan,nan,nan,nan,nan,nan
33.34614539146423,3.47175931930542,0.9248899817466736,-1.4837661291580486,nan,nan,nan,nan,nan,nan,nan,nan
33.39721488952637,3.4720816612243652,0.910649299621582,-1.4787536316850125,nan,nan,nan,nan,nan,nan,nan,nan
33.44618844985962,3.4726414680480957,0.8946165442466736,-1.4735567574033555,nan,nan,nan,nan,nan,nan,nan,nan
33.49609041213989,3.473288059234619,0.8780985474586487,-1.468829578095626,nan,nan,nan,nan,nan,nan,nan,nan
33.5461905002594,3.474029779434204,0.8649123311042786,-1.4657817794877848,nan,nan,nan,nan,nan,nan,nan,nan
33.59611248970032,3.4749855995178223,0.8471021056175232,-1.4611290358836324,nan,nan,nan,nan,nan,nan,nan,nan
33.64610505104065,3.4759721755981445,0.8319887518882751,-1.4581076179493098,nan,nan,nan,nan,nan,nan,nan,nan
33.6967248916626,3.477077007293701,0.8159461617469788,-1.455233495930041,nan,nan,nan,nan,nan,nan,nan,nan
33.74669885635376,3.478337526321411,0.7997888326644897,-1.4530179446688964,nan,nan,nan,nan,nan,nan,nan,nan
33.79652762413025,3.479550838470459,0.784484326839447,-1.4510826558462822,nan,nan,nan,nan,nan,nan,nan,nan
33.846402168273926,3.48108172416687,0.766541063785553,-1.4493993973066364,nan,nan,nan,nan,nan,nan,nan,nan
33.89652132987976,3.48225998878479,0.7513418197631836,-1.448332575168253,nan,nan,nan,nan,nan,nan,nan,nan
33.9464111328125,3.4839417934417725,0.7337689995765686,-1.44679312173521,nan,nan,nan,nan,nan,nan,nan,nan
33.99631357192993,3.485124349594116,0.7190316915512085,-1.4459180960817533,nan,nan,nan,nan,nan,nan,nan,nan
34.04638361930847,3.4860715866088867,0.7045068740844727,-1.4446671968685658,nan,nan,nan,nan,nan,nan,nan,nan
34.09605312347412,3.487252712249756,0.6880804300308228,-1.4442095849321113,nan,nan,nan,nan,nan,nan,nan,nan
34.14613127708435,3.489006996154785,0.670974850654602,-1.4435803539941465,nan,nan,nan,nan,nan,nan,nan,nan
34.196027994155884,3.489938735961914,0.6578217148780823,-1.4427942682261323,nan,nan,nan,nan,nan,nan,nan,nan
34.24636626243591,3.490776777267456,0.6473143100738525,-1.4416521128610755,nan,nan,nan,nan,nan,nan,nan,nan
34.29911684989929,3.492840051651001,0.6252930760383606,-1.440474945671336,nan,nan,nan,nan,nan,nan,nan,nan
34.34622573852539,3.493879556655884,0.6123057007789612,-1.4392653914531413,nan,nan,nan,nan,nan,nan,nan,nan
34.40314221382141,3.495720148086548,0.5945045948028564,-1.4385188922947028,nan,nan,nan,nan,nan,nan,nan,nan
34.44602036476135,3.4970791339874268,0.5791268348693848,-1.4369731260348755,nan,nan,nan,nan,nan,nan,nan,nan
34.496416330337524,3.498657464981079,0.5654711723327637,-1.4366427301550342,nan,nan,nan,nan,nan,nan,nan,nan
34.547282695770264,3.500304698944092,0.5491278171539307,-1.43434317929525,nan,nan,nan,nan,nan,nan,nan,nan
34.59632205963135,3.502192974090576,0.5337635278701782,-1.4336097029260022,nan,nan,nan,nan,nan,nan,nan,nan
34.64858937263489,3.504014015197754,0.5183714628219604,-1.4322884152038398,nan,nan,nan,nan,nan,nan,nan,nan
34.696011543273926,3.5058884620666504,0.5018008947372437,-1.430591607402183,nan,nan,nan,nan,nan,nan,nan,nan
34.746010541915894,3.5076301097869873,0.4862452745437622,-1.4292565651696556,nan,nan,nan,nan,nan,nan,nan,nan
34.79616737365723,3.50938081741333,0.4706886112689972,-1.427352253714927,nan,nan,nan,nan,nan,nan,nan,nan
34.84606909751892,3.5110909938812256,0.4551144242286682,-1.4255867788169505,nan,nan,nan,nan,nan,nan,nan,nan
34.897016525268555,3.512815237045288,0.4387795925140381,-1.4233994981613882,nan,nan,nan,nan,nan,nan,nan,nan
34.94605994224548,3.514434576034546,0.42435216903686523,-1.4217330672011503,nan,nan,nan,nan,nan,nan,nan,nan
34.99639844894409,3.5161473751068115,0.40903833508491516,-1.4202156158429033,nan,nan,nan,nan,nan,nan,nan,nan
35.046112060546875,3.517944097518921,0.3929807245731354,-1.4180864384174263,nan,nan,nan,nan,nan,nan,nan,nan
35.09610891342163,3.519681692123413,0.3787480592727661,-1.416911231323031,nan,nan,nan,nan,nan,nan,nan,nan
35.146575689315796,3.5209648609161377,0.3674395680427551,-1.4161366074980621,nan,nan,nan,nan,nan,nan,nan,nan
35.19737792015076,3.5228967666625977,0.3508164584636688,-1.415389382619501,nan,nan,nan,nan,nan,nan,nan,nan
35.247132301330566,3.5244662761688232,0.3372482657432556,-1.414688131535434,nan,nan,nan,nan,nan,nan,nan,nan
35.30107617378235,3.526177167892456,0.3235251307487488,-1.4144861052199935,nan,nan,nan,nan,nan,nan,nan,nan
35.34669899940491,3.5276310443878174,0.31219157576560974,-1.417048726523552,nan,nan,nan,nan,nan,nan,nan,nan
35.39606714248657,3.5293116569519043,0.3005025088787079,-1.4201680255079767,nan,nan,nan,nan,nan,nan,nan,nan
35.44607400894165,3.530947685241699,0.2904636859893799,-1.4247635877602605,nan,nan,nan,nan,nan,nan,nan,nan
35.49615669250488,3.532646894454956,0.2808566391468048,-1.4313782741798993,nan,nan,nan,nan,nan,nan,nan,nan
35.54903864860535,3.534456253051758,0.27196183800697327,-1.4404769229057959,nan,nan,nan,nan,nan,nan,nan,nan
35.6015191078186,3.536302089691162,0.26336556673049927,-1.4523357814446356,nan,nan,nan,nan,nan,nan,nan,nan
35.64808893203735,3.5383427143096924,0.2554242014884949,-1.4667162515913923,nan,nan,nan,nan,nan,nan,nan,nan
35.69697856903076,3.540663480758667,0.2467336505651474,-1.484651589432363,nan,nan,nan,nan,nan,nan,nan,nan
35.74680495262146,3.5427539348602295,0.23769867420196533,-1.505918198022801,nan,nan,nan,nan,nan,nan,nan,nan
35.79611372947693,3.545611619949341,0.22783677279949188,-1.5334357247841148,nan,nan,nan,nan,nan,nan,nan,nan
35.84612584114075,3.548095941543579,0.21797432005405426,-1.562521252310977,nan,nan,nan,nan,nan,nan,nan,nan
35.896267890930176,3.551205635070801,0.20698077976703644,-1.5980341855368372,nan,nan,nan,nan,nan,nan,nan,nan
35.9461624622345,3.55401611328125,0.1957739293575287,-1.636002860525781,nan,nan,nan,nan,nan,nan,nan,nan
35.99778866767883,3.556288003921509,0.18553411960601807,-1.6723051314533794,nan,nan,nan,nan,nan,nan,nan,nan
36.05168056488037,3.5586957931518555,0.1725442111492157,-1.7188867122151148,nan,nan,nan,nan,nan,nan,nan,nan
36.09980249404907,3.560699701309204,0.1596176028251648,-1.765793156464237,nan,nan,nan,nan,nan,nan,nan,nan
36.148273944854736,3.5619332790374756,0.1470242440700531,-1.8127257670891312,nan,nan,nan,nan,nan,nan,nan,nan
36.2014594078064,3.562462568283081,0.1322896033525467,-1.8665068365794073,nan,nan,nan,nan,nan,nan,nan,nan
36.24612522125244,3.5621063709259033,0.11918370425701141,-1.9122585959246559,nan,nan,nan,nan,nan,nan,nan,nan
36.29642391204834,3.5608086585998535,0.10511110723018646,-1.9620562670636303,nan,nan,nan,nan,nan,nan,nan,nan
36.34634041786194,3.5585620403289795,0.0899500623345375,-2.0154024807404625,nan,nan,nan,nan,nan,nan,nan,nan
36.40105962753296,3.5544180870056152,0.07276859879493713,-2.073836856121426,nan,nan,nan,nan,nan,nan,nan,nan
36.44606256484985,3.5494236946105957,0.05665354058146477,-2.129334242627528,nan,nan,nan,nan,nan,nan,nan,nan
36.49639892578125,3.5451207160949707,0.04435669258236885,-2.173099229780173,nan,nan,nan,nan,nan,nan,nan,nan
36.54604244232178,3.5378894805908203,0.02745610475540161,-2.2310267866234317,nan,nan,nan,nan,nan,nan,nan,nan
36.59654140472412,3.5313587188720703,0.014303812757134438,-2.2750636627876255,nan,nan,nan,nan,nan,nan,nan,nan
36.646047592163086,3.52323579788208,-0.00021278485655784607,-2.3198994624641043,nan,nan,nan,nan,nan,nan,nan,nan
36.696125507354736,3.515223503112793,-0.013005703687667847,-2.358277426399006,nan,nan,nan,nan,nan,nan,nan,nan
36.74667549133301,3.5073232650756836,-0.02432967908680439,-2.389567154761178,nan,nan,nan,nan,nan,nan,nan,nan
36.80125832557678,3.4972641468048096,-0.03758922964334488,-2.426719434347042,nan,nan,nan,nan,nan,nan,nan,nan
36.84624695777893,3.488067388534546,-0.04913291335105896,-2.4594453393254216,nan,nan,nan,nan,nan,nan,nan,nan
36.899598598480225,3.4795167446136475,-0.059502460062503815,-2.4900857602243534,nan,nan,nan,nan,nan,nan,nan,nan
36.946218729019165,3.4695096015930176,-0.0714578703045845,-2.5252114208470458,nan,nan,nan,nan,nan,nan,nan,nan
36.99618601799011,3.460496187210083,-0.08117464184761047,-2.554519878127315,nan,nan,nan,nan,nan,nan,nan,nan
37.04601502418518,3.45065975189209,-0.09155181050300598,-2.5861515001477513,nan,nan,nan,nan,nan,nan,nan,nan
37.09620976448059,3.4402666091918945,-0.10173250734806061,-2.6193687560470225,nan,nan,nan,nan,nan,nan,nan,nan
37.14610028266907,3.430056095123291,-0.11141714453697205,-2.6512594743511446,nan,nan,nan,nan,nan,nan,nan,nan
37.19606351852417,3.4191126823425293,-0.12082237005233765,-2.683213426088883,nan,nan,nan,nan,nan,nan,nan,nan
37.24602270126343,3.4070374965667725,-0.1302535980939865,-2.71508609073012,nan,nan,nan,nan,nan,nan,nan,nan
37.29613518714905,3.3964412212371826,-0.13794328272342682,-2.7419750371377436,nan,nan,nan,nan,nan,nan,nan,nan
37.34882354736328,3.3827059268951416,-0.14693494141101837,-2.774045448256569,nan,nan,nan,nan,nan,nan,nan,nan
37.396310329437256,3.3696558475494385,-0.15474599599838257,-2.8017352705284813,nan,nan,nan,nan,nan,nan,nan,nan
37.44606590270996,3.3558270931243896,-0.1623721420764923,-2.828888403346505,nan,nan,nan,nan,nan,nan,nan,nan
37.499003887176514,3.343008518218994,-0.168608620762825,-2.8516294663184496,nan,nan,nan,nan,nan,nan,nan,nan
37.54638671875,3.3300185203552246,-0.17432384192943573,-2.8726311215703615,nan,nan,nan,nan,nan,nan,nan,nan
37.5960910320282,3.3144288063049316,-0.18052268028259277,-2.894364056774104,nan,nan,nan,nan,nan,nan,nan,nan
37.64673852920532,3.301119804382324,-0.18531547486782074,-2.911995080551752,nan,nan,nan,nan,nan,nan,nan,nan
37.69607734680176,3.286090612411499,-0.19025933742523193,-2.9298042640465383,nan,nan,nan,nan,nan,nan,nan,nan
37.75150394439697,3.271470308303833,-0.19481641054153442,-2.9447739311099457,nan,nan,nan,nan,nan,nan,nan,nan
37.79624080657959,3.2584850788116455,-0.19836163520812988,-2.956633974782355,nan,nan,nan,nan,nan,nan,nan,nan
37.84653830528259,3.2429521083831787,-0.20231927931308746,-2.9695637520826668,nan,nan,nan,nan,nan,nan,nan,nan
37.89908814430237,3.2279512882232666,-0.20580507814884186,-2.981088272497259,nan,nan,nan,nan,nan,nan,nan,nan
37.94609570503235,3.210930109024048,-0.20923344790935516,-2.9930499643716297,nan,nan,nan,nan,nan,nan,nan,nan
37.997618198394775,3.197275400161743,-0.2119027078151703,-3.0016650108808074,nan,nan,nan,nan,nan,nan,nan,nan
38.04616975784302,3.1801273822784424,-0.21500547230243683,-3.010956339640915,nan,nan,nan,nan,nan,nan,nan,nan
38.09623742103577,3.165558338165283,-0.21717379987239838,-3.0179697665607548,nan,nan,nan,nan,nan,nan,nan,nan
38.14631915092468,3.149080276489258,-0.219331756234169,-3.0250035901103964,nan,nan,nan,nan,nan,nan,nan,nan
38.200976610183716,3.134335517883301,-0.22125740349292755,-3.030254959272407,nan,nan,nan,nan,nan,nan,nan,nan
38.24804949760437,3.119457483291626,-0.22278916835784912,-3.034691085334918,nan,nan,nan,nan,nan,nan,nan,nan
38.29609942436218,3.1027512550354004,-0.22456137835979462,-3.0385099068092822,nan,nan,nan,nan,nan,nan,nan,nan
38.34618854522705,3.0920894145965576,-0.22561298310756683,-3.040930998189009,nan,nan,nan,nan,nan,nan,nan,nan
38.39608383178711,3.069744110107422,-0.2277044653892517,-3.0445509776432678,nan,nan,nan,nan,nan,nan,nan,nan
38.44640040397644,3.0556135177612305,-0.22879455983638763,-3.046195422206314,nan,nan,nan,nan,nan,nan,nan,nan
38.496145486831665,3.037571430206299,-0.23027420043945312,-3.0474889048431453,nan,nan,nan,nan,nan,nan,nan,nan
38.54609203338623,3.0222980976104736,-0.2311987727880478,-3.047888424271222,nan,nan,nan,nan,nan,nan,nan,nan
38.59633493423462,3.007866382598877,-0.23219917714595795,-3.0481793505328576,nan,nan,nan,nan,nan,nan,nan,nan
38.64949870109558,2.990636110305786,-0.23322680592536926,-3.0479219719000152,nan,nan,nan,nan,nan,nan,nan,nan
38.69665551185608,2.9742398262023926,-0.23414833843708038,-3.047376389406508,nan,nan,nan,nan,nan,nan,nan,nan
38.74618482589722,2.95609188079834,-0.23523852229118347,-3.0468158579299636,nan,nan,nan,nan,nan,nan,nan,nan
38.79619908332825,2.940629243850708,-0.2362588793039322,-3.0459554587770232,nan,nan,nan,nan,nan,nan,nan,nan
38.84616255760193,2.924443244934082,-0.2372913658618927,-3.044903492804562,nan,nan,nan,nan,nan,nan,nan,nan
38.90002989768982,2.908033609390259,-0.23823179304599762,-3.0438108534521375,nan,nan,nan,nan,nan,nan,nan,nan
38.946155309677124,2.8935134410858154,-0.2391456961631775,-3.042415774606411,nan,nan,nan,nan,nan,nan,nan,nan
38.996286153793335,2.877161979675293,-0.24018818140029907,-3.0407964772996148,nan,nan,nan,nan,nan,nan,nan,nan
39.04604125022888,2.8590190410614014,-0.24143896996974945,-3.0391050301755325,nan,nan,nan,nan,nan,nan,nan,nan
39.096062421798706,2.8428025245666504,-0.24253900349140167,-3.0376029579236885,nan,nan,nan,nan,nan,nan,nan,nan
39.14620518684387,2.827512741088867,-0.24371203780174255,-3.03633000974042,nan,nan,nan,nan,nan,nan,nan,nan
39.196842670440674,2.8104336261749268,-0.24515944719314575,-3.034750551696425,nan,nan,nan,nan,nan,nan,nan,nan
39.24632692337036,2.795297622680664,-0.2463165670633316,-3.0331339639734627,nan,nan,nan,nan,nan,nan,nan,nan
39.296281814575195,2.778197765350342,-0.24769991636276245,-3.031208428574218,nan,nan,nan,nan,nan,nan,nan,nan
39.34608316421509,2.76204776763916,-0.2490028738975525,-3.0293353782855146,nan,nan,nan,nan,nan,nan,nan,nan
39.39618444442749,2.7469322681427,-0.250140517950058,-3.0274042695985797,nan,nan,nan,nan,nan,nan,nan,nan
39.44714164733887,2.731919050216675,-0.25131556391716003,-3.0249518130360644,nan,nan,nan,nan,nan,nan,nan,nan
39.5012731552124,2.715149402618408,-0.2527701258659363,-3.0227291842744273,nan,nan,nan,nan,nan,nan,nan,nan
39.54608988761902,2.69851016998291,-0.254258930683136,-3.0201786451524493,nan,nan,nan,nan,nan,nan,nan,nan
39.596174240112305,2.6826441287994385,-0.2556021213531494,-3.0165732183317084,nan,nan,nan,nan,nan,nan,nan,nan
39.64623260498047,2.669233798980713,-0.25666871666908264,-3.011691913621363,nan,nan,nan,nan,nan,nan,nan,nan
39.70281648635864,2.652719497680664,-0.2574886083602905,-3.0041308384407484,nan,nan,nan,nan,nan,nan,nan,nan
39.74618935585022,2.6380715370178223,-0.258113294839859,-2.9951077494547222,nan,nan,nan,nan,nan,nan,nan,nan
39.79611873626709,2.6248974800109863,-0.25849059224128723,-2.9837102915137295,nan,nan,nan,nan,nan,nan,nan,nan
39.846364974975586,2.6141610145568848,-0.25869137048721313,-2.972626891423212,nan,nan,nan,nan,nan,nan,nan,nan
39.8961124420166,2.600592851638794,-0.25909557938575745,-2.95408502342422,nan,nan,nan,nan,nan,nan,nan,nan
39.95047855377197,2.588473320007324,-0.25933724641799927,-2.934187524702192,nan,nan,nan,nan,nan,nan,nan,nan
39.99640679359436,2.5775246620178223,-0.25959518551826477,-2.913442263437826,nan,nan,nan,nan,nan,nan,nan,nan
40.04637050628662,2.5628628730773926,-0.25980567932128906,-2.8831938724118302,nan,nan,nan,nan,nan,nan,nan,nan
40.09993648529053,2.5513710975646973,-0.2600145637989044,-2.857336374213547,nan,nan,nan,nan,nan,nan,nan,nan
40.14611196517944,2.536979913711548,-0.2602290213108063,-2.823374227613434,nan,nan,nan,nan,nan,nan,nan,nan
40.19625639915466,2.5244460105895996,-0.2607435882091522,-2.792563673852955,nan,nan,nan,nan,nan,nan,nan,nan
40.246054887771606,2.5082623958587646,-0.2618141174316406,-2.7499256724232635,nan,nan,nan,nan,nan,nan,nan,nan
40.296117544174194,2.493868589401245,-0.2631109952926636,-2.7112439245722393,nan,nan,nan,nan,nan,nan,nan,nan
40.34628438949585,2.477644205093384,-0.26525190472602844,-2.665517082229267,nan,nan,nan,nan,nan,nan,nan,nan
40.3962562084198,2.46364426612854,-0.2677459120750427,-2.6253957697259516,nan,nan,nan,nan,nan,nan,nan,nan
40.4467511177063,2.447780132293701,-0.27126193046569824,-2.5800899010442975,nan,nan,nan,nan,nan,nan,nan,nan
40.50279664993286,2.430530548095703,-0.2762269377708435,-2.531136858046943,nan,nan,nan,nan,nan,nan,nan,nan
40.546181440353394,2.414067029953003,-0.28204047679901123,-2.4854481795022694,nan,nan,nan,nan,nan,nan,nan,nan
40.596275806427,2.3987913131713867,-0.2883598208427429,-2.444751596947506,nan,nan,nan,nan,nan,nan,nan,nan
40.646244764328,2.3848366737365723,-0.2949753999710083,-2.4084994745150143,nan,nan,nan,nan,nan,nan,nan,nan
40.69607710838318,2.369899034500122,-0.3027765452861786,-2.3707644574219935,nan,nan,nan,nan,nan,nan,nan,nan
40.74618101119995,2.3570854663848877,-0.3104700446128845,-2.3399499801337296,nan,nan,nan,nan,nan,nan,nan,nan
40.79912352561951,2.3449103832244873,-0.31855249404907227,-2.311913994222539,nan,nan,nan,nan,nan,nan,nan,nan
40.84651494026184,2.3319754600524902,-0.32811248302459717,-2.2835584822314936,nan,nan,nan,nan,nan,nan,nan,nan
40.89862847328186,2.3218636512756348,-0.33631154894828796,-2.262694213189487,nan,nan,nan,nan,nan,nan,nan,nan
40.94728755950928,2.310666561126709,-0.34601089358329773,-2.2425035837432508,nan,nan,nan,nan,nan,nan,nan,nan
40.996400117874146,2.30027174949646,-0.35610848665237427,-2.2255555256740354,nan,nan,nan,nan,nan,nan,nan,nan
41.046318769454956,2.289716958999634,-0.3670843541622162,-2.211000109581841,nan,nan,nan,nan,nan,nan,nan,nan
41.096243381500244,2.2799925804138184,-0.37755194306373596,-2.1993404187925747,nan,nan,nan,nan,nan,nan,nan,nan
41.1509211063385,2.269223213195801,-0.38977277278900146,-2.188403141780244,nan,nan,nan,nan,nan,nan,nan,nan
41.196187019348145,2.260824680328369,-0.39962896704673767,-2.1811324373211707,nan,nan,nan,nan,nan,nan,nan,nan
41.24613666534424,2.2509725093841553,-0.41169971227645874,-2.172939193369251,nan,nan,nan,nan,nan,nan,nan,nan
41.29656910896301,2.2418575286865234,-0.4229244589805603,-2.165291386126289,nan,nan,nan,nan,nan,nan,nan,nan
41.34998369216919,2.232407808303833,-0.4348795711994171,-2.157725522617965,nan,nan,nan,nan,nan,nan,nan,nan
41.39612650871277,2.223418951034546,-0.4464632570743561,-2.1509608183064293,nan,nan,nan,nan,nan,nan,nan,nan
41.44624447822571,2.2123312950134277,-0.46094220876693726,-2.1441094368007136,nan,nan,nan,nan,nan,nan,nan,nan
41.496620893478394,2.204599618911743,-0.4716452360153198,-2.1395857319380824,nan,nan,nan,nan,nan,nan,nan,nan
41.549331188201904,2.194791793823242,-0.48511138558387756,-2.133540905875344,nan,nan,nan,nan,nan,nan,nan,nan
41.59674286842346,2.1901535987854004,-0.49151790142059326,-2.1307963001348718,nan,nan,nan,nan,nan,nan,nan,nan
41.64640426635742,2.1760458946228027,-0.5106591582298279,-2.1207505532877553,nan,nan,nan,nan,nan,nan,nan,nan
41.696494579315186,2.1672229766845703,-0.5227583050727844,-2.1144055532772583,nan,nan,nan,nan,nan,nan,nan,nan
41.746092319488525,2.1591005325317383,-0.5340153574943542,-2.1081642120379898,nan,nan,nan,nan,nan,nan,nan,nan
41.799458742141724,2.1506998538970947,-0.5457137823104858,-2.1011031596670584,nan,nan,nan,nan,nan,nan,nan,nan
41.846116065979004,2.142141580581665,-0.5581276416778564,-2.0934106966608446,nan,nan,nan,nan,nan,nan,nan,nan
41.89945936203003,2.1348466873168945,-0.5687354803085327,-2.08643582537732,nan,nan,nan,nan,nan,nan,nan,nan
41.94606280326843,2.1257500648498535,-0.5821210145950317,-2.07482985227577,nan,nan,nan,nan,nan,nan,nan,nan
41.99613618850708,2.1168055534362793,-0.5944797992706299,-2.0620163521090453,nan,nan,nan,nan,nan,nan,nan,nan
42.04608726501465,2.109092950820923,-0.6052774786949158,-2.04924525745314,nan,nan,nan,nan,nan,nan,nan,nan
42.09773659706116,2.100799560546875,-0.6165558695793152,-2.0338946841663774,nan,nan,nan,nan,nan,nan,nan,nan
42.14609909057617,2.090479850769043,-0.6306778788566589,-2.0111252655287464,nan,nan,nan,nan,nan,nan,nan,nan
42.19615435600281,2.081645965576172,-0.6430175304412842,-1.9878296480545885,nan,nan,nan,nan,nan,nan,nan,nan
42.246092319488525,2.0726382732391357,-0.655569851398468,-1.961779427643173,nan,nan,nan,nan,nan,nan,nan,nan
42.296485900878906,2.065162420272827,-0.6662970781326294,-1.9382478494644433,nan,nan,nan,nan,nan,nan,nan,nan
42.34929537773132,2.0559206008911133,-0.6805552244186401,-1.9078173657316804,nan,nan,nan,nan,nan,nan,nan,nan
42.396175146102905,2.046566963195801,-0.6961122751235962,-1.8765855896638877,nan,nan,nan,nan,nan,nan,nan,nan
42.446232080459595,2.039050340652466,-0.7096865177154541,-1.8505050455761238,nan,nan,nan,nan,nan,nan,nan,nan
42.499327182769775,2.0319180488586426,-0.7234671115875244,-1.8255660933432762,nan,nan,nan,nan,nan,nan,nan,nan
42.55184054374695,2.0248405933380127,-0.7384494543075562,-1.8000906506162946,nan,nan,nan,nan,nan,nan,nan,nan
42.596105098724365,2.0179388523101807,-0.7539640665054321,-1.7737559739422137,nan,nan,nan,nan,nan,nan,nan,nan
42.64608907699585,2.0119717121124268,-0.7686173319816589,-1.7510178007057737,nan,nan,nan,nan,nan,nan,nan,nan
42.696094274520874,2.0066349506378174,-0.7832761406898499,-1.7295451894532234,nan,nan,nan,nan,nan,nan,nan,nan
42.75126314163208,2.0032365322113037,-0.7931522130966187,-1.716070332751195,nan,nan,nan,nan,nan,nan,nan,nan
42.79604434967041,1.9970436096191406,-0.8133984208106995,-1.6902243442133953,nan,nan,nan,nan,nan,nan,nan,nan
42.84629464149475,1.9932372570037842,-0.8273249864578247,-1.6742142377351596,nan,nan,nan,nan,nan,nan,nan,nan
42.896836042404175,1.989797830581665,-0.8409936428070068,-1.6590869964194337,nan,nan,nan,nan,nan,nan,nan,nan
42.946059465408325,1.986273169517517,-0.8571689128875732,-1.6427597132940084,nan,nan,nan,nan,nan,nan,nan,nan
42.99604558944702,1.9831352233886719,-0.872532844543457,-1.6303598451391488,nan,nan,nan,nan,nan,nan,nan,nan
43.04608392715454,1.9808100461959839,-0.8862102031707764,-1.619390318168787,nan,nan,nan,nan,nan,nan,nan,nan
43.09809446334839,1.9786827564239502,-0.9002065062522888,-1.609625016465708,nan,nan,nan,nan,nan,nan,nan,nan
43.150959491729736,1.9767119884490967,-0.9150664210319519,-1.6009679177498808,nan,nan,nan,nan,nan,nan,nan,nan
43.19675135612488,1.9747823476791382,-0.9303388595581055,-1.5929310994730894,nan,nan,nan,nan,nan,nan,nan,nan
43.246055603027344,1.9728668928146362,-0.9465579986572266,-1.585276205772261,nan,nan,nan,nan,nan,nan,nan,nan
43.29605460166931,1.971236228942871,-0.96199631690979,-1.579231526605135,nan,nan,nan,nan,nan,nan,nan,nan
43.347376346588135,1.9699938297271729,-0.9768046736717224,-1.5743540402695761,nan,nan,nan,nan,nan,nan,nan,nan
43.40058612823486,1.968754768371582,-0.9936213493347168,-1.568562304889468,nan,nan,nan,nan,nan,nan,nan,nan
43.44605731964111,1.9677006006240845,-1.0096486806869507,-1.5646668363705603,nan,nan,nan,nan,nan,nan,nan,nan
43.49665141105652,1.9671396017074585,-1.0246729850769043,-1.5613077467543597,nan,nan,nan,nan,nan,nan,nan,nan
43.54620289802551,1.9661848545074463,-1.0426045656204224,-1.556538530412584,nan,nan,nan,nan,nan,nan,nan,nan
43.60075354576111,1.9655377864837646,-1.0579980611801147,-1.553030282810481,nan,nan,nan,nan,nan,nan,nan,nan
43.64626598358154,1.9648488759994507,-1.0753241777420044,-1.5490968241355052,nan,nan,nan,nan,nan,nan,nan,nan
43.69977903366089,1.9640840291976929,-1.089733600616455,-1.5456228927879363,nan,nan,nan,nan,nan,nan,nan,nan
43.74881148338318,1.9636274576187134,-1.1068079471588135,-1.5422051323746766,nan,nan,nan,nan,nan,nan,nan,nan
43.796149015426636,1.9631675481796265,-1.1227082014083862,-1.5398290047674212,nan,nan,nan,nan,nan,nan,nan,nan
43.846120834350586,1.9628480672836304,-1.138776421546936,-1.537301140781498,nan,nan,nan,nan,nan,nan,nan,nan
43.89615726470947,1.9628803730010986,-1.152899146080017,-1.536246713649654,nan,nan,nan,nan,nan,nan,nan,nan
43.94769072532654,1.963070034980774,-1.1687450408935547,-1.5350039095556327,nan,nan,nan,nan,nan,nan,nan,nan
43.9964656829834,1.963234543800354,-1.1802698373794556,-1.535168392150465,nan,nan,nan,nan,nan,nan,nan,nan
44.046112060546875,1.9634740352630615,-1.2024555206298828,-1.5355910693374337,nan,nan,nan,nan,nan,nan,nan,nan
44.09695911407471,1.963756799697876,-1.2176470756530762,-1.5364960092867181,nan,nan,nan,nan,nan,nan,nan,nan
44.14949655532837,1.964064598083496,-1.2345842123031616,-1.5377994607347834,nan,nan,nan,nan,nan,nan,nan,nan
44.19617748260498,1.9641711711883545,-1.2507033348083496,-1.5398114349102703,nan,nan,nan,nan,nan,nan,nan,nan
44.246280670166016,1.9643480777740479,-1.2666906118392944,-1.5412659012762802,nan,nan,nan,nan,nan,nan,nan,nan
44.296249866485596,1.9644265174865723,-1.2793382406234741,-1.541972697531566,nan,nan,nan,nan,nan,nan,nan,nan
44.346107959747314,1.964436650276184,-1.2996866703033447,-1.5435587158381903,nan,nan,nan,nan,nan,nan,nan,nan
44.39894199371338,1.9646084308624268,-1.3092697858810425,-1.5446294013663966,nan,nan,nan,nan,nan,nan,nan,nan
44.44607400894165,1.9646443128585815,-1.329788088798523,-1.5457378168078528,nan,nan,nan,nan,nan,nan,nan,nan
44.49978542327881,1.9647793769836426,-1.3456568717956543,-1.5471114743475076,nan,nan,nan,nan,nan,nan,nan,nan
44.54687857627869,1.964733362197876,-1.3607020378112793,-1.5484578939018654,nan,nan,nan,nan,nan,nan,nan,nan
44.60010051727295,1.9651434421539307,-1.378096342086792,-1.5505748275116116,nan,nan,nan,nan,nan,nan,nan,nan
44.646140813827515,1.9652817249298096,-1.3939449787139893,-1.551436877209468,nan,nan,nan,nan,nan,nan,nan,nan
44.69609522819519,1.965248703956604,-1.4097082614898682,-1.5529031923188539,nan,nan,nan,nan,nan,nan,nan,nan
44.74677777290344,1.965501070022583,-1.4234577417373657,-1.5541180012555809,nan,nan,nan,nan,nan,nan,nan,nan
44.79604244232178,1.9655930995941162,-1.4403362274169922,-1.5548674282018866,nan,nan,nan,nan,nan,nan,nan,nan
44.84611392021179,1.965445637702942,-1.4555503129959106,-1.555130935579907,nan,nan,nan,nan,nan,nan,nan,nan
44.89618754386902,1.965525507926941,-1.4700363874435425,-1.5551172834322469,nan,nan,nan,nan,nan,nan,nan,nan
44.94705319404602,1.9655612707138062,-1.483630657196045,-1.5554955610712888,nan,nan,nan,nan,nan,nan,nan,nan
45.0001380443573,1.9653528928756714,-1.498070478439331,-1.5526732552562288,nan,nan,nan,nan,nan,nan,nan,nan
45.046220779418945,1.965099811553955,-1.5112087726593018,-1.5485666979768906,nan,nan,nan,nan,nan,nan,nan,nan
45.09940505027771,1.964361310005188,-1.522335171699524,-1.5423607624391515,nan,nan,nan,nan,nan,nan,nan,nan
45.1493661403656,1.9635560512542725,-1.5332770347595215,-1.5342435145074698,nan,nan,nan,nan,nan,nan,nan,nan
45.196059703826904,1.9628934860229492,-1.5440603494644165,-1.5239641439015923,nan,nan,nan,nan,nan,nan,nan,nan
45.25049638748169,1.9621367454528809,-1.5517292022705078,-1.5134828020433082,nan,nan,nan,nan,nan,nan,nan,nan
45.301050901412964,1.960997462272644,-1.5629245042800903,-1.4943414759792086,nan,nan,nan,nan,nan,nan,nan,nan
45.34605646133423,1.9597837924957275,-1.5729146003723145,-1.4741881482353203,nan,nan,nan,nan,nan,nan,nan,nan
45.39603042602539,1.958580732345581,-1.5835617780685425,-1.4501976031263888,nan,nan,nan,nan,nan,nan,nan,nan
45.44620180130005,1.9573945999145508,-1.5931813716888428,-1.4258751559627174,nan,nan,nan,nan,nan,nan,nan,nan
45.496400356292725,1.9558707475662231,-1.6059430837631226,-1.3909819002635389,nan,nan,nan,nan,nan,nan,nan,nan
45.54834294319153,1.9544662237167358,-1.6163609027862549,-1.3632639377121516,nan,nan,nan,nan,nan,nan,nan,nan
45.596089363098145,1.9534029960632324,-1.6307882070541382,-1.3234419497638752,nan,nan,nan,nan,nan,nan,nan,nan
45.646074295043945,1.9527682065963745,-1.6426464319229126,-1.289158749646944,nan,nan,nan,nan,nan,nan,nan,nan
45.70119118690491,1.9527531862258911,-1.6595659255981445,-1.2377160751180993,nan,nan,nan,nan,nan,nan,nan,nan
45.7461359500885,1.9531123638153076,-1.673829436302185,-1.1940141995325133,nan,nan,nan,nan,nan,nan,nan,nan
45.7960479259491,1.953924298286438,-1.6888560056686401,-1.1459636121104442,nan,nan,nan,nan,nan,nan,nan,nan
45.849220752716064,1.9558762311935425,-1.7044718265533447,-1.095193618387519,nan,nan,nan,nan,nan,nan,nan,nan
45.89766311645508,1.9586293697357178,-1.7192202806472778,-1.0486590150909687,nan,nan,nan,nan,nan,nan,nan,nan
45.94634127616882,1.9619027376174927,-1.7338920831680298,-1.0017884302401219,nan,nan,nan,nan,nan,nan,nan,nan
45.99618887901306,1.9665818214416504,-1.7493352890014648,-0.954081817594292,nan,nan,nan,nan,nan,nan,nan,nan
46.046114683151245,1.973401427268982,-1.7670031785964966,-0.901254537002432,nan,nan,nan,nan,nan,nan,nan,nan
46.099369764328,1.9800461530685425,-1.7806371450424194,-0.860796693511916,nan,nan,nan,nan,nan,nan,nan,nan
46.14618158340454,1.9866193532943726,-1.7932995557785034,-0.825983793456607,nan,nan,nan,nan,nan,nan,nan,nan
46.19608497619629,1.994920015335083,-1.8078666925430298,-0.7889069800109005,nan,nan,nan,nan,nan,nan,nan,nan
46.24620723724365,2.002835273742676,-1.8203768730163574,-0.7589208518544734,nan,nan,nan,nan,nan,nan,nan,nan
46.29628777503967,2.011955499649048,-1.8337527513504028,-0.7294542247029591,nan,nan,nan,nan,nan,nan,nan,nan
46.346928119659424,2.021103858947754,-1.8458396196365356,-0.7050853697604065,nan,nan,nan,nan,nan,nan,nan,nan
46.396074295043945,2.0317821502685547,-1.8585866689682007,-0.682463958410046,nan,nan,nan,nan,nan,nan,nan,nan
46.44641995429993,2.041454315185547,-1.8688671588897705,-0.6663974476807624,nan,nan,nan,nan,nan,nan,nan,nan
46.49604868888855,2.0519843101501465,-1.8793871402740479,-0.6520268473072613,nan,nan,nan,nan,nan,nan,nan,nan
46.54893398284912,2.062659502029419,-1.8895986080169678,-0.6393637942801325,nan,nan,nan,nan,nan,nan,nan,nan
46.596097230911255,2.073507070541382,-1.899619460105896,-0.6277970776018305,nan,nan,nan,nan,nan,nan,nan,nan
46.64608383178711,2.0841426849365234,-1.9090807437896729,-0.6165288441570852,nan,nan,nan,nan,nan,nan,nan,nan
46.696348428726196,2.0951433181762695,-1.918688178062439,-0.6044359497016001,nan,nan,nan,nan,nan,nan,nan,nan
46.74613285064697,2.1044626235961914,-1.9267348051071167,-0.5943696607543073,nan,nan,nan,nan,nan,nan,nan,nan
46.796233892440796,2.113067626953125,-1.9339406490325928,-0.5856291908327286,nan,nan,nan,nan,nan,nan,nan,nan
46.84687352180481,2.1157712936401367,-1.936257004737854,-0.5825032636226809,nan,nan,nan,nan,nan,nan,nan,nan
46.89616394042969,2.1326069831848145,-1.950103521347046,-0.5635118717146655,nan,nan,nan,nan,nan,nan,nan,nan
46.946632862091064,2.1422665119171143,-1.9578917026519775,-0.552210215187854,nan,nan,nan,nan,nan,nan,nan,nan
46.99713134765625,2.1520612239837646,-1.965567946434021,-0.5408742145455326,nan,nan,nan,nan,nan,nan,nan,nan
47.04639673233032,2.162034034729004,-1.9733222723007202,-0.5288241519476918,nan,nan,nan,nan,nan,nan,nan,nan
47.100934982299805,2.173603057861328,-1.9823338985443115,-0.5150901094120542,nan,nan,nan,nan,nan,nan,nan,nan
47.146477937698364,2.184002161026001,-1.9899885654449463,-0.5024107382313362,nan,nan,nan,nan,nan,nan,nan,nan
47.19627833366394,2.195115089416504,-1.998465657234192,-0.4855316762061081,nan,nan,nan,nan,nan,nan,nan,nan
47.246063470840454,2.20684814453125,-2.007120132446289,-0.4674029833022048,nan,nan,nan,nan,nan,nan,nan,nan
47.296568393707275,2.219142436981201,-2.0158259868621826,-0.446010126688445,nan,nan,nan,nan,nan,nan,nan,nan
47.346691608428955,2.2284069061279297,-2.0226123332977295,-0.42773539306959196,nan,nan,nan,nan,nan,nan,nan,nan
47.39798307418823,2.243799924850464,-2.0337514877319336,-0.3960289011792011,nan,nan,nan,nan,nan,nan,nan,nan
47.44608521461487,2.2535414695739746,-2.04231595993042,-0.36942360193737894,nan,nan,nan,nan,nan,nan,nan,nan
47.49683594703674,2.266728639602661,-2.05110502243042,-0.3394774769549182,nan,nan,nan,nan,nan,nan,nan,nan
47.54679036140442,2.279456853866577,-2.0595343112945557,-0.3083605996538873,nan,nan,nan,nan,nan,nan,nan,nan
47.59608578681946,2.296051025390625,-2.0696091651916504,-0.2706362063006935,nan,nan,nan,nan,nan,nan,nan,nan
47.64614415168762,2.3109443187713623,-2.0775232315063477,-0.23845285738184943,nan,nan,nan,nan,nan,nan,nan,nan
47.69612979888916,2.3250808715820312,-2.0843560695648193,-0.21176256970259677,nan,nan,nan,nan,nan,nan,nan,nan
47.750361919403076,2.340566635131836,-2.0915536880493164,-0.18081251975038218,nan,nan,nan,nan,nan,nan,nan,nan
47.80109739303589,2.3563716411590576,-2.0978922843933105,-0.15363560456853284,nan,nan,nan,nan,nan,nan,nan,nan
47.84606647491455,2.3720216751098633,-2.103386163711548,-0.12739710325587175,nan,nan,nan,nan,nan,nan,nan,nan
47.89660573005676,2.389101028442383,-2.107182741165161,-0.10489258370490488,nan,nan,nan,nan,nan,nan,nan,nan
47.94611668586731,2.4046576023101807,-2.1112544536590576,-0.08260787170099114,nan,nan,nan,nan,nan,nan,nan,nan
48.00140070915222,2.4194095134735107,-2.1147449016571045,-0.0630582412889663,nan,nan,nan,nan,nan,nan,nan,nan
48.04625654220581,2.432673931121826,-2.1174895763397217,-0.04645986074793774,nan,nan,nan,nan,nan,nan,nan,nan
48.09605693817139,2.4467933177948,-2.1199276447296143,-0.03032247833598507,nan,nan,nan,nan,nan,nan,nan,nan
48.148614168167114,2.46150541305542,-2.1224048137664795,-0.014929622403916182,nan,nan,nan,nan,nan,nan,nan,nan
48.19634437561035,2.4739952087402344,-2.1241166591644287,-0.0033961430807565233,nan,nan,nan,nan,nan,nan,nan,nan
48.246057987213135,2.489741086959839,-2.125629425048828,0.009493436595804244,nan,nan,nan,nan,nan,nan,nan,nan
48.296003103256226,2.503810167312622,-2.126970052719116,0.02016705004905459,nan,nan,nan,nan,nan,nan,nan,nan
48.34608268737793,2.5185000896453857,-2.127915143966675,0.029486920840861863,nan,nan,nan,nan,nan,nan,nan,nan
48.397029876708984,2.5313689708709717,-2.1284658908843994,0.03707465193318282,nan,nan,nan,nan,nan,nan,nan,nan
48.4461932182312,2.5479862689971924,-2.129298210144043,0.04593164374504186,nan,nan,nan,nan,nan,nan,nan,nan
48.49661588668823,2.561596155166626,-2.1297037601470947,0.05220048735409444,nan,nan,nan,nan,nan,nan,nan,nan
48.54975128173828,2.5780203342437744,-2.129939556121826,0.05852245706007688,nan,nan,nan,nan,nan,nan,nan,nan
48.60185742378235,2.5937516689300537,-2.1298935413360596,0.06369343956247951,nan,nan,nan,nan,nan,nan,nan,nan
48.65090847015381,2.609471082687378,-2.1297457218170166,0.06794637142852633,nan,nan,nan,nan,nan,nan,nan,nan
48.699854373931885,2.6253983974456787,-2.1293327808380127,0.07090201296082195,nan,nan,nan,nan,nan,nan,nan,nan
48.74707913398743,2.6401712894439697,-2.1288034915924072,0.07374950824380834,nan,nan,nan,nan,nan,nan,nan,nan
48.79611682891846,2.657581329345703,-2.128232479095459,0.07538582864420154,nan,nan,nan,nan,nan,nan,nan,nan
48.84606957435608,2.673515558242798,-2.127484083175659,0.07590361056199765,nan,nan,nan,nan,nan,nan,nan,nan
48.89610290527344,2.689034938812256,-2.1268911361694336,0.07581818190449442,nan,nan,nan,nan,nan,nan,nan,nan
48.946789264678955,2.7029929161071777,-2.1262290477752686,0.0758700101247727,nan,nan,nan,nan,nan,nan,nan,nan
48.996089696884155,2.720588207244873,-2.125234842300415,0.07402425334231971,nan,nan,nan,nan,nan,nan,nan,nan
49.04608988761902,2.7336392402648926,-2.1245641708374023,0.072663043008541,nan,nan,nan,nan,nan,nan,nan,nan
49.100093603134155,2.7509753704071045,-2.12380313873291,0.07056389375344985,nan,nan,nan,nan,nan,nan,nan,nan
49.146648645401,2.765603542327881,-2.123133659362793,0.06868790819429782,nan,nan,nan,nan,nan,nan,nan,nan
49.19611644744873,2.7820963859558105,-2.1222996711730957,0.06596827354194676,nan,nan,nan,nan,nan,nan,nan,nan
49.24610352516174,2.798539161682129,-2.1217265129089355,0.0638120046811958,nan,nan,nan,nan,nan,nan,nan,nan
49.29647755622864,2.809933662414551,-2.1213932037353516,0.06333560639187075,nan,nan,nan,nan,nan,nan,nan,nan
49.3469455242157,2.8273122310638428,-2.120980739593506,0.061371111438686225,nan,nan,nan,nan,nan,nan,nan,nan
49.40136742591858,2.845364809036255,-2.1207642555236816,0.05948898192433106,nan,nan,nan,nan,nan,nan,nan,nan
49.446552753448486,2.8470518589019775,-2.120680570602417,0.059402526490395895,nan,nan,nan,nan,nan,nan,nan,nan
49.496320486068726,2.875286102294922,-2.119999408721924,0.0568553916409308,nan,nan,nan,nan,nan,nan,nan,nan
49.55122637748718,2.8857967853546143,-2.119962453842163,0.053623703561876374,nan,nan,nan,nan,nan,nan,nan,nan
49.596487522125244,2.9009125232696533,-2.1193978786468506,0.05183989565453917,nan,nan,nan,nan,nan,nan,nan,nan
49.64637637138367,2.9162096977233887,-2.1189496517181396,0.05012651817958802,nan,nan,nan,nan,nan,nan,nan,nan
49.698440074920654,2.9293768405914307,-2.118562936782837,0.04929437758668567,nan,nan,nan,nan,nan,nan,nan,nan
49.74613571166992,2.9457314014434814,-2.1181178092956543,0.047689314243667444,nan,nan,nan,nan,nan,nan,nan,nan
49.80126953125,2.962921619415283,-2.1176371574401855,0.04598866329891418,nan,nan,nan,nan,nan,nan,nan,nan
49.84611487388611,2.977321147918701,-2.117176055908203,0.044664744379210065,nan,nan,nan,nan,nan,nan,nan,nan
49.8973925113678,2.9926986694335938,-2.116616725921631,0.043082506839044014,nan,nan,nan,nan,nan,nan,nan,nan
49.94618606567383,3.007882595062256,-2.1164424419403076,0.04170861055191799,nan,nan,nan,nan,nan,nan,nan,nan
49.99605584144592,3.0229151248931885,-2.116030693054199,0.040180937887155446,nan,nan,nan,nan,nan,nan,nan,nan
50.046119689941406,3.038113594055176,-2.1157209873199463,0.03851682157071592,nan,nan,nan,nan,nan,nan,nan,nan
50.09609127044678,3.05344820022583,-2.1154496669769287,0.037112178327646766,nan,nan,nan,nan,nan,nan,nan,nan
50.14640712738037,3.0662567615509033,-2.115328311920166,0.03603310798324711,nan,nan,nan,nan,nan,nan,nan,nan
50.19611644744873,3.0832412242889404,-2.115053176879883,0.03432991163300117,nan,nan,nan,nan,nan,nan,nan,nan
50.24605679512024,3.097524642944336,-2.114565372467041,0.03275861547412503,nan,nan,nan,nan,nan,nan,nan,nan
50.296250343322754,3.1137514114379883,-2.1145193576812744,0.03144105272198404,nan,nan,nan,nan,nan,nan,nan,nan
50.34606623649597,3.128976583480835,-2.114459276199341,0.02947194535093349,nan,nan,nan,nan,nan,nan,nan,nan
50.39605379104614,3.143418073654175,-2.1143603324890137,0.028007173429920013,nan,nan,nan,nan,nan,nan,nan,nan
50.44623780250549,3.160959243774414,-2.1139137744903564,0.02700785679217234,nan,nan,nan,nan,nan,nan,nan,nan
50.49611258506775,3.1740217208862305,-2.1140501499176025,0.0255714066120999,nan,nan,nan,nan,nan,nan,nan,nan
50.55074405670166,3.189490795135498,-2.1141207218170166,0.02348071700884517,nan,nan,nan,nan,nan,nan,nan,nan
50.59620666503906,3.2037925720214844,-2.114105701446533,0.022219613275192295,nan,nan,nan,nan,nan,nan,nan,nan
50.646127223968506,3.2180824279785156,-2.114166021347046,0.02100384418337556,nan,nan,nan,nan,nan,nan,nan,nan
50.69606590270996,3.228163003921509,-2.1142375469207764,0.01962689183424045,nan,nan,nan,nan,nan,nan,nan,nan
50.74873757362366,3.2480831146240234,-2.114480495452881,0.017550739558663507,nan,nan,nan,nan,nan,nan,nan,nan
50.802109241485596,3.263650417327881,-2.114497661590576,0.01670817540919506,nan,nan,nan,nan,nan,nan,nan,nan
50.85012722015381,3.2791168689727783,-2.1145009994506836,0.01519883686427175,nan,nan,nan,nan,nan,nan,nan,nan
50.899097204208374,3.2941040992736816,-2.114320993423462,0.01374447942838365,nan,nan,nan,nan,nan,nan,nan,nan
50.946030139923096,3.3102025985717773,-2.114835739135742,0.011430277295897467,nan,nan,nan,nan,nan,nan,nan,nan
50.996283769607544,3.324932813644409,-2.11484432220459,0.009561094267613932,nan,nan,nan,nan,nan,nan,nan,nan
51.046852827072144,3.3377397060394287,-2.1149866580963135,0.008479238530348496,nan,nan,nan,nan,nan,nan,nan,nan
51.09607672691345,3.353411912918091,-2.115133762359619,0.007038979658443882,nan,nan,nan,nan,nan,nan,nan,nan
51.146101236343384,3.3708484172821045,-2.1154611110687256,0.005859995805068176,nan,nan,nan,nan,nan,nan,nan,nan
51.19608688354492,3.384537935256958,-2.1157145500183105,0.004427541879453057,nan,nan,nan,nan,nan,nan,nan,nan
51.24643158912659,3.3990843296051025,-2.1157937049865723,0.003776548722876192,nan,nan,nan,nan,nan,nan,nan,nan
51.298200845718384,3.416569471359253,-2.116265058517456,0.002601124400645234,nan,nan,nan,nan,nan,nan,nan,nan
51.346105098724365,3.431575298309326,-2.11641526222229,0.002203093977704689,nan,nan,nan,nan,nan,nan,nan,nan
51.3964478969574,3.4487764835357666,-2.116795063018799,0.0015621629173131013,nan,nan,nan,nan,nan,nan,nan,nan
51.44955563545227,3.463439702987671,-2.117133855819702,0.0013977479768970988,nan,nan,nan,nan,nan,nan,nan,nan
51.49610209465027,3.479541778564453,-2.1176459789276123,0.0008846353158433244,nan,nan,nan,nan,nan,nan,nan,nan
51.5460410118103,3.4948105812072754,-2.117884874343872,0.0008662455852412784,nan,nan,nan,nan,nan,nan,nan,nan
51.59610867500305,3.5107617378234863,-2.1185452938079834,0.0005607867884234598,nan,nan,nan,nan,nan,nan,nan,nan
51.64675521850586,3.5247857570648193,-2.1189205646514893,0.0009283606485452437,nan,nan,nan,nan,nan,nan,nan,nan
51.70029258728027,3.5423190593719482,-2.119241237640381,0.0013636807210603249,nan,nan,nan,nan,nan,nan,nan,nan
51.746092557907104,3.557828187942505,-2.1200709342956543,0.0029780283243819594,nan,nan,nan,nan,nan,nan,nan,nan
51.79675006866455,3.5730578899383545,-2.120922327041626,0.004147138375313344,nan,nan,nan,nan,nan,nan,nan,nan
51.84880781173706,3.587923049926758,-2.1212432384490967,0.004801901654975737,nan,nan,nan,nan,nan,nan,nan,nan
51.89610052108765,3.6045589447021484,-2.1218433380126953,0.006076603500881206,nan,nan,nan,nan,nan,nan,nan,nan
51.94614934921265,3.6193618774414062,-2.1223063468933105,0.006905819524678024,nan,nan,nan,nan,nan,nan,nan,nan
51.99609088897705,3.636167049407959,-2.1227545738220215,0.00898518760014347,nan,nan,nan,nan,nan,nan,nan,nan
52.051000356674194,3.6514225006103516,-2.1230130195617676,0.01085449968928117,nan,nan,nan,nan,nan,nan,nan,nan
52.09609270095825,3.6671314239501953,-2.123750925064087,0.012292327198667925,nan,nan,nan,nan,nan,nan,nan,nan
52.14610242843628,3.6831254959106445,-2.12382173538208,0.01585407129985652,nan,nan,nan,nan,nan,nan,nan,nan
52.196229696273804,3.698213577270508,-2.1244635581970215,0.017107502980185228,nan,nan,nan,nan,nan,nan,nan,nan
52.25144982337952,3.7154664993286133,-2.1248817443847656,0.01974942500055458,nan,nan,nan,nan,nan,nan,nan,nan
52.296164989471436,3.7308616638183594,-2.12532377243042,0.023362501214892036,nan,nan,nan,nan,nan,nan,nan,nan
52.34617853164673,3.746666193008423,-2.1254706382751465,0.027428428330831794,nan,nan,nan,nan,nan,nan,nan,nan
52.396220207214355,3.761355400085449,-2.1257479190826416,0.03093189685983718,nan,nan,nan,nan,nan,nan,nan,nan
52.44608998298645,3.779000759124756,-2.126450300216675,0.03519597061244092,nan,nan,nan,nan,nan,nan,nan,nan
52.496246576309204,3.789212226867676,-2.1266417503356934,0.038179327193338906,nan,nan,nan,nan,nan,nan,nan,nan
52.54613709449768,3.8109498023986816,-2.1269493103027344,0.045833002999133864,nan,nan,nan,nan,nan,nan,nan,nan
52.59604787826538,3.8286802768707275,-2.126352548599243,0.05382403705524715,nan,nan,nan,nan,nan,nan,nan,nan
52.6462197303772,3.840618133544922,-2.1272525787353516,0.05746001668992582,nan,nan,nan,nan,nan,nan,nan,nan
52.6960928440094,3.8589930534362793,-2.127469301223755,0.06637834273132524,nan,nan,nan,nan,nan,nan,nan,nan
52.746031284332275,3.870959520339966,-2.1272525787353516,0.07231468955805394,nan,nan,nan,nan,nan,nan,nan,nan
52.796107053756714,3.890374183654785,-2.1276795864105225,0.08294691707688828,nan,nan,nan,nan,nan,nan,nan,nan
52.846052408218384,3.906485080718994,-2.1281557083129883,0.09244567050569522,nan,nan,nan,nan,nan,nan,nan,nan
52.89622259140015,3.921691417694092,-2.1274373531341553,0.10260732948031838,nan,nan,nan,nan,nan,nan,nan,nan
52.94685959815979,3.936767578125,-2.1273961067199707,0.1145287897686288,nan,nan,nan,nan,nan,nan,nan,nan
52.99610161781311,3.9530162811279297,-2.126936674118042,0.1271538183661867,nan,nan,nan,nan,nan,nan,nan,nan
53.04610085487366,3.9711811542510986,-2.1262199878692627,0.14471246234742388,nan,nan,nan,nan,nan,nan,nan,nan
