t,chair_x,chair_y,chair_yaw
0.0,-2.0833489681988357,2.014286756175575,0.011770959492039417
0.05052614212036133,-2.0833489681988357,2.014286756175575,0.011770959492039417
0.10152268409729004,-2.0833489681988357,2.014286756175575,0.011770959492039417
0.15036535263061523,-2.0872973225078866,2.0125580496701616,0.011550318415849272
0.19895458221435547,-2.086009092486955,2.012183518417446,0.01284947641990232
0.24918532371520996,-2.086009092486955,2.012183518417446,0.01284947641990232
0.2995615005493164,-2.081581394872204,2.012118834574881,0.012504478631445501
0.3535902500152588,-2.081581394872204,2.012118834574881,0.012504478631445501
0.40514636039733887,-2.080492803923426,2.0113923032714136,0.010794578331663272
0.44987940788269043,-2.080492803923426,2.0113923032714136,0.010794578331663272
0.49926018714904785,-2.084613475770825,2.0130316778433013,0.010037507572317007
0.5505175590515137,-2.084613475770825,2.0130316778433013,0.010037507572317007
0.5999317169189453,-2.078984814672295,2.015749552830703,0.009705010045693685
0.6483113765716553,-2.078984814672295,2.015749552830703,0.009705010045693685
0.7031681537628174,-2.0776659334544227,2.0187253494696242,0.006220722321700344
0.7503774166107178,-2.0776659334544227,2.0187253494696242,0.006220722321700344
0.7986152172088623,-2.0728903888866084,2.0198305538912007,-0.006278799364536192
0.8491508960723877,-2.0728903888866084,2.0198305538912007,-0.006278799364536192
0.898463249206543,-2.0640864955420826,2.0221421500003034,-0.024630005662106172
0.9487183094024658,-2.0640864955420826,2.0221421500003034,-0.024630005662106172
0.9990344047546387,-2.0500338818695663,2.018114360940621,-0.05107577929959596
1.0503418445587158,-2.0500338818695663,2.018114360940621,-0.05107577929959596
1.1003165245056152,-2.0500338818695663,2.018114360940621,-0.05107577929959596
1.1489708423614502,-2.0362294597844848,2.0149678945406926,-0.08197303619844515
1.1992626190185547,-2.0158727152947375,2.0020254983104655,-0.12156124056028678
1.2519760131835938,-2.0158727152947375,2.0020254983104655,-0.12156124056028678
1.299025297164917,-1.9870288570750017,1.9909507380610036,-0.16930936794666204
1.3490815162658691,-1.9870288570750017,1.9909507380610036,-0.16930936794666204
1.3995251655578613,-1.9612460482497542,1.9824086119000541,-0.2159261399366969
1.4501168727874756,-1.9612460482497542,1.9824086119000541,-0.2159261399366969
1.5001180171966553,-1.9373186713325976,1.9730525125203038,-0.2640448403337099
1.54966139793396,-1.9373186713325976,1.9730525125203038,-0.2640448403337099
1.5993740558624268,-1.9134524329563114,1.9667707551079643,-0.3142287519083973
1.6505732536315918,-1.9134524329563114,1.9667707551079643,-0.3142287519083973
1.6986362934112549,-1.8923507498054508,1.9559623896921015,-0.36583916328932176
1.7497098445892334,-1.8923507498054508,1.9559623896921015,-0.36583916328932176
1.8003649711608887,-1.8632388293871418,1.9451361890946561,-0.4162874442603257
1.8488693237304688,-1.8632388293871418,1.9451361890946561,-0.4162874442603257
1.8991553783416748,-1.836695341331159,1.9337508265223127,-0.47004238672082843
1.950186014175415,-1.836695341331159,1.9337508265223127,-0.47004238672082843
2.0001919269561768,-1.8152904962142518,1.922181955100696,-0.5220463081110069
2.050938844680786,-1.8152904962142518,1.922181955100696,-0.5220463081110069
2.098825216293335,-1.8152904962142518,1.922181955100696,-0.5220463081110069
2.1485047340393066,-1.796288610714713,1.9105033517591965,-0.5761144933919573
2.198648691177368,-1.7712388826983803,1.9007487039452449,-0.6252779324820441
2.250211238861084,-1.7712388826983803,1.9007487039452449,-0.6252779324820441
2.2995753288269043,-1.7455206259671077,1.8772702519478572,-0.6737904026160134
2.3498330116271973,-1.7455206259671077,1.8772702519478572,-0.6737904026160134
2.398902177810669,-1.7179554182454815,1.8603320407427635,-0.716948091758111
2.4508047103881836,-1.7179554182454815,1.8603320407427635,-0.716948091758111
2.4986913204193115,-1.6939139974564406,1.8366966554133537,-0.7576083732337768
2.549278736114502,-1.6939139974564406,1.8366966554133537,-0.7576083732337768
2.6005632877349854,-1.6706138995973931,1.8131898380749787,-0.7993446912930541
2.655409336090088,-1.6706138995973931,1.8131898380749787,-0.7993446912930541
2.705235242843628,-1.6509744218293003,1.7851640332030916,-0.8426923366379153
2.753857374191284,-1.6509744218293003,1.7851640332030916,-0.8426923366379153
2.7995400428771973,-1.6291691677415006,1.7578536202574848,-0.8802910247720855
2.8495893478393555,-1.6291691677415006,1.7578536202574848,-0.8802910247720855
2.899462938308716,-1.610525761520949,1.7303808860126966,-0.920048809147614
2.9509475231170654,-1.610525761520949,1.7303808860126966,-0.920048809147614
3.000941276550293,-1.5933314904647047,1.7058392666002693,-0.958077143901174
3.0499236583709717,-1.5933314904647047,1.7058392666002693,-0.958077143901174
3.1008496284484863,-1.5776830306520513,1.6752998248921598,-0.996291294591806
3.1505069732666016,-1.5776830306520513,1.6752998248921598,-0.996291294591806
3.1994266510009766,-1.560332473114216,1.6545096103158685,-1.034891237234494
3.249074697494507,-1.560332473114216,1.6545096103158685,-1.034891237234494
3.299525737762451,-1.5433752429975578,1.6263765351119495,-1.0728191813565995
3.3488316535949707,-1.5433752429975578,1.6263765351119495,-1.0728191813565995
3.3995749950408936,-1.5301586251058705,1.6002543486023786,-1.1004083359655223
3.448777437210083,-1.5301586251058705,1.6002543486023786,-1.1004083359655223
3.499972343444824,-1.5173902469184017,1.5818401455509434,-1.1143616869082549
3.549405813217163,-1.5173902469184017,1.5818401455509434,-1.1143616869082549
3.599846363067627,-1.5135788431708408,1.5669510723001685,-1.113098580333235
3.649794578552246,-1.5135788431708408,1.5669510723001685,-1.113098580333235
3.7007339000701904,-1.507892992546107,1.5625931383560923,-1.102192607838982
3.7491037845611572,-1.507892992546107,1.5625931383560923,-1.102192607838982
3.8024048805236816,-1.5041530100414364,1.56147837657632,-1.0784991838867772
3.8498668670654297,-1.5041530100414364,1.56147837657632,-1.0784991838867772
3.8990488052368164,-1.5032151802167308,1.5580287087611533,-1.0638840543847958
3.949815034866333,-1.5032151802167308,1.5580287087611533,-1.0638840543847958
3.9988200664520264,-1.4984717100924447,1.5556933398068302,-1.0599987856692792
4.050297260284424,-1.4984717100924447,1.5556933398068302,-1.0599987856692792
4.099248886108398,-1.4984717100924447,1.5556933398068302,-1.0599987856692792
4.1495749950408936,-1.4934617131757812,1.5469473014268191,-1.0617149976808946
4.198951959609985,-1.4889510962869847,1.5372340057535996,-1.066494576401166
4.249428987503052,-1.4889510962869847,1.5372340057535996,-1.066494576401166
4.301507234573364,-1.4883292526463405,1.5258959059008788,-1.0786364615415676
4.349111080169678,-1.4883292526463405,1.5258959059008788,-1.0786364615415676
4.4001145362854,-1.4788463157625273,1.5105821093681902,-1.091003726865473
4.4483726024627686,-1.4788463157625273,1.5105821093681902,-1.091003726865473
4.4988274574279785,-1.469665504758939,1.4945588014589426,-1.1007132541461697
4.548779010772705,-1.469665504758939,1.4945588014589426,-1.1007132541461697
4.59872579574585,-1.4514212232338863,1.4698808261982041,-1.107428388199772
4.648539304733276,-1.4514212232338863,1.4698808261982041,-1.107428388199772
4.6997904777526855,-1.4343744731086465,1.4425319132855516,-1.117487039915916
4.748763084411621,-1.4343744731086465,1.4425319132855516,-1.117487039915916
4.798905849456787,-1.4172159868829377,1.417402266275833,-1.126038620308222
4.848673105239868,-1.4172159868829377,1.417402266275833,-1.126038620308222
4.900075435638428,-1.4013680468998102,1.384308170482734,-1.1334353043756424
4.9489359855651855,-1.4013680468998102,1.384308170482734,-1.1334353043756424
5.000280141830444,-1.3867856279450435,1.3497358636232173,-1.1370555911856697
5.049430847167969,-1.3867856279450435,1.3497358636232173,-1.1370555911856697
5.099077939987183,-1.3682385688893541,1.312080258803896,-1.1413062649017136
5.148517608642578,-1.3682385688893541,1.312080258803896,-1.1413062649017136
5.198943376541138,-1.3492963939116662,1.2755886725616827,-1.1383300946481856
5.248483419418335,-1.3492963939116662,1.2755886725616827,-1.1383300946481856
5.298762559890747,-1.3335720274463765,1.2440629713786038,-1.1353792189117091
5.35305380821228,-1.3335720274463765,1.2440629713786038,-1.1353792189117091
5.402012348175049,-1.317818434373966,1.210874390671631,-1.1318496351506357
5.459355354309082,-1.317818434373966,1.210874390671631,-1.1318496351506357
5.506282806396484,-1.3021405480761477,1.1806359404815776,-1.1165305619000458
5.556241273880005,-1.3021405480761477,1.1806359404815776,-1.1165305619000458
5.601804494857788,-1.2888051817449302,1.1597552095696968,-1.09179173820375
5.657707691192627,-1.2888051817449302,1.1597552095696968,-1.09179173820375
5.702552556991577,-1.2721671940748491,1.1443751531940363,-1.0653591977406232
5.753342390060425,-1.2721671940748491,1.1443751531940363,-1.0653591977406232
5.802014350891113,-1.2634382510635427,1.1308751812171394,-1.047037473915771
5.851752996444702,-1.2634382510635427,1.1308751812171394,-1.047037473915771
5.900013208389282,-1.2485855227502178,1.115319729678898,-1.0331411180847754
5.950132846832275,-1.2485855227502178,1.115319729678898,-1.0331411180847754
6.008155822753906,-1.2412534355714704,1.1008310758072195,-1.0235325186798259
6.06203293800354,-1.2412534355714704,1.1008310758072195,-1.0235325186798259
6.102266311645508,-1.2412534355714704,1.1008310758072195,-1.0235325186798259
6.156796932220459,-1.2293024042509813,1.0885283950978377,-1.0082686385618753
6.1996519565582275,-1.2209102003882855,1.0758269115568304,-0.9926424214871359
6.255215406417847,-1.2209102003882855,1.0758269115568304,-0.9926424214871359
6.301704168319702,-1.2145973808031891,1.0596889896661315,-0.9766454702277441
6.355653285980225,-1.2145973808031891,1.0596889896661315,-0.9766454702277441
6.401553392410278,-1.1941069838726008,1.0448140752169985,-0.960704724278377
6.44994592666626,-1.1941069838726008,1.0448140752169985,-0.960704724278377
6.49925684928894,-1.1733974088012253,1.027560406120457,-0.9454830754442205
6.548567533493042,-1.1733974088012253,1.027560406120457,-0.9454830754442205
6.599164962768555,-1.1513871896372037,1.0083078713429217,-0.9307940497965481
6.690176010131836,-1.1513871896372037,1.0083078713429217,-0.9307940497965481
6.700198411941528,-1.134992625467901,0.9936470938554015,-0.9119123830054048
6.751181125640869,-1.134992625467901,0.9936470938554015,-0.9119123830054048
6.799188852310181,-1.1236092607853496,0.973691776871204,-0.8924161158300651
6.8498828411102295,-1.1236092607853496,0.973691776871204,-0.8924161158300651
6.899595022201538,-1.1130149275677546,0.9674238956926077,-0.8662884541828751
6.950822114944458,-1.1130149275677546,0.9674238956926077,-0.8662884541828751
6.99951434135437,-1.1039102202771436,0.9609720179340685,-0.833796611460582
7.048306465148926,-1.1039102202771436,0.9609720179340685,-0.833796611460582
7.098417043685913,-1.0968295002266228,0.9558355163994626,-0.7931381282446847
7.148910760879517,-1.0968295002266228,0.9558355163994626,-0.7931381282446847
7.198976755142212,-1.0943470863743903,0.9542749806432995,-0.7537476859989565
7.248573303222656,-1.0943470863743903,0.9542749806432995,-0.7537476859989565
7.37496018409729,-1.0876877028296168,0.9504678861515571,-0.7031241103740209
7.442066192626953,-1.0876877028296168,0.9504678861515571,-0.7031241103740209
7.444784164428711,-1.081351011675325,0.9532214006903929,-0.6488927342119502
7.448718309402466,-1.081351011675325,0.9532214006903929,-0.6488927342119502
7.49910831451416,-1.0788865786975297,0.9551888970816457,-0.5777475263963816
7.637217998504639,-1.0788865786975297,0.9551888970816457,-0.5777475263963816
7.728265047073364,-1.0788865786975297,0.9551888970816457,-0.5777475263963816
7.830530643463135,-1.0709668309439535,0.9599628855559864,-0.4991596404432726
7.937864542007446,-1.062214226490135,0.9640625534360506,-0.41200107069422387
8.03944706916809,-1.0580717975843197,0.9655640063412577,-0.3145093876494285
8.137778759002686,-1.051662422457606,0.974185586044006,-0.22437776340526525
8.230476140975952,-1.042839859000702,0.9808645253875513,-0.15174213325157646
8.32198977470398,-1.0399150529716894,0.9842472577963174,-0.09048346358085496
8.324729919433594,-1.0385632617543594,0.9873747715411326,-0.062096223217255386
8.348466634750366,-1.0325477150866709,0.9947513437754448,-0.04245705147906863
8.400413751602173,-1.0224862225969722,0.9966882139511936,-0.03385670510747303
8.448933601379395,-1.0224862225969722,0.9966882139511936,-0.03385670510747303
8.501593112945557,-1.010687711907134,0.9941873226435555,-0.03427506110753111
8.549574613571167,-1.010687711907134,0.9941873226435555,-0.03427506110753111
8.59897780418396,-0.9956008554704299,0.9881031975572089,-0.043485205541946265
8.649555921554565,-0.9956008554704299,0.9881031975572089,-0.043485205541946265
8.700778722763062,-0.981012104254222,0.9867088697746903,-0.06119980700256928
8.74993371963501,-0.981012104254222,0.9867088697746903,-0.06119980700256928
8.800363540649414,-0.9686047236956108,0.9828975099588336,-0.08959316463837078
8.84886360168457,-0.9686047236956108,0.9828975099588336,-0.08959316463837078
8.898607730865479,-0.9549118377635119,0.9781129845061741,-0.12439795365434912
8.948763847351074,-0.9549118377635119,0.9781129845061741,-0.12439795365434912
8.999401569366455,-0.939657174513171,0.9746150258122336,-0.15914012846057995
9.049710035324097,-0.939657174513171,0.9746150258122336,-0.15914012846057995
9.099609613418579,-0.939657174513171,0.9746150258122336,-0.15914012846057995
9.151113986968994,-0.9257218804191174,0.9725106579601704,-0.19056077657375992
9.198401689529419,-0.9069784264786538,0.9651233545882005,-0.22674391063539828
9.250382423400879,-0.9069784264786538,0.9651233545882005,-0.22674391063539828
9.30249571800232,-0.8911565253231809,0.9552549039014494,-0.2650121759520022
9.349115133285522,-0.8911565253231809,0.9552549039014494,-0.2650121759520022
9.402581691741943,-0.869498388309758,0.9481704327334383,-0.3105027627432546
9.449687480926514,-0.869498388309758,0.9481704327334383,-0.3105027627432546
9.499445676803589,-0.8535127254088366,0.9405793230208997,-0.36352002226829905
9.548826694488525,-0.8535127254088366,0.9405793230208997,-0.36352002226829905
9.59915542602539,-0.8325661335792267,0.9319316786048768,-0.4173455784456741
9.649247407913208,-0.8325661335792267,0.9319316786048768,-0.4173455784456741
9.699950456619263,-0.812108223636459,0.9183366868166528,-0.46927322757355244
9.7523775100708,-0.812108223636459,0.9183366868166528,-0.46927322757355244
9.799728155136108,-0.7932903059107366,0.9087505827693398,-0.5208419477977227
9.849162340164185,-0.7932903059107366,0.9087505827693398,-0.5208419477977227
9.900021076202393,-0.7754673682644675,0.8929906978718479,-0.5748651464868393
9.948620319366455,-0.7754673682644675,0.8929906978718479,-0.5748651464868393
9.99950098991394,-0.7579361637111339,0.8796588284193837,-0.6307294665511985
10.052513599395752,-0.7579361637111339,0.8796588284193837,-0.6307294665511985
10.098871231079102,-0.7579361637111339,0.8796588284193837,-0.6307294665511985
10.15048336982727,-0.7392241087347393,0.8636141576790283,-0.6857194534134174
10.201955795288086,-0.71525856173706,0.8449323822333571,-0.7416133871983919
10.250937461853027,-0.71525856173706,0.8449323822333571,-0.7416133871983919
10.299361944198608,-0.6960121340225612,0.8319827710565058,-0.7861287960196802
10.349292039871216,-0.6960121340225612,0.8319827710565058,-0.7861287960196802
10.399362325668335,-0.6731329175178173,0.8106836307731294,-0.8307934805157021
10.448527574539185,-0.6731329175178173,0.8106836307731294,-0.8307934805157021
10.501708745956421,-0.6516691660855025,0.7899569966897998,-0.8743325109039713
10.550532579421997,-0.6516691660855025,0.7899569966897998,-0.8743325109039713
10.600759267807007,-0.6314294215977987,0.7679014245697368,-0.9202741706788855
10.649011611938477,-0.6314294215977987,0.7679014245697368,-0.9202741706788855
10.700204849243164,-0.6185164904110898,0.7489858387672333,-0.9646907653131711
10.749634265899658,-0.6185164904110898,0.7489858387672333,-0.9646907653131711
10.800106763839722,-0.6098481802051365,0.7258584774415702,-1.0095593394314615
10.848929643630981,-0.6098481802051365,0.7258584774415702,-1.0095593394314615
10.898425817489624,-0.6007055878180237,0.7039857436198715,-1.0601480909294922
10.948973894119263,-0.6007055878180237,0.7039857436198715,-1.0601480909294922
10.999957799911499,-0.5924872259751259,0.679999720036037,-1.1083367292630006
11.051702499389648,-0.5924872259751259,0.679999720036037,-1.1083367292630006
11.10282564163208,-0.5924872259751259,0.679999720036037,-1.1083367292630006
11.149084568023682,-0.5797554900403752,0.656342881247237,-1.1530671287063436
11.19883918762207,-0.5785516914344616,0.6254701171389497,-1.199763085626342
11.249619960784912,-0.5785516914344616,0.6254701171389497,-1.199763085626342
11.298768281936646,-0.566965332846683,0.5943448663687837,-1.23722106567188
11.349898099899292,-0.566965332846683,0.5943448663687837,-1.23722106567188
11.400095224380493,-0.556938101163809,0.5610198133101435,-1.2735109975499135
11.44974422454834,-0.556938101163809,0.5610198133101435,-1.2735109975499135
11.499166250228882,-0.5465239719865336,0.5263104632898495,-1.3128596642256258
11.554988861083984,-0.5465239719865336,0.5263104632898495,-1.3128596642256258
11.601658582687378,-0.5465239719865336,0.5263104632898495,-1.3128596642256258
11.649996280670166,-0.5465239719865336,0.5263104632898495,-1.3128596642256258
11.699598789215088,-0.5234390911000927,0.45862360699012966,-1.3892927360114187
11.748923540115356,-0.5234390911000927,0.45862360699012966,-1.3892927360114187
11.799512386322021,-0.5193855558110712,0.425508421871631,-1.4239277766630427
11.848778486251831,-0.5193855558110712,0.425508421871631,-1.4239277766630427
11.901041746139526,-0.5112875407946134,0.39084563568261976,-1.455075078201965
11.953027248382568,-0.5112875407946134,0.39084563568261976,-1.455075078201965
12.000477075576782,-0.5063194032247158,0.3593136512155476,-1.4824982736365375
12.049334049224854,-0.5063194032247158,0.3593136512155476,-1.4824982736365375
12.099437713623047,-0.49842955494503133,0.3226209645526292,-1.5088338663297072
12.150207996368408,-0.49842955494503133,0.3226209645526292,-1.5088338663297072
12.199934720993042,-0.5011952792647533,0.2941084509161458,-1.5259601012965098
12.250734090805054,-0.5011952792647533,0.2941084509161458,-1.5259601012965098
12.299700498580933,-0.501264309059112,0.25420413474309944,-1.544763156356701
12.349679946899414,-0.501264309059112,0.25420413474309944,-1.544763156356701
12.398486137390137,-0.5027954305496289,0.21879314560557878,-1.563885478733938
12.448286294937134,-0.5027954305496289,0.21879314560557878,-1.563885478733938
12.499661207199097,-0.5018743091852585,0.1850242038948252,-1.5803828636914863
12.54895567893982,-0.5018743091852585,0.1850242038948252,-1.5803828636914863
12.600809812545776,-0.5017314067613775,0.1507150772010047,-1.5980982845394809
12.648822784423828,-0.5017314067613775,0.1507150772010047,-1.5980982845394809
12.698864221572876,-0.5027628872300173,0.11741076619475432,-1.6158289533565275
12.748863697052002,-0.5027628872300173,0.11741076619475432,-1.6158289533565275
12.800194501876831,-0.5017021909006898,0.08619120965666932,-1.6353126216281952
12.850000381469727,-0.5017021909006898,0.08619120965666932,-1.6353126216281952
12.899894952774048,-0.5021409581858147,0.053290961900429305,-1.653844703492867
12.948492288589478,-0.5021409581858147,0.053290961900429305,-1.653844703492867
12.999586820602417,-0.5021409581858147,0.053290961900429305,-1.653844703492867
13.053740501403809,-0.5021409581858147,0.053290961900429305,-1.653844703492867
13.09896469116211,-0.5021409581858147,0.053290961900429305,-1.653844703492867
13.14827013015747,-0.5054761895572122,-0.011664302443510195,-1.6947715840738846
13.197875499725342,-0.5066565963263889,-0.037912432476553966,-1.707345912568052
13.248715877532959,-0.5066565963263889,-0.037912432476553966,-1.707345912568052
13.298733711242676,-0.5109726974393067,-0.062147248371595805,-1.7183896101020562
13.348654747009277,-0.5109726974393067,-0.062147248371595805,-1.7183896101020562
13.401223182678223,-0.5180026963207318,-0.07639841516113394,-1.727777693598184
13.449079275131226,-0.5180026963207318,-0.07639841516113394,-1.727777693598184
13.499640941619873,-0.5236422359950655,-0.08780439858818107,-1.7357664813004439
13.54923677444458,-0.5236422359950655,-0.08780439858818107,-1.7357664813004439
13.598304986953735,-0.5251198920533827,-0.09705723480568507,-1.747412047011377
13.64840054512024,-0.5251198920533827,-0.09705723480568507,-1.747412047011377
13.700148582458496,-0.5281418454187754,-0.09894586560905816,-1.7613014150418411
13.748005628585815,-0.5281418454187754,-0.09894586560905816,-1.7613014150418411
13.798859596252441,-0.5217699733436402,-0.09633240492604683,-1.7769817211521415
13.848397970199585,-0.5217699733436402,-0.09633240492604683,-1.7769817211521415
13.901718616485596,-0.5214546237979021,-0.0954811191180458,-1.8033840023468375
13.948501586914062,-0.5214546237979021,-0.0954811191180458,-1.8033840023468375
13.998779296875,-0.5246088076574068,-0.09374918049413439,-1.840216837101607
14.04850721359253,-0.5246088076574068,-0.09374918049413439,-1.840216837101607
14.098432540893555,-0.5246088076574068,-0.09374918049413439,-1.840216837101607
14.149661302566528,-0.5281171246770366,-0.09491178112752019,-1.8835461119498982
14.19890284538269,-0.5352643693659689,-0.09284192995029367,-1.9478751730356911
14.24963092803955,-0.5352643693659689,-0.09284192995029367,-1.9478751730356911
14.299174308776855,-0.5436953310604257,-0.09330441753952373,-2.0224399925628345
14.349599838256836,-0.5436953310604257,-0.09330441753952373,-2.0224399925628345
14.39809274673462,-0.5550333292578776,-0.09875365279112258,-2.10948395216412
14.448089599609375,-0.5550333292578776,-0.09875365279112258,-2.10948395216412
14.498440742492676,-0.5700732526985461,-0.10319278265741227,-2.2063121349287007
14.548438310623169,-0.5700732526985461,-0.10319278265741227,-2.2063121349287007
14.598158836364746,-0.5817115373116947,-0.10299260107649638,-2.31020380115537
14.64814805984497,-0.5817115373116947,-0.10299260107649638,-2.31020380115537
14.698053359985352,-0.5871925585398661,-0.10153138908310178,-2.41872069108538
14.748892068862915,-0.5871925585398661,-0.10153138908310178,-2.41872069108538
14.797930240631104,-0.5984039734661355,-0.0980372295861224,-2.530861442373359
14.848207950592041,-0.5984039734661355,-0.0980372295861224,-2.530861442373359
14.89966368675232,-0.598022674416897,-0.09295260958465001,-2.639571487723577
14.949089765548706,-0.598022674416897,-0.09295260958465001,-2.639571487723577
14.998371601104736,-0.6039784855901177,-0.08758354199898624,-2.7481631582828183
15.049835920333862,-0.6039784855901177,-0.08758354199898624,-2.7481631582828183
15.099466562271118,-0.6039784855901177,-0.08758354199898624,-2.7481631582828183
15.148715257644653,-0.6078786081000533,-0.07629497869384946,-2.8579578968616937
15.20008111000061,-0.6050033437232443,-0.07127878145072752,-2.953942244789519
15.249026536941528,-0.6050033437232443,-0.07127878145072752,-2.953942244789519
15.298480749130249,-0.6000633072879682,-0.061836171263384705,-3.0513916251591207
15.349416971206665,-0.6000633072879682,-0.061836171263384705,-3.0513916251591207
15.39862322807312,-0.6000345563322143,-0.05338262021188081,3.132713236168521
15.448980569839478,-0.6000345563322143,-0.05338262021188081,3.132713236168521
15.49883770942688,-0.6019047173530778,-0.04412571330288433,3.0366407135948017
15.55053162574768,-0.6019047173530778,-0.04412571330288433,3.0366407135948017
15.598260641098022,-0.6037966029686608,-0.03882646577967339,2.9445286485698143
15.65123438835144,-0.6037966029686608,-0.03882646577967339,2.9445286485698143
15.6992347240448,-0.6127612865996148,-0.030625292917661286,2.848783717616554
15.748589277267456,-0.6127612865996148,-0.030625292917661286,2.848783717616554
15.799249410629272,-0.615744806523415,-0.022396533196953845,2.759336429365188
15.84848165512085,-0.615744806523415,-0.022396533196953845,2.759336429365188
15.898006200790405,-0.6251253072575627,-0.015873437417551962,2.6707498393390097
15.94807767868042,-0.6251253072575627,-0.015873437417551962,2.6707498393390097
15.998061895370483,-0.6317770285886901,-0.005328611960126135,2.575148374096507
16.048848867416382,-0.6317770285886901,-0.005328611960126135,2.575148374096507
16.099217891693115,-0.6317770285886901,-0.005328611960126135,2.575148374096507
16.147894859313965,-0.6427464412413576,0.0004483839698338696,2.4828391277617228
16.198525190353394,-0.651232403616775,0.009399047641729656,2.3891667611402854
16.251944541931152,-0.651232403616775,0.009399047641729656,2.3891667611402854
16.29837918281555,-0.6569542861030189,0.025307877575851116,2.3073453893845137
16.34889316558838,-0.6569542861030189,0.025307877575851116,2.3073453893845137
16.39802122116089,-0.663987789430456,0.045633081978444005,2.2294190653158594
16.44887638092041,-0.663987789430456,0.045633081978444005,2.2294190653158594
16.4986252784729,-0.6669787028170623,0.06055522430777021,2.1559195820851307
16.547784566879272,-0.6669787028170623,0.06055522430777021,2.1559195820851307
16.598217487335205,-0.6733207778634674,0.07572498049255122,2.0924916615259765
16.64824938774109,-0.6733207778634674,0.07572498049255122,2.0924916615259765
16.698545932769775,-0.6769744615496727,0.09250631581475599,2.035205031854197
16.749284029006958,-0.6769744615496727,0.09250631581475599,2.035205031854197
16.798368215560913,-0.6819516254312067,0.10953796409600675,1.9809537403512607
16.848416090011597,-0.6819516254312067,0.10953796409600675,1.9809537403512607
16.898684978485107,-0.6853829934950846,0.12719004529360767,1.9353579057973904
16.947977781295776,-0.6853829934950846,0.12719004529360767,1.9353579057973904
16.999059915542603,-0.6896245732996382,0.14824411579642438,1.8962758088785394
17.048415184020996,-0.6896245732996382,0.14824411579642438,1.8962758088785394
17.09789776802063,-0.6896245732996382,0.14824411579642438,1.8962758088785394
17.148810386657715,-0.6957748940920574,0.17003219619747428,1.8573713195033528
17.198701858520508,-0.7087920919201005,0.18500531259998226,1.8233317737276786
17.249691486358643,-0.7087920919201005,0.18500531259998226,1.8233317737276786
17.29792809486389,-0.7186807047385377,0.21314184435505285,1.790006775340555
17.3482186794281,-0.7186807047385377,0.21314184435505285,1.790006775340555
17.39854645729065,-0.7183676359239866,0.24430755314840563,1.7491237649278066
17.44899344444275,-0.7183676359239866,0.24430755314840563,1.7491237649278066
17.49935221672058,-0.7231656190623297,0.277547391143173,1.7028880047977588
17.548797130584717,-0.7231656190623297,0.277547391143173,1.7028880047977588
17.60103726387024,-0.7244835688189926,0.31625749192983504,1.6586398846657002
17.649245738983154,-0.7244835688189926,0.31625749192983504,1.6586398846657002
17.697970390319824,-0.7272171835737895,0.35362176478611224,1.6158974614624868
17.748206615447998,-0.7272171835737895,0.35362176478611224,1.6158974614624868
17.79797649383545,-0.7271426832912377,0.3871625135336421,1.5804595232868037
17.848217010498047,-0.7271426832912377,0.3871625135336421,1.5804595232868037
17.898895502090454,-0.7287869527653996,0.42671089909803145,1.5512035518229708
17.948590517044067,-0.7287869527653996,0.42671089909803145,1.5512035518229708
17.999566555023193,-0.7263355124072164,0.46530965691300735,1.52804109111053
18.04849910736084,-0.7263355124072164,0.46530965691300735,1.52804109111053
18.099278926849365,-0.7263355124072164,0.46530965691300735,1.52804109111053
18.149187326431274,-0.7279733001201151,0.5039701652278099,1.506636696107617
18.19892907142639,-0.7219586604714961,0.5427227485548944,1.4952364366248179
18.248555421829224,-0.7219586604714961,0.5427227485548944,1.4952364366248179
18.29776930809021,-0.7233608214767542,0.5762091894580638,1.493573346372319
18.34805679321289,-0.7233608214767542,0.5762091894580638,1.493573346372319
18.398064374923706,-0.7249099398794743,0.6089859183560477,1.4980690471816582
18.449016094207764,-0.7249099398794743,0.6089859183560477,1.4980690471816582
18.498487949371338,-0.719980879546946,0.6329753929399792,1.5014755638162514
18.550220489501953,-0.719980879546946,0.6329753929399792,1.5014755638162514
18.598968505859375,-0.7197225117947864,0.6604075431861255,1.5093678558339148
18.65074896812439,-0.7197225117947864,0.6604075431861255,1.5093678558339148
18.69945764541626,-0.721004803555025,0.6894403607745235,1.516357934254482
18.748913526535034,-0.721004803555025,0.6894403607745235,1.516357934254482
18.798384428024292,-0.7246217526711816,0.7201464511527192,1.5230124518050139
18.84867024421692,-0.7246217526711816,0.7201464511527192,1.5230124518050139
18.89818239212036,-0.7261417306368899,0.7558645904060186,1.5281764753320437
18.948087453842163,-0.7261417306368899,0.7558645904060186,1.5281764753320437
18.99807357788086,-0.7271817477365285,0.7878225521425714,1.530324602837088
19.048518180847168,-0.7271817477365285,0.7878225521425714,1.530324602837088
19.098819255828857,-0.7271817477365285,0.7878225521425714,1.530324602837088
19.150267601013184,-0.729334029866833,0.8236084855865752,1.532296977029335
19.197994470596313,-0.7312994848242995,0.8675286609961982,1.5286693188964766
19.250118732452393,-0.7312994848242995,0.8675286609961982,1.5286693188964766
19.29936671257019,-0.729364119304031,0.9057777195858104,1.528863915496425
19.34810757637024,-0.729364119304031,0.9057777195858104,1.528863915496425
19.398614645004272,-0.73158630554173,0.937867299944821,1.5285722304676517
19.448009967803955,-0.73158630554173,0.937867299944821,1.5285722304676517
19.49825644493103,-0.7316062488599024,0.9729842749716117,1.5266718357498943
19.548110008239746,-0.7316062488599024,0.9729842749716117,1.5266718357498943
19.59828472137451,-0.7309429254329509,1.0088702200846877,1.524622035837257
19.64808964729309,-0.7309429254329509,1.0088702200846877,1.524622035837257
19.698222875595093,-0.7332684065746647,1.0420968209401285,1.515068969571843
19.748613119125366,-0.7332684065746647,1.0420968209401285,1.515068969571843
19.798216342926025,-0.7315058143765256,1.0747882437006693,1.4988001789488212
19.848674535751343,-0.7315058143765256,1.0747882437006693,1.4988001789488212
19.89861750602722,-0.7322054095991339,1.1068698960660477,1.4731573252012569
19.948756456375122,-0.7322054095991339,1.1068698960660477,1.4731573252012569
19.99888014793396,-0.7292861985018447,1.1382844775139205,1.4474292072561379
20.04797077178955,-0.7292861985018447,1.1382844775139205,1.4474292072561379
20.101077556610107,-0.7244238345404754,1.1744806643948174,1.4210211768745935
20.149045944213867,-0.7244238345404754,1.1744806643948174,1.4210211768745935
20.197921752929688,-0.7188640069669292,1.2060862110853119,1.3994368356437203
20.25044894218445,-0.7188640069669292,1.2060862110853119,1.3994368356437203
20.298171758651733,-0.7121933191637175,1.2452840015653588,1.3763508511813933
20.34871554374695,-0.7121933191637175,1.2452840015653588,1.3763508511813933
20.398411989212036,-0.7048674172203069,1.2815032066456382,1.3536910854853028
20.44991374015808,-0.7048674172203069,1.2815032066456382,1.3536910854853028
20.498366355895996,-0.6976283610696088,1.309914288485235,1.333799868139941
20.548676013946533,-0.6976283610696088,1.309914288485235,1.333799868139941
20.598992586135864,-0.6907486531624109,1.3397820877267386,1.3125558629985463
20.649129390716553,-0.6907486531624109,1.3397820877267386,1.3125558629985463
20.69895339012146,-0.6849799651164259,1.365409136062877,1.2929244051395923
20.748838663101196,-0.6849799651164259,1.365409136062877,1.2929244051395923
20.801108598709106,-0.6736154992223653,1.3955237531954279,1.2681929630389726
20.84848928451538,-0.6736154992223653,1.3955237531954279,1.2681929630389726
20.898325204849243,-0.6618777771783352,1.4267441453178884,1.243264837494597
20.948124647140503,-0.6618777771783352,1.4267441453178884,1.243264837494597
20.99934673309326,-0.6518415220428653,1.461705941415034,1.2175229498759228
21.049487113952637,-0.6518415220428653,1.461705941415034,1.2175229498759228
21.10104751586914,-0.6518415220428653,1.461705941415034,1.2175229498759228
21.14920997619629,-0.6431447403689292,1.4909684054506407,1.190904343861702
21.200247049331665,-0.6257795532697878,1.5233483696658539,1.1607436068925143
21.24921417236328,-0.6257795532697878,1.5233483696658539,1.1607436068925143
21.298362016677856,-0.6157067297170524,1.557927009000867,1.1240306769402773
21.34927248954773,-0.6157067297170524,1.557927009000867,1.1240306769402773
21.399404764175415,-0.6062501021295346,1.5949815825527667,1.0790199161060856
21.448587894439697,-0.6062501021295346,1.5949815825527667,1.0790199161060856
21.50247597694397,-0.5913158310852532,1.624589645766418,1.0320674870354913
21.548705339431763,-0.5913158310852532,1.624589645766418,1.0320674870354913
21.599100589752197,-0.5733879935114934,1.6519317666840079,0.989966137839146
21.648998498916626,-0.5733879935114934,1.6519317666840079,0.989966137839146
21.700918674468994,-0.5536417584104837,1.6800766904504334,0.9493961448174686
21.752572059631348,-0.5536417584104837,1.6800766904504334,0.9493961448174686
21.79890727996826,-0.5341766356331806,1.70262957403131,0.9083509860222478
21.84960103034973,-0.5341766356331806,1.70262957403131,0.9083509860222478
21.898664951324463,-0.5168528945385205,1.727765513624366,0.87013952985515
21.949315786361694,-0.5168528945385205,1.727765513624366,0.87013952985515
21.99865412712097,-0.49594855886996814,1.7512139046138078,0.8273257897717939
22.0494863986969,-0.49594855886996814,1.7512139046138078,0.8273257897717939
22.099363088607788,-0.49594855886996814,1.7512139046138078,0.8273257897717939
22.149694442749023,-0.47216972496215337,1.7776516173845245,0.7864964259431292
22.19892716407776,-0.44983485051951566,1.7989512927715272,0.7457057815933984
22.248867511749268,-0.44983485051951566,1.7989512927715272,0.7457057815933984
22.30083465576172,-0.4257208423634394,1.8165146347722545,0.7053561258687945
22.35137391090393,-0.4257208423634394,1.8165146347722545,0.7053561258687945
22.398391246795654,-0.39966090191468145,1.8386673749945937,0.6660917661104176
22.44967746734619,-0.39966090191468145,1.8386673749945937,0.6660917661104176
22.5014750957489,-0.3739772225307808,1.8557744061487642,0.623454057877615
22.548994541168213,-0.3739772225307808,1.8557744061487642,0.623454057877615
22.59861445426941,-0.35169484216780156,1.868591858882948,0.5800376892704083
22.649831533432007,-0.35169484216780156,1.868591858882948,0.5800376892704083
22.699202060699463,-0.32921207791335144,1.8787173084614013,0.5269653324776161
22.74845266342163,-0.32921207791335144,1.8787173084614013,0.5269653324776161
22.799198389053345,-0.3150962367302997,1.883358353568285,0.46498321410537824
22.850242853164673,-0.3150962367302997,1.883358353568285,0.46498321410537824
22.89919948577881,-0.30350188527390737,1.8902329032292018,0.4041038023029776
22.95056414604187,-0.30350188527390737,1.8902329032292018,0.4041038023029776
22.99879217147827,-0.2925951145050956,1.8896513601282388,0.33835171210489784
23.050045251846313,-0.2925951145050956,1.8896513601282388,0.33835171210489784
23.101348400115967,-0.2925951145050956,1.8896513601282388,0.33835171210489784
23.148463249206543,-0.28065828632056555,1.886557224806698,0.26410521523501646
23.19892430305481,-0.27524898739616904,1.8700921841285583,0.18104920659254978
23.251725673675537,-0.27524898739616904,1.8700921841285583,0.18104920659254978
23.298558235168457,-0.2740234474851548,1.8624310445075383,0.09239588540120412
23.349146366119385,-0.2740234474851548,1.8624310445075383,0.09239588540120412
23.39847230911255,-0.2747141271006836,1.8537588630524067,-0.008993004363491694
23.448535442352295,-0.2747141271006836,1.8537588630524067,-0.008993004363491694
23.498976707458496,-0.2778053018989107,1.852784686951382,-0.1125051790921345
23.549526929855347,-0.2778053018989107,1.852784686951382,-0.1125051790921345
23.598835706710815,-0.2796287559250362,1.8455827494801966,-0.21166017994808115
23.64919662475586,-0.2796287559250362,1.8455827494801966,-0.21166017994808115
23.69913339614868,-0.27842961037027814,1.8420447187826263,-0.3013890271045833
23.74917960166931,-0.27842961037027814,1.8420447187826263,-0.3013890271045833
23.798869609832764,-0.27371960518100236,1.8366540125067947,-0.39165459477601555
23.848628520965576,-0.27371960518100236,1.8366540125067947,-0.39165459477601555
23.898743391036987,-0.2670391365785435,1.8289076140353782,-0.4758448029603041
23.949331045150757,-0.2670391365785435,1.8289076140353782,-0.4758448029603041
23.999242067337036,-0.26115557760525987,1.817842474749667,-0.5476466323149224
24.05003547668457,-0.26115557760525987,1.817842474749667,-0.5476466323149224
24.099879503250122,-0.26115557760525987,1.817842474749667,-0.5476466323149224
24.149741411209106,-0.2585677238921382,1.8073864492136344,-0.6089903236249459
24.19974160194397,-0.2549349282926478,1.8089633076548826,-0.6413752393694538
24.249702215194702,-0.2549349282926478,1.8089633076548826,-0.6413752393694538
24.29841136932373,-0.25234022520439237,1.8026069710105832,-0.6615894504903269
24.348905563354492,-0.25234022520439237,1.8026069710105832,-0.6615894504903269
24.398718118667603,-0.2513202912661797,1.798031992319758,-0.6837358943016119
24.44946026802063,-0.2513202912661797,1.798031992319758,-0.6837358943016119
24.500345706939697,-0.2421100000796259,1.791349176031061,-0.6998176380280878
24.548922300338745,-0.2421100000796259,1.791349176031061,-0.6998176380280878
24.598766565322876,-0.23420822083737242,1.78891877834793,-0.7090662038200835
24.649542808532715,-0.23420822083737242,1.78891877834793,-0.7090662038200835
24.699350595474243,-0.2219599137543462,1.7797323285599853,-0.7093327866457594
24.75270128250122,-0.2219599137543462,1.7797323285599853,-0.7093327866457594
24.80223059654236,-0.21152821716296366,1.7730565394465625,-0.7008929631189365
24.849315881729126,-0.21152821716296366,1.7730565394465625,-0.7008929631189365
24.899632692337036,-0.20189487779206367,1.7631680725203551,-0.6902866048671923
24.950656175613403,-0.20189487779206367,1.7631680725203551,-0.6902866048671923
25.000020027160645,-0.19216601742304756,1.758301399817548,-0.6739445114191561
25.05351686477661,-0.19216601742304756,1.758301399817548,-0.6739445114191561
25.098607778549194,-0.19216601742304756,1.758301399817548,-0.6739445114191561
25.14827871322632,-0.17620763121933392,1.750695236293954,-0.6487975261833205
25.199214696884155,-0.16705287166224858,1.7453585189086571,-0.6099031017055632
25.250014781951904,-0.16705287166224858,1.7453585189086571,-0.6099031017055632
25.299949884414673,-0.16597000295522224,1.741271774928433,-0.5716831954945989
25.3506498336792,-0.16597000295522224,1.741271774928433,-0.5716831954945989
25.399973154067993,-0.1551507808748599,1.7381030629464718,-0.5281599366441797
25.45200228691101,-0.1551507808748599,1.7381030629464718,-0.5281599366441797
25.499783754348755,-0.14004715426789033,1.7341459971477662,-0.48273349088728235
25.54886221885681,-0.14004715426789033,1.7341459971477662,-0.48273349088728235
25.599734783172607,-0.12360685504483926,1.7370882103795293,-0.43217725660101725
25.650440216064453,-0.12360685504483926,1.7370882103795293,-0.43217725660101725
25.699783086776733,-0.1052421831273655,1.7368590844709504,-0.3827472187803025
25.74980354309082,-0.1052421831273655,1.7368590844709504,-0.3827472187803025
25.79983949661255,-0.0921213785658983,1.7382352559581207,-0.3339166947286273
25.85005807876587,-0.0921213785658983,1.7382352559581207,-0.3339166947286273
25.898586988449097,-0.07900905734128327,1.740357672258447,-0.286334138922532
25.951934099197388,-0.07900905734128327,1.740357672258447,-0.286334138922532
26.001402378082275,-0.06711461178406497,1.743277545950202,-0.23518204769426937
26.050196647644043,-0.06711461178406497,1.743277545950202,-0.23518204769426937
26.098785638809204,-0.06711461178406497,1.743277545950202,-0.23518204769426937
26.151235580444336,-0.05392922880974005,1.7438506377298832,-0.18368519122468613
26.199574947357178,-0.029561003387041984,1.7458643778701575,-0.12018615786233444
26.250624418258667,-0.029561003387041984,1.7458643778701575,-0.12018615786233444
26.299062728881836,-0.007981701013381692,1.7398976712479406,-0.05125520610257652
26.349243879318237,-0.007981701013381692,1.7398976712479406,-0.05125520610257652
26.399374961853027,0.02158607568447546,1.744646554505508,0.02675933009016125
26.45444917678833,0.02158607568447546,1.744646554505508,0.02675933009016125
26.516046285629272,0.049592379522582886,1.7472450734651488,0.10210032106175285
26.555537700653076,0.049592379522582886,1.7472450734651488,0.10210032106175285
26.600275993347168,0.07676430427009484,1.757619382446678,0.17043634077268624
26.649174451828003,0.07676430427009484,1.757619382446678,0.17043634077268624
26.701777458190918,0.10649283777362406,1.7633802729800203,0.2270160766292241
26.75218963623047,0.10649283777362406,1.7633802729800203,0.2270160766292241
26.79979419708252,0.1392436226524394,1.7779535298992255,0.27638808489441563
26.848713636398315,0.1392436226524394,1.7779535298992255,0.27638808489441563
26.90076732635498,0.17273494618270246,1.7894966723484014,0.31266682425478354
26.94926142692566,0.17273494618270246,1.7894966723484014,0.31266682425478354
27.000197887420654,0.2028405423190619,1.8092458328070467,0.3417830179600442
27.05011487007141,0.2028405423190619,1.8092458328070467,0.3417830179600442
27.09959840774536,0.2028405423190619,1.8092458328070467,0.3417830179600442
27.149439334869385,0.23588732578039728,1.8277440517325596,0.3623670294780752
27.199086666107178,0.2621905480172503,1.8536842550014312,0.3823284135668269
27.249207735061646,0.2621905480172503,1.8536842550014312,0.3823284135668269
27.299453258514404,0.2870126629036608,1.8689575741391902,0.4039510860619728
27.348674535751343,0.2870126629036608,1.8689575741391902,0.4039510860619728
27.39980387687683,0.3154420734473591,1.8831918698987868,0.43010374895952613
27.449394464492798,0.3154420734473591,1.8831918698987868,0.43010374895952613
27.49887251853943,0.3471493768769126,1.8966435958824464,0.45151396945865563
27.54874348640442,0.3471493768769126,1.8966435958824464,0.45151396945865563
27.59857678413391,0.3793110087694923,1.90698651788182,0.4696307366931097
27.650179147720337,0.3793110087694923,1.90698651788182,0.4696307366931097
27.700532913208008,0.4103142639431172,1.92001585250218,0.48539946711611975
27.748982906341553,0.4103142639431172,1.92001585250218,0.48539946711611975
27.79848885536194,0.4375519417213387,1.93226165747464,0.5005744999974356
27.84876036643982,0.4375519417213387,1.93226165747464,0.5005744999974356
27.89881205558777,0.46929475506261764,1.9522382485222554,0.5126459191164002
27.949050903320312,0.46929475506261764,1.9522382485222554,0.5126459191164002
27.998565673828125,0.49997314628327194,1.972849096188663,0.519280659626656
28.051979303359985,0.49997314628327194,1.972849096188663,0.519280659626656
28.099047660827637,0.49997314628327194,1.972849096188663,0.519280659626656
28.14867401123047,0.531813078383008,1.9960808466730264,0.524805183324985
28.19930100440979,0.5758667481017381,2.019397462681109,0.5270267714093644
28.248655319213867,0.5758667481017381,2.019397462681109,0.5270267714093644
28.30012822151184,0.6082685013042892,2.042197925619078,0.5313119634781797
28.34964609146118,0.6082685013042892,2.042197925619078,0.5313119634781797
28.398094415664673,0.6341091634568619,2.0607142248971067,0.5345327568864565
28.453806400299072,0.6341091634568619,2.0607142248971067,0.5345327568864565
28.499781608581543,0.659247750479236,2.083366566519646,0.5372910057389997
28.55432677268982,0.659247750479236,2.083366566519646,0.5372910057389997
28.59904718399048,0.6904186392481759,2.103906399077141,0.5387112701724599
28.651182413101196,0.6904186392481759,2.103906399077141,0.5387112701724599
28.700496196746826,0.7187815211126187,2.1231877754804382,0.5406839995948618
28.750081777572632,0.7187815211126187,2.1231877754804382,0.5406839995948618
28.798985958099365,0.7476687155863886,2.1458046268011586,0.5429661499675154
28.85035252571106,0.7476687155863886,2.1458046268011586,0.5429661499675154
28.899780750274658,0.7730704049395616,2.164444096616414,0.5417708554292144
28.951500177383423,0.7730704049395616,2.164444096616414,0.5417708554292144
28.998990297317505,0.8041875063922501,2.1853716029776473,0.5386504407898479
29.0514657497406,0.8041875063922501,2.1853716029776473,0.5386504407898479
29.099182844161987,0.8041875063922501,2.1853716029776473,0.5386504407898479
29.14983892440796,0.8349470331394657,2.2037003675782723,0.5352166742339936
29.19874358177185,0.8626988423746924,2.225216949142697,0.5291991020094126
29.248798370361328,0.8626988423746924,2.225216949142697,0.5291991020094126
29.299696445465088,0.8923537200750156,2.2470900068203847,0.5256271578314755
29.349704027175903,0.8923537200750156,2.2470900068203847,0.5256271578314755
29.401320457458496,0.9260703679260196,2.265307803311648,0.520513318864988
29.449472188949585,0.9260703679260196,2.265307803311648,0.520513318864988
29.49937391281128,0.9541675257659137,2.280748232751997,0.5157498982700873
29.549694061279297,0.9541675257659137,2.280748232751997,0.5157498982700873
29.599010467529297,0.9541675257659137,2.280748232751997,0.5157498982700873
29.649597883224487,0.9541675257659137,2.280748232751997,0.5157498982700873
29.69943928718567,1.010383674447154,2.3202619923084766,0.5009314333871476
29.749096155166626,1.010383674447154,2.3202619923084766,0.5009314333871476
29.80000329017639,1.0340548031139762,2.335290807626219,0.49321891020928177
29.849302053451538,1.0340548031139762,2.335290807626219,0.49321891020928177
29.899000644683838,1.0615891071562749,2.349411503780537,0.48693099269033113
29.94934892654419,1.0615891071562749,2.349411503780537,0.48693099269033113
29.99891495704651,1.083171683287523,2.3609811629709343,0.4857255914681417
30.048970222473145,1.083171683287523,2.3609811629709343,0.4857255914681417
30.099137783050537,1.083171683287523,2.3609811629709343,0.4857255914681417
30.15220046043396,1.1024047423085883,2.3695791074671653,0.4933279065147379
30.19929814338684,1.1089900565038542,2.3732713079617582,0.5103634066733952
30.249573230743408,1.1089900565038542,2.3732713079617582,0.5103634066733952
30.29971718788147,1.1141154820469863,2.373332537901508,0.5287993259265933
30.348565340042114,1.1141154820469863,2.373332537901508,0.5287993259265933
30.398235082626343,1.115102268384206,2.377178081249211,0.5471862152905065
30.44921088218689,1.115102268384206,2.377178081249211,0.5471862152905065
30.499024868011475,1.1138983710638153,2.3785990150807197,0.5542159885104079
30.54872488975525,1.1138983710638153,2.3785990150807197,0.5542159885104079
30.600775241851807,1.1109641359453883,2.3767777256582305,0.5541710370993398
30.6494300365448,1.1109641359453883,2.3767777256582305,0.5541710370993398
30.69936513900757,1.1090836650811893,2.378144325394499,0.554034781562121
30.750117540359497,1.1090836650811893,2.378144325394499,0.554034781562121
30.79853391647339,1.111461181475447,2.3773966469175805,0.5539607711581767
30.849414825439453,1.111461181475447,2.3773966469175805,0.5539607711581767
30.902126789093018,1.1131059920550987,2.3801211080902616,0.5536460594206276
30.948696613311768,1.1131059920550987,2.3801211080902616,0.5536460594206276
30.999135732650757,1.1157753373416373,2.3812699199327922,0.552274638445614
31.050002098083496,1.1157753373416373,2.3812699199327922,0.552274638445614
31.098325729370117,1.1157753373416373,2.3812699199327922,0.552274638445614
31.16449761390686,1.1155198904035086,2.385275081753002,0.5510875477301879
31.205286264419556,1.1122384705147468,2.379837272821541,0.5404546297742004
31.251210689544678,1.1122384705147468,2.379837272821541,0.5404546297742004
31.29891538619995,1.1073953095200024,2.3804513475477105,0.5214298430943001
31.35424542427063,1.1073953095200024,2.3804513475477105,0.5214298430943001
31.398684978485107,1.1116384631749698,2.378638017829814,0.4925178471327996
31.450552463531494,1.1116384631749698,2.378638017829814,0.4925178471327996
31.499590158462524,1.1169243509920712,2.3756223612295506,0.4641317678438598
31.550506353378296,1.1169243509920712,2.3756223612295506,0.4641317678438598
31.599677324295044,1.123588401361164,2.3781474992278357,0.44436055421631104
31.649583339691162,1.123588401361164,2.3781474992278357,0.44436055421631104
31.700215339660645,1.1275759544088242,2.378196779815045,0.4237466982348362
31.749294757843018,1.1275759544088242,2.378196779815045,0.4237466982348362
31.800769090652466,1.1329573388120056,2.383067488641345,0.404216187699514
31.849651098251343,1.1329573388120056,2.383067488641345,0.404216187699514
31.89946484565735,1.1349515700515413,2.3833268429562247,0.3820742070387459
31.949269771575928,1.1349515700515413,2.3833268429562247,0.3820742070387459
31.99985146522522,1.1330886428527263,2.387848312858751,0.3601049038365576
32.05181169509888,1.1330886428527263,2.387848312858751,0.3601049038365576
32.1007776260376,1.1330886428527263,2.387848312858751,0.3601049038365576
32.14909052848816,1.141824594901843,2.3890104882938075,0.3301684924772756
32.19908690452576,1.1493363931580183,2.3868250506982363,0.2876768109690009
32.24913573265076,1.1493363931580183,2.3868250506982363,0.2876768109690009
32.298900842666626,1.1530391689143598,2.378900495012529,0.23541219669119853
32.350619316101074,1.1530391689143598,2.378900495012529,0.23541219669119853
32.40191912651062,1.155302512111233,2.3764332002444197,0.1718765585253145
32.450279712677,1.155302512111233,2.3764332002444197,0.1718765585253145
32.49865508079529,1.1609181135416136,2.3695483550963323,0.09446449117738635
32.550973653793335,1.1609181135416136,2.3695483550963323,0.09446449117738635
32.598262310028076,1.1635102518809572,2.3632188561062497,0.008413233064464938
32.649773597717285,1.1635102518809572,2.3632188561062497,0.008413233064464938
32.69830107688904,1.166300445590731,2.3539217512772646,-0.08534257047847288
32.83563017845154,1.166300445590731,2.3539217512772646,-0.08534257047847288
32.929983377456665,1.166300445590731,2.3539217512772646,-0.08534257047847288
32.93213701248169,1.1673262414308925,2.345514029533678,-0.18390551516333378
32.94876742362976,1.1677390769365716,2.3366143983833907,-0.2882086793485262
33.000301122665405,1.1684268637483912,2.3312142351581797,-0.3972041271142403
33.05245780944824,1.1684268637483912,2.3312142351581797,-0.3972041271142403
33.10431694984436,1.1684268637483912,2.3312142351581797,-0.3972041271142403
33.15013003349304,1.1631282587377068,2.3240876028311335,-0.5066723867478898
33.19862222671509,1.1683116098739783,2.325659045490299,-0.6005815910432859
33.2496223449707,1.1683116098739783,2.325659045490299,-0.6005815910432859
33.299392223358154,1.167912672716066,2.321355060859258,-0.6943713682148664
33.348870038986206,1.167912672716066,2.321355060859258,-0.6943713682148664
33.40003824234009,1.1639656502564153,2.3088277832632467,-0.7890039811054704
33.448805809020996,1.1639656502564153,2.3088277832632467,-0.7890039811054704
33.49932408332825,1.1583555406111388,2.295195764047583,-0.886714052744563
33.54964089393616,1.1583555406111388,2.295195764047583,-0.886714052744563
33.60071325302124,1.1539760907301286,2.287022297155406,-0.9881967693754247
33.65157890319824,1.1539760907301286,2.287022297155406,-0.9881967693754247
33.700459718704224,1.1550048594877966,2.2845058242084617,-1.0879748590625855
33.75159454345703,1.1550048594877966,2.2845058242084617,-1.0879748590625855
33.80173659324646,1.1549564555060825,2.279351036449151,-1.1780948892484289
33.854220390319824,1.1549564555060825,2.279351036449151,-1.1780948892484289
33.89891505241394,1.1533866625373326,2.271552713953703,-1.2506184475601239
33.950490951538086,1.1533866625373326,2.271552713953703,-1.2506184475601239
34.00019860267639,1.1470300689783932,2.2635480031970494,-1.3010277813852411
34.05245065689087,1.1470300689783932,2.2635480031970494,-1.3010277813852411
34.10021138191223,1.1470300689783932,2.2635480031970494,-1.3010277813852411
34.14904189109802,1.143730389930721,2.260773599881676,-1.3381019073147498
34.20152521133423,1.1399048884135403,2.2592853434404288,-1.3352561350267873
34.254249572753906,1.1399048884135403,2.2592853434404288,-1.3352561350267873
34.29959177970886,1.1353179130477533,2.260893849415581,-1.3288946972435325
34.348843812942505,1.1353179130477533,2.260893849415581,-1.3288946972435325
34.400357484817505,1.1317461947570093,2.26385864617741,-1.322527709364266
34.449305295944214,1.1317461947570093,2.26385864617741,-1.322527709364266
34.498448848724365,1.1298834634279897,2.263496439443676,-1.3094170801026053
34.55668115615845,1.1298834634279897,2.263496439443676,-1.3094170801026053
34.59954810142517,1.1316599196485373,2.2640213691375495,-1.2873650650394832
34.65017509460449,1.1316599196485373,2.2640213691375495,-1.2873650650394832
34.699462890625,1.1386672924454346,2.2662046856558966,-1.2561334371037487
34.74994492530823,1.1386672924454346,2.2662046856558966,-1.2561334371037487
34.80077648162842,1.1424391445759545,2.2717059093943877,-1.214066590176078
34.84979176521301,1.1424391445759545,2.2717059093943877,-1.214066590176078
34.89881730079651,1.1485780044227722,2.2748011978164224,-1.1644745525852616
34.94984292984009,1.1485780044227722,2.2748011978164224,-1.1644745525852616
34.99886512756348,1.1525828979178376,2.2771478818427746,-1.1026987135887136
35.05248713493347,1.1525828979178376,2.2771478818427746,-1.1026987135887136
35.10002660751343,1.1525828979178376,2.2771478818427746,-1.1026987135887136
35.1499502658844,1.157566909294715,2.289090147507036,-1.0357703485043772
35.20251750946045,1.1516970589404532,2.2872747829563163,-0.9599345637189757
35.25003910064697,1.1516970589404532,2.2872747829563163,-0.9599345637189757
35.299668312072754,1.1580881810601404,2.2931143933451663,-0.8832566324256865
35.34857153892517,1.1580881810601404,2.2931143933451663,-0.8832566324256865
35.39959216117859,1.1638503581415518,2.2914996394119043,-0.7994255776854663
35.4491982460022,1.1638503581415518,2.2914996394119043,-0.7994255776854663
35.50001835823059,1.1668414814523091,2.29304495207975,-0.7117503125925624
35.548994064331055,1.1668414814523091,2.29304495207975,-0.7117503125925624
35.599021673202515,1.171675902011953,2.2967561468521227,-0.6239499655071058
35.67150282859802,1.171675902011953,2.2967561468521227,-0.6239499655071058
35.71524119377136,1.171675902011953,2.2967561468521227,-0.6239499655071058
35.74945902824402,1.1757919615445462,2.3049262548813916,-0.5397179738775724
35.79900288581848,1.1872965352544036,2.3118378382447773,-0.4609754658402142
35.8518009185791,1.1872965352544036,2.3118378382447773,-0.4609754658402142
35.899555921554565,1.1987213765123457,2.314927457877319,-0.3832057445478007
35.94921374320984,1.1987213765123457,2.314927457877319,-0.3832057445478007
35.99906826019287,1.2118371951381788,2.3197481894456287,-0.3148698844684126
36.04918956756592,1.2118371951381788,2.3197481894456287,-0.3148698844684126
36.100512981414795,1.2118371951381788,2.3197481894456287,-0.3148698844684126
36.150954723358154,1.223061194490627,2.3149013360861685,-0.2528543537106815
36.20027494430542,1.2378191385203934,2.3115763092544594,-0.20616299695748214
36.252583503723145,1.2378191385203934,2.3115763092544594,-0.20616299695748214
36.29848766326904,1.2540310069411913,2.3067456471501626,-0.15474598173593213
36.35204076766968,1.2540310069411913,2.3067456471501626,-0.15474598173593213
36.40300631523132,1.2752054042530854,2.3100775601987102,-0.09788122432226101
36.45050287246704,1.2752054042530854,2.3100775601987102,-0.09788122432226101
36.50159955024719,1.3027808841878987,2.311291312875074,-0.03751868499544509
36.549195766448975,1.3027808841878987,2.311291312875074,-0.03751868499544509
36.60358428955078,1.3324181130765707,2.3190558833967736,0.0313778289630921
36.64970564842224,1.3324181130765707,2.3190558833967736,0.0313778289630921
36.699259996414185,1.3588311959225758,2.3262325298155773,0.10255948470600945
36.74941349029541,1.3588311959225758,2.3262325298155773,0.10255948470600945
36.79897880554199,1.385304933209681,2.3410451114064563,0.1773829427047526
36.85086441040039,1.385304933209681,2.3410451114064563,0.1773829427047526
36.898780822753906,1.4068102625904566,2.3554978581388024,0.24880665826007273
36.95087814331055,1.4068102625904566,2.3554978581388024,0.24880665826007273
36.999306440353394,1.4288814031835617,2.371169733023614,0.31584846444598624
37.0491247177124,1.4288814031835617,2.371169733023614,0.31584846444598624
37.09984731674194,1.4288814031835617,2.371169733023614,0.31584846444598624
37.151225328445435,1.4566296012811029,2.3882138162361435,0.3800520545089089
37.19854235649109,1.4831149499061729,2.399674680488932,0.42926915570099994
37.24905776977539,1.4831149499061729,2.399674680488932,0.42926915570099994
37.299407958984375,1.5043251369530235,2.4056675951478392,0.46929939453084973
37.34969115257263,1.5043251369530235,2.4056675951478392,0.46929939453084973
37.401517152786255,1.5248018639568317,2.416981740635889,0.4927624717451641
37.44855189323425,1.5248018639568317,2.416981740635889,0.4927624717451641
37.50354743003845,1.5435966066583686,2.429712997420796,0.5025654122130008
37.549431800842285,1.5435966066583686,2.429712997420796,0.5025654122130008
37.59865379333496,1.5649287009126656,2.443246119544756,0.4960785559960325
37.6489360332489,1.5649287009126656,2.443246119544756,0.4960785559960325
37.701284408569336,1.586176415938113,2.4537899974436406,0.47992735889605687
37.74926018714905,1.586176415938113,2.4537899974436406,0.47992735889605687
37.79980540275574,1.6002770112110853,2.4661900951881552,0.45178671149950583
37.8501353263855,1.6002770112110853,2.4661900951881552,0.45178671149950583
37.899152994155884,1.6166288801349646,2.470839867263835,0.40992004269394466
37.94983506202698,1.6166288801349646,2.470839867263835,0.40992004269394466
38.00156569480896,1.6334848145285015,2.4753775874205632,0.3638620983788534
38.049654722213745,1.6334848145285015,2.4753775874205632,0.3638620983788534
38.098880767822266,1.6334848145285015,2.4753775874205632,0.3638620983788534
38.14941048622131,1.6411366652343877,2.479940107424258,0.31544686117113285
38.19820809364319,1.646005147258956,2.471939466626532,0.25598131662070234
38.24876856803894,1.646005147258956,2.471939466626532,0.25598131662070234
38.29828929901123,1.6461958985803105,2.4664919446303823,0.19340283810993775
38.35030198097229,1.6461958985803105,2.4664919446303823,0.19340283810993775
38.39898228645325,1.6513230784448665,2.4610931816112105,0.12172022645407726
38.44848895072937,1.6513230784448665,2.4610931816112105,0.12172022645407726
38.49894595146179,1.6628851150224377,2.4536933345523106,0.03878534299712771
38.55132246017456,1.6628851150224377,2.4536933345523106,0.03878534299712771
38.599552154541016,1.6732074315323884,2.446005066299532,-0.053694069573564374
38.64925217628479,1.6732074315323884,2.446005066299532,-0.053694069573564374
38.698798418045044,1.6797781363492164,2.4407291345610895,-0.15342632493558422
38.750632762908936,1.6797781363492164,2.4407291345610895,-0.15342632493558422
38.79863381385803,1.6822841215760052,2.431568385992257,-0.25950589875387486
38.852129220962524,1.6822841215760052,2.431568385992257,-0.25950589875387486
38.90035343170166,1.680053354320404,2.4270918309121208,-0.3658220214655856
38.94920873641968,1.680053354320404,2.4270918309121208,-0.3658220214655856
38.99941325187683,1.6801843516630053,2.419227814769266,-0.473476477707631
39.05055332183838,1.6801843516630053,2.419227814769266,-0.473476477707631
39.09900140762329,1.6801843516630053,2.419227814769266,-0.473476477707631
39.15004563331604,1.6754469548071025,2.415357631254932,-0.5780394701912066
39.20112490653992,1.6679321178578606,2.403525533092828,-0.684230922553848
39.251880168914795,1.6679321178578606,2.403525533092828,-0.684230922553848
39.2996621131897,1.657510430952666,2.395533288842222,-0.7829923516489928
39.34928607940674,1.657510430952666,2.395533288842222,-0.7829923516489928
39.40014457702637,1.6603787991826648,2.383870330487395,-0.8674546614363214
39.450902223587036,1.6603787991826648,2.383870330487395,-0.8674546614363214
39.499693870544434,1.6546418855487046,2.3785827900359777,-0.9376835960424311
39.54944920539856,1.6546418855487046,2.3785827900359777,-0.9376835960424311
39.59974122047424,1.6572570803873001,2.3661684607346025,-0.9881998081902771
39.64931678771973,1.6572570803873001,2.3661684607346025,-0.9881998081902771
39.698710441589355,1.6581526169821281,2.3613855226749405,-1.0227925398482338
39.750486850738525,1.6581526169821281,2.3613855226749405,-1.0227925398482338
39.8007538318634,1.6557557019487559,2.3610125050166824,-1.0448107564493763
39.84976077079773,1.6557557019487559,2.3610125050166824,-1.0448107564493763
39.898892402648926,1.6601616147274825,2.3594053143323674,-1.0536576223017309
39.94945502281189,1.6601616147274825,2.3594053143323674,-1.0536576223017309
40.00187802314758,1.6657185547178448,2.362183155167155,-1.055027592094591
40.050179958343506,1.6657185547178448,2.362183155167155,-1.055027592094591
40.10313534736633,1.6657185547178448,2.362183155167155,-1.055027592094591
40.15007281303406,1.6675159768635381,2.3679372614659817,-1.0548928609199801
40.20090055465698,1.66743929882942,2.3672098325821485,-1.066120464183713
40.250879526138306,1.66743929882942,2.3672098325821485,-1.066120464183713
40.301295042037964,1.6693512754215953,2.3617691388019297,-1.0878859647156447
40.3549702167511,1.6693512754215953,2.3617691388019297,-1.0878859647156447
40.401177644729614,1.6663779210667273,2.3562743212152104,-1.1256626105425753
40.44956827163696,1.6663779210667273,2.3562743212152104,-1.1256626105425753
40.5040442943573,1.673307593555916,2.337839788393286,-1.1837167621441256
40.550217628479004,1.673307593555916,2.337839788393286,-1.1837167621441256
40.59890365600586,1.6763101928515758,2.316163028581819,-1.2539681301605157
40.64916706085205,1.6763101928515758,2.316163028581819,-1.2539681301605157
40.69955587387085,1.6760253543675574,2.2936376531643976,-1.3298470534623683
40.75058579444885,1.6760253543675574,2.2936376531643976,-1.3298470534623683
40.79919934272766,1.6753248690331712,2.262490329849236,-1.401901806551648
40.849329710006714,1.6753248690331712,2.262490329849236,-1.401901806551648
40.90018892288208,1.6792433217982496,2.229905755268468,-1.4605623997049049
40.957906007766724,1.6792433217982496,2.229905755268468,-1.4605623997049049
41.0047652721405,1.6818809245271236,2.1946621496200236,-1.5037302711668878
41.04924297332764,1.6818809245271236,2.1946621496200236,-1.5037302711668878
41.099360942840576,1.6818809245271236,2.1946621496200236,-1.5037302711668878
41.1497220993042,1.6843992725696342,2.163925252572711,-1.533184849035402
41.198874711990356,1.6856573752353643,2.1340277412468707,-1.5450102326954203
41.253132820129395,1.6856573752353643,2.1340277412468707,-1.5450102326954203
41.302666425704956,1.6806293592797032,2.1052444322399313,-1.5483277696453923
41.34958481788635,1.6806293592797032,2.1052444322399313,-1.5483277696453923
41.398595333099365,1.684579194976484,2.073369181423229,-1.542783369547083
41.449162006378174,1.684579194976484,2.073369181423229,-1.542783369547083
41.4998779296875,1.6855364426681778,2.042794100840957,-1.5289979193347234
41.55025124549866,1.6855364426681778,2.042794100840957,-1.5289979193347234
41.59904956817627,1.6911092397919465,2.013450618434704,-1.5143408849522129
41.652573108673096,1.6911092397919465,2.013450618434704,-1.5143408849522129
41.69941711425781,1.6970199446670142,1.9769922142052048,-1.499276257146503
41.74980330467224,1.6970199446670142,1.9769922142052048,-1.499276257146503
41.79887390136719,1.7057147032202022,1.9421132053722565,-1.4838329135354518
41.85035729408264,1.7057147032202022,1.9421132053722565,-1.4838329135354518
41.90356683731079,1.710748638741648,1.9089329121349154,-1.4671279175597138
41.949535846710205,1.710748638741648,1.9089329121349154,-1.4671279175597138
42.001314640045166,1.7195595875475502,1.8728300617107478,-1.4478044986398249
42.049033880233765,1.7195595875475502,1.8728300617107478,-1.4478044986398249
42.099345445632935,1.7195595875475502,1.8728300617107478,-1.4478044986398249
42.14990854263306,1.7271371620910656,1.8410796414143162,-1.4219451598037152
42.20198178291321,1.737069410268308,1.8209790457182498,-1.3955750839100314
42.24878120422363,1.737069410268308,1.8209790457182498,-1.3955750839100314
42.298935890197754,1.737069410268308,1.8209790457182498,-1.3955750839100314
42.35113477706909,1.737069410268308,1.8209790457182498,-1.3955750839100314
42.398582220077515,1.7483687934904515,1.768987330399383,-1.3345630586675539
42.448575019836426,1.7483687934904515,1.768987330399383,-1.3345630586675539
42.50114464759827,1.7664168069404849,1.734464379807271,-1.3046529522537764
42.55022382736206,1.7664168069404849,1.734464379807271,-1.3046529522537764
42.59893250465393,1.7785153350899383,1.7018486637177652,-1.2664526230719428
42.65245842933655,1.7785153350899383,1.7018486637177652,-1.2664526230719428
42.70049238204956,1.7930630546316448,1.6682006488493442,-1.2224977265798334
42.7520809173584,1.7930630546316448,1.6682006488493442,-1.2224977265798334
42.798951625823975,1.8088130334229253,1.636167901606281,-1.1714188279963438
42.84949564933777,1.8088130334229253,1.636167901606281,-1.1714188279963438
42.8993923664093,1.8292475359327482,1.605267991983579,-1.1160824230850679
42.9490327835083,1.8292475359327482,1.605267991983579,-1.1160824230850679
42.99872899055481,1.849582965812677,1.5768627127401103,-1.0555665636948561
43.0508713722229,1.849582965812677,1.5768627127401103,-1.0555665636948561
43.10110282897949,1.849582965812677,1.5768627127401103,-1.0555665636948561
43.15146088600159,1.869103783519335,1.5494616020029357,-0.9923024083331987
43.19915556907654,1.893327435444076,1.5197918017778977,-0.929490867664869
43.24854326248169,1.893327435444076,1.5197918017778977,-0.929490867664869
43.29829168319702,1.9191358040126867,1.4953603686004648,-0.8681033050248503
43.35555720329285,1.9191358040126867,1.4953603686004648,-0.8681033050248503
43.398985147476196,1.9455898626040955,1.4700210290956157,-0.8080270174507241
43.44959235191345,1.9455898626040955,1.4700210290956157,-0.8080270174507241
43.49838852882385,1.975501138070524,1.4539406020801287,-0.7439549048777019
43.55007600784302,1.975501138070524,1.4539406020801287,-0.7439549048777019
43.599623680114746,2.000674795207094,1.4408103649783377,-0.6750980354884474
43.65441584587097,2.000674795207094,1.4408103649783377,-0.6750980354884474
43.69920229911804,2.0235584831670295,1.4296319411133527,-0.6005594385902946
43.75054407119751,2.0235584831670295,1.4296319411133527,-0.6005594385902946
43.80001378059387,2.0440543897760755,1.424129214534228,-0.5206456459514403
43.84881401062012,2.0440543897760755,1.424129214534228,-0.5206456459514403
43.899296283721924,2.0685905025932234,1.4223437564253414,-0.44180445926394035
43.94954991340637,2.0685905025932234,1.4223437564253414,-0.44180445926394035
43.99961042404175,2.0962252885882915,1.420010012195291,-0.37031924797351307
44.05175065994263,2.0962252885882915,1.420010012195291,-0.37031924797351307
44.10181140899658,2.0962252885882915,1.420010012195291,-0.37031924797351307
44.1503050327301,2.115680190586101,1.4149739048695693,-0.3028669296434261
44.19851016998291,2.1407785365877565,1.4129400288582017,-0.2478175789826097
44.252304553985596,2.1407785365877565,1.4129400288582017,-0.2478175789826097
44.29873585700989,2.1629872942798105,1.406321697618518,-0.19696096950792352
44.3510627746582,2.1629872942798105,1.406321697618518,-0.19696096950792352
44.39899563789368,2.197367810100876,1.4034722584053112,-0.1518936238711123
44.44962501525879,2.197367810100876,1.4034722584053112,-0.1518936238711123
44.49938631057739,2.2319411428255647,1.4007530438261846,-0.11098690626560048
44.55088996887207,2.2319411428255647,1.4007530438261846,-0.11098690626560048
44.63798689842224,2.266973553103341,1.4050797733870077,-0.07469966336621459
44.669800758361816,2.266973553103341,1.4050797733870077,-0.07469966336621459
44.69907307624817,2.266973553103341,1.4050797733870077,-0.07469966336621459
44.74850249290466,2.292407818446403,1.4029504755241,-0.04592935645335706
44.80005979537964,2.324382087800987,1.4019420183130715,-0.023521584696416204
44.85146498680115,2.324382087800987,1.4019420183130715,-0.023521584696416204
44.89814519882202,2.3572821670850956,1.4066217685270426,0.001814803671247291
44.94957208633423,2.3572821670850956,1.4066217685270426,0.001814803671247291
44.99941945075989,2.392225877383188,1.4097336263610873,0.02366958569144585
45.04903602600098,2.392225877383188,1.4097336263610873,0.02366958569144585
45.10321760177612,2.392225877383188,1.4097336263610873,0.02366958569144585
45.14882278442383,2.4318578346328072,1.4149669391692756,0.0440970889775732
45.19836974143982,2.475411966811272,1.419224171340122,0.060917110986258516
45.249173402786255,2.475411966811272,1.419224171340122,0.060917110986258516
45.30085039138794,2.5099064037266707,1.4241826208393706,0.0775779515742743
45.349036693573,2.5099064037266707,1.4241826208393706,0.0775779515742743
45.399433612823486,2.5503713479523826,1.4335294674678194,0.09680757383138187
45.450491189956665,2.5503713479523826,1.4335294674678194,0.09680757383138187
45.50052762031555,2.58449889278892,1.439562823783763,0.11271029456227843
45.54959678649902,2.58449889278892,1.439562823783763,0.11271029456227843
45.59885859489441,2.6132434695268802,1.4452375203900583,0.13203494970199864
45.64946174621582,2.6132434695268802,1.4452375203900583,0.13203494970199864
45.702518939971924,2.6465807176584724,1.4486139346825866,0.14886241381460671
45.74936032295227,2.6465807176584724,1.4486139346825866,0.14886241381460671
45.79831147193909,2.683417435349348,1.456128792802091,0.163706316705028
45.84977698326111,2.683417435349348,1.456128792802091,0.163706316705028
45.89942455291748,2.7177242577076184,1.4634670507893786,0.17602982470137757
45.95011305809021,2.7177242577076184,1.4634670507893786,0.17602982470137757
46.00052309036255,2.7509817231284828,1.475060114660411,0.18560164437577362
46.048500776290894,2.7509817231284828,1.475060114660411,0.18560164437577362
46.09924674034119,2.7509817231284828,1.475060114660411,0.18560164437577362
46.14906358718872,2.7890567070393564,1.4832311946980252,0.19132508265047335
46.19997763633728,2.8250324168906866,1.5010550882633233,0.19992943464799523
46.25193405151367,2.8250324168906866,1.5010550882633233,0.19992943464799523
46.29819846153259,2.8508048887169046,1.5101641954067642,0.20811182971431624
46.34825420379639,2.8508048887169046,1.5101641954067642,0.20811182971431624
46.399203062057495,2.886666046321494,1.5163375560482593,0.21872274281517295
46.44989824295044,2.886666046321494,1.5163375560482593,0.21872274281517295
46.500391244888306,2.9241287286356945,1.5278148838557613,0.22862975298538063
46.552074670791626,2.9241287286356945,1.5278148838557613,0.22862975298538063
46.59833359718323,2.9600455945199986,1.5376845315042165,0.24309047914639761
46.648699045181274,2.9600455945199986,1.5376845315042165,0.24309047914639761
46.69894623756409,2.9928007658021274,1.5462967284638567,0.26146435653877154
46.74883317947388,2.9928007658021274,1.5462967284638567,0.26146435653877154
46.79983592033386,3.025909027223242,1.5554215285601654,0.27811827040454745
46.85121488571167,3.025909027223242,1.5554215285601654,0.27811827040454745
46.89988350868225,3.055998561402191,1.5666392939629785,0.2957539931406032
46.951061964035034,3.055998561402191,1.5666392939629785,0.2957539931406032
47.00082182884216,3.082366644156564,1.575898145603139,0.31213350690699176
47.0485303401947,3.082366644156564,1.575898145603139,0.31213350690699176
47.09916591644287,3.082366644156564,1.575898145603139,0.31213350690699176
47.1510112285614,3.1105998109963915,1.5907384775823785,0.32667053039798477
47.19940495491028,3.1373933305831496,1.6127301653616517,0.34415643202343676
47.25042653083801,3.1373933305831496,1.6127301653616517,0.34415643202343676
47.29902267456055,3.1742760991776375,1.6268715506506128,0.35796971595641636
47.34973883628845,3.1742760991776375,1.6268715506506128,0.35796971595641636
47.400612115859985,3.2069268460651292,1.6405728388044782,0.36924928061033374
47.44980001449585,3.2069268460651292,1.6405728388044782,0.36924928061033374
47.49972653388977,3.2412911784958247,1.6527181887942164,0.3784617419740328
47.5492160320282,3.2412911784958247,1.6527181887942164,0.3784617419740328
47.59883213043213,3.2764763537251955,1.667763952149344,0.3809904061086956
47.64974617958069,3.2764763537251955,1.667763952149344,0.3809904061086956
47.69873929023743,3.313122538812383,1.6836506622458527,0.3821973780271799
47.74836993217468,3.313122538812383,1.6836506622458527,0.3821973780271799
47.79884743690491,3.3467823142501123,1.6981114123421184,0.3818105502730609
47.8495192527771,3.3467823142501123,1.6981114123421184,0.3818105502730609
47.91811466217041,3.38566966668541,1.7131356034133192,0.3819349071011004
47.96400690078735,3.38566966668541,1.7131356034133192,0.3819349071011004
48.000181913375854,3.38566966668541,1.7131356034133192,0.3819349071011004
48.049967527389526,3.38566966668541,1.7131356034133192,0.3819349071011004
48.09993124008179,3.38566966668541,1.7131356034133192,0.3819349071011004
48.14907765388489,3.38566966668541,1.7131356034133192,0.3819349071011004
48.20101809501648,3.38566966668541,1.7131356034133192,0.3819349071011004
48.2494843006134,3.4529740475472934,1.7404582946704372,0.3816099680499878
48.301098585128784,3.521412068834458,1.7725498676754365,0.37585147797782087
48.349053144454956,3.521412068834458,1.7725498676754365,0.37585147797782087
48.40161895751953,3.5413593751992556,1.7843534449946525,0.37223234195691085
48.4485809803009,3.5413593751992556,1.7843534449946525,0.37223234195691085
48.49885320663452,3.570614182754019,1.7985045354640552,0.36179702859860585
48.55088186264038,3.570614182754019,1.7985045354640552,0.36179702859860585
48.59902286529541,3.600582200683453,1.8140165961093049,0.34354348876983926
48.64871430397034,3.600582200683453,1.8140165961093049,0.34354348876983926
48.70122194290161,3.632610076113263,1.8241837583428822,0.3230903576121444
48.75192475318909,3.632610076113263,1.8241837583428822,0.3230903576121444
48.80267119407654,3.664928784490124,1.8359953769446773,0.2985922838468787
48.851001501083374,3.664928784490124,1.8359953769446773,0.2985922838468787
48.900477170944214,3.6960434392533994,1.8434711224689422,0.2723930077977967
48.94858646392822,3.6960434392533994,1.8434711224689422,0.2723930077977967
48.99997639656067,3.7290902711902074,1.8532190862195077,0.24673992302496198
49.05243515968323,3.7290902711902074,1.8532190862195077,0.24673992302496198
49.100085973739624,3.7290902711902074,1.8532190862195077,0.24673992302496198
49.14943027496338,3.7602153140361336,1.863277535266749,0.2221945123300872
49.19941020011902,3.7939596188972313,1.872691212786041,0.19730733399477912
49.24804353713989,3.7939596188972313,1.872691212786041,0.19730733399477912
49.29845571517944,3.8233307283304026,1.8768677097865956,0.1740135509140489
49.34862160682678,3.8233307283304026,1.8768677097865956,0.1740135509140489
49.4004967212677,3.8589963275020382,1.8826053882637,0.15524909755296754
49.450437784194946,3.8589963275020382,1.8826053882637,0.15524909755296754
49.5034875869751,3.8948700154742584,1.8870956357842472,0.13854717315345508
49.55032539367676,3.8948700154742584,1.8870956357842472,0.13854717315345508
49.599374294281006,3.924548679231493,1.889177576812419,0.12016058018051275
49.65276765823364,3.924548679231493,1.889177576812419,0.12016058018051275
49.698736906051636,3.9539399731106553,1.8943393046408583,0.10008231661220866
49.748374462127686,3.9539399731106553,1.8943393046408583,0.10008231661220866
49.798999309539795,3.9860808975191224,1.899955816078307,0.0791343185983502
49.848958253860474,3.9860808975191224,1.899955816078307,0.0791343185983502
49.89928364753723,4.020839218716323,1.9025574015352216,0.05281905019078371
49.95254921913147,4.020839218716323,1.9025574015352216,0.05281905019078371
50.000683546066284,4.050987611424545,1.9049388228531656,0.019837032231326723
50.053818464279175,4.050987611424545,1.9049388228531656,0.019837032231326723
50.101696729660034,4.050987611424545,1.9049388228531656,0.019837032231326723
50.14982342720032,4.079717434982192,1.9030041053602647,-0.021640753234664297
50.20097255706787,4.102360382963544,1.9024010963357925,-0.08498766924620668
50.24857831001282,4.102360382963544,1.9024010963357925,-0.08498766924620668
50.29852867126465,4.11779392866756,1.8987518454321917,-0.15283030550175541
50.35119104385376,4.11779392866756,1.8987518454321917,-0.15283030550175541
50.398133516311646,4.127958919091986,1.891308736762502,-0.21869178762963065
50.44986820220947,4.127958919091986,1.891308736762502,-0.21869178762963065
50.499945878982544,4.13672463431025,1.8824619447175066,-0.2901699939242519
50.5512170791626,4.13672463431025,1.8824619447175066,-0.2901699939242519
50.59982991218567,4.140705432929113,1.8771592796679095,-0.3676299198700506
50.65373945236206,4.140705432929113,1.8771592796679095,-0.3676299198700506
50.69964361190796,4.141207872765846,1.8702291438261363,-0.45260918996357236
50.74849724769592,4.141207872765846,1.8702291438261363,-0.45260918996357236
50.798946142196655,4.145748128250329,1.8612963822478228,-0.5444530730339279
50.84844660758972,4.145748128250329,1.8612963822478228,-0.5444530730339279
50.90066885948181,4.141834495950953,1.8527633854902934,-0.6463982559096272
50.94908332824707,4.141834495950953,1.8527633854902934,-0.6463982559096272
50.999656200408936,4.139647369399379,1.8454589569042872,-0.7513482444271748
51.04970860481262,4.139647369399379,1.8454589569042872,-0.7513482444271748
51.09844613075256,4.139647369399379,1.8454589569042872,-0.7513482444271748
51.148613691329956,4.130251186625045,1.835398846328913,-0.8600027087007007
51.199193239212036,4.127818711475877,1.8270474123549232,-0.9689499465874273
51.2494752407074,4.127818711475877,1.8270474123549232,-0.9689499465874273
51.298121213912964,4.132315234756622,1.8143670613173888,-1.0777592013458195
51.35038781166077,4.132315234756622,1.8143670613173888,-1.0777592013458195
51.398601770401,4.1265781058894,1.8051573014234839,-1.1836408852263287
51.44913458824158,4.1265781058894,1.8051573014234839,-1.1836408852263287
51.49876880645752,4.125933919652656,1.804445737718833,-1.2823780819633552
51.54881286621094,4.125933919652656,1.804445737718833,-1.2823780819633552
51.598496437072754,4.122540750792251,1.8018343570638569,-1.3664291332209573
51.64815974235535,4.122540750792251,1.8018343570638569,-1.3664291332209573
51.69795775413513,4.121654709526393,1.7955724979521697,-1.4304210729909699
51.7481472492218,4.121654709526393,1.7955724979521697,-1.4304210729909699
51.802263498306274,4.118087948044314,1.7854432781604963,-1.4794504428395434
51.84893178939819,4.118087948044314,1.7854432781604963,-1.4794504428395434
51.898237466812134,4.114684200869744,1.7808542836165326,-1.5086187025239377
51.9487407207489,4.114684200869744,1.7808542836165326,-1.5086187025239377
52.00094127655029,4.114868019085745,1.766444137463157,-1.5383322308590648
52.049174308776855,4.114868019085745,1.766444137463157,-1.5383322308590648
52.103325843811035,4.114868019085745,1.766444137463157,-1.5383322308590648
52.14842247962952,4.109185958461599,1.7579006041235172,-1.5655222353370457
52.19920349121094,4.102027675342922,1.7391444486055105,-1.6096041439457647
52.24901461601257,4.102027675342922,1.7391444486055105,-1.6096041439457647
52.298699378967285,4.098873000584488,1.717289561701003,-1.6495195187605411
52.34959602355957,4.098873000584488,1.717289561701003,-1.6495195187605411
52.39828324317932,4.0924648525232765,1.692295104821664,-1.6869087758048191
52.44993591308594,4.0924648525232765,1.692295104821664,-1.6869087758048191
52.49987721443176,4.095514319879733,1.6673482131448747,-1.7155907187532131
52.54890847206116,4.095514319879733,1.6673482131448747,-1.7155907187532131
52.600489139556885,4.0905209228469035,1.643858805303707,-1.7352476030237436
52.64906573295593,4.0905209228469035,1.643858805303707,-1.7352476030237436
52.69949221611023,4.086302194639763,1.6133574011876846,-1.747181588332828
52.7502384185791,4.086302194639763,1.6133574011876846,-1.747181588332828
52.79972958564758,4.083418558846574,1.5789466349647001,-1.7579919627725609
52.84978532791138,4.083418558846574,1.5789466349647001,-1.7579919627725609
52.900012731552124,4.079012882901048,1.5412838839977148,-1.7641364721617385
52.95000386238098,4.079012882901048,1.5412838839977148,-1.7641364721617385
53.00007939338684,4.076889847092726,1.504956864441846,-1.7695677499841989
53.04918074607849,4.076889847092726,1.504956864441846,-1.7695677499841989
53.09938979148865,4.076889847092726,1.504956864441846,-1.7695677499841989
53.149498462677,4.0776383539503165,1.4687403667538286,-1.7632377808016009
53.19930624961853,4.064793279480806,1.4467500916005496,-1.7365665869300844
53.24943566322327,4.064793279480806,1.4467500916005496,-1.7365665869300844
53.29884648323059,4.062262695777086,1.4334801802050898,-1.6986115320115123
53.35030245780945,4.062262695777086,1.4334801802050898,-1.6986115320115123
53.3999559879303,4.059095118380144,1.416094754109163,-1.6483726053049583
53.448537826538086,4.059095118380144,1.416094754109163,-1.6483726053049583
53.50039196014404,4.059542082208748,1.4067801054282594,-1.6061201448052274
53.55166053771973,4.059542082208748,1.4067801054282594,-1.6061201448052274
53.600589990615845,4.059542082208748,1.4067801054282594,-1.6061201448052274
53.65061950683594,4.066078840130899,1.3982683418981257,-1.5727306914146637
53.69918370246887,4.072987566062765,1.3889681147539379,-1.5506266812193066
53.74984288215637,4.072987566062765,1.3889681147539379,-1.5506266812193066
53.79932904243469,4.079830184777709,1.388260337965994,-1.5389671729298358
53.8502414226532,4.079830184777709,1.388260337965994,-1.5389671729298358
53.89929127693176,4.08101361231964,1.3867345126782809,-1.539805304582466
53.94921064376831,4.08101361231964,1.3867345126782809,-1.539805304582466
53.999032735824585,4.0783739597989594,1.3903876581138668,-1.5446869776376118
54.05039644241333,4.0783739597989594,1.3903876581138668,-1.5446869776376118
54.099395751953125,4.078348778101571,1.39604049972206,-1.5492968816429513
54.1494619846344,4.078348778101571,1.39604049972206,-1.5492968816429513
54.19880723953247,4.076129211675891,1.3959073000612805,-1.5554160664896417
54.25017070770264,4.076129211675891,1.3959073000612805,-1.5554160664896417
54.29955792427063,4.075907788162812,1.3954723858932812,-1.556411562397939
54.351908922195435,4.075907788162812,1.3954723858932812,-1.556411562397939
54.40277290344238,4.076192664099472,1.3923059657533585,-1.5548307467301485
54.44994282722473,4.076192664099472,1.3923059657533585,-1.5548307467301485
54.49863338470459,4.082492132747828,1.3901011187777303,-1.546523018808457
54.54856729507446,4.082492132747828,1.3901011187777303,-1.546523018808457
54.5981605052948,4.082455755115375,1.38297585517669,-1.5354613916193787
54.64978504180908,4.082455755115375,1.38297585517669,-1.5354613916193787
54.69829034805298,4.086881733727761,1.3724480181290024,-1.5268909217544901
54.74883198738098,4.086881733727761,1.3724480181290024,-1.5268909217544901
54.80023527145386,4.091111864967463,1.3547616284176034,-1.518612654988004
54.84966015815735,4.091111864967463,1.3547616284176034,-1.518612654988004
54.90023398399353,4.087942205601487,1.3361138367098768,-1.5135016001886592
54.950196504592896,4.087942205601487,1.3361138367098768,-1.5135016001886592
55.00041151046753,4.087189975120539,1.3165955071815367,-1.5162430861473577
55.04891657829285,4.087189975120539,1.3165955071815367,-1.5162430861473577
55.09896421432495,4.087189975120539,1.3165955071815367,-1.5162430861473577
55.14910054206848,4.086919177809926,1.2900726826818567,-1.5241128502200596
55.198893785476685,4.092613627467112,1.270114569461028,-1.5469346526274084
55.250213623046875,4.092613627467112,1.270114569461028,-1.5469346526274084
55.29966354370117,4.092474448712304,1.2523854757190929,-1.574459994870496
55.37192130088806,4.092474448712304,1.2523854757190929,-1.574459994870496
55.43779516220093,4.092474448712304,1.2523854757190929,-1.574459994870496
55.45222473144531,4.089353341016423,1.2318608238644029,-1.6085708395583624
55.507004261016846,4.085047002184197,1.2176793747841173,-1.6531554102956165
55.555206060409546,4.085047002184197,1.2176793747841173,-1.6531554102956165
55.60103893280029,4.0768674818286526,1.2075844776133247,-1.700824460876141
55.648357629776,4.0768674818286526,1.2075844776133247,-1.700824460876141
55.699230909347534,4.071885967134199,1.1920615115015787,-1.7434152656290325
55.75207567214966,4.071885967134199,1.1920615115015787,-1.7434152656290325
55.79904866218567,4.071952709813118,1.1793977786044185,-1.7793052163959069
55.84945225715637,4.071952709813118,1.1793977786044185,-1.7793052163959069
55.89999771118164,4.066198378219763,1.1701856207238155,-1.807687249225988
55.94883584976196,4.066198378219763,1.1701856207238155,-1.807687249225988
55.99929451942444,4.066401403022312,1.165686884424115,-1.8346532401263198
56.163309812545776,4.066401403022312,1.165686884424115,-1.8346532401263198
56.263537883758545,4.066401403022312,1.165686884424115,-1.8346532401263198
56.26795816421509,4.063869140366762,1.1568469485603765,-1.857313070105232
56.29896950721741,4.060952381424711,1.1626218128348795,-1.864980311580987
56.34956336021423,4.060952381424711,1.1626218128348795,-1.864980311580987
56.3994402885437,4.063910741734676,1.1676713867552257,-1.8637015406161122
56.44955539703369,4.063910741734676,1.1676713867552257,-1.8637015406161122
56.49889850616455,4.063823723063575,1.1697978781763527,-1.8614982116415295
56.5492205619812,4.063823723063575,1.1697978781763527,-1.8614982116415295
56.599037885665894,4.067534443641499,1.165524869312767,-1.8630519613745211
56.64954352378845,4.067534443641499,1.165524869312767,-1.8630519613745211
56.699870109558105,4.0629813037864215,1.162489432032418,-1.8672496687652453
56.75102353096008,4.0629813037864215,1.162489432032418,-1.8672496687652453
56.800350189208984,4.062550189100909,1.1587087305020116,-1.8825477590324013
56.850865602493286,4.062550189100909,1.1587087305020116,-1.8825477590324013
56.899555683135986,4.057756988356864,1.150647238083511,-1.9105200693724849
56.94955229759216,4.057756988356864,1.150647238083511,-1.9105200693724849
57.00117611885071,4.057756988356864,1.150647238083511,-1.9105200693724849
57.050408601760864,4.057756988356864,1.150647238083511,-1.9105200693724849
57.09800124168396,4.051999095649504,1.1400862225987272,-1.9538557405142996
57.148616790771484,4.039431251295645,1.1259889609638558,-2.0076972758344116
57.19985795021057,4.025349384961029,1.1055742899873982,-2.072226294179924
57.24865126609802,4.025349384961029,1.1055742899873982,-2.072226294179924
57.29827833175659,4.008371540130358,1.084178861743707,-2.1303451008646044
57.34912919998169,4.008371540130358,1.084178861743707,-2.1303451008646044
57.399720668792725,3.990673638218987,1.0636487689418819,-2.1745311986060036
57.45280718803406,3.990673638218987,1.0636487689418819,-2.1745311986060036
57.50135946273804,3.9759124252354336,1.041309758807014,-2.2052250268961795
57.548399686813354,3.9759124252354336,1.041309758807014,-2.2052250268961795
57.59872031211853,3.955253275767051,1.0148561022073603,-2.221587137804555
57.65112066268921,3.955253275767051,1.0148561022073603,-2.221587137804555
57.69981098175049,3.938535754593091,0.9920047468951935,-2.2200304653338345
57.749321937561035,3.938535754593091,0.9920047468951935,-2.2200304653338345
57.798436641693115,3.9227499207203733,0.9709836975317946,-2.2134493328168623
57.849873065948486,3.9227499207203733,0.9709836975317946,-2.2134493328168623
57.90004086494446,3.905655103780587,0.9397679191430741,-2.2002110487891424
57.94861459732056,3.905655103780587,0.9397679191430741,-2.2002110487891424
57.99913835525513,3.8857812911499927,0.9145477759591718,-2.1837604361066196
58.04880905151367,3.8857812911499927,0.9145477759591718,-2.1837604361066196
58.10428190231323,3.8857812911499927,0.9145477759591718,-2.1837604361066196
58.14876174926758,3.8729963856356626,0.8880917337267223,-2.169684551328683
58.199856758117676,3.855941010904786,0.8596052711421333,-2.1495851914979345
58.25001001358032,3.855941010904786,0.8596052711421333,-2.1495851914979345
58.29812479019165,3.8485517786001218,0.8264512403430325,-2.1287621465210305
58.35007286071777,3.8485517786001218,0.8264512403430325,-2.1287621465210305
58.399937868118286,3.834460033991265,0.7925896815607578,-2.1092923929133645
58.45084309577942,3.834460033991265,0.7925896815607578,-2.1092923929133645
58.5008590221405,3.820250071562877,0.7588372691573985,-2.0914491643430337
58.54961276054382,3.820250071562877,0.7588372691573985,-2.0914491643430337
58.60017418861389,3.803350794302834,0.7251691121400464,-2.0720710572947145
58.64978766441345,3.803350794302834,0.7251691121400464,-2.0720710572947145
58.69923496246338,3.785588560063423,0.6918946027581451,-2.054048696082354
58.75121450424194,3.785588560063423,0.6918946027581451,-2.054048696082354
58.800236225128174,3.771947326416294,0.6575019213879661,-2.0355913914599992
58.8489933013916,3.771947326416294,0.6575019213879661,-2.0355913914599992
58.89792561531067,3.754734758662315,0.6232837687930626,-2.0191097478488884
58.949501276016235,3.754734758662315,0.6232837687930626,-2.0191097478488884
59.000624895095825,3.7438680806492277,0.5917197151169512,-2.0050918328928438
59.04873013496399,3.7438680806492277,0.5917197151169512,-2.0050918328928438
59.098844051361084,3.7438680806492277,0.5917197151169512,-2.0050918328928438
59.14864993095398,3.7328025368542246,0.5537845113166625,-1.9884415271095683
59.19910979270935,3.716481209154529,0.5177710010870042,-1.9757949143303422
59.250173807144165,3.716481209154529,0.5177710010870042,-1.9757949143303422
59.3005747795105,3.7095490331197114,0.482209724315856,-1.9591912615729639
59.355265378952026,3.7095490331197114,0.482209724315856,-1.9591912615729639
59.399327993392944,3.7038517387652483,0.4555845986268748,-1.9442970237015431
59.45014715194702,3.7038517387652483,0.4555845986268748,-1.9442970237015431
59.5007381439209,3.6951783319372487,0.42293546561302264,-1.9307638565913245
59.54934763908386,3.6951783319372487,0.42293546561302264,-1.9307638565913245
59.598480463027954,3.681569082234123,0.39229642394472025,-1.915374240970876
59.648661851882935,3.681569082234123,0.39229642394472025,-1.915374240970876
59.69874620437622,3.6747036647027347,0.3605626530955815,-1.9033113762858305
59.7513952255249,3.6747036647027347,0.3605626530955815,-1.9033113762858305
59.79913949966431,3.6677534165239116,0.3276392382851221,-1.8957138678393715
59.8481080532074,3.6677534165239116,0.3276392382851221,-1.8957138678393715
59.89907479286194,3.659021481764124,0.2877449771929731,-1.8911305782634142
59.94847083091736,3.659021481764124,0.2877449771929731,-1.8911305782634142
60.00288128852844,3.6465038075287133,0.24900378947074775,-1.8855552813472904
60.05000710487366,3.6465038075287133,0.24900378947074775,-1.8855552813472904
60.09839701652527,3.6465038075287133,0.24900378947074775,-1.8855552813472904
60.14938521385193,3.640517532766145,0.21094996586204945,-1.8807010070699566
60.19863820075989,3.6258395135264294,0.17272155984823062,-1.8736661069935348
60.25243854522705,3.6258395135264294,0.17272155984823062,-1.8736661069935348
60.30005693435669,3.6126074237793757,0.14322365612368892,-1.8641529221701296
60.349430561065674,3.6126074237793757,0.14322365612368892,-1.8641529221701296
60.4006450176239,3.604566822101301,0.10818762913181695,-1.8536783405800248
60.449995040893555,3.604566822101301,0.10818762913181695,-1.8536783405800248
60.49861764907837,3.597375792294227,0.07699532961163413,-1.8411673085878137
60.549498319625854,3.597375792294227,0.07699532961163413,-1.8411673085878137
60.599180459976196,3.5906420441498677,0.044722608334828766,-1.8246609472935365
60.64961814880371,3.5906420441498677,0.044722608334828766,-1.8246609472935365
60.69973397254944,3.584155846972977,0.015717054715200844,-1.8039667386197369
60.74921274185181,3.584155846972977,0.015717054715200844,-1.8039667386197369
60.799315452575684,3.579686350307231,-0.013903482514921968,-1.7823790985449406
60.84929084777832,3.579686350307231,-0.013903482514921968,-1.7823790985449406
60.89930319786072,3.5780921345059538,-0.041758879524776256,-1.758324154350517
60.94872236251831,3.5780921345059538,-0.041758879524776256,-1.758324154350517
61.00056314468384,3.5802325755617153,-0.07019525343028665,-1.7303301784387308
61.05223298072815,3.5802325755617153,-0.07019525343028665,-1.7303301784387308
61.10161256790161,3.5802325755617153,-0.07019525343028665,-1.7303301784387308
61.14999222755432,3.5801987958387027,-0.09957752176530421,-1.7006560827926076
61.198742628097534,3.5766576391525327,-0.12456279394362746,-1.6730617102153473
61.25275015830994,3.5766576391525327,-0.12456279394362746,-1.6730617102153473
61.298447132110596,3.5732223559429324,-0.15635989130822409,-1.6490218579342417
61.34922742843628,3.5732223559429324,-0.15635989130822409,-1.6490218579342417
61.398733139038086,3.5739519772049766,-0.18013076665299543,-1.6345304291531468
61.44980192184448,3.5739519772049766,-0.18013076665299543,-1.6345304291531468
61.50109004974365,3.5737516943562433,-0.2015764808559542,-1.629712476708068
61.550729513168335,3.5737516943562433,-0.2015764808559542,-1.629712476708068
61.598418951034546,3.5743152760098136,-0.21390262850218233,-1.6379307694881922
61.65209627151489,3.5743152760098136,-0.21390262850218233,-1.6379307694881922
61.700047969818115,3.5741837411222654,-0.22507667287434835,-1.6595861937677694
61.75220727920532,3.5741837411222654,-0.22507667287434835,-1.6595861937677694
61.799500465393066,3.5700950509498535,-0.23280120711131103,-1.6902597162479254
61.85030555725098,3.5700950509498535,-0.23280120711131103,-1.6902597162479254
61.90039014816284,3.5721182767717723,-0.2367892265685499,-1.7245944831371436
61.95090413093567,3.5721182767717723,-0.2367892265685499,-1.7245944831371436
61.99895906448364,3.5710110250866745,-0.2445760809814318,-1.7667383843786941
62.04937982559204,3.5710110250866745,-0.2445760809814318,-1.7667383843786941
62.099169969558716,3.5710110250866745,-0.2445760809814318,-1.7667383843786941
62.14965057373047,3.567757882435231,-0.25122899639712576,-1.8141668747521693
62.199673891067505,3.559845739043068,-0.26042232009153815,-1.870565773699114
62.25172233581543,3.559845739043068,-0.26042232009153815,-1.870565773699114
62.29862904548645,3.5466800584697067,-0.2768519981434971,-1.940908847376597
62.34930491447449,3.5466800584697067,-0.2768519981434971,-1.940908847376597
62.39950609207153,3.541065828079904,-0.2873348473965807,-2.0172964722848343
62.45013093948364,3.541065828079904,-0.2873348473965807,-2.0172964722848343
62.498950242996216,3.526879012986397,-0.29601120902346517,-2.1068943345114466
62.54952955245972,3.526879012986397,-0.29601120902346517,-2.1068943345114466
62.60008406639099,3.513198335525141,-0.2998881779472569,-2.200529362868739
62.64944529533386,3.513198335525141,-0.2998881779472569,-2.200529362868739
62.69859576225281,3.4957301606134807,-0.3087585985690276,-2.3001160588965868
62.74872875213623,3.4957301606134807,-0.3087585985690276,-2.3001160588965868
62.79823637008667,3.4793898759670103,-0.3146535595606541,-2.4056049882563055
62.85121750831604,3.4793898759670103,-0.3146535595606541,-2.4056049882563055
62.89974522590637,3.463461137111314,-0.3171047610857559,-2.5125725315027783
62.94954514503479,3.463461137111314,-0.3171047610857559,-2.5125725315027783
63.004650831222534,3.45224342110576,-0.31901927163812455,-2.6079654790248625
63.049312114715576,3.45224342110576,-0.31901927163812455,-2.6079654790248625
63.10352087020874,3.45224342110576,-0.31901927163812455,-2.6079654790248625
63.150230884552,3.4424301498439114,-0.3158990778438902,-2.6965789515545744
63.20122575759888,3.4319215327291372,-0.31646573203264333,-2.772296548418826
63.25028395652771,3.4319215327291372,-0.31646573203264333,-2.772296548418826
63.300772190093994,3.4200803897962144,-0.3147826838780428,-2.846637966906996
63.34968423843384,3.4200803897962144,-0.3147826838780428,-2.846637966906996
63.39925146102905,3.4086902553867624,-0.31363595117381526,-2.913838608106149
63.452295541763306,3.4086902553867624,-0.31363595117381526,-2.913838608106149
63.49930548667908,3.4025226137346403,-0.3121277472487239,-2.968848578900044
63.54898524284363,3.4025226137346403,-0.3121277472487239,-2.968848578900044
63.602274656295776,3.3790063027683024,-0.31119586936957605,-3.0161821525010413
63.7432918548584,3.3790063027683024,-0.31119586936957605,-3.0161821525010413
63.84443950653076,3.3790063027683024,-0.31119586936957605,-3.0161821525010413
63.935482025146484,3.362749456133608,-0.31394025737536985,-3.0604873706004425
64.02692198753357,3.32975218424024,-0.31790809825003175,-3.1052948410120655
64.13058590888977,3.3080941363029357,-0.3214077512221386,3.1357251126277284
64.22919297218323,3.2804199015415234,-0.31903854593497255,3.091648592023069
64.32513809204102,3.2484273735684637,-0.31859526461572024,3.0524369492599632
64.32705664634705,3.216724257555322,-0.3182333027517106,3.022895154306782
64.34931659698486,3.1844693996911975,-0.3124840785239053,3.0007120545878894
64.39955353736877,3.148131330467746,-0.3062551541616532,2.9882201400996933
64.4494297504425,3.148131330467746,-0.3062551541616532,2.9882201400996933
64.49973654747009,3.1154876743117743,-0.29852686490826563,2.984030847333637
64.54958701133728,3.1154876743117743,-0.29852686490826563,2.984030847333637
64.60084295272827,3.087433309301068,-0.3001014950887408,2.992154821328178
64.64997673034668,3.087433309301068,-0.3001014950887408,2.992154821328178
64.69997763633728,3.0584150814907316,-0.29412159621431183,3.0093753497155133
64.75907516479492,3.0584150814907316,-0.29412159621431183,3.0093753497155133
64.80774784088135,3.0388451028336307,-0.29852275178780835,3.0287788165360436
64.85820865631104,3.0388451028336307,-0.29852275178780835,3.0287788165360436
64.90247249603271,3.023063464221088,-0.29906143063946805,3.04129606091907
64.95049238204956,3.023063464221088,-0.29906143063946805,3.04129606091907
64.9988625049591,3.023063464221088,-0.29906143063946805,3.04129606091907
65.05316734313965,3.023063464221088,-0.29906143063946805,3.04129606091907
65.1001615524292,3.014547043156046,-0.29875377927315994,3.050888689561053
65.14987373352051,3.0047331468032246,-0.2972198552115222,3.059025590780907
65.19909691810608,2.986776058132177,-0.2974064248088673,3.062046041003645
65.25218653678894,2.986776058132177,-0.2974064248088673,3.062046041003645
65.29901909828186,2.9709320613263914,-0.2982140115558048,3.061142574592754
65.35520339012146,2.9709320613263914,-0.2982140115558048,3.061142574592754
65.40147805213928,2.949209922089601,-0.2984326431547551,3.053251479357316
65.45050978660583,2.949209922089601,-0.2984326431547551,3.053251479357316
65.50011110305786,2.9174872552755877,-0.29432970828703175,3.0413138961220234
65.55129480361938,2.9174872552755877,-0.29432970828703175,3.0413138961220234
65.59869027137756,2.8899308746036976,-0.2904358087985039,3.026766386836923
65.64886903762817,2.8899308746036976,-0.2904358087985039,3.026766386836923
65.69964861869812,2.8607119788234945,-0.28775565487332666,3.01128496017483
65.74910688400269,2.8607119788234945,-0.28775565487332666,3.01128496017483
65.79862999916077,2.8230743043723745,-0.28704542361017654,2.9944387042904346
65.86379766464233,2.8230743043723745,-0.28704542361017654,2.9944387042904346
65.9130470752716,2.8230743043723745,-0.28704542361017654,2.9944387042904346
65.94941973686218,2.7920785171520572,-0.28378357896050826,2.977233891425181
66.00083231925964,2.757986474235988,-0.277470510552905,2.9589111677793314
66.04904294013977,2.757986474235988,-0.277470510552905,2.9589111677793314
66.09942650794983,2.757986474235988,-0.277470510552905,2.9589111677793314
66.14966988563538,2.7198443878717296,-0.269070435168425,2.939229016205099
66.2005398273468,2.6718533997065625,-0.2577389669849978,2.9218394701854673
66.25021743774414,2.6718533997065625,-0.2577389669849978,2.9218394701854673
66.3002188205719,2.6223976428942493,-0.24559079528763328,2.90309929074096
66.3483657836914,2.6223976428942493,-0.24559079528763328,2.90309929074096
66.39916515350342,2.5881967243095625,-0.24091915448737639,2.8851281602898142
66.44982671737671,2.5881967243095625,-0.24091915448737639,2.8851281602898142
66.49861216545105,2.549904571360445,-0.2361092676522725,2.867533779975565
66.5493586063385,2.549904571360445,-0.2361092676522725,2.867533779975565
66.59927105903625,2.519757504310771,-0.23094506182962207,2.8505876321821897
66.64959287643433,2.519757504310771,-0.23094506182962207,2.8505876321821897
66.70118236541748,2.491041137675425,-0.22122242030509612,2.8359628640757846
66.7489595413208,2.491041137675425,-0.22122242030509612,2.8359628640757846
66.79847764968872,2.4552258196340127,-0.20785513480010917,2.8194297410062554
66.84945273399353,2.4552258196340127,-0.20785513480010917,2.8194297410062554
66.8993628025055,2.4167797047755304,-0.19823074093464924,2.805679784866941
66.95007133483887,2.4167797047755304,-0.19823074093464924,2.805679784866941
66.99921226501465,2.3827074384149167,-0.18714706613468463,2.791473685050338
67.04922485351562,2.3827074384149167,-0.18714706613468463,2.791473685050338
67.09920620918274,2.3827074384149167,-0.18714706613468463,2.791473685050338
67.14951062202454,2.3498266358670916,-0.174696981462621,2.7788762511236818
67.19916653633118,2.319268060421251,-0.16580127473758813,2.772086606396827
67.24964380264282,2.319268060421251,-0.16580127473758813,2.772086606396827
67.29943752288818,2.2881917806965584,-0.15384147525669659,2.7619465558974494
67.34849452972412,2.2881917806965584,-0.15384147525669659,2.7619465558974494
67.39888954162598,2.2547749129240913,-0.14409814271732177,2.7504810158687887
67.44823741912842,2.2547749129240913,-0.14409814271732177,2.7504810158687887
67.49808835983276,2.2197953490995843,-0.1296525597132142,2.7373930869903202
67.55154371261597,2.2197953490995843,-0.1296525597132142,2.7373930869903202
67.59932446479797,2.191714687990287,-0.11764320656133873,2.7238463774462742
67.64986824989319,2.191714687990287,-0.11764320656133873,2.7238463774462742
67.69989442825317,2.159186808121749,-0.10685382046105402,2.713100985063427
67.74969220161438,2.159186808121749,-0.10685382046105402,2.713100985063427
67.79981541633606,2.126132830724421,-0.09175444952992631,2.7002276587471354
67.86216855049133,2.126132830724421,-0.09175444952992631,2.7002276587471354
67.9104814529419,2.126132830724421,-0.09175444952992631,2.7002276587471354
67.95108222961426,2.0985401892638915,-0.07513560269869421,2.6873994420313716
68.00101947784424,2.069044988807212,-0.06391144364575974,2.676010681392056
68.04898047447205,2.069044988807212,-0.06391144364575974,2.676010681392056
68.09937858581543,2.069044988807212,-0.06391144364575974,2.676010681392056
68.1488082408905,2.038534542873979,-0.0479757390621842,2.6595079933844183
68.19880199432373,2.0048530290589293,-0.038965465844352905,2.6508649679368617
68.24902677536011,2.0048530290589293,-0.038965465844352905,2.6508649679368617
68.29975867271423,1.9691073040122846,-0.02657128340049584,2.639257666512134
68.35074782371521,1.9691073040122846,-0.02657128340049584,2.639257666512134
68.39847373962402,1.9423460928067573,-0.011658443171205797,2.6384728660973087
68.45027780532837,1.9423460928067573,-0.011658443171205797,2.6384728660973087
68.50159335136414,1.9313095880361562,0.0009103406843466097,2.649690559857189
68.54908394813538,1.9313095880361562,0.0009103406843466097,2.649690559857189
68.59892988204956,1.9184743116831504,0.002275321328568773,2.6762400579734886
68.64897894859314,1.9184743116831504,0.002275321328568773,2.6762400579734886
68.69952440261841,1.9125108083850806,0.007467631005735213,2.7133211071863226
68.74903154373169,1.9125108083850806,0.007467631005735213,2.7133211071863226
68.79921555519104,1.9105753661931224,0.005043200209942832,2.7506554874078497
68.84912633895874,1.9105753661931224,0.005043200209942832,2.7506554874078497
68.90407991409302,1.9045392201347993,0.005515961922271349,2.7922549857988184
68.95063614845276,1.9045392201347993,0.005515961922271349,2.7922549857988184
68.99981880187988,1.8974266789811296,0.004905743130738764,2.8439654777475383
69.04967379570007,1.8974266789811296,0.004905743130738764,2.8439654777475383
69.09967517852783,1.8974266789811296,0.004905743130738764,2.8439654777475383
69.14975118637085,1.8975636505625826,0.0020825354224636647,2.9037552153109685
69.19881248474121,1.89621043997404,-0.0050686923944690335,2.9791895165527795
69.24980020523071,1.89621043997404,-0.0050686923944690335,2.9791895165527795
69.29922103881836,1.9006998711936467,-0.011117570668075557,3.062009676251913
69.34852361679077,1.9006998711936467,-0.011117570668075557,3.062009676251913
69.39913058280945,1.9026020353243618,-0.020255834454086692,-3.1251898899716117
69.45333433151245,1.9026020353243618,-0.020255834454086692,-3.1251898899716117
69.49834704399109,1.9039011094987106,-0.02677926053206081,-3.023945575601439
69.55202651023865,1.9039011094987106,-0.02677926053206081,-3.023945575601439
69.59881496429443,1.9039518580996455,-0.03646236245755085,-2.9156753940625797
69.65416860580444,1.9039518580996455,-0.03646236245755085,-2.9156753940625797
69.70304298400879,1.9072736864648163,-0.043141610922029984,-2.8072746424353374
69.75069403648376,1.9072736864648163,-0.043141610922029984,-2.8072746424353374
69.79991626739502,1.8991140383835858,-0.05789031270432638,-2.6950181823952732
69.84821844100952,1.8991140383835858,-0.05789031270432638,-2.6950181823952732
69.89819264411926,1.889562452009253,-0.06665914174723678,-2.586978392329722
69.95291185379028,1.889562452009253,-0.06665914174723678,-2.586978392329722
70.00122809410095,1.8841729150144102,-0.07700141532963073,-2.4774042872503594
70.05045366287231,1.8841729150144102,-0.07700141532963073,-2.4774042872503594
70.10062098503113,1.8841729150144102,-0.07700141532963073,-2.4774042872503594
70.1497004032135,1.8833564995216132,-0.08171818261098562,-2.373045396715051
70.2000527381897,1.8873877317375942,-0.09687756590412361,-2.2620302785331328
70.24989867210388,1.8873877317375942,-0.09687756590412361,-2.2620302785331328
70.2986855506897,1.892033269793094,-0.106261981768494,-2.1539602974369765
70.34917330741882,1.892033269793094,-0.106261981768494,-2.1539602974369765
70.3987340927124,1.8989837070806261,-0.10790128236726992,-2.045558753448681
70.4484612941742,1.8989837070806261,-0.10790128236726992,-2.045558753448681
70.49881291389465,1.911244783953996,-0.10886088304415986,-1.9439315742315717
70.54866647720337,1.911244783953996,-0.10886088304415986,-1.9439315742315717
70.60016226768494,1.9187886740489024,-0.11237714740020166,-1.8361078294360527
70.65146946907043,1.9187886740489024,-0.11237714740020166,-1.8361078294360527
70.69996619224548,1.9245679736368386,-0.11485956454129564,-1.7288312568660138
70.74851250648499,1.9245679736368386,-0.11485956454129564,-1.7288312568660138
70.80249118804932,1.9304860790365506,-0.11652093436312133,-1.623472325001043
70.84876537322998,1.9304860790365506,-0.11652093436312133,-1.623472325001043
70.89840602874756,1.9383578670795678,-0.11846556007061465,-1.5157963147312616
70.94967365264893,1.9383578670795678,-0.11846556007061465,-1.5157963147312616
70.99911069869995,1.9454575480022303,-0.11723170944422406,-1.4063106663116547
71.05168175697327,1.9454575480022303,-0.11723170944422406,-1.4063106663116547
71.09898281097412,1.9454575480022303,-0.11723170944422406,-1.4063106663116547
71.1492555141449,1.9543959675847031,-0.11913973248374565,-1.299019938652811
71.19901704788208,1.9539944626523569,-0.12236647291554215,-1.1877538236462204
71.25090980529785,1.9539944626523569,-0.12236647291554215,-1.1877538236462204
71.30000925064087,1.9627796808782028,-0.12232023404888615,-1.0835500518107681
71.34882831573486,1.9627796808782028,-0.12232023404888615,-1.0835500518107681
71.39835858345032,1.975634902453124,-0.11856440100732107,-0.9777020530409657
71.45274066925049,1.975634902453124,-0.11856440100732107,-0.9777020530409657
71.499032497406,1.9870139058616532,-0.11798300920613841,-0.8712261849576043
71.55257439613342,1.9870139058616532,-0.11798300920613841,-0.8712261849576043
71.60141944885254,1.9884772835336542,-0.10462022721308345,-0.7663680224816555
71.65126085281372,1.9884772835336542,-0.10462022721308345,-0.7663680224816555
71.70185375213623,1.9972447098629142,-0.09832353627264534,-0.6530854314106361
71.75033020973206,1.9972447098629142,-0.09832353627264534,-0.6530854314106361
71.79877257347107,2.001720768564005,-0.09253198592167183,-0.542487237345141
71.85042357444763,2.001720768564005,-0.09253198592167183,-0.542487237345141
71.89934468269348,2.007527866018914,-0.08674117802868694,-0.4352737469708821
71.94912552833557,2.007527866018914,-0.08674117802868694,-0.4352737469708821
71.99938750267029,2.0137863373891047,-0.07731052839289645,-0.32864352760236876
72.05138349533081,2.0137863373891047,-0.07731052839289645,-0.32864352760236876
72.10003280639648,2.0137863373891047,-0.07731052839289645,-0.32864352760236876
72.15547728538513,2.0127463367385756,-0.06988671119910264,-0.21721735379442586
72.20155549049377,2.0166307844606655,-0.07217981577128658,-0.10718864911745195
72.24926829338074,2.0166307844606655,-0.07217981577128658,-0.10718864911745195
72.30021214485168,2.0230834625838936,-0.06652799809454105,-0.0012221159120556365
72.3499276638031,2.0230834625838936,-0.06652799809454105,-0.0012221159120556365
72.40047454833984,2.023154246933645,-0.05680410822934135,0.10837418605776955
72.44989252090454,2.023154246933645,-0.05680410822934135,0.10837418605776955
72.49894309043884,2.0316126620342017,-0.05080782359049845,0.2099471856066717
72.55112099647522,2.0316126620342017,-0.05080782359049845,0.2099471856066717
72.59868574142456,2.0381989840422134,-0.04560184407893867,0.3163064553737072
72.64886569976807,2.0381989840422134,-0.04560184407893867,0.3163064553737072
72.69933009147644,2.0420605346334497,-0.03464884685983411,0.4226256391568962
72.74996137619019,2.0420605346334497,-0.03464884685983411,0.4226256391568962
72.80026769638062,2.0359004423115943,-0.02857821021400781,0.5331042842236215
72.85111379623413,2.0359004423115943,-0.02857821021400781,0.5331042842236215
72.89900279045105,2.0309288735607725,-0.02227663712164058,0.6308941040880075
72.95263957977295,2.0309288735607725,-0.02227663712164058,0.6308941040880075
72.99878787994385,2.02528280783637,-0.018774652604141358,0.7152181559287492
73.04949808120728,2.02528280783637,-0.018774652604141358,0.7152181559287492
73.10061931610107,2.022948275402859,-0.014501237790411133,0.7827962285573133
73.15144324302673,2.022948275402859,-0.014501237790411133,0.7827962285573133
73.2002637386322,2.0225110939096966,-0.009306190178636993,0.8167902902309468
73.24824738502502,2.0225110939096966,-0.009306190178636993,0.8167902902309468
73.29887866973877,2.0312905122953966,-0.0038394551034674,0.8343717106855376
73.34937763214111,2.0312905122953966,-0.0038394551034674,0.8343717106855376
73.39877128601074,2.0315119160605164,0.002815455154774875,0.8346243127086602
73.44864869117737,2.0315119160605164,0.002815455154774875,0.8346243127086602
73.49938178062439,2.039166085349863,0.0017427017966163902,0.8287717296049633
73.549307346344,2.039166085349863,0.0017427017966163902,0.8287717296049633
73.5991268157959,2.0395518593923345,0.000874764628531581,0.8220773967399734
73.65059065818787,2.0395518593923345,0.000874764628531581,0.8220773967399734
73.69900321960449,2.0396804277115708,-0.003960304742414052,0.8058471396868189
73.7490587234497,2.0396804277115708,-0.003960304742414052,0.8058471396868189
73.79894733428955,2.0363885410417923,-0.009604486601967506,0.7783302615138892
73.84908699989319,2.0363885410417923,-0.009604486601967506,0.7783302615138892
73.90378642082214,2.0322229277700723,-0.011072424597129045,0.7407751441632139
73.94887900352478,2.0322229277700723,-0.011072424597129045,0.7407751441632139
73.99943971633911,2.031807852264528,-0.015813422526460515,0.6917222310102046
74.0506443977356,2.031807852264528,-0.015813422526460515,0.6917222310102046
74.1020016670227,2.031807852264528,-0.015813422526460515,0.6917222310102046
74.15158939361572,2.031575641867234,-0.016716936041244586,0.6362409967082536
74.19999861717224,2.0342581053058115,-0.018484917058835544,0.5689402985117565
74.25010895729065,2.0342581053058115,-0.018484917058835544,0.5689402985117565
74.2988498210907,2.0392747001437783,-0.016642890733720335,0.4986410992819199
74.34845495223999,2.0392747001437783,-0.016642890733720335,0.4986410992819199
74.39939618110657,2.046793551278123,-0.020422115323189445,0.41826010199904284
74.44981384277344,2.046793551278123,-0.020422115323189445,0.41826010199904284
74.49896335601807,2.0550970704503335,-0.027510591603936076,0.33368910682001046
74.55076861381531,2.0550970704503335,-0.027510591603936076,0.33368910682001046
74.6006281375885,2.0658384499723415,-0.03186809328352775,0.24061254929826326
74.64885067939758,2.0658384499723415,-0.03186809328352775,0.24061254929826326
74.69869041442871,2.0696281230207836,-0.031410116883238505,0.14817689932559597
74.74939894676208,2.0696281230207836,-0.031410116883238505,0.14817689932559597
74.79977011680603,2.076518495048153,-0.03604987384334161,0.05368998000145953
74.84922623634338,2.076518495048153,-0.03604987384334161,0.05368998000145953
74.90061140060425,2.088238133585648,-0.04396745912260065,-0.04471253077825276
74.94989705085754,2.088238133585648,-0.04396745912260065,-0.04471253077825276
75.00402021408081,2.0948898523760846,-0.05245602564385111,-0.14288295762398573
75.04974460601807,2.0948898523760846,-0.05245602564385111,-0.14288295762398573
75.10371708869934,2.0948898523760846,-0.05245602564385111,-0.14288295762398573
75.14929580688477,2.0948898523760846,-0.05245602564385111,-0.14288295762398573
75.19949221611023,2.100955910349475,-0.065241014442284,-0.33172476585707233
75.24999594688416,2.100955910349475,-0.065241014442284,-0.33172476585707233
75.30166935920715,2.1133414228227467,-0.0808277184961256,-0.4213004266135145
75.34912323951721,2.1133414228227467,-0.0808277184961256,-0.4213004266135145
75.40045166015625,2.127004280206915,-0.09753646597859503,-0.5074692304743446
75.45100712776184,2.127004280206915,-0.09753646597859503,-0.5074692304743446
75.50212693214417,2.141410104442702,-0.11510656624086515,-0.5943844672894314
75.549809217453,2.141410104442702,-0.11510656624086515,-0.5943844672894314
75.60121941566467,2.159654722400469,-0.13136290146922167,-0.674895564054002
75.64945483207703,2.159654722400469,-0.13136290146922167,-0.674895564054002
75.69985961914062,2.177139398004922,-0.148494627009494,-0.7592184553027407
75.75161862373352,2.177139398004922,-0.148494627009494,-0.7592184553027407
75.79985427856445,2.1947421679372656,-0.16937805237915665,-0.8333472118204895
75.85004615783691,2.1947421679372656,-0.16937805237915665,-0.8333472118204895
75.89928460121155,2.2068131036902408,-0.19026294670990573,-0.8931402953208075
75.94878816604614,2.2068131036902408,-0.19026294670990573,-0.8931402953208075
75.99915051460266,2.2216165595950796,-0.21434904575612296,-0.9500905489884128
76.04903984069824,2.2216165595950796,-0.21434904575612296,-0.9500905489884128
76.10056328773499,2.2216165595950796,-0.21434904575612296,-0.9500905489884128
76.14908218383789,2.238769087364295,-0.239244020333852,-1.0049885712009312
76.20028853416443,2.2521211359353233,-0.26923100536705297,-1.048711712092717
76.24927854537964,2.2521211359353233,-0.26923100536705297,-1.048711712092717
76.2994453907013,2.2655812634970713,-0.2926017155859939,-1.0893969604606422
76.34896874427795,2.2655812634970713,-0.2926017155859939,-1.0893969604606422
76.40074586868286,2.2724189972946744,-0.3092427684673152,-1.133028551731172
76.44942617416382,2.2724189972946744,-0.3092427684673152,-1.133028551731172
76.49896812438965,2.2814750418595624,-0.3271858570454325,-1.1759024514001442
76.55051445960999,2.2814750418595624,-0.3271858570454325,-1.1759024514001442
76.59942245483398,2.288652378866453,-0.34549285852007766,-1.2151082640828361
76.64909195899963,2.288652378866453,-0.34549285852007766,-1.2151082640828361
76.69868183135986,2.2902556568180827,-0.3597869429578193,-1.2494834558570933
76.74847412109375,2.2902556568180827,-0.3597869429578193,-1.2494834558570933
76.79862189292908,2.295449540252201,-0.3666433087446999,-1.2744961797429817
76.84983801841736,2.295449540252201,-0.3666433087446999,-1.2744961797429817
76.89973521232605,2.295000724162465,-0.375654777522364,-1.3000802218624905
76.95579075813293,2.295000724162465,-0.375654777522364,-1.3000802218624905
77.00023126602173,2.293717499066024,-0.3842075222250763,-1.3179848982586257
77.05240750312805,2.293717499066024,-0.3842075222250763,-1.3179848982586257
77.10119891166687,2.293717499066024,-0.3842075222250763,-1.3179848982586257
77.15136694908142,2.2938636237799983,-0.3841907532574758,-1.3276728649298397
77.19838738441467,2.291723001578764,-0.3850338317000281,-1.3317027632046876
77.24907565116882,2.291723001578764,-0.3850338317000281,-1.3317027632046876
77.30017566680908,2.289031484122069,-0.3828904963221303,-1.3344550644166604
77.34951686859131,2.289031484122069,-0.3828904963221303,-1.3344550644166604
77.39953231811523,2.2907444986242664,-0.3830663467554591,-1.346773307648871
77.44989776611328,2.2907444986242664,-0.3830663467554591,-1.346773307648871
77.4988067150116,2.291441092161781,-0.38470980032626717,-1.3758177154185889
77.55142450332642,2.291441092161781,-0.38470980032626717,-1.3758177154185889
77.60250902175903,2.29265920645586,-0.38736760631206085,-1.4151802116477388
77.64866495132446,2.29265920645586,-0.38736760631206085,-1.4151802116477388
77.69859790802002,2.2883739951917192,-0.38754255367623375,-1.462887252761394
77.74938035011292,2.2883739951917192,-0.38754255367623375,-1.462887252761394
77.79837989807129,2.2866151674901474,-0.3896611282815205,-1.5191058114826779
77.84997725486755,2.2866151674901474,-0.3896611282815205,-1.5191058114826779
77.8986508846283,2.2812317070296224,-0.3939977640213917,-1.5865920921345342
77.9505546092987,2.2812317070296224,-0.3939977640213917,-1.5865920921345342
78.00137495994568,2.275118579891667,-0.39898082168506555,-1.6603641768037458
78.04909610748291,2.275118579891667,-0.39898082168506555,-1.6603641768037458
78.09888577461243,2.275118579891667,-0.39898082168506555,-1.6603641768037458
78.14877438545227,2.2687780790137335,-0.4063777643866284,-1.7417105815743414
78.1986870765686,2.258994461356634,-0.4160186489163263,-1.831916708528534
78.24866366386414,2.258994461356634,-0.4160186489163263,-1.831916708528534
78.29843616485596,2.252539210203815,-0.41713232837862296,-1.9311726703675696
78.34839296340942,2.252539210203815,-0.41713232837862296,-1.9311726703675696
78.40014290809631,2.2468006037802013,-0.4140528699620814,-2.0345946571761644
78.4499831199646,2.2468006037802013,-0.4140528699620814,-2.0345946571761644
78.50331115722656,2.239126875370176,-0.4156475339176252,-2.1421637678865904
78.55351400375366,2.239126875370176,-0.4156475339176252,-2.1421637678865904
78.60608386993408,2.2322382282378372,-0.4115127894900028,-2.252607617140108
78.64931154251099,2.2322382282378372,-0.4115127894900028,-2.252607617140108
78.6999921798706,2.220137698731196,-0.4059865993271315,-2.362592511451421
78.74884271621704,2.220137698731196,-0.4059865993271315,-2.362592511451421
78.79845571517944,2.2023221253366687,-0.40205566503245377,-2.4751711843657356
78.84974265098572,2.2023221253366687,-0.40205566503245377,-2.4751711843657356
78.89961957931519,2.1906526532150377,-0.39361947028550565,-2.584091676751142
78.94962811470032,2.1906526532150377,-0.39361947028550565,-2.584091676751142
78.99818539619446,2.186302169608929,-0.3887150191907736,-2.6917092314774873
79.04985213279724,2.186302169608929,-0.3887150191907736,-2.6917092314774873
79.10254311561584,2.186302169608929,-0.3887150191907736,-2.6917092314774873
79.15073776245117,2.1804779316469434,-0.37745710578408176,-2.799621930423197
79.20062708854675,2.181252080914284,-0.37162357081593383,-2.9041613405527484
79.24891018867493,2.181252080914284,-0.37162357081593383,-2.9041613405527484
79.29962372779846,2.19123209987361,-0.36474027309121937,-3.010546715186675
79.34918475151062,2.19123209987361,-0.36474027309121937,-3.010546715186675
79.39932036399841,2.19123209987361,-0.36474027309121937,-3.010546715186675
79.44832134246826,2.19123209987361,-0.36474027309121937,-3.010546715186675
79.4986526966095,2.202950225551457,-0.34651822375238756,3.0543348773952794
79.55042576789856,2.202950225551457,-0.34651822375238756,3.0543348773952794
79.59934306144714,2.210081623974074,-0.3414759557974827,2.9488048164715384
79.6488389968872,2.210081623974074,-0.3414759557974827,2.9488048164715384
79.69938969612122,2.2057520386040608,-0.33061716458814516,2.841647829587169
79.75575685501099,2.2057520386040608,-0.33061716458814516,2.841647829587169
79.80024981498718,2.1990385221809774,-0.32449400900589964,2.7350040421502366
79.84978485107422,2.1990385221809774,-0.32449400900589964,2.7350040421502366
79.89898157119751,2.192123141545773,-0.31999904614842045,2.6388182194001786
79.95391821861267,2.192123141545773,-0.31999904614842045,2.6388182194001786
79.99886798858643,2.192123141545773,-0.31999904614842045,2.6388182194001786
80.0502142906189,2.192123141545773,-0.31999904614842045,2.6388182194001786
80.09953427314758,2.192123141545773,-0.31999904614842045,2.6388182194001786
80.14878368377686,2.179944413608122,-0.29599610040139906,2.4892539912497784
80.1986358165741,2.1782067562751433,-0.2862524203070411,2.455292570994164
80.25078654289246,2.1782067562751433,-0.2862524203070411,2.455292570994164
80.29949045181274,2.1709902901412157,-0.2835976622496206,2.4369723407986505
80.35172939300537,2.1709902901412157,-0.2835976622496206,2.4369723407986505
80.40080833435059,2.1720785520173616,-0.2828900127623158,2.433222352523505
80.44826745986938,2.1720785520173616,-0.2828900127623158,2.433222352523505
80.50666499137878,2.170612005818768,-0.288797452680961,2.4380707483618567
80.55094861984253,2.170612005818768,-0.288797452680961,2.4380707483618567
80.60072779655457,2.17475452371034,-0.28997546228364773,2.4450844812978825
80.64933061599731,2.17475452371034,-0.28997546228364773,2.4450844812978825
80.69984078407288,2.174931470733629,-0.30045122612437175,2.4623275650700402
80.75020599365234,2.174931470733629,-0.30045122612437175,2.4623275650700402
80.79944467544556,2.174286055816812,-0.3043253317748663,2.4898367074754
80.84969592094421,2.174286055816812,-0.3043253317748663,2.4898367074754
80.89855813980103,2.173369471910191,-0.3078426762927112,2.5290044166502472
80.95047450065613,2.173369471910191,-0.3078426762927112,2.5290044166502472
81.00104117393494,2.1736235636425842,-0.3114811955899474,2.576528586611377
81.0488715171814,2.1736235636425842,-0.3114811955899474,2.576528586611377
81.10081386566162,2.1736235636425842,-0.3114811955899474,2.576528586611377
81.15099167823792,2.173363935082656,-0.3127301512537745,2.6341387781981225
81.19887948036194,2.1748455580997597,-0.31228565708907474,2.7021148387232845
81.24940037727356,2.1748455580997597,-0.31228565708907474,2.7021148387232845
81.29936933517456,2.1782537740834025,-0.3137932906097936,2.773327441230713
81.34917640686035,2.1782537740834025,-0.3137932906097936,2.773327441230713
81.39974689483643,2.1745727674446487,-0.3210110804341078,2.8478268302766923
81.44902467727661,2.1745727674446487,-0.3210110804341078,2.8478268302766923
81.49870586395264,2.1803999798936724,-0.33075593266211356,2.929654101863121
81.54872131347656,2.1803999798936724,-0.33075593266211356,2.929654101863121
81.598468542099,2.1855265013629603,-0.33228138303443805,3.0163541438021824
81.64867544174194,2.1855265013629603,-0.33228138303443805,3.0163541438021824
81.69940304756165,2.185646624277421,-0.34306097571416544,3.113620213571155
81.74948239326477,2.185646624277421,-0.34306097571416544,3.113620213571155
81.80035710334778,2.1914464380943075,-0.3500703793822928,-3.062886642320789
81.8501877784729,2.1914464380943075,-0.3500703793822928,-3.062886642320789
81.89932560920715,2.194940274848392,-0.3614430407671154,-2.9562130394315407
81.95280313491821,2.194940274848392,-0.3614430407671154,-2.9562130394315407
81.99853849411011,2.184033482437191,-0.371812502178356,-2.851350850711792
82.0529670715332,2.184033482437191,-0.371812502178356,-2.851350850711792
82.09891700744629,2.184033482437191,-0.371812502178356,-2.851350850711792
82.15017652511597,2.178622376580214,-0.3784922696303109,-2.7490029422276634
82.19885301589966,2.1597846236109692,-0.38041043712504835,-2.6532215374561763
82.24988627433777,2.1597846236109692,-0.38041043712504835,-2.6532215374561763
82.298659324646,2.1481297222463827,-0.38993627455716334,-2.56286698803298
82.3483624458313,2.1481297222463827,-0.38993627455716334,-2.56286698803298
82.40023756027222,2.13953494612597,-0.4055929047090804,-2.4800229575702293
82.44930505752563,2.13953494612597,-0.4055929047090804,-2.4800229575702293
82.50250601768494,2.1376383897778304,-0.4188591546099625,-2.3923930642900437
82.55215287208557,2.1376383897778304,-0.4188591546099625,-2.3923930642900437
82.59874987602234,2.1362106553667273,-0.43526635146649384,-2.3029088045303308
82.64897227287292,2.1362106553667273,-0.43526635146649384,-2.3029088045303308
82.69834399223328,2.1401076247033703,-0.4513451248506045,-2.225306783718852
82.74985980987549,2.1401076247033703,-0.4513451248506045,-2.225306783718852
82.79978895187378,2.144885350980479,-0.46816781581714484,-2.155481708333529
82.84973907470703,2.144885350980479,-0.46816781581714484,-2.155481708333529
82.89917731285095,2.1454588693607315,-0.488033362706034,-2.099013171465959
82.94961643218994,2.1454588693607315,-0.488033362706034,-2.099013171465959
82.99929857254028,2.145613647342378,-0.5062676269565047,-2.0469851134466976
83.05051469802856,2.145613647342378,-0.5062676269565047,-2.0469851134466976
83.09917187690735,2.145613647342378,-0.5062676269565047,-2.0469851134466976
83.1503176689148,2.1421252632465775,-0.5205414688548912,-2.00577297551019
83.19936966896057,2.136974736310929,-0.5365458919760504,-1.9845876098660964
83.25054407119751,2.136974736310929,-0.5365458919760504,-1.9845876098660964
83.29977750778198,2.128200270740553,-0.55930573916614,-1.9653860416311384
83.34853768348694,2.128200270740553,-0.55930573916614,-1.9653860416311384
83.39902710914612,2.112995619864117,-0.5875254120923874,-1.9487103973336417
83.45086979866028,2.112995619864117,-0.5875254120923874,-1.9487103973336417
83.49819278717041,2.1020348988174726,-0.6148101966888834,-1.9333256257987308
83.55011940002441,2.1020348988174726,-0.6148101966888834,-1.9333256257987308
83.59992957115173,2.0923821275450294,-0.6465501258469376,-1.9259875266938309
83.64982485771179,2.0923821275450294,-0.6465501258469376,-1.9259875266938309
83.69969177246094,2.0860257435722263,-0.6837928519460343,-1.9197878513520568
83.74866127967834,2.0860257435722263,-0.6837928519460343,-1.9197878513520568
83.79910039901733,2.076750342557678,-0.7189633687251585,-1.9111959047924563
83.85157871246338,2.076750342557678,-0.7189633687251585,-1.9111959047924563
83.89875650405884,2.0686396741914734,-0.7554190714028663,-1.9042730320966437
83.95067715644836,2.0686396741914734,-0.7554190714028663,-1.9042730320966437
83.9994568824768,2.0591539344664707,-0.7884879274493525,-1.8937904997769812
84.04894256591797,2.0591539344664707,-0.7884879274493525,-1.8937904997769812
84.09929656982422,2.0591539344664707,-0.7884879274493525,-1.8937904997769812
84.14843964576721,2.0509021883797818,-0.821924495954712,-1.8825092654801083
84.19981384277344,2.046641687189447,-0.8566237803793503,-1.8624895248751654
84.25166773796082,2.046641687189447,-0.8566237803793503,-1.8624895248751654
84.30174803733826,2.0420989545913866,-0.8903388336380056,-1.8461655868862652
84.43422055244446,2.0420989545913866,-0.8903388336380056,-1.8461655868862652
84.44135236740112,2.0420989545913866,-0.8903388336380056,-1.8461655868862652
84.45237445831299,2.0420989545913866,-0.8903388336380056,-1.8461655868862652
84.49838948249817,2.0284807560112528,-0.9514509992551282,-1.810989058359901
84.54873585700989,2.0284807560112528,-0.9514509992551282,-1.810989058359901
84.5987286567688,2.023851273985276,-0.9821963550418218,-1.7958967233050707
84.65035724639893,2.023851273985276,-0.9821963550418218,-1.7958967233050707
84.70005249977112,2.01736420559667,-1.012397377242095,-1.7802518505964875
84.7494010925293,2.01736420559667,-1.012397377242095,-1.7802518505964875
84.79814767837524,2.0100911429952513,-1.0370868906205373,-1.767023564930017
84.84904956817627,2.0100911429952513,-1.0370868906205373,-1.767023564930017
84.8981306552887,2.003946316736931,-1.062622756143468,-1.7576486222015861
84.94970774650574,2.003946316736931,-1.062622756143468,-1.7576486222015861
84.99879884719849,2.001964244685121,-1.096285320416278,-1.7490835224970918
85.04965019226074,2.001964244685121,-1.096285320416278,-1.7490835224970918
85.09882974624634,2.001964244685121,-1.096285320416278,-1.7490835224970918
85.14794826507568,1.9984056223577873,-1.1294949537594403,-1.7422680130706232
85.20104455947876,1.9953461706798243,-1.1731467445126311,-1.7357188252969884
85.25169467926025,1.9953461706798243,-1.1731467445126311,-1.7357188252969884
85.29899311065674,1.9972728693533293,-1.2093960280869465,-1.7285281458961224
85.34887194633484,1.9972728693533293,-1.2093960280869465,-1.7285281458961224
85.39812898635864,1.9932428737709296,-1.2438472690464637,-1.7204825825596923
85.4480049610138,1.9932428737709296,-1.2438472690464637,-1.7204825825596923
85.4980673789978,1.9881852631037853,-1.2807279192172134,-1.7138050643791995
85.55035829544067,1.9881852631037853,-1.2807279192172134,-1.7138050643791995
85.59895753860474,1.9882176057589371,-1.318467451572219,-1.7102316268795943
85.64849328994751,1.9882176057589371,-1.318467451572219,-1.7102316268795943
85.69860363006592,1.982757741685533,-1.3548365772896003,-1.7095530861391328
85.74946308135986,1.982757741685533,-1.3548365772896003,-1.7095530861391328
85.79993081092834,1.9772430610307186,-1.393775120077579,-1.7096574936863986
85.84886240959167,1.9772430610307186,-1.393775120077579,-1.7096574936863986
85.89939475059509,1.9749824372860674,-1.4295135071543998,-1.710265223141901
85.94844508171082,1.9749824372860674,-1.4295135071543998,-1.710265223141901
85.99941921234131,1.9670591810607123,-1.4634893011119148,-1.7110446279634302
86.04886293411255,1.9670591810607123,-1.4634893011119148,-1.7110446279634302
86.09786701202393,1.9670591810607123,-1.4634893011119148,-1.7110446279634302
86.14870524406433,1.9632423095068037,-1.499639127178615,-1.7106966300252755
86.19952487945557,1.9541392011793188,-1.5276963054990071,-1.710509031739482
86.24837708473206,1.9541392011793188,-1.5276963054990071,-1.710509031739482
86.29912281036377,1.9490830414191629,-1.554756854795372,-1.7095254943438156
86.3481855392456,1.9490830414191629,-1.554756854795372,-1.7095254943438156
86.39838123321533,1.9457364939669037,-1.586853905775949,-1.709376819271559
86.44820475578308,1.9457364939669037,-1.586853905775949,-1.709376819271559
86.49916291236877,1.946063049366588,-1.6195047393071442,-1.7073219963371502
86.54832983016968,1.946063049366588,-1.6195047393071442,-1.7073219963371502
86.59784150123596,1.9470580582181964,-1.6540542374199003,-1.7043919784168609
86.64819884300232,1.9470580582181964,-1.6540542374199003,-1.7043919784168609
86.69793105125427,1.947259155372812,-1.6885938338751505,-1.6984650192174602
86.74909019470215,1.947259155372812,-1.6885938338751505,-1.6984650192174602
86.79936671257019,1.9494880285903509,-1.7214479862331515,-1.6922767860537862
86.84941291809082,1.9494880285903509,-1.7214479862331515,-1.6922767860537862
86.89877343177795,1.9494103723990241,-1.760196327923127,-1.6835899989580803
86.95001077651978,1.9494103723990241,-1.760196327923127,-1.6835899989580803
87.00235939025879,1.9490106890582533,-1.7992352371285403,-1.6767511740669423
87.0486855506897,1.9490106890582533,-1.7992352371285403,-1.6767511740669423
87.09942293167114,1.9490106890582533,-1.7992352371285403,-1.6767511740669423
87.14856100082397,1.946380016143696,-1.8335261248167238,-1.6710049461075318
87.19794297218323,1.9481609475144206,-1.866496261719174,-1.6619037739374427
87.24912977218628,1.9481609475144206,-1.866496261719174,-1.6619037739374427
87.29920935630798,1.9470894917888122,-1.8981371539200689,-1.6453461004841923
87.3482449054718,1.9470894917888122,-1.8981371539200689,-1.6453461004841923
87.42117547988892,1.9470894917888122,-1.8981371539200689,-1.6453461004841923
87.45465230941772,1.948624830577051,-1.92295426515516,-1.6233943850878412
87.49916481971741,1.948701004818749,-1.9526544821926552,-1.6006647244340868
87.54861807823181,1.948701004818749,-1.9526544821926552,-1.6006647244340868
87.59798789024353,1.9471161817354823,-1.9854462227095067,-1.579220404358388
87.6486485004425,1.9471161817354823,-1.9854462227095067,-1.579220404358388
87.6994080543518,1.9472604120579262,-2.0192508662430155,-1.559473907683463
87.747971534729,1.9472604120579262,-2.0192508662430155,-1.559473907683463
87.79949188232422,1.9495898070394595,-2.0589768945057787,-1.5462645320278954
87.84941291809082,1.9495898070394595,-2.0589768945057787,-1.5462645320278954
87.89848828315735,1.9520682675263539,-2.0965047838381814,-1.536092416815733
87.94816613197327,1.9520682675263539,-2.0965047838381814,-1.536092416815733
88.00152444839478,1.958696216382595,-2.1393126512464993,-1.5283447626165636
88.04843759536743,1.958696216382595,-2.1393126512464993,-1.5283447626165636
88.09853315353394,1.958696216382595,-2.1393126512464993,-1.5283447626165636
88.14899063110352,1.963166875293742,-2.1785651842468226,-1.5216666407852995
88.20321321487427,1.9717335137934924,-2.2207639421212346,-1.5259589619695142
88.24838638305664,1.9717335137934924,-2.2207639421212346,-1.5259589619695142
88.29842352867126,1.9801919623278013,-2.2519592830276864,-1.5286616935475592
88.34936833381653,1.9801919623278013,-2.2519592830276864,-1.5286616935475592
88.3982322216034,1.9789310639875552,-2.284232702551883,-1.5320365347352776
88.448801279068,1.9789310639875552,-2.284232702551883,-1.5320365347352776
88.49911737442017,1.981258373657725,-2.3160391770520645,-1.5368519718688725
88.54931926727295,1.981258373657725,-2.3160391770520645,-1.5368519718688725
88.59848022460938,1.9811657480777856,-2.351186818484174,-1.5422500819026868
88.64822173118591,1.9811657480777856,-2.351186818484174,-1.5422500819026868
88.6979775428772,1.9824396499920434,-2.3844649958518,-1.5477243463312265
88.74817895889282,1.9824396499920434,-2.3844649958518,-1.5477243463312265
88.79807019233704,1.9855005416103138,-2.423543185013649,-1.552407431287464
88.84979796409607,1.9855005416103138,-2.423543185013649,-1.552407431287464
88.89845681190491,1.9878381014345325,-2.459009234995271,-1.5613262967908634
88.94857239723206,1.9878381014345325,-2.459009234995271,-1.5613262967908634
88.997882604599,1.9830877626941585,-2.4961009419323896,-1.569079213530887
89.04813647270203,1.9830877626941585,-2.4961009419323896,-1.569079213530887
89.09801268577576,1.9841253847000757,-2.530029930049865,-1.5756062805310855
89.14828324317932,1.9841253847000757,-2.530029930049865,-1.5756062805310855
89.19848299026489,1.9841309395078583,-2.5580506146391193,-1.5798761945003712
89.24844980239868,1.9841309395078583,-2.5580506146391193,-1.5798761945003712
89.30153679847717,1.9842861094738342,-2.5861654302508974,-1.5848295312591314
89.35024905204773,1.9842861094738342,-2.5861654302508974,-1.5848295312591314
89.39874005317688,1.9875460195259553,-2.6209647871515056,-1.593057393996344
89.4483573436737,1.9875460195259553,-2.6209647871515056,-1.593057393996344
89.49789237976074,1.9927898144777447,-2.6593984018515973,-1.6036001143672713
89.54845142364502,1.9927898144777447,-2.6593984018515973,-1.6036001143672713
89.59797477722168,1.997815154611027,-2.6903831740133444,-1.619226268927531
89.64979887008667,1.997815154611027,-2.6903831740133444,-1.619226268927531
89.69806623458862,1.9969350465112712,-2.7213294987039673,-1.6444694997359852
89.74872779846191,1.9969350465112712,-2.7213294987039673,-1.6444694997359852
89.79793429374695,1.9901718442626197,-2.743988478193147,-1.6847290494729232
89.84975266456604,1.9901718442626197,-2.743988478193147,-1.6847290494729232
89.89839363098145,1.9815123995984292,-2.7623526029475833,-1.7405305851899353
89.9482204914093,1.9815123995984292,-2.7623526029475833,-1.7405305851899353
89.99835419654846,1.973196124411061,-2.777226899728276,-1.7997705254777283
90.04856061935425,1.973196124411061,-2.777226899728276,-1.7997705254777283
90.0980498790741,1.973196124411061,-2.777226899728276,-1.7997705254777283
90.14794039726257,1.9667324765292677,-2.7876894196253477,-1.8535867017754875
90.19843888282776,1.9529739253559961,-2.7989537720851025,-1.9085567173053628
90.24849581718445,1.9529739253559961,-2.7989537720851025,-1.9085567173053628
90.29835081100464,1.9468170726093474,-2.804657168797588,-1.9626616219709876
90.34876465797424,1.9468170726093474,-2.804657168797588,-1.9626616219709876
90.39830708503723,1.942591043320846,-2.806411558893584,-2.0170071268674166
90.44835424423218,1.942591043320846,-2.806411558893584,-2.0170071268674166
90.49798226356506,1.9371993351185666,-2.80841382538748,-2.0675475209246286
90.54780578613281,1.9371993351185666,-2.80841382538748,-2.0675475209246286
90.59795832633972,1.9296518124416766,-2.813541469324745,-2.128185375874161
90.64915585517883,1.9296518124416766,-2.813541469324745,-2.128185375874161
90.69823575019836,1.9266055836211817,-2.817546972742155,-2.1929181119982206
90.7485363483429,1.9266055836211817,-2.817546972742155,-2.1929181119982206
90.80057525634766,1.9197404620156953,-2.823795485816905,-2.257902740087159
90.849604845047,1.9197404620156953,-2.823795485816905,-2.257902740087159
90.89857244491577,1.9084604310610407,-2.82612671611071,-2.327970990473035
90.94809007644653,1.9084604310610407,-2.82612671611071,-2.327970990473035
90.99888920783997,1.9084604310610407,-2.82612671611071,-2.327970990473035
91.04861235618591,1.9084604310610407,-2.82612671611071,-2.327970990473035
91.09892106056213,1.9084604310610407,-2.82612671611071,-2.327970990473035
91.15025353431702,1.8835016354334309,-2.8368774391087523,-2.4836642113172176
91.19773983955383,1.869059475320254,-2.841294256208954,-2.5705350800058335
91.2480263710022,1.869059475320254,-2.841294256208954,-2.5705350800058335
91.29803800582886,1.8466509015842603,-2.8452960587913996,-2.6651017752668498
91.34889483451843,1.8466509015842603,-2.8452960587913996,-2.6651017752668498
91.39821147918701,1.8196265042768134,-2.8489971685539777,-2.7619153540148105
91.44819951057434,1.8196265042768134,-2.8489971685539777,-2.7619153540148105
91.49881410598755,1.7918990991968926,-2.8477674974758433,-2.857313634052259
91.54836177825928,1.7918990991968926,-2.8477674974758433,-2.857313634052259
91.59811854362488,1.7626820955032894,-2.8491708033984824,-2.9497593601197605
91.64836144447327,1.7626820955032894,-2.8491708033984824,-2.9497593601197605
91.70155715942383,1.736939898550842,-2.850997603306159,-3.030478058371677
91.749685049057,1.736939898550842,-2.850997603306159,-3.030478058371677
91.79956078529358,1.7077728826073229,-2.8482256605171004,-3.100716488642646
91.84805727005005,1.7077728826073229,-2.8482256605171004,-3.100716488642646
91.89835238456726,1.6877851037354368,-2.842460532008918,3.123354826203932
91.94943690299988,1.6877851037354368,-2.842460532008918,3.123354826203932
91.99771785736084,1.66798335700319,-2.8385808728401756,3.0673372507123013
92.04987978935242,1.66798335700319,-2.8385808728401756,3.0673372507123013
92.09916424751282,1.66798335700319,-2.8385808728401756,3.0673372507123013
92.14793062210083,1.6518961657636952,-2.8339240108135315,3.01747748549223
92.19888925552368,1.6348202072933165,-2.8253041177680256,2.9879112742480705
92.2483777999878,1.6348202072933165,-2.8253041177680256,2.9879112742480705
92.29903817176819,1.6091939761311262,-2.8217725131758553,2.9616774348999737
92.34816932678223,1.6091939761311262,-2.8217725131758553,2.9616774348999737
92.39826893806458,1.5786165584146719,-2.8163610940497534,2.9380663832831546
92.44862413406372,1.5786165584146719,-2.8163610940497534,2.9380663832831546
92.49897003173828,1.545460603179848,-2.8092544316414334,2.9203954140588237
92.55292320251465,1.545460603179848,-2.8092544316414334,2.9203954140588237
92.59832644462585,1.508044332173647,-2.805022714287653,2.9068317420239853
92.64982986450195,1.508044332173647,-2.805022714287653,2.9068317420239853
92.69933414459229,1.4698915218852042,-2.7989387680626217,2.9009570668465865
92.7489960193634,1.4698915218852042,-2.7989387680626217,2.9009570668465865
92.79848527908325,1.428824871793628,-2.790844761724488,2.8941771853938483
92.8488712310791,1.428824871793628,-2.790844761724488,2.8941771853938483
92.89965844154358,1.3894744349667218,-2.786039449856166,2.8922934554027337
92.94895505905151,1.3894744349667218,-2.786039449856166,2.8922934554027337
92.99829006195068,1.34977293242187,-2.778328447684471,2.893286597079505
93.0525393486023,1.34977293242187,-2.778328447684471,2.893286597079505
93.09812593460083,1.34977293242187,-2.778328447684471,2.893286597079505
93.15110445022583,1.3175197435650472,-2.7721222754108363,2.8894716035491648
93.19925308227539,1.2900428157181631,-2.763108268118977,2.887281241123842
93.25052905082703,1.2900428157181631,-2.763108268118977,2.887281241123842
93.29923701286316,1.2659747406817907,-2.754668947983093,2.8849825891529917
93.35046410560608,1.2659747406817907,-2.754668947983093,2.8849825891529917
93.39977836608887,1.2335327101911175,-2.7474762234060246,2.8828549744762815
93.45019698143005,1.2335327101911175,-2.7474762234060246,2.8828549744762815
93.49935054779053,1.2010451449995803,-2.74054443994646,2.8773921835730163
93.55013155937195,1.2010451449995803,-2.74054443994646,2.8773921835730163
93.60247039794922,1.164259483578468,-2.732841090884832,2.8703983558542996
93.65127325057983,1.164259483578468,-2.732841090884832,2.8703983558542996
93.69886636734009,1.1260186559459788,-2.724757324767281,2.8563798261268496
93.7491524219513,1.1260186559459788,-2.724757324767281,2.8563798261268496
93.79938101768494,1.086131952157186,-2.716366980541441,2.8445562186864364
93.84870767593384,1.086131952157186,-2.716366980541441,2.8445562186864364
93.89890480041504,1.0495786225740205,-2.706529050669421,2.834305993934156
93.94988298416138,1.0495786225740205,-2.706529050669421,2.834305993934156
93.9989378452301,1.016920231204788,-2.698855760123292,2.825900668392278
94.04834866523743,1.016920231204788,-2.698855760123292,2.825900668392278
94.09891629219055,1.016920231204788,-2.698855760123292,2.825900668392278
94.1528787612915,0.9809611215791252,-2.6904693273901903,2.8191983115896755
94.19813656806946,0.9462898888613711,-2.6751060437014793,2.8134949054833465
94.24838352203369,0.9462898888613711,-2.6751060437014793,2.8134949054833465
94.29855728149414,0.915854729097932,-2.6651356152347634,2.813334917478729
94.34918189048767,0.915854729097932,-2.6651356152347634,2.813334917478729
94.39903664588928,0.8779572157491455,-2.659465775927159,2.813830504201382
94.45232391357422,0.8779572157491455,-2.659465775927159,2.813830504201382
94.49872541427612,0.84122901735785,-2.649401853847459,2.8126591253176367
94.54917764663696,0.84122901735785,-2.649401853847459,2.8126591253176367
94.59929275512695,0.8077450148660652,-2.6441680011785103,2.8169935204400254
94.64819192886353,0.8077450148660652,-2.6441680011785103,2.8169935204400254
94.69824171066284,0.7685476145270946,-2.638039056279201,2.825636723050103
94.74873614311218,0.7685476145270946,-2.638039056279201,2.825636723050103
94.79872250556946,0.7338181451135501,-2.630877863614231,2.83650144050866
94.85059595108032,0.7338181451135501,-2.630877863614231,2.83650144050866
94.89834451675415,0.6993880442897769,-2.628429773244312,2.8485074119606812
94.95115399360657,0.6993880442897769,-2.628429773244312,2.8485074119606812
94.99974083900452,0.667530914005457,-2.6195947392289867,2.857160793560792
95.04926872253418,0.667530914005457,-2.6195947392289867,2.857160793560792
95.09982252120972,0.667530914005457,-2.6195947392289867,2.857160793560792
95.14950370788574,0.6360212428523044,-2.609041347621891,2.865227428791081
95.19893217086792,0.5995878968541997,-2.6048193561529334,2.877662254660054
95.2495756149292,0.5995878968541997,-2.6048193561529334,2.877662254660054
95.29997634887695,0.5683534633942313,-2.600557622813255,2.8894803355503895
95.34918904304504,0.5683534633942313,-2.600557622813255,2.8894803355503895
95.39924883842468,0.5364568308818296,-2.598072527998875,2.8977731759447147
95.44957494735718,0.5364568308818296,-2.598072527998875,2.8977731759447147
95.49998116493225,0.5001232093193007,-2.5874559269698576,2.907298671022065
95.54964327812195,0.5001232093193007,-2.5874559269698576,2.907298671022065
95.59846806526184,0.46485865085950717,-2.583002830715667,2.917579172835533
95.64919757843018,0.46485865085950717,-2.583002830715667,2.917579172835533
95.69882345199585,0.42807159756503355,-2.577008361067576,2.923883102293883
95.74886631965637,0.42807159756503355,-2.577008361067576,2.923883102293883
95.79933500289917,0.39293609187392964,-2.5720672934572573,2.93211252353853
95.85068464279175,0.39293609187392964,-2.5720672934572573,2.93211252353853
95.89917349815369,0.35595110582042744,-2.5644519139723077,2.932096954101311
95.94915413856506,0.35595110582042744,-2.5644519139723077,2.932096954101311
95.99887704849243,0.31712819757746846,-2.5618367239834616,2.9317566251816025
96.04877996444702,0.31712819757746846,-2.5618367239834616,2.9317566251816025
96.0990161895752,0.31712819757746846,-2.5618367239834616,2.9317566251816025
96.15254211425781,0.31712819757746846,-2.5618367239834616,2.9317566251816025
96.19910097122192,0.24916642770898734,-2.5522345776673205,2.9299092970634555
96.24958539009094,0.24916642770898734,-2.5522345776673205,2.9299092970634555
96.29880142211914,0.21641976092934412,-2.5401284682854484,2.9289785855710426
96.34830141067505,0.21641976092934412,-2.5401284682854484,2.9289785855710426
96.3996307849884,0.18852002505233822,-2.53206182193197,2.927353129112786
96.4496123790741,0.18852002505233822,-2.53206182193197,2.927353129112786
96.50132489204407,0.157173495251272,-2.527080299949127,2.9242767198962665
96.54864287376404,0.157173495251272,-2.527080299949127,2.9242767198962665
96.59983158111572,0.12896546713616464,-2.5241923998288556,2.923256507365062
96.64841365814209,0.12896546713616464,-2.5241923998288556,2.923256507365062
96.69901418685913,0.09748154787123098,-2.520760516372499,2.924135047502591
96.74932932853699,0.09748154787123098,-2.520760516372499,2.924135047502591
96.79901075363159,0.07124573199848294,-2.517938875885983,2.923984901989851
96.85009288787842,0.07124573199848294,-2.517938875885983,2.923984901989851
96.899174451828,0.03837145705930922,-2.5144150973627446,2.923553616649474
96.95049166679382,0.03837145705930922,-2.5144150973627446,2.923553616649474
97.00017738342285,0.00710178267415662,-2.507037311585237,2.9211983706159743
97.05136466026306,0.00710178267415662,-2.507037311585237,2.9211983706159743
97.10014581680298,0.00710178267415662,-2.507037311585237,2.9211983706159743
97.14939570426941,-0.021635098374207407,-2.5029240576155867,2.9206266981007145
97.198814868927,-0.04364287056825483,-2.4942797291438223,2.916191823858633
97.24947595596313,-0.04364287056825483,-2.4942797291438223,2.916191823858633
97.29989743232727,-0.08273831325097669,-2.485437790133551,2.9093333800965735
97.34919452667236,-0.08273831325097669,-2.485437790133551,2.9093333800965735
97.39982175827026,-0.11744521712377753,-2.4790970489161097,2.900581336482883
97.45127034187317,-0.11744521712377753,-2.4790970489161097,2.900581336482883
97.49874424934387,-0.15215617353228328,-2.475510231274638,2.8974010648897277
97.54873847961426,-0.15215617353228328,-2.475510231274638,2.8974010648897277
97.59956049919128,-0.18040174629536643,-2.470834355928102,2.895234259924341
97.64889979362488,-0.18040174629536643,-2.470834355928102,2.895234259924341
97.69904112815857,-0.2129686775468732,-2.46925656135586,2.8958767123440126
97.7499008178711,-0.2129686775468732,-2.46925656135586,2.8958767123440126
97.79853343963623,-0.24720038304758635,-2.464025792028372,2.903486454860508
97.84881973266602,-0.24720038304758635,-2.464025792028372,2.903486454860508
97.89897108078003,-0.2865258884320706,-2.457667221263931,2.9166996530636418
97.95056009292603,-0.2865258884320706,-2.457667221263931,2.9166996530636418
97.99896001815796,-0.326442896278033,-2.4528688197142983,2.9253815691882967
98.04833555221558,-0.326442896278033,-2.4528688197142983,2.9253815691882967
98.099613904953,-0.326442896278033,-2.4528688197142983,2.9253815691882967
98.15042424201965,-0.3573526776602029,-2.445056289045396,2.9306876467981295
98.19821214675903,-0.3917071264434825,-2.43362979432651,2.9322597851571035
98.24839639663696,-0.3917071264434825,-2.43362979432651,2.9322597851571035
98.29774212837219,-0.42643019262864074,-2.4247765782147064,2.929105780172914
98.34831357002258,-0.42643019262864074,-2.4247765782147064,2.929105780172914
98.39816331863403,-0.4533835752250724,-2.418501020069219,2.924930838710475
98.45054340362549,-0.4533835752250724,-2.418501020069219,2.924930838710475
98.49827432632446,-0.4913737852438269,-2.4161290169026746,2.9218523180931126
98.54899454116821,-0.4913737852438269,-2.4161290169026746,2.9218523180931126
98.59831500053406,-0.5254730315515617,-2.415799085675795,2.915400300853171
98.64861249923706,-0.5254730315515617,-2.415799085675795,2.915400300853171
98.6997938156128,-0.5627368950471234,-2.4107250997327774,2.906330908377991
98.74832463264465,-0.5627368950471234,-2.4107250997327774,2.906330908377991
98.79839849472046,-0.5998609765733751,-2.404574103371657,2.896868593144569
98.84909749031067,-0.5998609765733751,-2.404574103371657,2.896868593144569
98.89960169792175,-0.6371804078046279,-2.3993477275534563,2.887200933546896
98.94938778877258,-0.6371804078046279,-2.3993477275534563,2.887200933546896
98.99981689453125,-0.6793850332409276,-2.39249504956405,2.873418614680975
99.048171043396,-0.6793850332409276,-2.39249504956405,2.873418614680975
99.09808707237244,-0.6793850332409276,-2.39249504956405,2.873418614680975
99.14913177490234,-0.7167964934022156,-2.386751872502092,2.8629801791126535
99.19832062721252,-0.7442816091634121,-2.3872261732570372,2.844053604744897
99.24852895736694,-0.7442816091634121,-2.3872261732570372,2.844053604744897
99.29819321632385,-0.7758411065891143,-2.375926270472032,2.827954666458527
99.34934544563293,-0.7758411065891143,-2.375926270472032,2.827954666458527
99.39846324920654,-0.8110235765198411,-2.3613134541436076,2.8139290706639226
99.44780921936035,-0.8110235765198411,-2.3613134541436076,2.8139290706639226
99.4996132850647,-0.8481012495515027,-2.3502436071829633,2.7957415635996807
99.54842925071716,-0.8481012495515027,-2.3502436071829633,2.7957415635996807
99.59797930717468,-0.8853531262041764,-2.3379402467995503,2.784431429390383
99.65037798881531,-0.8853531262041764,-2.3379402467995503,2.784431429390383
99.69914722442627,-0.9216727984620856,-2.3272210706733536,2.7765062490862475
99.74867129325867,-0.9216727984620856,-2.3272210706733536,2.7765062490862475
99.8006944656372,-0.9587705490831633,-2.3119316965373815,2.7737665816448946
99.85148239135742,-0.9587705490831633,-2.3119316965373815,2.7737665816448946
99.89786005020142,-0.9985814744275866,-2.301991566688286,2.768289600201091
99.95006060600281,-0.9985814744275866,-2.301991566688286,2.768289600201091
99.9981300830841,-1.029225926106577,-2.2885818589898577,2.7678452058422427
100.04887771606445,-1.029225926106577,-2.2885818589898577,2.7678452058422427
100.09853672981262,-1.029225926106577,-2.2885818589898577,2.7678452058422427
100.14833950996399,-1.0601463615792812,-2.275271459487862,2.7659614852054717
100.19784331321716,-1.0894626716773885,-2.2628166499051514,2.772765283721145
100.24843645095825,-1.0894626716773885,-2.2628166499051514,2.772765283721145
100.29822373390198,-1.1211850310698759,-2.2504007349647988,2.7766231266916086
100.348135471344,-1.1211850310698759,-2.2504007349647988,2.7766231266916086
100.39768767356873,-1.1505168988063088,-2.2420767405859454,2.781391342226196
100.4480082988739,-1.1505168988063088,-2.2420767405859454,2.781391342226196
100.49881982803345,-1.1844838229139916,-2.2314579471534235,2.7875321961887765
100.54849529266357,-1.1844838229139916,-2.2314579471534235,2.7875321961887765
100.59777617454529,-1.217975281598573,-2.2262322715234473,2.7966958856880497
100.64788222312927,-1.217975281598573,-2.2262322715234473,2.7966958856880497
100.69790387153625,-1.2526866457979218,-2.218243819955187,2.8028658962296036
100.74773383140564,-1.2526866457979218,-2.218243819955187,2.8028658962296036
100.79920196533203,-1.2897125189299978,-2.2095292072546884,2.80887974575495
100.84809398651123,-1.2897125189299978,-2.2095292072546884,2.80887974575495
100.8977210521698,-1.325526357579097,-2.2032017656177025,2.8119020575607196
100.95081329345703,-1.325526357579097,-2.2032017656177025,2.8119020575607196
100.99888634681702,-1.325526357579097,-2.2032017656177025,2.8119020575607196
101.04844450950623,-1.325526357579097,-2.2032017656177025,2.8119020575607196
101.09798860549927,-1.325526357579097,-2.2032017656177025,2.8119020575607196
101.14811515808105,-1.3978393389428558,-2.180729663904611,2.8140744411001513
