t,chair_x,chair_y,chair_yaw,human5_x,human5_y,human6_x,human6_y,human7_x,human7_y,human8_x,human8_y
0.0,-0.9327067136764526,1.741193175315857,0.008556561535986674,0.5266793370246887,-2.9186038970947266,1.6242762804031372,3.241868734359741,2.1038732528686523,0.013928044587373734,-1.0027053356170654,-1.443050742149353
0.049080610275268555,-0.9331086277961731,1.7411178350448608,0.008438096689416278,0.5545783042907715,-2.905498743057251,1.6256169080734253,3.239687204360962,2.1099841594696045,-0.008467410691082478,-1.0101711750030518,-1.439180850982666
0.09924101829528809,-0.9335336685180664,1.7409422397613525,0.008434010949480332,0.5785454511642456,-2.8923144340515137,1.6265212297439575,3.237881660461426,2.114675998687744,-0.02740478701889515,-1.0177894830703735,-1.4364988803863525
0.14908075332641602,-0.9334965348243713,1.7410229444503784,0.008725009405591294,0.6052113771438599,-2.8764898777008057,1.6272987127304077,3.2358858585357666,2.1200175285339355,-0.048253800719976425,-1.0280040502548218,-1.4351810216903687
0.19917678833007812,-0.9330317378044128,1.7410542964935303,0.00862787373191711,0.6287974715232849,-2.862337350845337,1.627879023551941,3.2342283725738525,2.1256983280181885,-0.06525468081235886,-1.0385937690734863,-1.4384407997131348
0.24918675422668457,-0.9326122999191284,1.7409979104995728,0.00879421393861241,0.6559975147247314,-2.8477377891540527,1.6283000707626343,3.2325711250305176,2.133068323135376,-0.08100564777851105,-1.0520503520965576,-1.4479687213897705
0.2992582321166992,-0.9324814081192017,1.7410510778427124,0.00878704219249994,0.6773273348808289,-2.838660955429077,1.628535270690918,3.2315597534179688,2.1390223503112793,-0.09024427086114883,-1.0627148151397705,-1.4573314189910889
0.34943079948425293,-0.9324077367782593,1.7409894466400146,0.008506628853703818,0.7041321396827698,-2.829744577407837,1.6288152933120728,3.230729579925537,2.146866798400879,-0.09849890321493149,-1.0760819911956787,-1.469504952430725
0.3992795944213867,-0.9325516819953918,1.740901231765747,0.008613092709887141,0.7395058870315552,-2.822627067565918,1.629072904586792,3.2297215461730957,2.1578636169433594,-0.10454612225294113,-1.094970703125,-1.4844790697097778
0.4497041702270508,-0.932782769203186,1.7409605979919434,0.007749944446745632,0.7652366161346436,-2.8206870555877686,1.6291297674179077,3.228969097137451,2.166395664215088,-0.10564437508583069,-1.111070990562439,-1.4940265417099
0.49910736083984375,-0.9331340193748474,1.7411797046661377,0.007495663587555937,0.789944589138031,-2.8209877014160156,1.6292037963867188,3.2281947135925293,2.1743502616882324,-0.1043337732553482,-1.1284695863723755,-1.5015758275985718
0.5501182079315186,-0.9331638216972351,1.741201639175415,0.007642682303943193,0.8166666626930237,-2.823425531387329,1.6294324398040771,3.2274727821350098,2.1815872192382812,-0.10100911557674408,-1.1467243432998657,-1.5070147514343262
0.5992512702941895,-0.9331467151641846,1.7412707805633545,0.007246679480454673,0.8436277508735657,-2.8275837898254395,1.6300350427627563,3.226655960083008,2.188126564025879,-0.095854751765728,-1.1624114513397217,-1.5098624229431152
0.649214506149292,-0.9331088662147522,1.7411707639694214,0.006138423970468437,0.8707887530326843,-2.834139347076416,1.6309309005737305,3.2254862785339355,2.194019079208374,-0.08931010961532593,-1.1746549606323242,-1.5094624757766724
0.6991088390350342,-0.9333083629608154,1.7413524389266968,0.004235837836734039,0.8981552124023438,-2.843679428100586,1.6322410106658936,3.2239763736724854,2.2003331184387207,-0.08256286382675171,-1.183367133140564,-1.5069364309310913
0.7493209838867188,-0.9331396222114563,1.74144446849823,0.003146029192535796,0.9253440499305725,-2.8559820652008057,1.6340159177780151,3.2221484184265137,2.20548152923584,-0.07581157982349396,-1.1888201236724854,-1.5046864748001099
0.7993049621582031,-0.9328441023826599,1.741575837135315,0.0023634978546989405,0.9578986763954163,-2.872908592224121,1.636544942855835,3.219597578048706,2.2098865509033203,-0.06811027228832245,-1.1930090188980103,-1.5044537782669067
0.8494322299957275,-0.9327276349067688,1.7416080236434937,0.0015660808932123724,0.9722375869750977,-2.8810489177703857,1.6378605365753174,3.2183244228363037,2.211703300476074,-0.06512206047773361,-1.1936793327331543,-1.504233479499817
0.8992853164672852,-0.9327030181884766,1.7417365312576294,-0.003000022101955016,1.0215396881103516,-2.9118785858154297,1.6431622505187988,3.2133066654205322,2.2170512676239014,-0.056236766278743744,-1.1939440965652466,-1.5048500299453735
0.9492897987365723,-0.9322917461395264,1.7421740293502808,-0.007034879328525225,1.0575876235961914,-2.9351110458374023,1.6475383043289185,3.2092647552490234,2.221163272857666,-0.05106571316719055,-1.1918421983718872,-1.5055254697799683
0.9991955757141113,-0.9334688186645508,1.7426466941833496,-0.012006030318486361,1.0726208686828613,-2.9448585510253906,1.649693250656128,3.2074291706085205,2.2228615283966064,-0.04903075844049454,-1.1906867027282715,-1.5058975219726562
1.0493402481079102,-0.933309018611908,1.743589162826538,-0.021481955433237193,1.1186120510101318,-2.9751741886138916,1.657055377960205,3.2013180255889893,2.227126121520996,-0.04320170730352402,-1.185750961303711,-1.5073888301849365
1.0993943214416504,-0.9328469634056091,1.7440704107284546,-0.028185212801656027,1.1470906734466553,-2.993757963180542,1.6625117063522339,3.197016954421997,2.2291131019592285,-0.04027092829346657,-1.1820104122161865,-1.5081334114074707
1.1493995189666748,-0.9323423504829407,1.7442628145217896,-0.03213233648200864,1.1657962799072266,-3.00484561920166,1.6662225723266602,3.1942710876464844,2.2302985191345215,-0.03862033411860466,-1.1800458431243896,-1.5088220834732056
1.1993389129638672,-0.9319573640823364,1.74539053440094,-0.04729417162460278,1.2103577852249146,-3.027153730392456,1.675239086151123,3.1875391006469727,2.232679605484009,-0.03485237807035446,-1.176540493965149,-1.5108370780944824
1.2491109371185303,-0.9290136098861694,1.745715856552124,-0.05646010186965961,1.2441586256027222,-3.0414631366729736,1.6822208166122437,3.1822612285614014,2.233879804611206,-0.03172072023153305,-1.1737421751022339,-1.5098825693130493
1.299314022064209,-0.9277923107147217,1.7471697330474854,-0.07368895614763128,1.274393916130066,-3.051365613937378,1.688673973083496,3.1776838302612305,2.2345266342163086,-0.02899807319045067,-1.1707170009613037,-1.5062068700790405
1.3491785526275635,-0.9280645251274109,1.7474194765090942,-0.07962988746954078,1.2842057943344116,-3.0545687675476074,1.6908453702926636,3.176084280014038,2.234668493270874,-0.028189746662974358,-1.169628620147705,-1.5043933391571045
1.399137258529663,-0.9243942499160767,1.7493809461593628,-0.10975536496611986,1.334999680519104,-3.065446615219116,1.7020336389541626,3.168489694595337,2.234717845916748,-0.024638311937451363,-1.1638015508651733,-1.4941731691360474
1.4491076469421387,-0.9207315444946289,1.750434398651123,-0.13216074644543932,1.365522027015686,-3.070094347000122,1.7088474035263062,3.164210557937622,2.234032392501831,-0.022671623155474663,-1.158745527267456,-1.4861787557601929
1.4990761280059814,-0.9166216850280762,1.751692533493042,-0.15717310750485466,1.3983150720596313,-3.07161545753479,1.715890645980835,3.1602096557617188,2.2331488132476807,-0.02096717245876789,-1.1517432928085327,-1.4764800071716309
1.5493659973144531,-0.9119395613670349,1.75272536277771,-0.18278319382213926,1.4290053844451904,-3.07096266746521,1.7222528457641602,3.1567516326904297,2.231971263885498,-0.020070938393473625,-1.1439158916473389,-1.4664223194122314
1.59920334815979,-0.9074310660362244,1.7538611888885498,-0.2083128204694046,1.4559156894683838,-3.068429708480835,1.727565884590149,3.1540486812591553,2.230767011642456,-0.019907565787434578,-1.1366745233535767,-1.4577010869979858
1.6492443084716797,-0.901279866695404,1.754451036453247,-0.2411954847188242,1.491553544998169,-3.0615334510803223,1.7340257167816162,3.151026964187622,2.2293596267700195,-0.020292505621910095,-1.1284836530685425,-1.4482156038284302
1.6989879608154297,-0.8939268589019775,1.754918098449707,-0.2789534846043997,1.53147292137146,-3.0503487586975098,1.7404365539550781,3.1481494903564453,2.2281031608581543,-0.020853325724601746,-1.121459722518921,-1.4397673606872559
1.7490246295928955,-0.8869687914848328,1.7554974555969238,-0.317766114156783,1.5642361640930176,-3.039729595184326,1.7450796365737915,3.146296739578247,2.227412700653076,-0.0214198287576437,-1.1168230772018433,-1.4324820041656494
1.7990975379943848,-0.8814784288406372,1.7557581663131714,-0.34939199462028603,1.595051884651184,-3.029268741607666,1.7486251592636108,3.144770383834839,2.2268624305725098,-0.022313253954052925,-1.1143685579299927,-1.4254978895187378
1.8492848873138428,-0.8737298846244812,1.755834937095642,-0.39542129266693454,1.628064751625061,-3.0191195011138916,1.7520476579666138,3.142902374267578,2.2264769077301025,-0.024091452360153198,-1.1138192415237427,-1.4189863204956055
1.8991329669952393,-0.8670987486839294,1.7560023069381714,-0.43479263551205455,1.657117486000061,-3.0120089054107666,1.754673719406128,3.1404147148132324,2.226276159286499,-0.026271315291523933,-1.1155180931091309,-1.415446162223816
1.9490444660186768,-0.8602622151374817,1.7558993101119995,-0.477729813238945,1.6861783266067505,-3.0080277919769287,1.756840705871582,3.136624336242676,2.226196527481079,-0.02901541441679001,-1.1184680461883545,-1.4140708446502686
1.999194860458374,-0.8526954054832458,1.7552378177642822,-0.5212107555165215,1.714342713356018,-3.0070297718048096,1.7585235834121704,3.1314942836761475,2.2258670330047607,-0.03199223801493645,-1.1227341890335083,-1.4129714965820312
2.0490541458129883,-0.8446944355964661,1.7542699575424194,-0.5665280285199733,1.744372010231018,-3.0089292526245117,1.7595492601394653,3.124187469482422,2.2245709896087646,-0.03569604456424713,-1.1283067464828491,-1.4106225967407227
2.0991947650909424,-0.8361883759498596,1.7528725862503052,-0.6158363816719207,1.7754377126693726,-3.0130455493927,1.7595003843307495,3.1138246059417725,2.222222089767456,-0.04065318405628204,-1.1351101398468018,-1.4062896966934204
2.1492652893066406,-0.8278748989105225,1.751009464263916,-0.663399361415483,1.8047763109207153,-3.0179731845855713,1.758193016052246,3.1017353534698486,2.219414710998535,-0.04629490524530411,-1.1420176029205322,-1.3993000984191895
2.1991732120513916,-0.8202167749404907,1.7484064102172852,-0.7081613859803475,1.8332442045211792,-3.023533821105957,1.756134271621704,3.0885722637176514,2.2157680988311768,-0.051492996513843536,-1.1485657691955566,-1.3902851343154907
2.2499563694000244,-0.8115890026092529,1.7449079751968384,-0.7561241442721229,1.8662784099578857,-3.030939817428589,1.7527196407318115,3.0729801654815674,2.210787534713745,-0.05764191597700119,-1.157883644104004,-1.3770790100097656
2.299349308013916,-0.8030167818069458,1.7406691312789917,-0.7992877028790785,1.8986473083496094,-3.03955078125,1.7486718893051147,3.057490110397339,2.2049448490142822,-0.06330099701881409,-1.169115662574768,-1.362716555595398
2.349034309387207,-0.795714795589447,1.7363237142562866,-0.8352252960337385,1.9275786876678467,-3.0486996173858643,1.7446856498718262,3.04308819770813,2.1990184783935547,-0.06881701946258545,-1.1811696290969849,-1.3495240211486816
2.399203300476074,-0.7867649793624878,1.730208396911621,-0.878518664920022,1.9636118412017822,-3.0626132488250732,1.7395706176757812,3.0236876010894775,2.1913111209869385,-0.07651124894618988,-1.1973754167556763,-1.3325749635696411
2.4492087364196777,-0.7794872522354126,1.724109411239624,-0.9157340221603645,1.995522141456604,-3.0774025917053223,1.7344261407852173,3.00449275970459,2.184251546859741,-0.08435361832380295,-1.2115710973739624,-1.317151427268982
2.49944806098938,-0.7719547748565674,1.7181915044784546,-0.9490754028617444,2.027162551879883,-3.0939807891845703,1.7285677194595337,2.983696222305298,2.1764121055603027,-0.09214408695697784,-1.2251759767532349,-1.3026028871536255
2.549016237258911,-0.7655619978904724,1.7116820812225342,-0.9815105636207861,2.0591647624969482,-3.111055850982666,1.7219187021255493,2.961620569229126,2.1684484481811523,-0.09942793846130371,-1.237471342086792,-1.2876681089401245
2.599308729171753,-0.7584360837936401,1.7043524980545044,-1.008373947082509,2.0892698764801025,-3.1274709701538086,1.7141696214675903,2.9382011890411377,2.1608598232269287,-0.10608085989952087,-1.2464168071746826,-1.2692278623580933
2.6492979526519775,-0.7514156103134155,1.6965482234954834,-1.0317023503693978,2.116729736328125,-3.1429617404937744,1.705289602279663,2.9137303829193115,2.154181480407715,-0.1117224171757698,-1.2518155574798584,-1.2498414516448975
2.6990625858306885,-0.7451058030128479,1.688594937324524,-1.0582669377857274,2.142693519592285,-3.1565959453582764,1.6956263780593872,2.888519763946533,2.1483724117279053,-0.11640430241823196,-1.2544121742248535,-1.232892632484436
2.7492048740386963,-0.738987922668457,1.6806343793869019,-1.0800386104555844,2.1694753170013428,-3.1689326763153076,1.6854990720748901,2.8636481761932373,2.143084764480591,-0.12026870995759964,-1.2551079988479614,-1.2159696817398071
2.7990870475769043,-0.7335261702537537,1.6731395721435547,-1.100702807600578,2.194784641265869,-3.1810696125030518,1.6768288612365723,2.842641592025757,2.1381731033325195,-0.12305059283971786,-1.2547978162765503,-1.19851815700531
2.8492119312286377,-0.7265836596488953,1.6634438037872314,-1.1239768443065434,2.2259130477905273,-3.193241596221924,1.6678050756454468,2.8175647258758545,2.131978750228882,-0.12569990754127502,-1.252969741821289,-1.175148367881775
2.899566411972046,-0.7194490432739258,1.6537929773330688,-1.1449632637537435,2.254803419113159,-3.2035858631134033,1.6599856615066528,2.7929985523223877,2.125892400741577,-0.1276036500930786,-1.2496269941329956,-1.1522138118743896
2.948998212814331,-0.713091254234314,1.644285798072815,-1.1655758836281007,2.2826998233795166,-3.2121777534484863,1.6528419256210327,2.7690398693084717,2.1190595626831055,-0.12881259620189667,-1.2434182167053223,-1.1291987895965576
2.9990382194519043,-0.7063263058662415,1.6328670978546143,-1.1896800150293607,2.3115944862365723,-3.2199904918670654,1.646202802658081,2.744633674621582,2.1108627319335938,-0.12931087613105774,-1.232764482498169,-1.1042323112487793
3.0490520000457764,-0.6999266743659973,1.6220569610595703,-1.2106365528833665,2.3397510051727295,-3.2268929481506348,1.6407204866409302,2.721372365951538,2.10249924659729,-0.12864311039447784,-1.2195812463760376,-1.0806490182876587
3.099118232727051,-0.6938906908035278,1.610883355140686,-1.2308804612763524,2.3682096004486084,-3.231858491897583,1.6367921829223633,2.69673752784729,2.093564510345459,-0.12729927897453308,-1.2039390802383423,-1.0575557947158813
3.149282217025757,-0.6879549622535706,1.5993553400039673,-1.2488790273568091,2.3979978561401367,-3.236175775527954,1.6343127489089966,2.6705400943756104,2.0836734771728516,-0.12546803057193756,-1.186376690864563,-1.033554196357727
3.199181079864502,-0.6828186511993408,1.5879006385803223,-1.2682590504671807,2.4262897968292236,-3.239354372024536,1.634692668914795,2.644606590270996,2.0730793476104736,-0.1228269636631012,-1.169270634651184,-1.010388970375061
3.2492623329162598,-0.677090585231781,1.5748834609985352,-1.2868994028147933,2.4586472511291504,-3.2409186363220215,1.6383835077285767,2.61482572555542,2.0600714683532715,-0.11868719011545181,-1.1522356271743774,-0.9859008193016052
3.2994024753570557,-0.6720127463340759,1.562438726425171,-1.3043406443070857,2.489590644836426,-3.2402637004852295,1.6460093259811401,2.586634635925293,2.0472118854522705,-0.11393637955188751,-1.1375808715820312,-0.9607707262039185
3.34956955909729,-0.6671172976493835,1.550084114074707,-1.31955359777011,2.5200917720794678,-3.238591194152832,1.6571898460388184,2.5592048168182373,2.0355098247528076,-0.10801175236701965,-1.124804973602295,-0.9338351488113403
3.39935302734375,-0.6620084047317505,1.536004900932312,-1.3363708354096757,2.5557448863983154,-3.2355430126190186,1.6725540161132812,2.5269196033477783,2.0236265659332275,-0.09966522455215454,-1.1129904985427856,-0.9016020894050598
3.4494435787200928,-0.6577036380767822,1.5232099294662476,-1.3506855793710313,2.589261770248413,-3.2304770946502686,1.6882984638214111,2.4940381050109863,2.0131170749664307,-0.08913421630859375,-1.1050169467926025,-0.872037410736084
3.4990861415863037,-0.6529238224029541,1.5086838006973267,-1.3652041445516523,2.622056484222412,-3.225430727005005,1.703321099281311,2.4603352546691895,2.002544641494751,-0.07612216472625732,-1.099914312362671,-0.8441786766052246
3.549044609069824,-0.649102509021759,1.4954818487167358,-1.378215555609715,2.6539981365203857,-3.2204484939575195,1.7160766124725342,2.427680730819702,1.9919171333312988,-0.06110610440373421,-1.0959712266921997,-0.8161730766296387
3.5990352630615234,-0.645220160484314,1.480525255203247,-1.3910942402830486,2.6853532791137695,-3.217298746109009,1.7261515855789185,2.396155595779419,1.9815821647644043,-0.04547164589166641,-1.0942074060440063,-0.7878289818763733
3.6492130756378174,-0.6423748731613159,1.4683115482330322,-1.4000572598648184,2.7110636234283447,-3.215333938598633,1.7329376935958862,2.3704023361206055,1.97316312789917,-0.03253708407282829,-1.0944801568984985,-0.7639047503471375
3.6990790367126465,-0.6388242840766907,1.4510788917541504,-1.4110187868425674,2.746262788772583,-3.2141730785369873,1.740795373916626,2.335254192352295,1.960676908493042,-0.015259211882948875,-1.0985283851623535,-0.730314314365387
3.749117612838745,-0.6360687017440796,1.435937523841858,-1.4198519658532356,2.7752294540405273,-3.2139227390289307,1.746545433998108,2.3052523136138916,1.9486311674118042,-0.0014079682296141982,-1.104252815246582,-0.7008793950080872
3.7991745471954346,-0.6333311796188354,1.420700192451477,-1.4274938326311823,2.8039982318878174,-3.215038537979126,1.7516740560531616,2.274418830871582,1.9349939823150635,0.011960350908339024,-1.1106266975402832,-0.6708155274391174
3.8491060733795166,-0.630888819694519,1.4051518440246582,-1.434763266395526,2.8331644535064697,-3.2156028747558594,1.7560539245605469,2.242443799972534,1.9197522401809692,0.025020234286785126,-1.116529941558838,-0.6408002376556396
3.8991339206695557,-0.6288653016090393,1.3921515941619873,-1.44057472323772,2.8586158752441406,-3.2162208557128906,1.7589232921600342,2.2155468463897705,1.9065700769424438,0.035336241126060486,-1.1213186979293823,-0.6160212159156799
3.9495956897735596,-0.626251220703125,1.3745604753494263,-1.4478614816842976,2.8935842514038086,-3.2169251441955566,1.761194109916687,2.180049180984497,1.8891288042068481,0.04774367809295654,-1.1266518831253052,-0.5847769379615784
3.999119281768799,-0.6239833235740662,1.358630657196045,-1.4536965285953973,2.9272608757019043,-3.2180356979370117,1.7613385915756226,2.1468100547790527,1.8722569942474365,0.05735098570585251,-1.128197193145752,-0.5553572177886963
4.049129486083984,-0.6221261024475098,1.3442625999450684,-1.458178602891672,2.9540441036224365,-3.219918727874756,1.7600091695785522,2.1205337047576904,1.8586475849151611,0.06320468336343765,-1.127043604850769,-0.5316767692565918
4.09917688369751,-0.6203011274337769,1.329846978187561,-1.4629364103078926,2.9826719760894775,-3.2238144874572754,1.7572517395019531,2.0925004482269287,1.8442379236221313,0.06760634481906891,-1.1239572763442993,-0.5065892934799194
4.1490631103515625,-0.617962121963501,1.3100321292877197,-1.4682473105281513,3.022385835647583,-3.231706142425537,1.751518726348877,2.052564859390259,1.8227555751800537,0.07126351445913315,-1.1187325716018677,-0.4731081426143646
4.199195623397827,-0.6161125898361206,1.293799638748169,-1.4715126876636033,3.0521647930145264,-3.2396018505096436,1.7466769218444824,2.022381544113159,1.8052451610565186,0.07264676690101624,-1.1146029233932495,-0.450032114982605
4.249034881591797,-0.6144379377365112,1.2766305208206177,-1.474411746181035,3.086608409881592,-3.2482454776763916,1.7410260438919067,1.9874746799468994,1.7842588424682617,0.07262391597032547,-1.108688473701477,-0.42412495613098145
4.299129486083984,-0.6129395365715027,1.2614338397979736,-1.4771490403137568,3.119137763977051,-3.263828754425049,1.7361717224121094,1.9547126293182373,1.763702154159546,0.0708988830447197,-1.101770043373108,-0.3997379541397095
4.349065065383911,-0.6114706993103027,1.244331955909729,-1.4797135639597883,3.1507692337036133,-3.276021957397461,1.732731580734253,1.922267198562622,1.742856502532959,0.06698709726333618,-1.0937014818191528,-0.3757891058921814
4.399139165878296,-0.6102924942970276,1.229937195777893,-1.4812530829659705,3.1773293018341064,-3.284057140350342,1.7306137084960938,1.893588900566101,1.7242909669876099,0.06174895912408829,-1.0853215456008911,-0.35606011748313904
4.449282884597778,-0.6090455055236816,1.211905598640442,-1.4825474575873459,3.2104899883270264,-3.2944536209106445,1.728927493095398,1.8580234050750732,1.7000360488891602,0.05282777547836304,-1.073255181312561,-0.33449310064315796
4.499065399169922,-0.608415961265564,1.1992919445037842,-1.4830808161830336,3.233220100402832,-3.300016164779663,1.7278801202774048,1.8339393138885498,1.6819859743118286,0.04488513246178627,-1.063706874847412,-0.3199779689311981
4.549226760864258,-0.607292115688324,1.1813324689865112,-1.4839639491058063,3.2647194862365723,-3.305712938308716,1.7267656326293945,1.799773931503296,1.6551600694656372,0.0309450663626194,-1.0491673946380615,-0.2988755404949188
4.599136829376221,-0.6062818169593811,1.1635242700576782,-1.4854478198815304,3.295114278793335,-3.3084018230438232,1.7263081073760986,1.7651845216751099,1.6277681589126587,0.014524998143315315,-1.0350942611694336,-0.2777351140975952
4.64904260635376,-0.6052823662757874,1.1475495100021362,-1.486936185868619,3.3209636211395264,-3.3091094493865967,1.727243423461914,1.7333985567092896,1.6032966375350952,-0.0011384440585970879,-1.0242055654525757,-0.2585999667644501
4.699146747589111,-0.6042807698249817,1.134161353111267,-1.4884373613358912,3.34661602973938,-3.3087832927703857,1.7299593687057495,1.7014540433883667,1.5801613330841064,-0.016492191702127457,-1.0141063928604126,-0.2377132624387741
4.749081134796143,-0.6029892563819885,1.1163946390151978,-1.49005366566123,3.3521885871887207,-3.308842420578003,1.7347298860549927,1.6712604761123657,1.5594860315322876,-0.029774924740195274,-1.0060985088348389,-0.21727387607097626
4.7991108894348145,-0.60179603099823,1.0997368097305298,-1.4915625346200694,3.3521885871887207,-3.308842420578003,1.7433547973632812,1.6377872228622437,1.5367203950881958,-0.04283616691827774,-0.9995312690734863,-0.19744530320167542
4.8491129875183105,-0.6005452275276184,1.083715796470642,-1.4930391706027522,3.3521885871887207,-3.308842420578003,1.7544269561767578,1.6068259477615356,1.5145080089569092,-0.05318683385848999,-0.9955707788467407,-0.18136411905288696
4.899162292480469,-0.5993466973304749,1.0677934885025024,-1.494839725390033,3.3521885871887207,-3.308842420578003,1.7669777870178223,1.5755510330200195,1.4910081624984741,-0.06119037792086601,-0.9933018088340759,-0.1653207540512085
4.9493491649627686,-0.5982009768486023,1.0518068075180054,-1.495898115026729,3.3521885871887207,-3.308842420578003,1.7792712450027466,1.5429847240447998,1.4664000272750854,-0.06683479249477386,-0.9926705956459045,-0.14862672984600067
4.999592065811157,-0.5976161956787109,1.044716715812683,-1.4964847258969567,3.3521885871887207,-3.308842420578003,1.7844189405441284,1.5284991264343262,1.455411672592163,-0.06860873848199844,-0.9927240610122681,-0.14101162552833557
5.0490124225616455,-0.5959868431091309,1.0198920965194702,-1.4984348179525566,3.3521885871887207,-3.308842420578003,1.799456000328064,1.4790846109390259,1.418674111366272,-0.07151751220226288,-0.9978155493736267,-0.11545132845640182
5.099141597747803,-0.5951276421546936,1.0045596361160278,-1.499559529417934,3.3521885871887207,-3.308842420578003,1.8070716857910156,1.4476491212844849,1.397619605064392,-0.07073692977428436,-1.0026097297668457,-0.09922058880329132
5.149008750915527,-0.5941014885902405,0.9875990152359009,-1.5009561017015627,3.3521885871887207,-3.308842420578003,1.8132421970367432,1.415930986404419,1.3769564628601074,-0.06891201436519623,-1.0071552991867065,-0.08308371901512146
5.1995463371276855,-0.5931951403617859,0.9715723395347595,-1.5019790518295069,3.3521885871887207,-3.308842420578003,1.8182556629180908,1.3848228454589844,1.3552018404006958,-0.06671355664730072,-1.010528802871704,-0.06661546975374222
5.249067068099976,-0.5925248265266418,0.9574904441833496,-1.5025058178331783,3.3521885871887207,-3.308842420578003,1.8221726417541504,1.3573498725891113,1.3344777822494507,-0.0643017366528511,-1.0111029148101807,-0.05210709571838379
5.2995285987854,-0.591541051864624,0.9405580759048462,-1.501995781317343,3.3521885871887207,-3.308842420578003,1.8269554376602173,1.3229382038116455,1.3069268465042114,-0.06015544757246971,-1.0092129707336426,-0.035528261214494705
5.349143028259277,-0.5915354490280151,0.9284964799880981,-1.500954626721656,3.3521885871887207,-3.308842420578003,1.8307620286941528,1.293367624282837,1.2828201055526733,-0.05523615702986717,-1.0056092739105225,-0.02289741113781929
5.399178504943848,-0.5913065075874329,0.915133535861969,-1.4967663610217727,3.3521885871887207,-3.308842420578003,1.8343019485473633,1.2601810693740845,1.2551864385604858,-0.048198964446783066,-1.0004738569259644,-0.009863955900073051
5.449267625808716,-0.5915705561637878,0.9039113521575928,-1.490761746054057,3.3521885871887207,-3.308842420578003,1.8361257314682007,1.2291749715805054,1.2285254001617432,-0.03976193070411682,-0.9952144026756287,0.0023157254327088594
5.499140501022339,-0.5917216539382935,0.893530011177063,-1.4825707775129269,3.3521885871887207,-3.308842420578003,1.835756778717041,1.1983364820480347,1.2017391920089722,-0.029253406450152397,-0.9896972179412842,0.013697097077965736
5.548979997634888,-0.5919627547264099,0.8848939538002014,-1.4725305754980413,3.3521885871887207,-3.308842420578003,1.8328967094421387,1.1671005487442017,1.1762819290161133,-0.017005641013383865,-0.9833683371543884,0.024446450173854828
5.59917140007019,-0.5926628112792969,0.8784170150756836,-1.4603723343647081,3.3521885871887207,-3.308842420578003,1.828352689743042,1.1372829675674438,1.1539310216903687,-0.004632170777767897,-0.9768502712249756,0.032942257821559906
5.649032354354858,-0.5940441489219666,0.8734202980995178,-1.4426889072937499,3.3521885871887207,-3.308842420578003,1.8220973014831543,1.1034566164016724,1.1304842233657837,0.008701381273567677,-0.9690646529197693,0.04157499596476555
5.699162721633911,-0.5948538780212402,0.8682051301002502,-1.4246331311875828,3.3521885871887207,-3.308842420578003,1.8157577514648438,1.0700899362564087,1.1087312698364258,0.020513933151960373,-0.961417019367218,0.04923855513334274
5.749102830886841,-0.5956558585166931,0.8644676804542542,-1.4072846616669683,3.3521885871887207,-3.308842420578003,1.8104057312011719,1.036093831062317,1.0862689018249512,0.03169088438153267,-0.9541205167770386,0.055871397256851196
5.799482107162476,-0.5962681770324707,0.861142635345459,-1.3923690555876795,3.3521885871887207,-3.308842420578003,1.8066565990447998,1.0047622919082642,1.0635645389556885,0.04140879958868027,-0.9473342895507812,0.061595089733600616
5.849328279495239,-0.5965147614479065,0.8591801524162292,-1.383450464807139,3.3521885871887207,-3.308842420578003,1.8050934076309204,0.986736536026001,1.0492274761199951,0.04659276828169823,-0.9438578486442566,0.06438640505075455
5.8992085456848145,-0.5975235104560852,0.8538516759872437,-1.3563159328558345,3.3521885871887207,-3.308842420578003,1.8021204471588135,0.9393538236618042,1.0055251121520996,0.05818721652030945,-0.9363446235656738,0.06758543103933334
5.948998689651489,-0.5984677076339722,0.8501386642456055,-1.3344172843823736,3.3521885871887207,-3.308842420578003,1.8009768724441528,0.9093514680862427,0.9743406176567078,0.06396342068910599,-0.9337756037712097,0.06580517441034317
6.000110387802124,-0.5997204184532166,0.8464677929878235,-1.310125427358955,3.3521885871887207,-3.308842420578003,1.8001595735549927,0.8798684477806091,0.9445854425430298,0.0678400844335556,-0.9342173933982849,0.06081603094935417
6.049061059951782,-0.6003421545028687,0.8427303433418274,-1.2828621435028933,3.3521885871887207,-3.308842420578003,1.799608826637268,0.8499378561973572,0.9167048335075378,0.06991098076105118,-0.9375885725021362,0.05277509242296219
6.099093437194824,-0.6025462746620178,0.8386566638946533,-1.2544724769684883,3.3521885871887207,-3.308842420578003,1.7996492385864258,0.819233775138855,0.8886988162994385,0.0710616335272789,-0.9429323077201843,0.04251481965184212
6.149017095565796,-0.6044006943702698,0.8349708914756775,-1.222019017900162,3.3521885871887207,-3.308842420578003,1.8005841970443726,0.7882035374641418,0.8591126203536987,0.071565642952919,-0.9498679041862488,0.030869225040078163
6.19917106628418,-0.6060499548912048,0.8311550617218018,-1.1849380250737545,3.3521885871887207,-3.308842420578003,1.8029264211654663,0.7578132748603821,0.8277891874313354,0.07110302895307541,-0.9582772254943848,0.018225954845547676
6.24908447265625,-0.6077656149864197,0.8271518349647522,-1.1440500424005382,3.3521885871887207,-3.308842420578003,1.8075013160705566,0.7283524870872498,0.7951732277870178,0.06908323615789413,-0.9681992530822754,0.005482919979840517
6.299251079559326,-0.6093083024024963,0.823077917098999,-1.1025762798547167,3.3521885871887207,-3.308842420578003,1.8148216009140015,0.7010875344276428,0.7636560797691345,0.06557752937078476,-0.9779809713363647,-0.006379697937518358
6.348989248275757,-0.6108983755111694,0.8187527656555176,-1.0561473501617136,3.3521885871887207,-3.308842420578003,1.825401782989502,0.6703022122383118,0.7288833260536194,0.05921129882335663,-0.9863291382789612,-0.019494595006108284
6.3991899490356445,-0.6121119260787964,0.8135828375816345,-1.0028777379393021,3.3521885871887207,-3.308842420578003,1.8366608619689941,0.640566349029541,0.6965253353118896,0.051116954535245895,-0.9934536218643188,-0.0324615053832531
6.449099779129028,-0.614042341709137,0.8096386790275574,-0.9579682380906582,3.3521885871887207,-3.308842420578003,1.8474169969558716,0.6115383505821228,0.6670467257499695,0.04198179766535759,-0.9991834163665771,-0.044727690517902374
6.499096632003784,-0.6153255105018616,0.804778516292572,-0.9010678152136636,3.3521885871887207,-3.308842420578003,1.8577253818511963,0.5796838402748108,0.6373096108436584,0.03135819360613823,-1.0028996467590332,-0.05817517638206482
6.54898476600647,-0.6167169809341431,0.8004396557807922,-0.8499276793513358,3.3521885871887207,-3.308842420578003,1.8657524585723877,0.5499083995819092,0.6108484268188477,0.02120727300643921,-1.0045031309127808,-0.07219406217336655
6.599284410476685,-0.6182655692100525,0.795403003692627,-0.7889144223872451,3.3521885871887207,-3.308842420578003,1.873375654220581,0.5145880579948425,0.5802194476127625,0.011058368720114231,-1.0059740543365479,-0.09201589226722717
6.6491875648498535,-0.6193201541900635,0.7908228635787964,-0.7369890502896,3.3521885871887207,-3.308842420578003,1.8782234191894531,0.48279035091400146,0.5528754591941833,0.005638932343572378,-1.0082377195358276,-0.11208359152078629
6.699260234832764,-0.6198288798332214,0.7873920798301697,-0.6971205389103331,3.3521885871887207,-3.308842420578003,1.8809964656829834,0.4618280827999115,0.5349268913269043,0.00410648575052619,-1.0092504024505615,-0.1262270212173462
6.7491209506988525,-0.6208105087280273,0.7808789014816284,-0.624458194379936,3.3521885871887207,-3.308842420578003,1.8850250244140625,0.4203987121582031,0.5009855628013611,0.005853158887475729,-1.0082082748413086,-0.1554863452911377
6.799240589141846,-0.6212184429168701,0.7760897874832153,-0.5702315681322166,3.3521885871887207,-3.308842420578003,1.8864402770996094,0.3890167474746704,0.47921401262283325,0.00999210961163044,-1.005799651145935,-0.17828896641731262
6.849050283432007,-0.6210278272628784,0.7709814310073853,-0.5164572641864722,3.3521885871887207,-3.308842420578003,1.886527180671692,0.3569954037666321,0.45998600125312805,0.015142237767577171,-1.0023174285888672,-0.20240418612957
6.899061441421509,-0.6206101179122925,0.7659456729888916,-0.46398565304188744,3.3521885871887207,-3.308842420578003,1.8849213123321533,0.32486867904663086,0.441382497549057,0.02150319144129753,-0.9985240697860718,-0.2275746613740921
6.949265956878662,-0.6195465922355652,0.7610350847244263,-0.4118460250404411,3.3521885871887207,-3.308842420578003,1.8812298774719238,0.29341983795166016,0.4221648871898651,0.029578618705272675,-0.993709921836853,-0.2535228729248047
6.9991278648376465,-0.6183292269706726,0.7562021613121033,-0.3605351930022411,3.3521885871887207,-3.308842420578003,1.8754082918167114,0.2625144422054291,0.40262776613235474,0.039694637060165405,-0.9875572323799133,-0.28014087677001953
7.049021244049072,-0.6167474389076233,0.7512105107307434,-0.30995078904041373,3.3521885871887207,-3.308842420578003,1.8676867485046387,0.2312728613615036,0.3829716145992279,0.05154276639223099,-0.9817562699317932,-0.3073997497558594
7.0990684032440186,-0.6143300533294678,0.7465304136276245,-0.26027513215935755,3.3521885871887207,-3.308842420578003,1.858748435974121,0.19956155121326447,0.3633422553539276,0.0646912008523941,-0.976119875907898,-0.33373740315437317
7.14898419380188,-0.6116705536842346,0.7420044541358948,-0.21179551118554132,3.3521885871887207,-3.308842420578003,1.8490426540374756,0.1667700856924057,0.3447265923023224,0.07915320247411728,-0.9689573049545288,-0.35910096764564514
7.199121713638306,-0.6082675457000732,0.7377631068229675,-0.16604108842974494,3.3521885871887207,-3.308842420578003,1.8386727571487427,0.13285115361213684,0.32666152715682983,0.09466419368982315,-0.9599741101264954,-0.38227587938308716
7.249076843261719,-0.6042148470878601,0.7337495684623718,-0.12258321733537442,3.3521885871887207,-3.308842420578003,1.8285423517227173,0.09872624278068542,0.3097423017024994,0.11124059557914734,-0.9499551653862,-0.402925044298172
7.299106597900391,-0.6001075506210327,0.7304891347885132,-0.0882902316857593,3.3521885871887207,-3.308842420578003,1.8207507133483887,0.07103284448385239,0.2963942289352417,0.12554499506950378,-0.9418475031852722,-0.4181775748729706
7.349288702011108,-0.5939531922340393,0.726388692855835,-0.04285477538023226,3.3521885871887207,-3.308842420578003,1.8112421035766602,0.03542543202638626,0.2802896499633789,0.14528656005859375,-0.9301111698150635,-0.4366144835948944
7.39926552772522,-0.5877285003662109,0.7229004502296448,-0.0010753736317561705,3.3521885871887207,-3.308842420578003,1.8030163049697876,0.003723899833858013,0.2669534981250763,0.1638486534357071,-0.9165675044059753,-0.4527982473373413
7.449174165725708,-0.5812389850616455,0.72005695104599,0.03569364028871021,3.3521885871887207,-3.308842420578003,1.7958579063415527,-0.022190706804394722,0.25511401891708374,0.18048667907714844,-0.9024550318717957,-0.4658820331096649
7.499157667160034,-0.5736082196235657,0.7172566056251526,0.07715929897196487,3.3521885871887207,-3.308842420578003,1.788856029510498,-0.0492413267493248,0.24019095301628113,0.19929537177085876,-0.8852115869522095,-0.47903314232826233
7.549049615859985,-0.5657285451889038,0.7149266004562378,0.11869753387861354,3.3521885871887207,-3.308842420578003,1.7828724384307861,-0.07462625950574875,0.2232651561498642,0.21682803332805634,-0.8675585389137268,-0.4897684156894684
7.599255800247192,-0.5579851865768433,0.7126986384391785,0.1607332133192369,3.3521885871887207,-3.308842420578003,1.7776679992675781,-0.1005670502781868,0.20513145625591278,0.23315934836864471,-0.8482208847999573,-0.49902287125587463
7.649061441421509,-0.5500216484069824,0.710961103439331,0.20412326597337418,3.3521885871887207,-3.308842420578003,1.7731696367263794,-0.12695500254631042,0.1879841536283493,0.24611100554466248,-0.8273865580558777,-0.5066742300987244
7.699214696884155,-0.5465537309646606,0.7101120352745056,0.22312178986911393,3.3521885871887207,-3.308842420578003,1.7716588973999023,-0.13869598507881165,0.1808079034090042,0.2505307197570801,-0.8175984025001526,-0.5096333622932434
7.749207019805908,-0.5353590846061707,0.7079582810401917,0.28871166589644265,3.3521885871887207,-3.308842420578003,1.7696597576141357,-0.178603857755661,0.1569557934999466,0.26309528946876526,-0.7822175621986389,-0.5177337527275085
7.799208879470825,-0.5273584127426147,0.7060009837150574,0.3379224370906806,3.3521885871887207,-3.308842420578003,1.7719273567199707,-0.20711053907871246,0.14007003605365753,0.2717391550540924,-0.7541916370391846,-0.521873950958252
7.850340843200684,-0.5213616490364075,0.704833447933197,0.3808343931356169,3.3521885871887207,-3.308842420578003,1.776951551437378,-0.23450075089931488,0.12458639591932297,0.27948522567749023,-0.7275763154029846,-0.5249285697937012
7.899279594421387,-0.5152228474617004,0.7036939263343811,0.4240257047694076,3.3521885871887207,-3.308842420578003,1.7831509113311768,-0.26046234369277954,0.11059997975826263,0.2861648499965668,-0.7030855417251587,-0.5278062224388123
7.9491260051727295,-0.5091537237167358,0.70292729139328,0.47191336937671685,3.3521885871887207,-3.308842420578003,1.7904449701309204,-0.29047882556915283,0.09551034867763519,0.2929363250732422,-0.6774777173995972,-0.5326719284057617
7.999220848083496,-0.5021509528160095,0.7014058232307434,0.5196394962480333,3.3521885871887207,-3.308842420578003,1.7971569299697876,-0.3205493092536926,0.08110107481479645,0.2986780107021332,-0.6545978784561157,-0.5392364263534546
8.049608945846558,-0.4974680542945862,0.7000714540481567,0.5646015752662097,3.3521885871887207,-3.308842420578003,1.8028572797775269,-0.35119304060935974,0.06674688309431076,0.30364128947257996,-0.6325178742408752,-0.5474310517311096
8.099094867706299,-0.49389520287513733,0.6988120675086975,0.6101000553075928,3.3521885871887207,-3.308842420578003,1.8073736429214478,-0.38045328855514526,0.05217824503779411,0.30766284465789795,-0.6106091141700745,-0.5566123723983765
8.149214744567871,-0.4908030331134796,0.6976653337478638,0.6536847052415835,3.3521885871887207,-3.308842420578003,1.8102320432662964,-0.4089319109916687,0.037225186824798584,0.31025007367134094,-0.5896797776222229,-0.5662338733673096
8.199315071105957,-0.4894784688949585,0.6969947218894958,0.6719511522061692,3.3521885871887207,-3.308842420578003,1.8108251094818115,-0.4185449182987213,0.03228434920310974,0.31063270568847656,-0.5827488899230957,-0.5696173310279846
8.24915862083435,-0.4831148087978363,0.6945807933807373,0.7505447769687554,3.3521885871887207,-3.308842420578003,1.8112108707427979,-0.4630226194858551,0.008835784159600735,0.3091822862625122,-0.5495957136154175,-0.5867257714271545
8.2991201877594,-0.4795270264148712,0.6931779384613037,0.8005056644461778,3.3521885871887207,-3.308842420578003,1.8110358715057373,-0.4895534813404083,-0.006057931575924158,0.30607908964157104,-0.5264705419540405,-0.5988564491271973
8.34902048110962,-0.4752960801124573,0.6912683248519897,0.8517554359109047,3.3521885871887207,-3.308842420578003,1.8106794357299805,-0.5140950679779053,-0.02053094655275345,0.3019259572029114,-0.5044880509376526,-0.6109405159950256
8.39937686920166,-0.47130119800567627,0.689973771572113,0.9017031364362538,3.3521885871887207,-3.308842420578003,1.8096263408660889,-0.5396014451980591,-0.03528391197323799,0.2967914342880249,-0.48336291313171387,-0.6241629719734192
8.449265003204346,-0.4677409529685974,0.6891759037971497,0.9444107906071835,3.3521885871887207,-3.308842420578003,1.8079110383987427,-0.5635335445404053,-0.0485348179936409,0.2911511957645416,-0.46537643671035767,-0.636894702911377
8.499131679534912,-0.4643520414829254,0.6877760887145996,0.9903493646731243,3.3521885871887207,-3.308842420578003,1.8040045499801636,-0.5931249260902405,-0.0644572451710701,0.2839983403682709,-0.4459032416343689,-0.6534912586212158
8.549280643463135,-0.46092915534973145,0.6876079440116882,1.0310287075605482,3.3521885871887207,-3.308842420578003,1.7978177070617676,-0.6229037642478943,-0.08112417161464691,0.276620477437973,-0.4290989339351654,-0.6708149313926697
8.599025011062622,-0.457710325717926,0.6882233619689941,1.065255891582266,3.3521885871887207,-3.308842420578003,1.7905527353286743,-0.6481361389160156,-0.09561765193939209,0.27059417963027954,-0.4146789312362671,-0.6857633590698242
8.649061679840088,-0.4541969895362854,0.6886376738548279,1.1065352319772743,3.3521885871887207,-3.308842420578003,1.7792611122131348,-0.6800609230995178,-0.11435388028621674,0.2630924582481384,-0.39763233065605164,-0.7058214545249939
8.699191808700562,-0.4509657025337219,0.6897026300430298,1.1425147887573637,3.3521885871887207,-3.308842420578003,1.7681999206542969,-0.7077860236167908,-0.1300932615995407,0.25671547651290894,-0.38253673911094666,-0.722567617893219
8.749008417129517,-0.4473287761211395,0.6908578872680664,1.180662742024644,3.3521885871887207,-3.308842420578003,1.7551016807556152,-0.7395883798599243,-0.14693939685821533,0.24984821677207947,-0.36442655324935913,-0.7389690279960632
8.799826622009277,-0.4445737302303314,0.6906160116195679,1.2143148870095901,3.3521885871887207,-3.308842420578003,1.7432435750961304,-0.7690777778625488,-0.1615990251302719,0.24404124915599823,-0.3462308347225189,-0.7507441639900208
8.849034070968628,-0.441145122051239,0.6912397146224976,1.251942543476846,3.3521885871887207,-3.308842420578003,1.7304680347442627,-0.8032044172286987,-0.17732293903827667,0.237335205078125,-0.3240315318107605,-0.760577380657196
8.899193286895752,-0.43781229853630066,0.6929032802581787,1.28492592973262,3.3521885871887207,-3.308842420578003,1.7200684547424316,-0.8356574773788452,-0.19143269956111908,0.23106548190116882,-0.30428898334503174,-0.7671623229980469
8.94900631904602,-0.43412327766418457,0.6953402161598206,1.319406328949706,3.3521885871887207,-3.308842420578003,1.710707426071167,-0.8673554062843323,-0.20567813515663147,0.2253197431564331,-0.2853221297264099,-0.7717359662055969
8.999425888061523,-0.43078354001045227,0.6981068253517151,1.3512279125030768,3.3521885871887207,-3.308842420578003,1.7018977403640747,-0.8989227414131165,-0.2215028703212738,0.2206861525774002,-0.26438918709754944,-0.7742647528648376
9.049223184585571,-0.4278315305709839,0.7024820446968079,1.3852030882100028,3.3521885871887207,-3.308842420578003,1.6937434673309326,-0.929297924041748,-0.2394639253616333,0.21740354597568512,-0.2410706728696823,-0.7747458815574646
9.099259376525879,-0.42438045144081116,0.7060967683792114,1.4190271392615719,3.3521885871887207,-3.308842420578003,1.6864734888076782,-0.958492636680603,-0.2600020468235016,0.21520677208900452,-0.21674643456935883,-0.7729233503341675
9.149240970611572,-0.4222089350223541,0.7092915773391724,1.4426819597739158,3.3521885871887207,-3.308842420578003,1.6817094087600708,-0.9781458377838135,-0.2748745381832123,0.2142697423696518,-0.20078566670417786,-0.7703282833099365
9.199295282363892,-0.4175023138523102,0.7167060375213623,1.4919175430938532,3.3521885871887207,-3.308842420578003,1.6722203493118286,-1.018975853919983,-0.3074096739292145,0.21373099088668823,-0.16896207630634308,-0.7615516185760498
9.249303102493286,-0.41409626603126526,0.7227035760879517,1.5250895071056807,3.3521885871887207,-3.308842420578003,1.666433334350586,-1.0471192598342896,-0.33047622442245483,0.21427778899669647,-0.1468927264213562,-0.7523667216300964
9.299240350723267,-0.41068676114082336,0.7310856580734253,1.5654490439026876,3.3521885871887207,-3.308842420578003,1.6602632999420166,-1.0827419757843018,-0.36045438051223755,0.21663205325603485,-0.11683928966522217,-0.7373808026313782
9.349100351333618,-0.40731364488601685,0.7392866611480713,1.5983886569870094,3.3521885871887207,-3.308842420578003,1.6569551229476929,-1.1149085760116577,-0.38897430896759033,0.22034765779972076,-0.09001874923706055,-0.7228808999061584
9.399660587310791,-0.40591052174568176,0.7466233968734741,1.620948931981973,3.3521885871887207,-3.308842420578003,1.6562674045562744,-1.1385525465011597,-0.41030353307724,0.22427837550640106,-0.0717744380235672,-0.7128996253013611
9.449228286743164,-0.40344879031181335,0.7591736316680908,1.6590829687120958,3.3521885871887207,-3.308842420578003,1.658789038658142,-1.181809663772583,-0.45014363527297974,0.23304276168346405,-0.04070616886019707,-0.6982619166374207
9.49914264678955,-0.4021032452583313,0.7684218883514404,1.6849443732334775,3.3521885871887207,-3.308842420578003,1.6627264022827148,-1.2149574756622314,-0.4813252091407776,0.23989209532737732,-0.019069474190473557,-0.6909523010253906
9.549152374267578,-0.40125033259391785,0.7788954973220825,1.7107114082713673,3.3521885871887207,-3.308842420578003,1.6670717000961304,-1.2508020401000977,-0.5143547058105469,0.24589313566684723,0.004494720138609409,-0.6852505207061768
9.59936809539795,-0.40084171295166016,0.7901110649108887,1.733691213546552,3.3521885871887207,-3.308842420578003,1.6710938215255737,-1.2884209156036377,-0.5451125502586365,0.2485053837299347,0.030498988926410675,-0.6801279187202454
9.649208068847656,-0.4007888436317444,0.8008940815925598,1.7518885125765336,3.3521885871887207,-3.308842420578003,1.6717524528503418,-1.3227674961090088,-0.572586178779602,0.24709516763687134,0.0534200519323349,-0.6754666566848755
9.699185848236084,-0.4010561406612396,0.8119264245033264,1.7662838176151017,3.3521885871887207,-3.308842420578003,1.669886827468872,-1.3567527532577515,-0.6003172397613525,0.24034589529037476,0.07505855709314346,-0.670716404914856
9.749085187911987,-0.4017036259174347,0.8232481479644775,1.7781109047688393,3.3521885871887207,-3.308842420578003,1.6663652658462524,-1.3899883031845093,-0.6301392912864685,0.22914822399616241,0.09741244465112686,-0.6654602885246277
9.79949140548706,-0.4027189612388611,0.8345983028411865,1.7874316666173673,3.3521885871887207,-3.308842420578003,1.6619503498077393,-1.421966314315796,-0.6600583791732788,0.21461743116378784,0.1203635036945343,-0.659983217716217
9.849173545837402,-0.4029390513896942,0.838533878326416,1.7895135095456682,3.3521885871887207,-3.308842420578003,1.6603176593780518,-1.4324086904525757,-0.6693831086158752,0.20907092094421387,0.1280822604894638,-0.658241868019104
9.89967131614685,-0.4055352509021759,0.8580684661865234,1.7971234645251706,3.3521885871887207,-3.308842420578003,1.6502430438995361,-1.4857300519943237,-0.7098338603973389,0.17622290551662445,0.16561754047870636,-0.651695728302002
9.94899320602417,-0.40727293491363525,0.869861900806427,1.7992760824467193,3.3521885871887207,-3.308842420578003,1.6430233716964722,-1.5187046527862549,-0.7305840849876404,0.15371407568454742,0.18843412399291992,-0.650226354598999
9.999250888824463,-0.4097140431404114,0.8819400072097778,1.7971289116825555,3.3521885871887207,-3.308842420578003,1.6346123218536377,-1.5518395900726318,-0.7506248950958252,0.12980563938617706,0.2122921198606491,-0.6511070132255554
10.049082279205322,-0.4127723276615143,0.8937216401100159,1.7919290087759987,3.3521885871887207,-3.308842420578003,1.6246511936187744,-1.5850340127944946,-0.7696921825408936,0.10467837005853653,0.23702237010002136,-0.6540268063545227
10.099180936813354,-0.41619056463241577,0.9052897095680237,1.7806783124552845,3.3521885871887207,-3.308842420578003,1.6119554042816162,-1.6189037561416626,-0.7851203083992004,0.07830087840557098,0.26124709844589233,-0.6589459776878357
10.149042844772339,-0.4199548065662384,0.9170095920562744,1.7661628481174387,3.3521885871887207,-3.308842420578003,1.5964123010635376,-1.6536229848861694,-0.7951483726501465,0.05251816287636757,0.28617018461227417,-0.6647413372993469
10.199306011199951,-0.42390432953834534,0.9292380213737488,1.7464988792043894,3.3521885871887207,-3.308842420578003,1.579123854637146,-1.6893794536590576,-0.8046154379844666,0.028350353240966797,0.3128635585308075,-0.6709383130073547
10.249128103256226,-0.4278471767902374,0.9414835572242737,1.7239336470302227,3.3521885871887207,-3.308842420578003,1.5612281560897827,-1.727237343788147,-0.8163098096847534,0.004712521098554134,0.34085822105407715,-0.6767088770866394
10.299840450286865,-0.4321713447570801,0.9541411995887756,1.696434996931965,3.3521885871887207,-3.308842420578003,1.542318344116211,-1.7663809061050415,-0.8289321660995483,-0.01841486245393753,0.36767399311065674,-0.6806719303131104
10.349278211593628,-0.43609586358070374,0.9665853977203369,1.6683185777902279,3.3521885871887207,-3.308842420578003,1.525755763053894,-1.8029255867004395,-0.8423271775245667,-0.0402757003903389,0.39304718375205994,-0.6815932989120483
10.399269342422485,-0.4402628540992737,0.9810605645179749,1.6368860650643915,3.3521885871887207,-3.308842420578003,1.5099064111709595,-1.84328031539917,-0.8604400753974915,-0.06374161690473557,0.42278173565864563,-0.6798074245452881
10.44918155670166,-0.44371771812438965,0.995652973651886,1.607930360280717,3.3521885871887207,-3.308842420578003,1.4976381063461304,-1.8802409172058105,-0.879997193813324,-0.08184152841567993,0.45082351565361023,-0.6763657927513123
10.499497652053833,-0.44656550884246826,1.0102845430374146,1.580933192594668,3.3521885871887207,-3.308842420578003,1.4889699220657349,-1.9132766723632812,-0.8983462452888489,-0.09340306371450424,0.4757445156574249,-0.6720518469810486
10.549044370651245,-0.44903793931007385,1.0257009267807007,1.5530437433414088,3.3521885871887207,-3.308842420578003,1.4823695421218872,-1.9462890625,-0.9163730144500732,-0.10237464308738708,0.5018579363822937,-0.6650117635726929
10.599172592163086,-0.4507138729095459,1.0413132905960083,1.5265510358938905,3.3521885871887207,-3.308842420578003,1.478705883026123,-1.9783117771148682,-0.9334007501602173,-0.11086466163396835,0.5289939641952515,-0.6554083228111267
10.649019002914429,-0.4518730044364929,1.0561500787734985,1.501697058000523,3.3521885871887207,-3.308842420578003,1.4778449535369873,-2.0094120502471924,-0.9500052332878113,-0.12187220901250839,0.5566949248313904,-0.6438277959823608
10.699187517166138,-0.45295658707618713,1.073158860206604,1.4743459559421275,3.3521885871887207,-3.308842420578003,1.4807325601577759,-2.0408315658569336,-0.9665426015853882,-0.13755261898040771,0.586229681968689,-0.6294979453086853
10.749091863632202,-0.4537242650985718,1.0869489908218384,1.450370471742497,3.3521885871887207,-3.308842420578003,1.4863195419311523,-2.0660552978515625,-0.9792510867118835,-0.1539943516254425,0.6115242838859558,-0.6155553460121155
10.799253225326538,-0.45421791076660156,1.1035637855529785,1.420949530870289,3.3521885871887207,-3.308842420578003,1.497687816619873,-2.0945229530334473,-0.9925029277801514,-0.1770070344209671,0.642508864402771,-0.5964044332504272
10.849088430404663,-0.45410385727882385,1.1180007457733154,1.3954024682151047,3.3521885871887207,-3.308842420578003,1.5124235153198242,-2.1205203533172607,-1.003798484802246,-0.2026095986366272,0.6730363965034485,-0.5758726000785828
10.899211168289185,-0.45375046133995056,1.130593180656433,1.37181814233132,3.3521885871887207,-3.308842420578003,1.5272685289382935,-2.142996311187744,-1.0133652687072754,-0.22765885293483734,0.7004944682121277,-0.5566835999488831
10.949528932571411,-0.4530608355998993,1.1451271772384644,1.343471953991323,3.3521885871887207,-3.308842420578003,1.5458012819290161,-2.1701972484588623,-1.0251047611236572,-0.2605338394641876,0.7339998483657837,-0.5341455936431885
10.999222040176392,-0.45189177989959717,1.1578233242034912,1.3169138007758523,3.3521885871887207,-3.308842420578003,1.5610268115997314,-2.196082830429077,-1.0365773439407349,-0.2912560701370239,0.7638734579086304,-0.5165964365005493
11.049055337905884,-0.4510146379470825,1.168760895729065,1.290304688237072,3.3521885871887207,-3.308842420578003,1.5738954544067383,-2.2208759784698486,-1.046399712562561,-0.31995147466659546,0.7927456498146057,-0.5020350813865662
11.099382638931274,-0.4503486454486847,1.1785001754760742,1.2613479021974414,3.3521885871887207,-3.308842420578003,1.5849117040634155,-2.246781587600708,-1.0564179420471191,-0.3487250506877899,0.8246520161628723,-0.4877958595752716
11.149165868759155,-0.45025113224983215,1.186835765838623,1.231074202518696,3.3521885871887207,-3.308842420578003,1.5955084562301636,-2.2741811275482178,-1.065896987915039,-0.3785245716571808,0.8579865097999573,-0.4736916422843933
11.19913363456726,-0.4501262605190277,1.1945160627365112,1.2012467156798639,3.3521885871887207,-3.308842420578003,1.6068077087402344,-2.3017494678497314,-1.0713165998458862,-0.4102647304534912,0.8891714811325073,-0.4614141583442688
11.249027967453003,-0.4496036171913147,1.2017351388931274,1.171757794302171,3.3521885871887207,-3.308842420578003,1.6194113492965698,-2.3298916816711426,-1.0697565078735352,-0.44212260842323303,0.9193261861801147,-0.44969436526298523
11.299400091171265,-0.44926878809928894,1.2073895931243896,1.1455259903053645,3.3521885871887207,-3.308842420578003,1.6336116790771484,-2.3591079711914062,-1.0609321594238281,-0.47223326563835144,0.9513535499572754,-0.43715935945510864
11.348976612091064,-0.448677122592926,1.214277982711792,1.113924538276358,3.3521885871887207,-3.308842420578003,1.650024175643921,-2.389460325241089,-1.0475891828536987,-0.5000041127204895,0.9851100444793701,-0.4236106276512146
11.399333715438843,-0.44843122363090515,1.2191493511199951,1.0864891410025286,3.3521885871887207,-3.308842420578003,1.6649739742279053,-2.413303852081299,-1.0353436470031738,-0.5201268196105957,1.0119926929473877,-0.41309261322021484
11.449141502380371,-0.44822263717651367,1.2258821725845337,1.0439884972364941,3.3521885871887207,-3.308842420578003,1.6910945177078247,-2.450434923171997,-1.0127582550048828,-0.5499568581581116,1.0550569295883179,-0.3977518081665039
11.499247789382935,-0.44804245233535767,1.2311497926712036,1.0073174267807565,3.3521885871887207,-3.308842420578003,1.7143073081970215,-2.479705333709717,-0.9908862113952637,-0.5726830959320068,1.0920718908309937,-0.3870520293712616
11.549784421920776,-0.44824478030204773,1.2360590696334839,0.968173120793449,3.3521885871887207,-3.308842420578003,1.7381263971328735,-2.5084898471832275,-0.9656887054443359,-0.5935052037239075,1.130461573600769,-0.3783210515975952
11.59929895401001,-0.4487951695919037,1.2405734062194824,0.9257743131266178,3.3521885871887207,-3.308842420578003,1.7620033025741577,-2.536123275756836,-0.9373777508735657,-0.6124637722969055,1.1676675081253052,-0.3702775835990906
11.649038791656494,-0.4494718611240387,1.2450822591781616,0.8807275637968788,3.3521885871887207,-3.308842420578003,1.786440134048462,-2.562624931335449,-0.9060195684432983,-0.628800630569458,1.205075740814209,-0.35923507809638977
11.699273347854614,-0.4500468671321869,1.2489545345306396,0.8360991404588713,3.3521885871887207,-3.308842420578003,1.8115898370742798,-2.587293863296509,-0.8722104430198669,-0.642686128616333,1.2444566488265991,-0.34548863768577576
11.749006509780884,-0.45139437913894653,1.253272294998169,0.7819711487330578,3.3521885871887207,-3.308842420578003,1.8377398252487183,-2.610245943069458,-0.8370580077171326,-0.655062198638916,1.2808011770248413,-0.33212754130363464
11.799176454544067,-0.452403724193573,1.2575030326843262,0.7293288173939023,3.3521885871887207,-3.308842420578003,1.865118384361267,-2.6311707496643066,-0.7992546558380127,-0.6662143468856812,1.315080165863037,-0.31749391555786133
11.84903860092163,-0.45349931716918945,1.2615346908569336,0.6757016500467788,3.3521885871887207,-3.308842420578003,1.8937321901321411,-2.649852991104126,-0.7597449421882629,-0.67681884765625,1.3483798503875732,-0.3002625107765198
11.89917540550232,-0.45438283681869507,1.265512228012085,0.6214192967002543,3.3521885871887207,-3.308842420578003,1.922620415687561,-2.666142463684082,-0.7212934494018555,-0.6879209876060486,1.3792964220046997,-0.2822457551956177
11.9491868019104,-0.45509475469589233,1.2694514989852905,0.5662976978856362,3.3521885871887207,-3.308842420578003,1.950522541999817,-2.6796092987060547,-0.6838199496269226,-0.7000823020935059,1.407906413078308,-0.2644757628440857
11.999045133590698,-0.4562302827835083,1.2729699611663818,0.5134533015215662,3.3521885871887207,-3.308842420578003,1.977042317390442,-2.691051483154297,-0.6462067365646362,-0.7139446139335632,1.434958815574646,-0.24653051793575287
12.049211978912354,-0.45620352029800415,1.2771952152252197,0.4607119946771612,3.3521885871887207,-3.308842420578003,2.0010433197021484,-2.699932813644409,-0.6111755967140198,-0.7278460264205933,1.4604616165161133,-0.2282719910144806
12.099740266799927,-0.4570307731628418,1.281569242477417,0.4012568078910024,3.3521885871887207,-3.308842420578003,2.027980089187622,-2.7072601318359375,-0.5733771920204163,-0.7425781488418579,1.488362193107605,-0.20628254115581512
12.149054288864136,-0.4569094479084015,1.2860801219940186,0.34661637277851653,3.3521885871887207,-3.308842420578003,2.054112195968628,-2.711045980453491,-0.5390397906303406,-0.7550371289253235,1.5140458345413208,-0.18360495567321777
12.199164152145386,-0.4565987288951874,1.2899950742721558,0.29545182542901255,3.3521885871887207,-3.308842420578003,2.080888271331787,-2.711193084716797,-0.5053059458732605,-0.766451895236969,1.5391347408294678,-0.15880723297595978
12.249183893203735,-0.4560326635837555,1.294642686843872,0.23951361819542932,3.3521885871887207,-3.308842420578003,2.1074788570404053,-2.707768201828003,-0.47185614705085754,-0.7777023315429688,1.5642167329788208,-0.13173367083072662
12.299055337905884,-0.4550971984863281,1.2988141775131226,0.18652186706419727,3.3521885871887207,-3.308842420578003,2.133366346359253,-2.700669050216675,-0.438970685005188,-0.789048433303833,1.5898691415786743,-0.10200220346450806
12.349176406860352,-0.4540253281593323,1.3027703762054443,0.13750681449623806,3.3521885871887207,-3.308842420578003,2.158322334289551,-2.690972328186035,-0.406562864780426,-0.8012468814849854,1.6143853664398193,-0.07346934080123901
12.39961576461792,-0.4528612494468689,1.3064720630645752,0.08807880042673981,3.3521885871887207,-3.308842420578003,2.181044816970825,-2.6813430786132812,-0.37717562913894653,-0.8138694167137146,1.6347051858901978,-0.0530109778046608
12.449106693267822,-0.45124152302742004,1.3105567693710327,0.0329712836759165,3.3521885871887207,-3.308842420578003,2.202916383743286,-2.672027587890625,-0.3464910089969635,-0.8289839625358582,1.6571168899536133,-0.035588644444942474
12.499031066894531,-0.4494997560977936,1.3145722150802612,-0.021639100491577353,3.3521885871887207,-3.308842420578003,2.2234554290771484,-2.6632163524627686,-0.3159293234348297,-0.8462804555892944,1.6841012239456177,-0.018489817157387733
12.549170017242432,-0.4475061893463135,1.3181346654891968,-0.07319776048792767,3.3521885871887207,-3.308842420578003,2.241766929626465,-2.6546263694763184,-0.28898850083351135,-0.8635256886482239,1.7104216814041138,-0.0031607963610440493
12.59906554222107,-0.4454212486743927,1.3214682340621948,-0.12190201066607602,3.3521885871887207,-3.308842420578003,2.25852370262146,-2.6455767154693604,-0.265214741230011,-0.8802730441093445,1.7328212261199951,0.00994088314473629
12.649151802062988,-0.44280606508255005,1.3249454498291016,-0.17634378710476648,3.3521885871887207,-3.308842420578003,2.275876522064209,-2.6351113319396973,-0.23935775458812714,-0.8995651006698608,1.7553220987319946,0.02362857013940811
12.699143409729004,-0.44045591354370117,1.3282755613327026,-0.2285324678219841,3.3521885871887207,-3.308842420578003,2.2905256748199463,-2.6247873306274414,-0.21516528725624084,-0.9175164699554443,1.7761924266815186,0.03616921231150627
12.749178171157837,-0.4375244081020355,1.331368327140808,-0.2804607423535788,3.3521885871887207,-3.308842420578003,2.3041486740112305,-2.614593267440796,-0.19047270715236664,-0.933558464050293,1.7973545789718628,0.04735524579882622
12.799055337905884,-0.43470361828804016,1.3340288400650024,-0.32725228721506333,3.3521885871887207,-3.308842420578003,2.3166916370391846,-2.6044421195983887,-0.1664935201406479,-0.9462354779243469,1.8179337978363037,0.05619344487786293
12.849233150482178,-0.4305981397628784,1.3371049165725708,-0.3868335327483501,3.3521885871887207,-3.308842420578003,2.33052921295166,-2.5931196212768555,-0.13870535790920258,-0.9570935368537903,1.8427698612213135,0.0631871223449707
12.899430990219116,-0.4271905720233917,1.3395285606384277,-0.43138749717323827,3.3521885871887207,-3.308842420578003,2.3413658142089844,-2.584367513656616,-0.117521271109581,-0.962384045124054,1.8632510900497437,0.06644982844591141
12.949030637741089,-0.4217464029788971,1.342098355293274,-0.4930537202139768,3.3521885871887207,-3.308842420578003,2.356740951538086,-2.572413682937622,-0.09076884388923645,-0.9661024808883667,1.8902729749679565,0.07001642882823944
12.999074220657349,-0.4169250726699829,1.3437291383743286,-0.5417474370544462,3.3521885871887207,-3.308842420578003,2.36919903755188,-2.562487840652466,-0.07065597921609879,-0.9662900567054749,1.9116458892822266,0.07189442217350006
13.049305200576782,-0.41094791889190674,1.3445929288864136,-0.5949814365512965,3.3521885871887207,-3.308842420578003,2.3834638595581055,-2.5505900382995605,-0.04877430200576782,-0.9641991257667542,1.9356367588043213,0.07200542837381363
13.099108457565308,-0.40544459223747253,1.3447422981262207,-0.6414214024299876,3.3521885871887207,-3.308842420578003,2.39629864692688,-2.539480209350586,-0.029005330055952072,-0.9602735042572021,1.9563875198364258,0.07341933995485306
13.149033069610596,-0.39901432394981384,1.3441771268844604,-0.6919717099349464,3.3521885871887207,-3.308842420578003,2.410679817199707,-2.527217149734497,-0.008033190853893757,-0.9536364674568176,1.9774807691574097,0.07782576233148575
13.199297666549683,-0.39256951212882996,1.343041181564331,-0.738026288880799,3.3521885871887207,-3.308842420578003,2.4237756729125977,-2.51550555229187,0.010499181225895882,-0.944551408290863,1.995173454284668,0.08404511213302612
13.249202966690063,-0.3860306739807129,1.3410115242004395,-0.7791992278743142,3.3521885871887207,-3.308842420578003,2.4367501735687256,-2.503480911254883,0.027324333786964417,-0.9323862791061401,2.0100648403167725,0.09173114597797394
13.299058437347412,-0.3793168067932129,1.3382126092910767,-0.822056156717424,3.3521885871887207,-3.308842420578003,2.4489948749542236,-2.490645408630371,0.04297682270407677,-0.916421115398407,2.021937847137451,0.09834268689155579
13.349219560623169,-0.3731326162815094,1.3347139358520508,-0.8555498967490134,3.3521885871887207,-3.308842420578003,2.4595022201538086,-2.4778318405151367,0.057453881949186325,-0.9000757932662964,2.031073808670044,0.1032310500741005
13.399592638015747,-0.36740994453430176,1.330586552619934,-0.8842489098021604,3.3521885871887207,-3.308842420578003,2.467357635498047,-2.4654369354248047,0.07101432234048843,-0.8845601677894592,2.0385706424713135,0.10846773535013199
13.449193239212036,-0.36025145649909973,1.3248977661132812,-0.9168602978023085,3.3521885871887207,-3.308842420578003,2.4741132259368896,-2.4496724605560303,0.09013868123292923,-0.8649430871009827,2.047340154647827,0.1168174222111702
13.499316453933716,-0.3536714017391205,1.319058895111084,-0.9463739165773637,3.3521885871887207,-3.308842420578003,2.476606845855713,-2.43597674369812,0.10840421169996262,-0.8499689698219299,2.053586006164551,0.12503676116466522
13.549134016036987,-0.3473489284515381,1.3133126497268677,-0.9737034781087387,3.3521885871887207,-3.308842420578003,2.476982593536377,-2.4230124950408936,0.12827588617801666,-0.837212324142456,2.0581092834472656,0.13397598266601562
13.599117040634155,-0.3414355516433716,1.3078076839447021,-0.9994489851559327,3.3521885871887207,-3.308842420578003,2.474586009979248,-2.410308837890625,0.15011805295944214,-0.8262575268745422,2.0599923133850098,0.14386628568172455
13.649034023284912,-0.3347403109073639,1.300917625427246,-1.0269391623604927,3.3521885871887207,-3.308842420578003,2.469666004180908,-2.39858078956604,0.17230944335460663,-0.8171994686126709,2.0584981441497803,0.1542884111404419
13.69916319847107,-0.3283799886703491,1.2940808534622192,-1.0515872896996814,3.3521885871887207,-3.308842420578003,2.4618148803710938,-2.3873581886291504,0.19394822418689728,-0.8104598522186279,2.054175615310669,0.1648423820734024
13.74919843673706,-0.32179367542266846,1.286583662033081,-1.0754456287622192,3.3521885871887207,-3.308842420578003,2.4504592418670654,-2.376534938812256,0.2148437350988388,-0.8065268993377686,2.0491931438446045,0.17371436953544617
13.799186944961548,-0.31559523940086365,1.2788900136947632,-1.0976857981607206,3.3521885871887207,-3.308842420578003,2.4370734691619873,-2.3672068119049072,0.23478227853775024,-0.8047312498092651,2.0447309017181396,0.18133950233459473
13.849040031433105,-0.3088509440422058,1.2699615955352783,-1.1236276637232572,3.3521885871887207,-3.308842420578003,2.420203447341919,-2.3590400218963623,0.2585643529891968,-0.8043131232261658,2.0401346683502197,0.18954625725746155
13.899416208267212,-0.3024570345878601,1.260896921157837,-1.1481039703866127,3.3521885871887207,-3.308842420578003,2.402686357498169,-2.353339195251465,0.2828921973705292,-0.8048733472824097,2.0359601974487305,0.1979297250509262
13.949215412139893,-0.29569685459136963,1.2506966590881348,-1.1706970082285852,3.3521885871887207,-3.308842420578003,2.3844354152679443,-2.349370002746582,0.3082852363586426,-0.8068236112594604,2.032459020614624,0.2066825032234192
13.999871492385864,-0.28922656178474426,1.2399550676345825,-1.192631898967356,3.3521885871887207,-3.308842420578003,2.36765718460083,-2.3464906215667725,0.3341958820819855,-0.8109965920448303,2.030007839202881,0.21469736099243164
14.049113988876343,-0.2829050123691559,1.2285693883895874,-1.2133976327423313,3.3521885871887207,-3.308842420578003,2.353545665740967,-2.3432857990264893,0.36037924885749817,-0.8178210258483887,2.0284359455108643,0.22206759452819824
14.099057674407959,-0.2767646014690399,1.2168010473251343,-1.2326248631049972,3.3521885871887207,-3.308842420578003,2.342947006225586,-2.338621139526367,0.387551486492157,-0.8266899585723877,2.0273330211639404,0.22996185719966888
14.149024963378906,-0.2712464928627014,1.2053165435791016,-1.2498263522903543,3.3521885871887207,-3.308842420578003,2.3363938331604004,-2.3329415321350098,0.4145284593105316,-0.8363280892372131,2.026481866836548,0.23833595216274261
14.199350357055664,-0.2655016779899597,1.1926264762878418,-1.2669063042897162,3.3521885871887207,-3.308842420578003,2.3328192234039307,-2.3254342079162598,0.44506505131721497,-0.8486893773078918,2.0256171226501465,0.2482578009366989
14.249165296554565,-0.25995153188705444,1.1795217990875244,-1.2831411584464834,3.3521885871887207,-3.308842420578003,2.333616256713867,-2.3162999153137207,0.47391560673713684,-0.8606297969818115,2.025705337524414,0.2571502923965454
14.299211263656616,-0.25437983870506287,1.165423035621643,-1.2985732375367682,3.3521885871887207,-3.308842420578003,2.3396644592285156,-2.3062233924865723,0.5028156042098999,-0.8717777132987976,2.0271832942962646,0.26536765694618225
14.349043369293213,-0.24953918159008026,1.1527175903320312,-1.311439103721451,3.3521885871887207,-3.308842420578003,2.350486993789673,-2.2961344718933105,0.5312068462371826,-0.8816108107566833,2.0301718711853027,0.272681325674057
14.399013042449951,-0.2449198067188263,1.1390807628631592,-1.326471795492433,3.3521885871887207,-3.308842420578003,2.3655786514282227,-2.285980224609375,0.5583508610725403,-0.8909744620323181,2.034680128097534,0.27958619594573975
14.449065208435059,-0.2401895523071289,1.1243972778320312,-1.3413113145069486,3.3521885871887207,-3.308842420578003,2.3844587802886963,-2.2761776447296143,0.5848497748374939,-0.8994640111923218,2.0407142639160156,0.28555136919021606
14.499131917953491,-0.2360454499721527,1.1101045608520508,-1.3545716813397217,3.3521885871887207,-3.308842420578003,2.406660318374634,-2.266738176345825,0.6095907092094421,-0.9075764417648315,2.0488569736480713,0.290737122297287
14.549185037612915,-0.2317625880241394,1.0958622694015503,-1.367923051582529,3.3521885871887207,-3.308842420578003,2.4313461780548096,-2.2577199935913086,0.6323413252830505,-0.9148579239845276,2.0591275691986084,0.29494404792785645
14.599128246307373,-0.22793066501617432,1.0815931558609009,-1.3803768625398805,3.3521885871887207,-3.308842420578003,2.457085132598877,-2.248669385910034,0.6519675254821777,-0.9208729267120361,2.0722060203552246,0.2985146939754486
14.64936351776123,-0.2244197130203247,1.0670154094696045,-1.391817462960519,3.3521885871887207,-3.308842420578003,2.482008457183838,-2.2392070293426514,0.6686797738075256,-0.924231231212616,2.0879368782043457,0.30107375979423523
14.699108839035034,-0.2210208773612976,1.052164912223816,-1.4021966826673893,3.3521885871887207,-3.308842420578003,2.5063672065734863,-2.229344367980957,0.6823180913925171,-0.9237299561500549,2.1057636737823486,0.30313968658447266
14.749282598495483,-0.21839722990989685,1.0389220714569092,-1.4105976667222084,3.3521885871887207,-3.308842420578003,2.530616283416748,-2.2197349071502686,0.6919654011726379,-0.9187049865722656,2.124746322631836,0.3054799735546112
14.799136400222778,-0.2152833640575409,1.0220412015914917,-1.4200460514905036,3.3521885871887207,-3.308842420578003,2.556467294692993,-2.2110064029693604,0.6978971362113953,-0.908409059047699,2.1446685791015625,0.30766022205352783
14.849318742752075,-0.21285484731197357,1.0075279474258423,-1.4270951090833086,3.3521885871887207,-3.308842420578003,2.582563638687134,-2.2019753456115723,0.7014910578727722,-0.8937714695930481,2.1635818481445312,0.31008675694465637
14.899208784103394,-0.21041642129421234,0.9911145567893982,-1.4334800148510447,3.3521885871887207,-3.308842420578003,2.6118617057800293,-2.19050669670105,0.7037103176116943,-0.8730633854866028,2.1842803955078125,0.3129572570323944
14.949331760406494,-0.20822861790657043,0.9754502177238464,-1.4385866094404705,3.3521885871887207,-3.308842420578003,2.639094352722168,-2.1776411533355713,0.7045313119888306,-0.8496060967445374,2.2028870582580566,0.3156206011772156
14.999126672744751,-0.20621395111083984,0.9595824480056763,-1.442997564505768,3.3521885871887207,-3.308842420578003,2.6650500297546387,-2.1626012325286865,0.703385591506958,-0.8227593898773193,2.2201383113861084,0.31837570667266846
15.049415349960327,-0.20445920526981354,0.9454382658004761,-1.44639198385558,3.3521885871887207,-3.308842420578003,2.686251163482666,-2.148064374923706,0.7006257772445679,-0.7974619269371033,2.234182596206665,0.32063254714012146
15.099196195602417,-0.20245006680488586,0.9276325106620789,-1.450281403886752,3.3521885871887207,-3.308842420578003,2.7107818126678467,-2.1284892559051514,0.6945582628250122,-0.764462411403656,2.2500550746917725,0.3232060670852661
15.14975357055664,-0.20096831023693085,0.9126936793327332,-1.453230724605473,3.3521885871887207,-3.308842420578003,2.731326103210449,-2.1101953983306885,0.6885926723480225,-0.7356404066085815,2.2619407176971436,0.32525038719177246
15.199301719665527,-0.1992502361536026,0.8967098593711853,-1.4566847642553122,3.3521885871887207,-3.308842420578003,2.754002809524536,-2.0891544818878174,0.6827109456062317,-0.705053985118866,2.273000717163086,0.32698073983192444
15.249306917190552,-0.19761809706687927,0.8799396753311157,-1.4604329906245175,3.3521885871887207,-3.308842420578003,2.7785696983337402,-2.065502882003784,0.6770709156990051,-0.6734861135482788,2.2832107543945312,0.3279384970664978
15.29910135269165,-0.19589833915233612,0.8641751408576965,-1.4644660558240226,3.3521885871887207,-3.308842420578003,2.801387310028076,-2.0416314601898193,0.6719026565551758,-0.64480060338974,2.2916030883789062,0.32827040553092957
15.349307775497437,-0.19436120986938477,0.8482100963592529,-1.468165449590799,3.3521885871887207,-3.308842420578003,2.8229098320007324,-2.0152223110198975,0.667285680770874,-0.6178449988365173,2.2988059520721436,0.32827028632164
15.399232864379883,-0.19282865524291992,0.8321071267127991,-1.4716778777658985,3.3521885871887207,-3.308842420578003,2.843644142150879,-1.986782431602478,0.6631327271461487,-0.5924841165542603,2.3047611713409424,0.32814282178878784
15.449192762374878,-0.19206616282463074,0.8199328184127808,-1.4760807311167605,3.3521885871887207,-3.308842420578003,2.862128496170044,-1.9603972434997559,0.6600468754768372,-0.5712260603904724,2.3093254566192627,0.32779088616371155
15.499130010604858,-0.19074244797229767,0.8020430207252502,-1.4797394942862576,3.3521885871887207,-3.308842420578003,2.8867175579071045,-1.9286410808563232,0.6574445366859436,-0.5467932224273682,2.3142149448394775,0.3269345462322235
15.54930305480957,-0.18960152566432953,0.785784125328064,-1.4834492755683395,3.3521885871887207,-3.308842420578003,2.911874532699585,-1.901534914970398,0.6567789912223816,-0.5278440713882446,2.3178164958953857,0.3259052336215973
15.599174976348877,-0.1885673850774765,0.770397424697876,-1.486428610389112,3.3521885871887207,-3.308842420578003,2.938089370727539,-1.8773696422576904,0.6572909355163574,-0.5119011998176575,2.320845365524292,0.3249056339263916
15.649279832839966,-0.1874745488166809,0.7532998919487,-1.489593647543412,3.3521885871887207,-3.308842420578003,2.9683094024658203,-1.8519153594970703,0.659262478351593,-0.49541911482810974,2.3233704566955566,0.323578804731369
15.699119806289673,-0.18665513396263123,0.7367230653762817,-1.4921938494894273,3.3521885871887207,-3.308842420578003,2.996230363845825,-1.8280023336410522,0.6613932847976685,-0.47898006439208984,2.3251147270202637,0.32204970717430115
15.749297142028809,-0.1858578622341156,0.7215214967727661,-1.4950011595424013,3.3521885871887207,-3.308842420578003,3.0237159729003906,-1.803511381149292,0.6633577346801758,-0.46072864532470703,2.3259215354919434,0.3205108344554901
15.79931354522705,-0.18465633690357208,0.7047931551933289,-1.498478136939878,3.3521885871887207,-3.308842420578003,3.051809072494507,-1.7775297164916992,0.6651036739349365,-0.44120538234710693,2.325986862182617,0.3187927305698395
15.849234580993652,-0.18395662307739258,0.689527153968811,-1.5020886352315879,3.3521885871887207,-3.308842420578003,3.081296920776367,-1.7500568628311157,0.666911780834198,-0.42109814286231995,2.3256592750549316,0.3173028528690338
15.899168491363525,-0.18316733837127686,0.6731179356575012,-1.506217493846277,3.3521885871887207,-3.308842420578003,3.1123998165130615,-1.722919225692749,0.6688910722732544,-0.4002440273761749,2.324810266494751,0.3159482181072235
15.949286937713623,-0.18212373554706573,0.6579782962799072,-1.5100288150668835,3.3521885871887207,-3.308842420578003,3.1448850631713867,-1.695926308631897,0.6715930104255676,-0.3780895173549652,2.3234946727752686,0.3148743212223053
15.999112367630005,-0.18119655549526215,0.6412773728370667,-1.5147622709706792,3.3521885871887207,-3.308842420578003,3.1791281700134277,-1.6692450046539307,0.6759386658668518,-0.3555203676223755,2.3217315673828125,0.3138420283794403
16.049654006958008,-0.18030007183551788,0.6255309581756592,-1.5203800900025937,3.3521885871887207,-3.308842420578003,3.2134692668914795,-1.6423704624176025,0.6826832890510559,-0.3337061405181885,2.3195409774780273,0.31301748752593994
16.09931755065918,-0.1795194298028946,0.6099697351455688,-1.5272846313189063,3.3521885871887207,-3.308842420578003,3.2472546100616455,-1.6149494647979736,0.6912247538566589,-0.31271666288375854,2.317227363586426,0.3121541142463684
16.149346113204956,-0.17875371873378754,0.5941070914268494,-1.5344297915460825,3.3521885871887207,-3.308842420578003,3.279472589492798,-1.5867222547531128,0.7003490328788757,-0.2927590012550354,2.315016269683838,0.3108152151107788
16.19909119606018,-0.17799101769924164,0.5777453184127808,-1.5425245649527983,3.3521885871887207,-3.308842420578003,3.3091888427734375,-1.5577802658081055,0.7092670202255249,-0.2726057767868042,2.3124401569366455,0.3096742630004883
16.249982833862305,-0.17745423316955566,0.5631222128868103,-1.5512494720166359,3.3521885871887207,-3.308842420578003,3.335486650466919,-1.5290905237197876,0.716857373714447,-0.2528630495071411,2.309269428253174,0.3091646134853363
16.29911756515503,-0.1765759140253067,0.5457774996757507,-1.5620155649966632,3.3521885871887207,-3.308842420578003,3.3633487224578857,-1.4968619346618652,0.7235597968101501,-0.23109428584575653,2.305068254470825,0.3092575669288635
16.349114656448364,-0.175752192735672,0.5281823873519897,-1.5733342260426801,3.3521885871887207,-3.308842420578003,3.3873958587646484,-1.4668503999710083,0.7275108695030212,-0.21071872115135193,2.301016330718994,0.3096688687801361
16.399070262908936,-0.17515665292739868,0.5151565670967102,-1.587953454788197,3.3521885871887207,-3.308842420578003,3.4101099967956543,-1.4371778964996338,0.7288062572479248,-0.19075238704681396,2.2971718311309814,0.3105883002281189
16.44903874397278,-0.17436698079109192,0.4977889955043793,-1.605374275381025,3.3521885871887207,-3.308842420578003,3.4319019317626953,-1.4057629108428955,0.727153480052948,-0.1718732863664627,2.294119358062744,0.31173163652420044
16.499407291412354,-0.1737598031759262,0.4815083146095276,-1.6244383401646005,3.3521885871887207,-3.308842420578003,3.4531052112579346,-1.3722797632217407,0.7221075296401978,-0.15542848408222198,2.2919507026672363,0.3133120834827423
16.549030542373657,-0.17309975624084473,0.4650256335735321,-1.645675393151984,3.3521885871887207,-3.308842420578003,3.473087787628174,-1.3371541500091553,0.7148474454879761,-0.1426844745874405,2.2904105186462402,0.3148133158683777
16.599003553390503,-0.17243170738220215,0.44800329208374023,-1.6698619150897958,3.3521885871887207,-3.308842420578003,3.4913785457611084,-1.3010519742965698,0.7069432735443115,-0.13313564658164978,2.289360761642456,0.3159511983394623
16.64903211593628,-0.17193570733070374,0.43130064010620117,-1.6973180795922556,3.3521885871887207,-3.308842420578003,3.5078437328338623,-1.2638130187988281,0.699708878993988,-0.12565627694129944,2.288710355758667,0.3170604407787323
16.699216604232788,-0.17136172950267792,0.41636040806770325,-1.7280008032953285,3.3521885871887207,-3.308842420578003,3.5227808952331543,-1.2254010438919067,0.6924633979797363,-0.1196381151676178,2.288466453552246,0.31818193197250366
16.749088525772095,-0.17100480198860168,0.4015871286392212,-1.7622200391036253,3.3521885871887207,-3.308842420578003,3.536057233810425,-1.1866718530654907,0.6856340169906616,-0.11547990143299103,2.2884857654571533,0.3193972110748291
16.799341201782227,-0.17041654884815216,0.38909032940864563,-1.797507011561124,3.3521885871887207,-3.308842420578003,3.5480546951293945,-1.150423288345337,0.6802715063095093,-0.11320649087429047,2.288564682006836,0.3204709589481354
16.849112033843994,-0.16974414885044098,0.3758956491947174,-1.841303342208794,3.3521885871887207,-3.308842420578003,3.562537431716919,-1.1110421419143677,0.6745712161064148,-0.11173693835735321,2.2886910438537598,0.3219069242477417
16.899427890777588,-0.16892030835151672,0.36514830589294434,-1.8840071288422042,3.3521885871887207,-3.308842420578003,3.578611135482788,-1.0747541189193726,0.6693108081817627,-0.11117230355739594,2.2889492511749268,0.3233245611190796
16.949338912963867,-0.16900670528411865,0.3549553155899048,-1.9231322407671498,4.029391765594482,-2.4509196281433105,3.596709728240967,-1.0384684801101685,0.6646832823753357,-0.11103370785713196,2.2891573905944824,0.3243289887905121
16.999342679977417,-0.16963264346122742,0.34439441561698914,-1.9634189259734092,4.046243667602539,-2.429511070251465,3.615548849105835,-1.0032641887664795,0.6604119539260864,-0.11097893863916397,2.2894015312194824,0.3251589238643646
17.049140453338623,-0.1712598204612732,0.3311721384525299,-2.003760051739717,4.064310073852539,-2.403886556625366,3.633995294570923,-0.9684914946556091,0.6570538282394409,-0.11106159538030624,2.289794445037842,0.32593289017677307
17.099331617355347,-0.17313005030155182,0.32307761907577515,-2.0421020842347137,4.079723358154297,-2.3794450759887695,3.65022611618042,-0.9369949698448181,0.6556268930435181,-0.11162330955266953,2.2902355194091797,0.32667919993400574
17.149057388305664,-0.17459635436534882,0.31363949179649353,-2.089532505059697,4.102921009063721,-2.3426952362060547,3.670893669128418,-0.8965745568275452,0.6550701260566711,-0.11273609101772308,2.2907519340515137,0.3276992738246918
17.19926357269287,-0.17620401084423065,0.30615583062171936,-2.128419916522205,4.12205696105957,-2.3132219314575195,3.68900990486145,-0.8612675666809082,0.6549701690673828,-0.11399556696414948,2.2912442684173584,0.32848018407821655
17.248984336853027,-0.17764167487621307,0.2992362082004547,-2.1658322291634935,4.143772602081299,-2.2828238010406494,3.708677053451538,-0.8235598206520081,0.6556017398834229,-0.11567283421754837,2.291827440261841,0.3292686939239502
17.299213409423828,-0.17927710711956024,0.29276466369628906,-2.2060508303230164,4.1655731201171875,-2.2532029151916504,3.7290258407592773,-0.7857983708381653,0.6569573283195496,-0.11750290542840958,2.2928860187530518,0.32981833815574646
17.349188089370728,-0.18013328313827515,0.2873050272464752,-2.246477172604677,4.188084602355957,-2.2223129272460938,3.7510428428649902,-0.7459082007408142,0.6585315465927124,-0.11963903158903122,2.2942867279052734,0.3302381932735443
17.3991277217865,-0.1797257363796234,0.28409838676452637,-2.280430972451084,4.207027435302734,-2.1947412490844727,3.770627498626709,-0.7105265855789185,0.6599782705307007,-0.12159570306539536,2.295959711074829,0.33055809140205383
17.449122428894043,-0.1807033121585846,0.27964702248573303,-2.315123204194258,4.225146770477295,-2.1652820110321045,3.790895700454712,-0.6738492846488953,0.6613748073577881,-0.12335493415594101,2.2981021404266357,0.33064693212509155
17.49915623664856,-0.18113064765930176,0.27566203474998474,-2.351583976752708,4.24165678024292,-2.136225938796997,3.8103411197662354,-0.6378795504570007,0.6633718013763428,-0.12524640560150146,2.3007328510284424,0.33093735575675964
17.549017190933228,-0.1809963434934616,0.2722811996936798,-2.3897210464074554,4.2575483322143555,-2.106454849243164,3.8294219970703125,-0.5992820858955383,0.6658966541290283,-0.1272953748703003,2.304077386856079,0.33120498061180115
17.599459409713745,-0.18108701705932617,0.26891618967056274,-2.426966294979618,4.271406650543213,-2.0783467292785645,3.8461666107177734,-0.561445951461792,0.6679064631462097,-0.12889865040779114,2.3076698780059814,0.3316996991634369
17.649056673049927,-0.18267670273780823,0.2644009590148926,-2.46574741716549,4.283677577972412,-2.0497288703918457,3.8612852096557617,-0.5227900743484497,0.6694070100784302,-0.13022586703300476,2.3120110034942627,0.33230820298194885
17.699174404144287,-0.18209028244018555,0.2612438499927521,-2.5062444470949075,4.294301986694336,-2.020446300506592,3.8747963905334473,-0.48396530747413635,0.6702865958213806,-0.13145886361598969,2.316875457763672,0.3332064151763916
17.74927520751953,-0.1813054382801056,0.2579861283302307,-2.549384533677104,4.303432464599609,-1.9903513193130493,3.8874919414520264,-0.445064902305603,0.6700602769851685,-0.13292385637760162,2.322416067123413,0.3341788053512573
17.79940962791443,-0.1807336062192917,0.2545061409473419,-2.5923814234165166,4.310015678405762,-1.9615715742111206,3.899094581604004,-0.4074070453643799,0.6682242751121521,-0.13429440557956696,2.3279943466186523,0.33526191115379333
17.84903645515442,-0.17992645502090454,0.2505187392234802,-2.642649240593402,4.315005779266357,-1.9290663003921509,3.911632776260376,-0.363651305437088,0.6643677949905396,-0.13602329790592194,2.334625244140625,0.3364836275577545
17.899081230163574,-0.1793741136789322,0.2468615472316742,-2.68985438443868,4.317583084106445,-1.8995872735977173,3.921584367752075,-0.3234648108482361,0.6583666205406189,-0.1383306235074997,2.340709686279297,0.33785364031791687
17.949286699295044,-0.17910701036453247,0.2422487437725067,-2.7421070178747393,4.318662643432617,-1.865905523300171,3.930154800415039,-0.2781556248664856,0.648823618888855,-0.1441420018672943,2.347874641418457,0.33994677662849426
17.999141693115234,-0.17900337278842926,0.23808623850345612,-2.79304928238688,4.31840705871582,-1.834230899810791,3.93485689163208,-0.2375849038362503,0.6393558979034424,-0.15378038585186005,2.354152202606201,0.34283506870269775
18.049127340316772,-0.17918522655963898,0.233806312084198,-2.848106709462661,4.317127704620361,-1.7971761226654053,3.9374167919158936,-0.19224843382835388,0.6294991970062256,-0.1691778153181076,2.3608858585357666,0.3474801182746887
18.099225282669067,-0.1803157925605774,0.2302076816558838,-2.8950726151712907,4.315488338470459,-1.7635016441345215,3.9381747245788574,-0.15218669176101685,0.6209706664085388,-0.1859498918056488,2.3664042949676514,0.3526226282119751
18.149280548095703,-0.18135517835617065,0.22616690397262573,-2.9451487739449207,4.314244747161865,-1.7266868352890015,3.9396350383758545,-0.10787327587604523,0.6109614372253418,-0.20706413686275482,2.37216854095459,0.3590591847896576
18.199036598205566,-0.18369032442569733,0.22292634844779968,-2.984990780047257,4.31500768661499,-1.69186270236969,3.9434680938720703,-0.06627362966537476,0.5999276638031006,-0.2291741818189621,2.377394437789917,0.3654492199420929
18.24944281578064,-0.1860956996679306,0.21943818032741547,-3.024550123995343,4.317878246307373,-1.6574642658233643,3.9497671127319336,-0.024794595316052437,0.586685299873352,-0.252250999212265,2.3826539516448975,0.3724336624145508
18.299028873443604,-0.18860845267772675,0.2168065905570984,-3.058855853539509,4.322751522064209,-1.6233268976211548,3.95754075050354,0.016019627451896667,0.5712316632270813,-0.27596551179885864,2.38778018951416,0.3803432881832123
18.34919285774231,-0.1919201761484146,0.21471834182739258,-3.0903225726653343,4.329313278198242,-1.5902570486068726,3.965409994125366,0.05592896789312363,0.5531826019287109,-0.3006378412246704,2.3927063941955566,0.3901473581790924
18.39903473854065,-0.19537007808685303,0.21266871690750122,-3.1173980302865596,4.336829662322998,-1.557874321937561,3.9732446670532227,0.09525512903928757,0.5336062908172607,-0.3252733647823334,2.39738130569458,0.4009596109390259
18.449575424194336,-0.20028036832809448,0.21058496832847595,3.137630932303812,4.3452911376953125,-1.5246238708496094,3.981740713119507,0.13518941402435303,0.5130476355552673,-0.34912148118019104,2.4016082286834717,0.4134182333946228
18.499016523361206,-0.20526567101478577,0.20844222605228424,3.1109019069749544,4.3545966148376465,-1.4908006191253662,3.991407632827759,0.17577266693115234,0.4911418855190277,-0.3713139295578003,2.4048268795013428,0.4270066022872925
18.549261808395386,-0.21093489229679108,0.2065419852733612,3.0827353817406435,4.365303993225098,-1.4561666250228882,4.002389430999756,0.21644391119480133,0.4692530035972595,-0.39139866828918457,2.40704607963562,0.4415782690048218
18.59909725189209,-0.21749486029148102,0.20452088117599487,3.052916704334236,4.37761926651001,-1.4213064908981323,4.015275478363037,0.25708624720573425,0.4470699727535248,-0.40962931513786316,2.4081764221191406,0.45651525259017944
18.649354934692383,-0.22396592795848846,0.20272937417030334,3.021163673707344,4.3921284675598145,-1.3863525390625,4.029862880706787,0.29740026593208313,0.4243633449077606,-0.425888329744339,2.4084653854370117,0.47217893600463867
18.699091911315918,-0.23328274488449097,0.20138557255268097,2.989322350661266,4.408755779266357,-1.351973295211792,4.045166969299316,0.3369700014591217,0.4010513722896576,-0.44034436345100403,2.4074881076812744,0.4889492690563202
18.749215126037598,-0.243475541472435,0.2003227323293686,2.955514349908293,4.426978588104248,-1.3190653324127197,4.060318470001221,0.3755396604537964,0.37741079926490784,-0.45351916551589966,2.4061174392700195,0.5055668950080872
18.799087047576904,-0.25336626172065735,0.19978715479373932,2.920087012581136,4.445892810821533,-1.2854583263397217,4.074535369873047,0.41338595747947693,0.3525331914424896,-0.46571195125579834,2.4051361083984375,0.5218397974967957
18.849287033081055,-0.26438286900520325,0.19952292740345,2.881394537014188,4.465338230133057,-1.2514336109161377,4.086680889129639,0.451913446187973,0.3249576985836029,-0.47750234603881836,2.405379056930542,0.5384426116943359
18.89907193183899,-0.2759924829006195,0.19971014559268951,2.840197809459226,4.484335899353027,-1.219793438911438,4.097095012664795,0.49223506450653076,0.29440271854400635,-0.4891875982284546,2.4066858291625977,0.554957926273346
18.949366331100464,-0.2890847325325012,0.20033876597881317,2.7976813580382087,4.501804351806641,-1.1905966997146606,4.105930805206299,0.5340209603309631,0.2623443603515625,-0.49997416138648987,2.4090583324432373,0.5707358121871948
18.999305486679077,-0.3014099597930908,0.20163646340370178,2.758552810733676,4.516482830047607,-1.1635302305221558,4.112623691558838,0.5739102363586426,0.23407089710235596,-0.5077337026596069,2.4122087955474854,0.5847549438476562
19.04937219619751,-0.3145993947982788,0.20377223193645477,2.7202502944609073,4.530107498168945,-1.1326996088027954,4.118924140930176,0.6176877021789551,0.20494653284549713,-0.5139425992965698,2.416714668273926,0.600653886795044
19.09913992881775,-0.3290847837924957,0.20699970424175262,2.679665307049584,4.539445877075195,-1.1047072410583496,4.1235480308532715,0.656963586807251,0.17786119878292084,-0.5195831656455994,2.4213743209838867,0.6158736944198608
19.14925718307495,-0.34340107440948486,0.21102336049079895,2.642608754737188,4.546877384185791,-1.0735893249511719,4.1277008056640625,0.7018507122993469,0.14619134366512299,-0.5263419151306152,2.426793098449707,0.6336851119995117
19.199149131774902,-0.35760965943336487,0.21546362340450287,2.606496908813133,4.55169677734375,-1.044419765472412,4.130214691162109,0.745227575302124,0.11592122912406921,-0.5326581001281738,2.431912422180176,0.651692271232605
19.249281644821167,-0.3709150552749634,0.22034205496311188,2.576141781740953,4.555157661437988,-1.0157136917114258,4.129974365234375,0.7864583730697632,0.0863613486289978,-0.5391664505004883,2.4367692470550537,0.6696692705154419
19.299129009246826,-0.3851368725299835,0.2260528951883316,2.545455708419467,4.557497978210449,-0.9820325970649719,4.127215385437012,0.8318688273429871,0.05013936385512352,-0.5490949153900146,2.4422144889831543,0.6919163465499878
19.3491632938385,-0.3979661464691162,0.2319706827402115,2.5218295637852424,4.558136463165283,-0.9526987671852112,4.122522830963135,0.8698151707649231,0.01776493526995182,-0.5606814622879028,2.4470036029815674,0.7124415040016174
19.399284601211548,-0.4131755232810974,0.23947420716285706,2.493613483837664,4.556813716888428,-0.915382981300354,4.114861011505127,0.9162771105766296,-0.022395364940166473,-0.5782904624938965,2.454097032546997,0.7391442060470581
19.449254274368286,-0.4252752661705017,0.24578852951526642,2.4711703715664157,4.553507328033447,-0.8832624554634094,4.108509540557861,0.955008327960968,-0.05440494045615196,-0.5945980548858643,2.4616947174072266,0.7611194849014282
19.49914240837097,-0.438618004322052,0.2533518671989441,2.446710578035481,4.547373294830322,-0.8472086191177368,4.103682518005371,0.9977352023124695,-0.088668093085289,-0.6131632924079895,2.4725265502929688,0.7847909927368164
19.549291610717773,-0.4505326747894287,0.26031726598739624,2.423828646802837,4.539724349975586,-0.8132135272026062,4.101339817047119,1.0385419130325317,-0.12148222327232361,-0.6307794451713562,2.4849820137023926,0.8043597340583801
19.599031448364258,-0.46087685227394104,0.2667161524295807,2.402652960675231,4.531229496002197,-0.7792787551879883,4.099981784820557,1.079413652420044,-0.1546613872051239,-0.6488392949104309,2.498159170150757,0.8217511773109436
19.649220943450928,-0.47100743651390076,0.27298274636268616,2.3808110648754215,4.522280693054199,-0.7452442049980164,4.099474906921387,1.1199367046356201,-0.18798744678497314,-0.6681162118911743,2.5130233764648438,0.8391204476356506
19.69930076599121,-0.48035168647766113,0.27895408868789673,2.3609994466225586,4.513531684875488,-0.7135668396949768,4.098559379577637,1.1571917533874512,-0.22024884819984436,-0.6869155168533325,2.527738094329834,0.8549153208732605
19.74917244911194,-0.49008676409721375,0.28560367226600647,2.338661031146877,4.504605293273926,-0.678997814655304,4.097750663757324,1.1992052793502808,-0.25757092237472534,-0.7075404524803162,2.5427331924438477,0.8720285892486572
19.799148559570312,-0.4998342990875244,0.294034481048584,2.316890100403475,4.498537540435791,-0.6480891704559326,4.0971269607543945,1.2378026247024536,-0.29052039980888367,-0.7253901958465576,2.553147554397583,0.889374852180481
19.849101543426514,-0.5097034573554993,0.3016219735145569,2.2931341973306263,4.493999481201172,-0.6129823327064514,4.0961809158325195,1.2820061445236206,-0.32625776529312134,-0.744784414768219,2.5613088607788086,0.9110641479492188
19.899139642715454,-0.5182955861091614,0.30886682868003845,2.2701802700215756,4.491882801055908,-0.5798816084861755,4.096279144287109,1.3243366479873657,-0.35871246457099915,-0.7630329728126526,2.5665194988250732,0.9316712021827698
19.949295043945312,-0.5272889733314514,0.3163699805736542,2.2459916107434976,4.4913010597229,-0.5478847622871399,4.097349166870117,1.3669284582138062,-0.3897484838962555,-0.7807256579399109,2.5698139667510986,0.9502540826797485
19.99983549118042,-0.5363059639930725,0.3244093358516693,2.221140289145687,4.491742134094238,-0.5166410803794861,4.099813938140869,1.4091614484786987,-0.4189106225967407,-0.7979491353034973,2.571678876876831,0.9686374664306641
20.04902195930481,-0.5450664162635803,0.33241936564445496,2.196993091100242,4.493189811706543,-0.48467621207237244,4.102135181427002,1.4505623579025269,-0.4453463852405548,-0.8131988048553467,2.5716874599456787,0.9888436794281006
20.099159240722656,-0.5540680289268494,0.3412572741508484,2.1717387236667403,4.495737075805664,-0.4518415033817291,4.104053020477295,1.4908936023712158,-0.4680944085121155,-0.8259771466255188,2.5701470375061035,1.0102640390396118
20.149055004119873,-0.5627583265304565,0.3503098487854004,2.1474029989526704,4.499146938323975,-0.4203748404979706,4.104501724243164,1.5286495685577393,-0.48609837889671326,-0.8368423581123352,2.5669546127319336,1.0306179523468018
20.199071407318115,-0.5716524720191956,0.36023715138435364,2.1211114103301876,4.504790306091309,-0.38476017117500305,4.102401256561279,1.570979356765747,-0.5027976036071777,-0.8477336168289185,2.5609633922576904,1.0529810190200806
20.249269008636475,-0.5796125531196594,0.36937859654426575,2.097363988894703,4.5116868019104,-0.3524130582809448,4.098232746124268,1.6090015172958374,-0.5151783227920532,-0.8560768961906433,2.5535101890563965,1.0725635290145874
20.299248456954956,-0.5881057977676392,0.37976905703544617,2.0710563565121096,4.5216875076293945,-0.3162189722061157,4.09154748916626,1.6497102975845337,-0.5262397527694702,-0.8638835549354553,2.5420637130737305,1.0949307680130005
20.349284887313843,-0.5957426428794861,0.38983792066574097,2.047504912147652,4.532909393310547,-0.2827329635620117,4.084318161010742,1.6867741346359253,-0.5339162349700928,-0.8696113228797913,2.528447389602661,1.115800380706787
20.39906668663025,-0.6031138896942139,0.39984503388404846,2.0243238743472074,4.545078754425049,-0.24881380796432495,4.076788425445557,1.7235701084136963,-0.539605975151062,-0.8731299042701721,2.514223098754883,1.1362138986587524
20.44909930229187,-0.6093221306800842,0.4095681607723236,2.003725009881233,4.557823657989502,-0.21454842388629913,4.0683274269104,1.761343002319336,-0.5425232648849487,-0.8755636811256409,2.5006754398345947,1.155679702758789
20.499117136001587,-0.6161497831344604,0.4198247492313385,1.9826502054564157,4.570662975311279,-0.18101955950260162,4.057734489440918,1.7999769449234009,-0.5424979329109192,-0.878065824508667,2.4890222549438477,1.1754167079925537
20.549234867095947,-0.6218352913856506,0.4299575388431549,1.9633451576895757,4.582181930541992,-0.14982102811336517,4.045222282409668,1.836228370666504,-0.5397661328315735,-0.880785346031189,2.479928493499756,1.1959120035171509
20.59911322593689,-0.6288220286369324,0.4418220520019531,1.9411561845732017,4.59318733215332,-0.11415370553731918,4.027706623077393,1.875830054283142,-0.532952606678009,-0.8829717040061951,2.4712276458740234,1.2224971055984497
20.649062395095825,-0.6344705820083618,0.45230212807655334,1.922636438067038,4.60126256942749,-0.07952377200126648,4.008363723754883,1.9126580953598022,-0.5222985744476318,-0.8826022744178772,2.4639055728912354,1.2483906745910645
20.699080228805542,-0.6401220560073853,0.46331867575645447,1.904351705793598,4.6063714027404785,-0.04448120296001434,3.9879727363586426,1.9490127563476562,-0.5080248713493347,-0.8802495002746582,2.4583680629730225,1.27237069606781
20.74921488761902,-0.6452364325523376,0.47392094135284424,1.8879812869577333,4.608802318572998,-0.01025371439754963,3.96791672706604,1.9848928451538086,-0.4911332428455353,-0.876703143119812,2.4539921283721924,1.29547119140625
20.799054622650146,-0.6510711908340454,0.48595890402793884,1.8695309324485967,4.609557151794434,0.023496128618717194,3.9498510360717773,2.0202796459198,-0.47372451424598694,-0.875022828578949,2.4495534896850586,1.3182319402694702
20.849199295043945,-0.6557377576828003,0.4968246817588806,1.855116546526178,4.608895778656006,0.05788039788603783,3.9336702823638916,2.055344820022583,-0.4569411277770996,-0.8802658319473267,2.4446804523468018,1.3413221836090088
20.899075269699097,-0.6606707572937012,0.5092391967773438,1.8387405654957207,4.606842994689941,0.09302284568548203,3.9179625511169434,2.090214729309082,-0.4355778098106384,-0.888740599155426,2.439718008041382,1.364381194114685
20.949634552001953,-0.664879560470581,0.5211605429649353,1.8246318576179177,4.6032633781433105,0.1289135366678238,3.90228009223938,2.1247036457061768,-0.4078679382801056,-0.8934735655784607,2.4360969066619873,1.3875787258148193
20.999231576919556,-0.6690131425857544,0.5335754156112671,1.8105730770167587,4.597419261932373,0.16522707045078278,3.886822462081909,2.1579251289367676,-0.3761347532272339,-0.8906163573265076,2.434624195098877,1.410818338394165
21.04918885231018,-0.6725865602493286,0.5455492734909058,1.7980223280456307,4.588936805725098,0.2015092968940735,3.8712756633758545,2.1904337406158447,-0.34312042593955994,-0.8814034461975098,2.4358019828796387,1.4334279298782349
21.099056243896484,-0.6768962144851685,0.5586172342300415,1.783779106183347,4.578264236450195,0.23696863651275635,3.8554117679595947,2.2236714363098145,-0.3111068308353424,-0.869282066822052,2.438781261444092,1.4540691375732422
21.150493621826172,-0.6804619431495667,0.5706444382667542,1.7718385730936754,4.566253662109375,0.2715679407119751,3.8388469219207764,2.2579190731048584,-0.2791382372379303,-0.8546930551528931,2.4424519538879395,1.4778293371200562
21.199248790740967,-0.6840991377830505,0.5836557149887085,1.7588964923815689,4.55450963973999,0.3042488098144531,3.8228890895843506,2.2910170555114746,-0.2472996860742569,-0.838527500629425,2.4467008113861084,1.5015565156936646
21.24944519996643,-0.6874827742576599,0.5971139073371887,1.7466836469114488,4.541988372802734,0.3383713662624359,3.8065502643585205,2.3268277645111084,-0.21305789053440094,-0.8195348381996155,2.45137619972229,1.5260729789733887
21.299067974090576,-0.6910429000854492,0.6112218499183655,1.7346987312775866,4.529869556427002,0.37071093916893005,3.7913479804992676,2.3631842136383057,-0.17892421782016754,-0.7993354797363281,2.455033779144287,1.5497424602508545
21.349075078964233,-0.6942184567451477,0.6257573962211609,1.7232637213642712,4.51870584487915,0.4040483236312866,3.7756853103637695,2.4014008045196533,-0.14349426329135895,-0.7767207026481628,2.456444263458252,1.5744177103042603
21.39896559715271,-0.6966759562492371,0.6376954913139343,1.713829702938497,4.511263370513916,0.43282634019851685,3.7621922492980957,2.433441638946533,-0.11371985822916031,-0.7574235796928406,2.4557931423187256,1.5945916175842285
21.449068069458008,-0.6994662880897522,0.653809130191803,1.7033265737942658,4.5044732093811035,0.46943238377571106,3.744312286376953,2.473067045211792,-0.07634525001049042,-0.7327122092247009,2.453187942504883,1.616745114326477
21.4992778301239,-0.7019867300987244,0.6685269474983215,1.6941235047954881,4.499744892120361,0.4997684061527252,3.727945566177368,2.505713701248169,-0.043860554695129395,-0.7099143862724304,2.44944429397583,1.6332509517669678
21.549021005630493,-0.703993022441864,0.6823462247848511,1.6876463019640546,4.494969844818115,0.5326679348945618,3.7075464725494385,2.5414841175079346,-0.00846105720847845,-0.6836977601051331,2.4431750774383545,1.6516785621643066
21.59904432296753,-0.7063910961151123,0.6975224018096924,1.6803373983249033,4.491235256195068,0.5624526739120483,3.687530517578125,2.5731940269470215,0.021360188722610474,-0.6599254012107849,2.435657262802124,1.6686164140701294
21.649088859558105,-0.7088221907615662,0.7134152054786682,1.6723721008307655,4.488053798675537,0.596615195274353,3.663923740386963,2.6064095497131348,0.052536740899086,-0.6328453421592712,2.4255151748657227,1.6874438524246216
21.69981861114502,-0.7102346420288086,0.7265504002571106,1.663347118884526,4.485750675201416,0.6298201084136963,3.641101598739624,2.635755777359009,0.08287204802036285,-0.6064626574516296,2.414477825164795,1.7042981386184692
21.74918222427368,-0.7125634551048279,0.740908145904541,1.6591026181638797,4.4840192794799805,0.6635387539863586,3.6176915168762207,2.6637473106384277,0.11423619091510773,-0.581535279750824,2.4016714096069336,1.7208518981933594
21.79901623725891,-0.7133876085281372,0.7548856139183044,1.6514864493570973,4.483920097351074,0.6965578198432922,3.594334363937378,2.6893718242645264,0.14425216615200043,-0.5603263974189758,2.3875515460968018,1.735771656036377
21.849040746688843,-0.715326189994812,0.7705442309379578,1.6475329878746392,4.485137462615967,0.7320381999015808,3.5685482025146484,2.7151472568511963,0.17762787640094757,-0.5401396751403809,2.3701632022857666,1.7503846883773804
21.899083614349365,-0.7163189649581909,0.7866179943084717,1.6406865992913113,4.4881272315979,0.7694640755653381,3.5402255058288574,2.7402172088623047,0.215223029255867,-0.5214901566505432,2.3494863510131836,1.7653685808181763
21.94901394844055,-0.7172979116439819,0.802245020866394,1.6351079379973583,4.492297649383545,0.8055502772331238,3.5121371746063232,2.7609779834747314,0.2522885203361511,-0.5068449974060059,2.3298840522766113,1.7797211408615112
21.999841451644897,-0.7185757756233215,0.8165199160575867,1.6309388039935522,4.497668266296387,0.8424823880195618,3.4824843406677246,2.7790346145629883,0.2892020344734192,-0.4946548640727997,2.3112897872924805,1.7929682731628418
22.049021005630493,-0.7197264432907104,0.8322842121124268,1.6259749194368076,4.5033769607543945,0.8785837888717651,3.451350212097168,2.7949044704437256,0.32301434874534607,-0.4833487570285797,2.2945477962493896,1.8066673278808594
22.099117279052734,-0.7208173274993896,0.8466004729270935,1.6211050098007929,4.508647918701172,0.9118202328681946,3.421381950378418,2.8091325759887695,0.34670522809028625,-0.47176045179367065,2.280916690826416,1.820764183998108
22.14909601211548,-0.721836507320404,0.8631699085235596,1.6163939385402875,4.51322603225708,0.9486340880393982,3.389373302459717,2.824768304824829,0.3720169961452484,-0.4630885124206543,2.267758846282959,1.8376379013061523
22.19924306869507,-0.7226250767707825,0.8787673711776733,1.611276126933665,4.515961170196533,0.9840145707130432,3.3604891300201416,2.840070962905884,0.40254199504852295,-0.4594825208187103,2.2567198276519775,1.8536823987960815
22.249167919158936,-0.7234849333763123,0.8929516077041626,1.6060104511918936,4.516558647155762,1.0189210176467896,3.332519769668579,2.8553121089935303,0.4385090470314026,-0.4577302038669586,2.2471203804016113,1.869336724281311
22.299141883850098,-0.724014401435852,0.908153772354126,1.6022534435116942,4.515048027038574,1.0509014129638672,3.3068292140960693,2.86916184425354,0.4761820137500763,-0.45579519867897034,2.2392570972442627,1.8832688331604004
22.349082946777344,-0.7248690724372864,0.9241567254066467,1.5973527283076692,4.511684417724609,1.0850419998168945,3.278761148452759,2.8834455013275146,0.5208365321159363,-0.45404380559921265,2.2319490909576416,1.8982266187667847
22.399147272109985,-0.7253031134605408,0.9397266507148743,1.592866863335895,4.507411479949951,1.1168423891067505,3.2523627281188965,2.8965940475463867,0.5641230344772339,-0.4533093571662903,2.2260119915008545,1.912550449371338
22.449299812316895,-0.7256092429161072,0.9552479386329651,1.5889983472600095,4.502128601074219,1.1491683721542358,3.2253577709198,2.909945249557495,0.608383059501648,-0.4527950882911682,2.220737934112549,1.9272311925888062
22.499138832092285,-0.7259207963943481,0.9698229432106018,1.5843109915572287,4.495224475860596,1.182049036026001,3.1973533630371094,2.9237313270568848,0.6523061394691467,-0.452719509601593,2.2163429260253906,1.9421356916427612
22.54913330078125,-0.7259199619293213,0.9860426187515259,1.5802069056789187,4.486788272857666,1.2162410020828247,3.1685681343078613,2.9380455017089844,0.6953610777854919,-0.45293253660202026,2.2127318382263184,1.9563273191452026
22.599422216415405,-0.7262365221977234,1.0012047290802002,1.5761588350437046,4.475560665130615,1.2503093481063843,3.1391665935516357,2.9531707763671875,0.7379124164581299,-0.4537810683250427,2.210127592086792,1.9700738191604614
22.649248600006104,-0.7265185713768005,1.0161495208740234,1.5717061685329252,4.462084770202637,1.2839456796646118,3.109816789627075,2.9693825244903564,0.7807850241661072,-0.4537205994129181,2.209103584289551,1.9829546213150024
22.699294567108154,-0.726699709892273,1.0305180549621582,1.5681706004632583,4.447709560394287,1.3148404359817505,3.0827505588531494,2.985445976257324,0.821635901927948,-0.451333224773407,2.210073471069336,1.9944801330566406
22.749069929122925,-0.7268614768981934,1.046432614326477,1.5641582662270308,4.430608749389648,1.3485537767410278,3.0530903339385986,3.003649950027466,0.8662356734275818,-0.4461762309074402,2.2122607231140137,2.0075623989105225
22.799354791641235,-0.7266265749931335,1.0621817111968994,1.559703208625647,4.413476467132568,1.3799375295639038,3.025057792663574,3.0209240913391113,0.9071459174156189,-0.4397391378879547,2.2139806747436523,2.0209832191467285
22.849148273468018,-0.7265756726264954,1.0771533250808716,1.5554635786386966,4.397249698638916,1.411152958869934,2.9971811771392822,3.038250684738159,0.9463104605674744,-0.43196728825569153,2.2146565914154053,2.0361106395721436
22.899234533309937,-0.726392924785614,1.0915757417678833,1.5508255165380815,4.381389141082764,1.4420665502548218,2.9690024852752686,3.055098533630371,0.9839878678321838,-0.4227243959903717,2.2141735553741455,2.053001642227173
22.949252367019653,-0.7261019945144653,1.1077463626861572,1.5452746976248697,4.367343902587891,1.4738630056381226,2.9410219192504883,3.0701920986175537,1.0207935571670532,-0.41188690066337585,2.212664842605591,2.0694427490234375
22.999459266662598,-0.7257676124572754,1.1233102083206177,1.5394108830373359,4.355947017669678,1.5061297416687012,2.9139089584350586,3.082930088043213,1.056907296180725,-0.4002321660518646,2.210522174835205,2.085102081298828
23.049196004867554,-0.7254033088684082,1.1385847330093384,1.5332136516068802,4.3465576171875,1.5373914241790771,2.888443946838379,3.092237710952759,1.0929343700408936,-0.3879014551639557,2.2082347869873047,2.0993876457214355
23.099122524261475,-0.7250956892967224,1.1536697149276733,1.5270609312718846,4.339061737060547,1.5678894519805908,2.8665013313293457,3.098149299621582,1.1284455060958862,-0.37516480684280396,2.2061147689819336,2.111898899078369
23.149175882339478,-0.7246395945549011,1.1678904294967651,1.5206162779317767,4.333008766174316,1.5958149433135986,2.8510994911193848,3.1009607315063477,1.1601126194000244,-0.3631763458251953,2.204927921295166,2.121466636657715
23.199304819107056,-0.7240622043609619,1.1865118741989136,1.511671081493638,4.32674503326416,1.632473111152649,2.8360283374786377,3.102029800415039,1.200803279876709,-0.34674787521362305,2.2047340869903564,2.131300687789917
23.249666213989258,-0.7236298322677612,1.199479579925537,1.5045508367127305,4.3230061531066895,1.66072678565979,2.826380968093872,3.10150408744812,1.2322311401367188,-0.3332599401473999,2.20613431930542,2.1381702423095703
23.299136638641357,-0.7231362462043762,1.2178040742874146,1.4939910863619206,4.320170879364014,1.699418067932129,2.8148343563079834,3.098987102508545,1.2764747142791748,-0.31303101778030396,2.2096140384674072,2.1461801528930664
23.3492374420166,-0.7226132750511169,1.2327940464019775,1.4812447522745764,4.319416522979736,1.7365461587905884,2.805457592010498,3.093531370162964,1.3201175928115845,-0.29426416754722595,2.213243007659912,2.151235580444336
23.399097442626953,-0.7222109436988831,1.2499523162841797,1.4679070869626971,4.321086406707764,1.7727900743484497,2.798825740814209,3.085827350616455,1.3623323440551758,-0.27717939019203186,2.2166779041290283,2.154203414916992
23.449239015579224,-0.7220391035079956,1.2666759490966797,1.455924769631337,4.324741363525391,1.8068492412567139,2.7956011295318604,3.076817512512207,1.4024561643600464,-0.26316386461257935,2.2194912433624268,2.156902313232422
23.499016523361206,-0.7213899493217468,1.2861634492874146,1.4393364528685846,4.331077575683594,1.8445312976837158,2.7964298725128174,3.0650007724761963,1.4473602771759033,-0.2510018050670624,2.2219884395599365,2.1594295501708984
23.54922652244568,-0.7206260561943054,1.3011378049850464,1.4249712132911478,4.3375935554504395,1.8765742778778076,2.8007524013519287,3.0539214611053467,1.4849698543548584,-0.24347786605358124,2.223193645477295,2.1612002849578857
23.59929919242859,-0.7191736698150635,1.319390058517456,1.4072125466640752,4.34641170501709,1.9137033224105835,2.810579299926758,3.0394840240478516,1.5281230211257935,-0.23714950680732727,2.2224719524383545,2.1642262935638428
23.649173736572266,-0.7177202701568604,1.3368319272994995,1.3877026628562759,4.355783939361572,1.9463961124420166,2.824502468109131,3.0239145755767822,1.5670331716537476,-0.23190441727638245,2.218993902206421,2.1692872047424316
23.698989868164062,-0.7158722281455994,1.3555930852890015,1.3651611751208472,4.365203380584717,1.9801976680755615,2.843747138977051,3.0048646926879883,1.607581615447998,-0.22639864683151245,2.21323561668396,2.176553249359131
23.749383449554443,-0.713678777217865,1.3728941679000854,1.3444854146113896,4.37137508392334,2.010200262069702,2.8644022941589355,2.986394166946411,1.6446170806884766,-0.2216598391532898,2.2070651054382324,2.1829402446746826
23.79903554916382,-0.7107996940612793,1.3928346633911133,1.3195264418043373,4.375437259674072,2.043123245239258,2.889833688735962,2.9653513431549072,1.6873149871826172,-0.21674229204654694,2.200254201889038,2.1898653507232666
23.849151134490967,-0.7076070308685303,1.411912441253662,1.2955744797378386,4.376838207244873,2.073197364807129,2.913836717605591,2.9464023113250732,1.729219913482666,-0.21243229508399963,2.194509506225586,2.201429605484009
23.89899706840515,-0.7038543820381165,1.4312093257904053,1.2716796612619032,4.376740455627441,2.102048397064209,2.936800241470337,2.928997039794922,1.7721315622329712,-0.20913636684417725,2.189237117767334,2.216704845428467
23.949161291122437,-0.6997389197349548,1.4505701065063477,1.2478597561971774,4.374988079071045,2.1307575702667236,2.957533121109009,2.9134018421173096,1.816048502922058,-0.20649629831314087,2.1849184036254883,2.2321276664733887
23.999006032943726,-0.6950249075889587,1.4697002172470093,1.2240797966325934,4.3714494705200195,2.1600449085235596,2.9755938053131104,2.898740291595459,1.8611968755722046,-0.20331110060214996,2.1821165084838867,2.2474424839019775
24.04920196533203,-0.6898804306983948,1.488787293434143,1.2003860600461596,4.366005897521973,2.189850330352783,2.9913079738616943,2.8844199180603027,1.9057880640029907,-0.2003134787082672,2.180835247039795,2.264925718307495
24.09927225112915,-0.6845386028289795,1.5076632499694824,1.1772761121321402,4.3587188720703125,2.219886064529419,3.005643367767334,2.8700337409973145,1.9489010572433472,-0.19820915162563324,2.1806390285491943,2.284186601638794
24.149240255355835,-0.6788998246192932,1.5256551504135132,1.1567215922989937,4.349429130554199,2.247281312942505,3.0178275108337402,2.855459213256836,1.9889341592788696,-0.1960308700799942,2.1816539764404297,2.302419662475586
24.199000597000122,-0.6720584034919739,1.5456339120864868,1.135171544559583,4.33697509765625,2.278376340866089,3.0308239459991455,2.837446689605713,2.034167766571045,-0.19057516753673553,2.184389114379883,2.3217365741729736
24.24902892112732,-0.6657952070236206,1.5628845691680908,1.1157589127559144,4.32291841506958,2.306657075881958,3.042306661605835,2.818716287612915,2.0769665241241455,-0.1813250035047531,2.1879701614379883,2.3410589694976807
24.29922318458557,-0.6578084826469421,1.5824283361434937,1.0961721298681446,4.3071818351745605,2.3342320919036865,3.0538713932037354,2.7980949878692627,2.1185989379882812,-0.16857954859733582,2.1925199031829834,2.3624086380004883
24.349148273468018,-0.6498461961746216,1.600864052772522,1.0783213527032809,4.290500164031982,2.3612184524536133,3.0658421516418457,2.7760374546051025,2.158478260040283,-0.15374384820461273,2.197733163833618,2.385021209716797
24.39922595024109,-0.641364336013794,1.6192477941513062,1.061729177103115,4.272882461547852,2.3876147270202637,3.07839298248291,2.752622604370117,2.1964352130889893,-0.1379544734954834,2.2025835514068604,2.406653642654419
24.44918441772461,-0.6328352689743042,1.636905312538147,1.0468046011101784,4.2549896240234375,2.413264751434326,3.0915751457214355,2.7282001972198486,2.232985019683838,-0.12161646038293839,2.2059452533721924,2.4294610023498535
24.49922513961792,-0.6230725049972534,1.656577467918396,1.0306303494875027,4.237450122833252,2.4383935928344727,3.1053311824798584,2.7019529342651367,2.26798152923584,-0.1049565002322197,2.207556962966919,2.454711437225342
24.549041032791138,-0.613732099533081,1.6742366552352905,1.0168936939524011,4.221906661987305,2.461866617202759,3.118682384490967,2.6754257678985596,2.299525737762451,-0.08918052911758423,2.208070755004883,2.4781270027160645
24.599234580993652,-0.6030323505401611,1.693894624710083,1.0020171775256135,4.206142425537109,2.4882631301879883,3.134263038635254,2.6437432765960693,2.33398699760437,-0.07151515781879425,2.2078311443328857,2.5019636154174805
24.649003267288208,-0.5932274460792542,1.7107305526733398,0.9901906783357091,4.19393253326416,2.5092625617980957,3.148019552230835,2.615832567214966,2.3623740673065186,-0.05597563460469246,2.2059450149536133,2.52099347114563
24.699572324752808,-0.5808430910110474,1.7316088676452637,0.9757542852175012,4.179966926574707,2.5337090492248535,3.1662628650665283,2.5801823139190674,2.396855115890503,-0.03544652834534645,2.2007758617401123,2.5458617210388184
24.74908447265625,-0.5692068934440613,1.7504621744155884,0.9637773275907006,4.169060230255127,2.55389142036438,3.1839122772216797,2.5487606525421143,2.4271974563598633,-0.01580691710114479,2.193220615386963,2.5699613094329834
24.799124479293823,-0.5569648146629333,1.7689284086227417,0.953043165744549,4.159051895141602,2.573564291000366,3.2037200927734375,2.5180530548095703,2.45685076713562,0.0052146813832223415,2.1825313568115234,2.595156192779541
24.849148273468018,-0.5443137884140015,1.7873451709747314,0.9437300432787141,4.1489787101745605,2.593512535095215,3.225818395614624,2.487562417984009,2.4854989051818848,0.02723444439470768,2.1687002182006836,2.6195895671844482
24.899156093597412,-0.5312494039535522,1.8054006099700928,0.9353566756207864,4.140162467956543,2.615584373474121,3.2489075660705566,2.4574618339538574,2.5131287574768066,0.04751473665237427,2.152865409851074,2.6413791179656982
24.949153184890747,-0.5176600217819214,1.8234660625457764,0.9286300845829009,4.1312971115112305,2.638270854949951,3.272127628326416,2.429154872894287,2.5413930416107178,0.06686783581972122,2.136350393295288,2.660226583480835
24.999175786972046,-0.5039584636688232,1.8412742614746094,0.9224757357879242,4.123769283294678,2.6618707180023193,3.295238733291626,2.401832103729248,2.5719094276428223,0.08581573516130447,2.1225228309631348,2.6765806674957275
25.049007892608643,-0.48989272117614746,1.859360694885254,0.9174525594569144,4.118297100067139,2.6861937046051025,3.3199262619018555,2.3746578693389893,2.604236364364624,0.10378562659025192,2.113985538482666,2.6914525032043457
25.09915065765381,-0.4759485721588135,1.8772588968276978,0.9122870472844082,4.1142988204956055,2.7110915184020996,3.3467841148376465,2.3475494384765625,2.637247085571289,0.12051756680011749,2.108661651611328,2.708055019378662
25.149075508117676,-0.46174004673957825,1.8952603340148926,0.9080938638347843,4.111130237579346,2.7369425296783447,3.376546859741211,2.3217720985412598,2.6696133613586426,0.1364523023366928,2.1058294773101807,2.7271509170532227
25.199371576309204,-0.4480591118335724,1.912390112876892,0.9047610560206675,4.1082892417907715,2.7623188495635986,3.4072465896606445,2.2991576194763184,2.6992688179016113,0.15176676213741302,2.105344295501709,2.746717691421509
25.2492196559906,-0.4329236149787903,1.9313528537750244,0.901800339860909,4.105759620666504,2.7902629375457764,3.444821834564209,2.2764477729797363,2.7316529750823975,0.1684858202934265,2.105818748474121,2.7696452140808105
25.299203872680664,-0.41816386580467224,1.9495949745178223,0.899702067895916,4.102913856506348,2.8168845176696777,3.4829442501068115,2.2554681301116943,2.7621216773986816,0.1851024180650711,2.106152296066284,2.7919845581054688
25.34937810897827,-0.404195636510849,1.9667463302612305,0.8975905717915943,4.098205089569092,2.8425042629241943,3.520317554473877,2.235229253768921,2.7917981147766113,0.20171427726745605,2.107163906097412,2.8135318756103516
25.399222135543823,-0.3886292576789856,1.985840916633606,0.8943806348537672,4.090109825134277,2.871110677719116,3.5589542388916016,2.211745023727417,2.82602596282959,0.22096747159957886,2.109950542449951,2.837430238723755
25.4494206905365,-0.3736298978328705,2.003831386566162,0.8925622908263431,4.080069065093994,2.89662766456604,3.590993881225586,2.1901297569274902,2.8598384857177734,0.23935000598430634,2.1153221130371094,2.8599956035614014
25.49947500228882,-0.3598172664642334,2.0193421840667725,0.8892990296387107,4.069145679473877,2.9161245822906494,3.617396593093872,2.1704463958740234,2.8900704383850098,0.25540193915367126,2.1209418773651123,2.8811872005462646
25.549246311187744,-0.34348583221435547,2.038461923599243,0.8870024624698457,4.053376197814941,2.934842109680176,3.6488187313079834,2.1441712379455566,2.927156925201416,0.27337753772735596,2.1278159618377686,2.9093308448791504
25.599157094955444,-0.32860347628593445,2.055168867111206,0.8806138173780387,4.038862705230713,2.9456326961517334,3.674088716506958,2.120854139328003,2.9585163593292236,0.2876306176185608,2.134732961654663,2.9331274032592773
25.64911723136902,-0.3140992522239685,2.0715091228485107,0.8780982428713924,4.02056884765625,2.9532248973846436,3.701425075531006,2.0936272144317627,2.9927031993865967,0.30301031470298767,2.1414036750793457,2.9578800201416016
25.69934344291687,-0.3025447428226471,2.085176706314087,0.8720017961553609,4.003244400024414,2.9565701484680176,3.7243714332580566,2.0692648887634277,3.020087242126465,0.31687861680984497,2.146747589111328,2.975832223892212
25.74921488761902,-0.28932157158851624,2.100496530532837,0.8627318187845883,3.979104995727539,2.956634998321533,3.753627300262451,2.036607027053833,3.050846576690674,0.3376694321632385,2.151705265045166,2.9932034015655518
25.799294233322144,-0.2779447138309479,2.114546060562134,0.8519195187078075,3.957723617553711,2.952585458755493,3.7780816555023193,2.0068728923797607,3.072693347930908,0.3581714630126953,2.1556544303894043,3.0033323764801025
25.8491313457489,-0.2672240436077118,2.127608299255371,0.8388301886953288,3.9348256587982178,2.94386625289917,3.803265333175659,1.973385214805603,3.091400384902954,0.38123950362205505,2.1627371311187744,3.009701728820801
25.89924192428589,-0.2576676309108734,2.1398324966430664,0.8231108877414429,3.9130592346191406,2.932175874710083,3.826857328414917,1.9384889602661133,3.1057021617889404,0.40397879481315613,2.173452377319336,3.011995553970337
25.949116945266724,-0.249482199549675,2.150463581085205,0.8053419037750376,3.8937437534332275,2.9192113876342773,3.8486788272857666,1.9026756286621094,3.115856885910034,0.425959974527359,2.1867692470550537,3.0116703510284424
25.99925994873047,-0.24069221317768097,2.162303924560547,0.7812170315351007,3.8759546279907227,2.9051899909973145,3.8699426651000977,1.8649505376815796,3.1229357719421387,0.4483370780944824,2.199937105178833,3.008286237716675
26.04943871498108,-0.23306041955947876,2.1725635528564453,0.7576132112264428,3.862312078475952,2.891885280609131,3.888291120529175,1.8305598497390747,3.1264724731445312,0.46877995133399963,2.209792137145996,3.0024523735046387
26.09928584098816,-0.22598309814929962,2.182202100753784,0.7306867596716778,3.854400634765625,2.878443956375122,3.9057886600494385,1.7977633476257324,3.1273257732391357,0.4890435039997101,2.218674659729004,2.994209051132202
26.14913272857666,-0.21933992207050323,2.191370725631714,0.7029104149543707,3.8501529693603516,2.8668277263641357,3.923743963241577,1.7658718824386597,3.1248056888580322,0.5091239213943481,2.228036642074585,2.984647274017334
26.199211597442627,-0.2120223343372345,2.2002973556518555,0.6754726258431306,3.8455076217651367,2.8583340644836426,3.9414167404174805,1.735611081123352,3.1184353828430176,0.5287629961967468,2.237445592880249,2.974320650100708
26.249154806137085,-0.2044491022825241,2.2089409828186035,0.6478124732488207,3.8378593921661377,2.853729009628296,3.95823073387146,1.7068723440170288,3.1087405681610107,0.5482867956161499,2.245307683944702,2.9650139808654785
26.299064874649048,-0.19648948311805725,2.217526912689209,0.6213618959525471,3.827623128890991,2.8516616821289062,3.973473310470581,1.6782015562057495,3.097653865814209,0.5674665570259094,2.251077651977539,2.9572412967681885
26.349114418029785,-0.18755607306957245,2.226262092590332,0.5952738932927648,3.8147623538970947,2.851850986480713,3.9875736236572266,1.6484758853912354,3.0863356590270996,0.5857523679733276,2.254408597946167,2.9514551162719727
26.39911413192749,-0.17799188196659088,2.2351133823394775,0.5696208000605248,3.798795223236084,2.853346109390259,4.001296520233154,1.6171066761016846,3.0760064125061035,0.603356659412384,2.2562415599823,2.948838233947754
26.449243783950806,-0.16830845177173615,2.243826389312744,0.5436258805441179,3.7784955501556396,2.855358600616455,4.015020370483398,1.584039568901062,3.06638240814209,0.6212871074676514,2.256958484649658,2.9489285945892334
26.49926233291626,-0.1581723392009735,2.2524819374084473,0.518531575926699,3.7547152042388916,2.8564260005950928,4.029208183288574,1.5500763654708862,3.057466745376587,0.6403760313987732,2.2560102939605713,2.9494001865386963
26.54961585998535,-0.14800821244716644,2.2608869075775146,0.49337095437326206,3.7292678356170654,2.857264280319214,4.044032573699951,1.515998125076294,3.0490200519561768,0.660043478012085,2.2534518241882324,2.9502363204956055
26.59904909133911,-0.1375114917755127,2.269045114517212,0.469819400893911,3.7050621509552,2.858309745788574,4.059877395629883,1.4817345142364502,3.041175365447998,0.6789502501487732,2.249889850616455,2.9520182609558105
26.649054527282715,-0.12754017114639282,2.2764062881469727,0.44745310568450863,3.683283805847168,2.859694242477417,4.075954437255859,1.4476919174194336,3.0344109535217285,0.6960518956184387,2.2463595867156982,2.9576797485351562
26.699027061462402,-0.11587350815534592,2.2843072414398193,0.42408216882433686,3.663844585418701,2.8599488735198975,4.092513561248779,1.4145534038543701,3.0286972522735596,0.7116009593009949,2.2426412105560303,2.967177391052246
26.749208450317383,-0.10544240474700928,2.290921688079834,0.40402302425859954,3.6467573642730713,2.857748031616211,4.1079630851745605,1.3842582702636719,3.0225582122802734,0.726671040058136,2.2373769283294678,2.9772238731384277
26.799172163009644,-0.09357304126024246,2.298243999481201,0.3814075908201797,3.629145383834839,2.8514866828918457,4.123508930206299,1.3501944541931152,3.0138747692108154,0.7443837523460388,2.227879047393799,2.987661123275757
26.849157571792603,-0.08241568505764008,2.3046860694885254,0.36119011565475523,3.616265296936035,2.841228723526001,4.135817050933838,1.3165888786315918,3.004110336303711,0.7616941928863525,2.216480255126953,2.9963183403015137
26.89924144744873,-0.07147975265979767,2.310664176940918,0.34287668351508005,3.6092708110809326,2.829275369644165,4.145284652709961,1.2827335596084595,2.9937353134155273,0.7784887552261353,2.2043700218200684,3.003246545791626
26.949050903320312,-0.05871698632836342,2.3167223930358887,0.3252234771364162,3.6076807975769043,2.8123860359191895,4.152192115783691,1.2431554794311523,2.981253147125244,0.7985363602638245,2.19171142578125,3.009326457977295
26.999095916748047,-0.0473843552172184,2.3219423294067383,0.30905080939633084,3.6105666160583496,2.7950711250305176,4.155306339263916,1.2066786289215088,2.970245838165283,0.8178638815879822,2.182563304901123,3.0131170749664307
27.049043893814087,-0.03440222144126892,2.3273167610168457,0.2925804190886084,3.618093490600586,2.773001194000244,4.156276702880859,1.1658285856246948,2.9593594074249268,0.8407272696495056,2.1738321781158447,3.0160369873046875
27.099408388137817,-0.022286957129836082,2.3321285247802734,0.2773229727351379,3.6294147968292236,2.750005006790161,4.154281139373779,1.125951886177063,2.9504170417785645,0.863124430179596,2.1661839485168457,3.0165398120880127
27.149046659469604,-0.010326715186238289,2.336862325668335,0.2616723528569852,3.643779754638672,2.7269515991210938,4.150226593017578,1.0872323513031006,2.9427449703216553,0.8846217393875122,2.1582353115081787,3.0149896144866943
27.199142932891846,0.0036383485421538353,2.3414196968078613,0.24746737998221793,3.6639838218688965,2.70017409324646,4.142575740814209,1.0424435138702393,2.9349427223205566,0.9087457060813904,2.1487483978271484,3.011556386947632
27.249653577804565,0.016362730413675308,2.345364570617676,0.2349483526469809,3.6873247623443604,2.6734442710876465,4.132299423217773,0.9997003674507141,2.9275574684143066,0.9314361810684204,2.138956069946289,3.0073328018188477
27.29924726486206,0.030766308307647705,2.3496527671813965,0.22121993342025473,3.7130699157714844,2.6457138061523438,4.11952018737793,0.9583713412284851,2.9195423126220703,0.9541173577308655,2.128737211227417,3.0025768280029297
27.349037408828735,0.04462582990527153,2.3535308837890625,0.20795045953507466,3.739764928817749,2.6187682151794434,4.10403299331665,0.9173110127449036,2.9102704524993896,0.976775586605072,2.1191658973693848,2.99741530418396
27.399361848831177,0.05786892771720886,2.3567848205566406,0.19648987607715834,3.764664649963379,2.593534469604492,4.088777542114258,0.8789506554603577,2.8994312286376953,0.998153805732727,2.111405372619629,2.992145299911499
27.44904637336731,0.07314619421958923,2.360128879547119,0.18366997339689087,3.7901861667633057,2.5669469833374023,4.073392868041992,0.8371298909187317,2.884648084640503,1.0213682651519775,2.1046085357666016,2.985183000564575
27.49911856651306,0.0875086560845375,2.363058567047119,0.17209338637911975,3.8119497299194336,2.543513298034668,4.0617804527282715,0.7984015345573425,2.8682589530944824,1.0421403646469116,2.1001996994018555,2.9779820442199707
27.54915142059326,0.10041528195142746,2.3653616905212402,0.16259070800846986,3.828092575073242,2.5232458114624023,4.052900791168213,0.764034628868103,2.851562023162842,1.0592705011367798,2.0970842838287354,2.970928192138672
27.599478721618652,0.11672747135162354,2.3679428100585938,0.15116190920639544,3.844033718109131,2.4956576824188232,4.042478084564209,0.7203859686851501,2.8281755447387695,1.0781279802322388,2.0920939445495605,2.961564064025879
27.649136543273926,0.12892983853816986,2.369892120361328,0.14277391735339368,3.8530468940734863,2.4732980728149414,4.0352463722229,0.6877432465553284,2.8096249103546143,1.0906429290771484,2.0874898433685303,2.9544527530670166
27.699159145355225,0.14677724242210388,2.372706174850464,0.13129082609049583,3.8630495071411133,2.438988447189331,4.025931358337402,0.642812967300415,2.781282663345337,1.107105016708374,2.07767915725708,2.944547176361084
27.749030590057373,0.16025729477405548,2.3745784759521484,0.12338784423433687,3.870464563369751,2.4078104496002197,4.018538951873779,0.6064884066581726,2.756014585494995,1.12043035030365,2.0661697387695312,2.9368093013763428
27.799309492111206,0.17731991410255432,2.3768978118896484,0.11360569133898593,3.8776402473449707,2.369105339050293,4.010317802429199,0.5648424029350281,2.7254154682159424,1.1352366209030151,2.051706552505493,2.929764747619629
27.849124670028687,0.19041959941387177,2.3786418437957764,0.10695107267908266,3.88212251663208,2.3335177898406982,4.003575801849365,0.5284413695335388,2.6979434490203857,1.1468786001205444,2.038898229598999,2.9254417419433594
27.899178504943848,0.20791193842887878,2.380824565887451,0.0980502762369618,3.8841781616210938,2.285553216934204,3.9962198734283447,0.4808449447154999,2.6620192527770996,1.1589319705963135,2.0204012393951416,2.9210422039031982
27.94941759109497,0.2224155068397522,2.382422924041748,0.0911749107834022,3.8826732635498047,2.2405049800872803,3.9914000034332275,0.43624794483184814,2.6281826496124268,1.1668692827224731,2.000969648361206,2.9177188873291016
27.999265909194946,0.23801013827323914,2.384134292602539,0.08427457619687745,3.8789865970611572,2.1970930099487305,3.9886245727539062,0.39177900552749634,2.5946693420410156,1.172046184539795,1.9816478490829468,2.91524076461792
28.049155712127686,0.2534742057323456,2.3857271671295166,0.07724272021763624,3.874335765838623,2.1500282287597656,3.986677885055542,0.3429058790206909,2.5577330589294434,1.1763067245483398,1.961346983909607,2.91349458694458
28.09927248954773,0.2699681222438812,2.3872931003570557,0.07060504390625431,3.8709566593170166,2.1027729511260986,3.9843087196350098,0.2908625900745392,2.5193049907684326,1.1799019575119019,1.9407235383987427,2.912461519241333
28.149301767349243,0.2858354151248932,2.3884963989257812,0.06433614625820767,3.86962628364563,2.061906576156616,3.9794938564300537,0.24358712136745453,2.4849801063537598,1.1834148168563843,1.9208139181137085,2.9121956825256348
28.199042081832886,0.30177491903305054,2.389788866043091,0.058034879730314924,3.867995500564575,2.018893241882324,3.97126841545105,0.19901308417320251,2.4522106647491455,1.1884692907333374,1.9018832445144653,2.9128384590148926
28.249213218688965,0.317524254322052,2.390758991241455,0.052067109527007584,3.8661961555480957,1.9739123582839966,3.9606921672821045,0.1569993644952774,2.4190025329589844,1.1967285871505737,1.8842796087265015,2.913905143737793
28.299155473709106,0.33249884843826294,2.391613721847534,0.04709791995568188,3.86447811126709,1.929555892944336,3.949725866317749,0.11939834803342819,2.3878774642944336,1.2072868347167969,1.8674014806747437,2.913816452026367
28.349127054214478,0.34910449385643005,2.3923983573913574,0.041353097473396314,3.862680673599243,1.8773874044418335,3.9371938705444336,0.079391710460186,2.355132818222046,1.2199283838272095,1.8460357189178467,2.9113962650299072
28.399282217025757,0.3647232949733734,2.3929214477539062,0.036213596083710366,3.8615798950195312,1.8282607793807983,3.924835681915283,0.04197093844413757,2.327995777130127,1.2306842803955078,1.8255188465118408,2.9072906970977783
28.449148893356323,0.3802700638771057,2.3934104442596436,0.03129877068041901,3.8607568740844727,1.7784992456436157,3.91139554977417,0.003798004239797592,2.3030457496643066,1.240749716758728,1.8076817989349365,2.9022371768951416
28.499188899993896,0.3956931233406067,2.3938491344451904,0.026488135824849976,3.860089063644409,1.727777361869812,3.8970885276794434,-0.03598862886428833,2.2777767181396484,1.251228928565979,1.7913949489593506,2.8962957859039307
28.54933214187622,0.41032105684280396,2.394155263900757,0.02189837165189331,3.859224557876587,1.6791071891784668,3.882568597793579,-0.07463431358337402,2.252506971359253,1.2621099948883057,1.7752231359481812,2.889434814453125
28.599000215530396,0.42653587460517883,2.394469976425171,0.01723339087673459,3.8580679893493652,1.6247978210449219,3.8653147220611572,-0.1184861958026886,2.2220189571380615,1.276267647743225,1.7570524215698242,2.880390167236328
28.649206161499023,0.4420776665210724,2.3946995735168457,0.01266209669012949,3.8550498485565186,1.57314932346344,3.84792160987854,-0.16055552661418915,2.1921794414520264,1.2933310270309448,1.7409148216247559,2.8708391189575195
28.699054956436157,0.45725134015083313,2.394865036010742,0.008332613203218585,3.8498847484588623,1.5232436656951904,3.8296594619750977,-0.20292076468467712,2.161346912384033,1.316476821899414,1.7260714769363403,2.8601491451263428
28.750410795211792,0.47170451283454895,2.394939422607422,0.004203419528828559,3.8430545330047607,1.4776405096054077,3.811694860458374,-0.2448132485151291,2.129425525665283,1.3390833139419556,1.7118899822235107,2.8485267162323
28.799168825149536,0.48612523078918457,2.395075798034668,-0.0003531121194976293,3.834052562713623,1.439979910850525,3.7975289821624756,-0.2812449038028717,2.102780342102051,1.3548662662506104,1.6997120380401611,2.8375089168548584
28.84935450553894,0.5032196044921875,2.394876003265381,-0.005278712993657003,3.8175084590911865,1.3950737714767456,3.781450033187866,-0.32686224579811096,2.0718650817871094,1.3734294176101685,1.6847196817398071,2.823899984359741
28.899022340774536,0.5185548067092896,2.394934892654419,-0.009888448427338138,3.800574541091919,1.3569257259368896,3.7675697803497314,-0.36820682883262634,2.0450315475463867,1.3922420740127563,1.6711127758026123,2.8126132488250732
28.949174404144287,0.5337806344032288,2.3946423530578613,-0.014033854932768736,3.7814741134643555,1.3197832107543945,3.754486083984375,-0.409772664308548,2.0191311836242676,1.4114176034927368,1.6562986373901367,2.802901029586792
28.99902319908142,0.548981785774231,2.3946075439453125,-0.0187185411606885,3.7597274780273438,1.2838133573532104,3.7430505752563477,-0.4504159092903137,1.9956501722335815,1.4268434047698975,1.6409703493118286,2.795560359954834
29.049237489700317,0.5643481016159058,2.394223690032959,-0.023477494718511162,3.733762741088867,1.2475106716156006,3.7327139377593994,-0.489810049533844,1.9723944664001465,1.4394793510437012,1.626278281211853,2.7904651165008545
29.099215745925903,0.5797571539878845,2.3939907550811768,-0.028251637683791374,3.7034451961517334,1.2113037109375,3.722835063934326,-0.5296887159347534,1.9462671279907227,1.450994610786438,1.612734317779541,2.787107229232788
29.149279594421387,0.5938579440116882,2.393836259841919,-0.03188599729043117,3.6716325283050537,1.1784753799438477,3.714057207107544,-0.5686065554618835,1.9187135696411133,1.4616385698318481,1.6012094020843506,2.785188913345337
29.19931960105896,0.6097214818000793,2.3932995796203613,-0.0358527565353122,3.632528305053711,1.143700122833252,3.705253839492798,-0.6131614446640015,1.887108564376831,1.4733985662460327,1.5886070728302002,2.7839579582214355
29.249162435531616,0.6243207454681396,2.3929481506347656,-0.040258908998726535,3.593008518218994,1.1125317811965942,3.699113368988037,-0.6558566093444824,1.8582814931869507,1.4845391511917114,1.5764610767364502,2.784585475921631
29.2992000579834,0.6401386260986328,2.392300605773926,-0.04399875242851189,3.5503993034362793,1.0811474323272705,3.695019483566284,-0.6980032920837402,1.8303802013397217,1.4961601495742798,1.5641045570373535,2.7869412899017334
29.349117755889893,0.654518723487854,2.3917417526245117,-0.047456457885478566,3.5108330249786377,1.0514806509017944,3.6923680305480957,-0.7396029829978943,1.8020009994506836,1.508832573890686,1.5519335269927979,2.79101824760437
29.399043083190918,0.6701639890670776,2.391064405441284,-0.050404977937879736,3.4738993644714355,1.021087884902954,3.6898069381713867,-0.7806510925292969,1.7722598314285278,1.5231069326400757,1.5412170886993408,2.7967772483825684
29.44899082183838,0.6859572529792786,2.3900420665740967,-0.05344548733732049,3.4377872943878174,0.987975537776947,3.6857080459594727,-0.820805013179779,1.7418632507324219,1.5376511812210083,1.5319303274154663,2.804039239883423
29.49902629852295,0.7005346417427063,2.3889501094818115,-0.05588714085670971,3.4028055667877197,0.9534982442855835,3.679039239883423,-0.8600252270698547,1.711431622505188,1.5508019924163818,1.5242544412612915,2.812889337539673
29.548991203308105,0.7155089378356934,2.387929677963257,-0.059268480937576674,3.3698441982269287,0.9185706973075867,3.6696157455444336,-0.8983370661735535,1.6810334920883179,1.5620651245117188,1.5171904563903809,2.8223605155944824
29.599252223968506,0.729724645614624,2.386761426925659,-0.062361234226028094,3.337830066680908,0.8836309313774109,3.65810489654541,-0.9354367852210999,1.6506580114364624,1.571041464805603,1.5090478658676147,2.8324780464172363
29.648988723754883,0.7433599829673767,2.385324478149414,-0.06588565461049158,3.305408000946045,0.848493754863739,3.6456332206726074,-0.9707231521606445,1.6202298402786255,1.5786690711975098,1.5007864236831665,2.842073917388916
29.699151754379272,0.7559199333190918,2.3842408657073975,-0.06857929404266228,3.2719180583953857,0.8131737112998962,3.6320621967315674,-1.005913496017456,1.589227318763733,1.5857006311416626,1.4927806854248047,2.8507320880889893
29.749250173568726,0.7669742703437805,2.3833024501800537,-0.0719823318887531,3.2401928901672363,0.7796116471290588,3.617603063583374,-1.0401972532272339,1.5599795579910278,1.591628074645996,1.4858049154281616,2.8583734035491943
29.799148082733154,0.777315080165863,2.3825490474700928,-0.07794570836074313,3.2086434364318848,0.7458029985427856,3.6013031005859375,-1.075613260269165,1.5313249826431274,1.5976874828338623,1.4797214269638062,2.8651578426361084
29.849045515060425,0.7881640195846558,2.3819315433502197,-0.0842961763096713,3.1725566387176514,0.7059431672096252,3.5799989700317383,-1.1178958415985107,1.498879075050354,1.6056996583938599,1.4748857021331787,2.8718950748443604
29.89913558959961,0.7951537370681763,2.381493330001831,-0.09036629824218148,3.1434295177459717,0.6740366816520691,3.5613081455230713,-1.1517232656478882,1.4750003814697266,1.612384557723999,1.4725180864334106,2.8760316371917725
29.94908046722412,0.8032172918319702,2.3814663887023926,-0.10069718547088491,3.107886552810669,0.6354270577430725,3.5357491970062256,-1.1933534145355225,1.448297142982483,1.6215730905532837,1.4709951877593994,2.879488945007324
29.99929666519165,0.8078670501708984,2.3819000720977783,-0.11067753794694184,3.0802512168884277,0.6065614223480225,3.514089345932007,-1.2259793281555176,1.4299938678741455,1.6294389963150024,1.470792293548584,2.881247043609619
30.049155950546265,0.8125309348106384,2.3827226161956787,-0.12687332551703895,3.0436573028564453,0.572689414024353,3.486353635787964,-1.265920877456665,1.4110628366470337,1.6393448114395142,1.471290946006775,2.882925271987915
30.099305391311646,0.8152907490730286,2.3836796283721924,-0.14148210719601517,3.0097711086273193,0.5452893376350403,3.464340925216675,-1.298950433731079,1.3986961841583252,1.6468247175216675,1.4714148044586182,2.8842060565948486
30.149460554122925,0.8187653422355652,2.384589433670044,-0.15761716191866168,2.9690628051757812,0.5160436630249023,3.4423203468322754,-1.3361949920654297,1.3879709243774414,1.6538429260253906,1.4717344045639038,2.8852226734161377
30.199355840682983,0.8222483396530151,2.3848588466644287,-0.17192911059922442,2.92895770072937,0.48992443084716797,3.422447443008423,-1.3720568418502808,1.3797097206115723,1.6598433256149292,1.4722063541412354,2.885840654373169
30.249118089675903,0.8252622485160828,2.385443687438965,-0.18796313392782968,2.886693239212036,0.46569421887397766,3.40266489982605,-1.4078675508499146,1.3720933198928833,1.6658772230148315,1.471777081489563,2.886138916015625
30.299200773239136,0.8284527063369751,2.385889768600464,-0.20649250370532815,2.8411617279052734,0.44355425238609314,3.383028507232666,-1.4429607391357422,1.3647795915603638,1.67197585105896,1.4707123041152954,2.886815071105957
30.34920382499695,0.8315975666046143,2.386979341506958,-0.22710112749735148,2.792518138885498,0.4239213466644287,3.3633294105529785,-1.4772576093673706,1.3582830429077148,1.6776560544967651,1.4696941375732422,2.8884284496307373
30.39918804168701,0.8351496458053589,2.38767147064209,-0.249895150230771,2.7436344623565674,0.4077521562576294,3.344303607940674,-1.509578824043274,1.353116750717163,1.682458519935608,1.4685128927230835,2.89058780670166
30.449251413345337,0.8384920358657837,2.3893074989318848,-0.2770650425192424,2.6868247985839844,0.39298081398010254,3.322610855102539,-1.5460213422775269,1.3485325574874878,1.6872843503952026,1.4664103984832764,2.893815040588379
30.499276638031006,0.8422180414199829,2.39067006111145,-0.306881992619594,2.6317813396453857,0.38159170746803284,3.3017659187316895,-1.5829871892929077,1.3453160524368286,1.6915658712387085,1.4639701843261719,2.8979809284210205
30.54919147491455,0.8451641201972961,2.3919119834899902,-0.33762873725982284,2.574368953704834,0.3715664744377136,3.2816624641418457,-1.6211940050125122,1.3433756828308105,1.6957155466079712,1.4610295295715332,2.9030442237854004
30.599157094955444,0.848716139793396,2.393805503845215,-0.3720625588901459,2.522310256958008,0.36280083656311035,3.2633798122406006,-1.6582170724868774,1.3424254655838013,1.6993544101715088,1.458114743232727,2.9085118770599365
30.64920997619629,0.8529970049858093,2.3954575061798096,-0.41258199264485795,2.4694294929504395,0.3522600531578064,3.2439775466918945,-1.700089693069458,1.342142105102539,1.7028549909591675,1.4546844959259033,2.9154531955718994
30.699159383773804,0.8563094139099121,2.396906614303589,-0.4556409040743869,2.421252489089966,0.33934730291366577,3.2266757488250732,-1.7390224933624268,1.3423330783843994,1.705509901046753,1.4512771368026733,2.9225780963897705
30.74912428855896,0.8594319224357605,2.3985702991485596,-0.5021872453467422,2.374112844467163,0.32351940870285034,3.209235906600952,-1.7761698961257935,1.3429373502731323,1.7072826623916626,1.446901559829712,2.930579662322998
30.799494981765747,0.8640682101249695,2.4001588821411133,-0.546016801089169,2.3311192989349365,0.307202011346817,3.1907849311828613,-1.8100647926330566,1.343890905380249,1.7082798480987549,1.441403865814209,2.938638210296631
30.84914541244507,0.8671143651008606,2.4019436836242676,-0.5968451742625311,2.289609670639038,0.2907695174217224,3.170161724090576,-1.8423447608947754,1.3449727296829224,1.708649754524231,1.435546875,2.946868896484375
30.899252891540527,0.8713191151618958,2.4037792682647705,-0.6534057593129254,2.240884780883789,0.270871102809906,3.143049716949463,-1.8776334524154663,1.3457719087600708,1.7089799642562866,1.4271798133850098,2.9565696716308594
30.949072122573853,0.8744465112686157,2.4062604904174805,-0.7113654432925287,2.1968398094177246,0.25210922956466675,3.116905689239502,-1.9069252014160156,1.3463119268417358,1.7090448141098022,1.4173364639282227,2.965392589569092
30.999159336090088,0.8788833618164062,2.407569169998169,-0.7710133903317234,2.1530964374542236,0.2318495661020279,3.089388847351074,-1.9343295097351074,1.3468623161315918,1.708829641342163,1.40629243850708,2.9742021560668945
31.049234867095947,0.8827358484268188,2.40926456451416,-0.8286233128244502,2.1109278202056885,0.21028104424476624,3.0605578422546387,-1.9596490859985352,1.3473705053329468,1.70869779586792,1.3943078517913818,2.9830973148345947
31.099193572998047,0.886803388595581,2.4106385707855225,-0.8853669269099941,2.0717737674713135,0.18728388845920563,3.0297420024871826,-1.9824275970458984,1.3476381301879883,1.7089037895202637,1.3807107210159302,2.9919965267181396
31.14909291267395,0.8908675909042358,2.4113402366638184,-0.9438939245566996,2.036043882369995,0.1632135659456253,2.9970295429229736,-2.0033657550811768,1.3478155136108398,1.7091658115386963,1.3651353120803833,3.00085711479187
31.199193954467773,0.8953375816345215,2.41208553314209,-0.9973310240520147,2.000119686126709,0.13803961873054504,2.9631359577178955,-2.0219690799713135,1.3480849266052246,1.709579586982727,1.3473917245864868,3.009463310241699
31.249086141586304,0.8990881443023682,2.4132792949676514,-1.056157353613274,1.9629701375961304,0.11239928007125854,2.9276840686798096,-2.0383176803588867,1.348827838897705,1.709936499595642,1.3278030157089233,3.017665147781372
31.299164295196533,0.9037328958511353,2.4134554862976074,-1.1119011553480576,1.924124002456665,0.0877506211400032,2.890024423599243,-2.05297589302063,1.3498468399047852,1.7105883359909058,1.305885672569275,3.0248122215270996
31.349019765853882,0.9078245759010315,2.413297414779663,-1.1666762283326682,1.8800632953643799,0.06484945118427277,2.8505027294158936,-2.066249370574951,1.3511450290679932,1.7117996215820312,1.2814204692840576,3.030806064605713
31.39936637878418,0.9120432734489441,2.413132905960083,-1.2215465171046493,1.8314101696014404,0.04377448186278343,2.8115196228027344,-2.0789268016815186,1.3529338836669922,1.7136577367782593,1.2541863918304443,3.0360307693481445
31.448996543884277,0.9162013530731201,2.412309169769287,-1.275639937553322,1.7810752391815186,0.02406897023320198,2.7753493785858154,-2.092806339263916,1.35460364818573,1.7167210578918457,1.2259142398834229,3.040229082107544
31.49916982650757,0.9203550219535828,2.410489559173584,-1.3284125480355962,1.7318880558013916,0.005181013140827417,2.7414255142211914,-2.1083755493164062,1.3557913303375244,1.7216501235961914,1.1964137554168701,3.043985366821289
31.549296617507935,0.9241900444030762,2.4085021018981934,-1.3808739407395894,1.6826658248901367,-0.012402426451444626,2.7084901332855225,-2.125314235687256,1.3562400341033936,1.7292083501815796,1.1663509607315063,3.047785758972168
31.59925150871277,0.9276301264762878,2.407378673553467,-1.4343581259397638,1.631047248840332,-0.028373457491397858,2.6758954524993896,-2.1427347660064697,1.3566596508026123,1.738796353340149,1.1386011838912964,3.051798105239868
31.649091720581055,0.9303616285324097,2.4067604541778564,-1.4750208641919258,1.5891424417495728,-0.03954987972974777,2.6509530544281006,-2.155802011489868,1.3571243286132812,1.7464615106582642,1.1179323196411133,3.055699348449707
31.699198246002197,0.9339960217475891,2.404890537261963,-1.5353428502884614,1.5236366987228394,-0.05425933003425598,2.613037347793579,-2.1746368408203125,1.358649492263794,1.7572675943374634,1.0869815349578857,3.063826084136963
31.749102115631104,0.9375293850898743,2.403271198272705,-1.5838227993340919,1.462654709815979,-0.06449053436517715,2.57684063911438,-2.191514730453491,1.3599525690078735,1.7669918537139893,1.058669090270996,3.072641372680664
31.79911732673645,0.9398560523986816,2.4014575481414795,-1.6230365799756592,1.4073286056518555,-0.071500763297081,2.542487382888794,-2.207402467727661,1.3608696460723877,1.7750880718231201,1.034325122833252,3.0812900066375732
31.849107265472412,0.9428766965866089,2.401916265487671,-1.6641676001914045,1.3468012809753418,-0.07801948487758636,2.5048482418060303,-2.2252390384674072,1.3622339963912964,1.7818338871002197,1.008687138557434,3.090947389602661
31.899430751800537,0.9455382823944092,2.399449110031128,-1.7047724294142341,1.2900185585021973,-0.08532482385635376,2.4666800498962402,-2.244739532470703,1.3627855777740479,1.788226842880249,0.9827654361724854,3.1017544269561768
31.949097156524658,0.9473509192466736,2.397705554962158,-1.7346841329632006,1.2423009872436523,-0.09358858317136765,2.4326701164245605,-2.263533115386963,1.361690878868103,1.793550968170166,0.9589188694953918,3.1123509407043457
31.99922275543213,0.9491989016532898,2.3931968212127686,-1.7693136731105457,1.1798597574234009,-0.10840591788291931,2.3883719444274902,-2.2891554832458496,1.357441782951355,1.7992613315582275,0.9294137954711914,3.1279709339141846
32.049020767211914,0.9495561122894287,2.388197660446167,-1.7949975742981221,1.130457878112793,-0.12416186183691025,2.352896213531494,-2.309394598007202,1.3522571325302124,1.802026629447937,0.9057966470718384,3.142544984817505
32.09921979904175,0.9497684240341187,2.383084297180176,-1.8182549600866225,1.0774797201156616,-0.1440340131521225,2.313145160675049,-2.3292977809906006,1.343827486038208,1.8028173446655273,0.882358968257904,3.160796880722046
32.14932942390442,0.9496898651123047,2.378314256668091,-1.8344546333611937,1.031221628189087,-0.16289553046226501,2.2774648666381836,-2.343017101287842,1.3340028524398804,1.8008437156677246,0.8642061352729797,3.17887020111084
32.199055194854736,0.9490761160850525,2.3728723526000977,-1.8506103647815682,0.9793418645858765,-0.18492001295089722,2.237130880355835,-2.354588270187378,1.3200297355651855,1.7956547737121582,0.843707799911499,3.1998202800750732
32.249409198760986,0.9486230611801147,2.3679330348968506,-1.8640267583096168,0.9324421286582947,-0.20565713942050934,2.201117515563965,-2.362638473510742,1.3053709268569946,1.7879868745803833,0.8242835402488708,3.219219923019409
32.2992148399353,0.9475006461143494,2.361595392227173,-1.8775009587049774,0.8803244233131409,-0.23005545139312744,2.1621580123901367,-2.369727611541748,1.2871513366699219,1.776180624961853,0.8024745583534241,3.239039659500122
32.349343061447144,0.9463846683502197,2.3555102348327637,-1.8876118591622544,0.83113694190979,-0.25465503334999084,2.1263434886932373,-2.3752360343933105,1.2686878442764282,1.7623943090438843,0.7809464335441589,3.2545902729034424
32.40011262893677,0.9449502825737,2.348900079727173,-1.8957429700060595,0.7831555008888245,-0.28021523356437683,2.090557336807251,-2.3791983127593994,1.2489113807678223,1.7457938194274902,0.756588876247406,3.2671475410461426
32.44923686981201,0.9429548978805542,2.341799736022949,-1.9038248408953753,0.7357165813446045,-0.3068229556083679,2.0535595417022705,-2.381580352783203,1.2281162738800049,1.7259101867675781,0.731006920337677,3.2768564224243164
32.499470710754395,0.9408974051475525,2.3343899250030518,-1.910856397057041,0.6908829808235168,-0.33310624957084656,2.0158205032348633,-2.38240122795105,1.2056934833526611,1.7030926942825317,0.7056247591972351,3.2840723991394043
32.549060583114624,0.9385318160057068,2.326763153076172,-1.9163036145874552,0.6488214731216431,-0.3566325902938843,1.9776333570480347,-2.3813862800598145,1.1818422079086304,1.677262783050537,0.6800023317337036,3.2889292240142822
32.59941554069519,0.9362342357635498,2.319080114364624,-1.9200775876729883,0.6065601110458374,-0.3765597641468048,1.9391956329345703,-2.378458261489868,1.1562833786010742,1.6488683223724365,0.6523228287696838,3.2910475730895996
32.649009466171265,0.9334303736686707,2.3107144832611084,-1.9233561434122455,0.563299298286438,-0.39327871799468994,1.9005557298660278,-2.374333381652832,1.131241798400879,1.6192115545272827,0.6227622628211975,3.2908191680908203
32.699392795562744,0.9305205345153809,2.3027167320251465,-1.922527412827541,0.5197657346725464,-0.408060222864151,1.8619619607925415,-2.369516372680664,1.1058273315429688,1.5896611213684082,0.5916383266448975,3.287614583969116
32.74920105934143,0.9274100661277771,2.2955243587493896,-1.9183382500973838,0.4765160083770752,-0.4218239486217499,1.8234561681747437,-2.3645691871643066,1.0819056034088135,1.5607423782348633,0.5590386390686035,3.281503915786743
32.79915380477905,0.924397349357605,2.2889370918273926,-1.911108893073063,0.43268367648124695,-0.4351796507835388,1.7854167222976685,-2.3602466583251953,1.060264229774475,1.53354811668396,0.5251067280769348,3.2730212211608887
32.84909462928772,0.9212222695350647,2.2833752632141113,-1.9002147995114347,0.3893212676048279,-0.4473252296447754,1.7492517232894897,-2.357893705368042,1.039999008178711,1.5100617408752441,0.49080026149749756,3.2623469829559326
32.89932131767273,0.9180372953414917,2.2786054611206055,-1.8841601582401717,0.3382490277290344,-0.46045514941215515,1.7084516286849976,-2.3560469150543213,1.0177702903747559,1.4862425327301025,0.4521821439266205,3.2481205463409424
32.949122190475464,0.9153546690940857,2.2753772735595703,-1.867429891359377,0.290024995803833,-0.4712516963481903,1.6713193655014038,-2.3556220531463623,0.9997820854187012,1.4671566486358643,0.4172370731830597,3.234454393386841
32.99909234046936,0.9128052592277527,2.271907091140747,-1.8494610369857902,0.23443256318569183,-0.4816097617149353,1.6298943758010864,-2.35638165473938,0.9818578958511353,1.4486664533615112,0.37961116433143616,3.2195255756378174
33.049580335617065,0.9107095003128052,2.268657922744751,-1.8332761774207655,0.18473245203495026,-0.48935338854789734,1.5927926301956177,-2.3574485778808594,0.9664887189865112,1.4349430799484253,0.3484930098056793,3.2084898948669434
33.099316358566284,0.9085825085639954,2.2653121948242188,-1.8142509201150228,0.12765242159366608,-0.4980647563934326,1.550325870513916,-2.3587286472320557,0.9467074871063232,1.4223132133483887,0.3148377537727356,3.1982738971710205
33.14926552772522,0.9063183069229126,2.26196026802063,-1.7942825310486004,0.07365257292985916,-0.5071903467178345,1.5082275867462158,-2.3602519035339355,0.9259637594223022,1.4121780395507812,0.28294751048088074,3.18975830078125
33.19918775558472,0.903901994228363,2.258894681930542,-1.772385568272715,0.021991239860653877,-0.5177826285362244,1.4644838571548462,-2.362736225128174,0.9035036563873291,1.4040908813476562,0.25234222412109375,3.182018280029297
33.24927043914795,0.9012593030929565,2.2560503482818604,-1.74807543798261,-0.02920275554060936,-0.5311560034751892,1.4202334880828857,-2.3672332763671875,0.880592405796051,1.3989742994308472,0.2233200967311859,3.1750032901763916
33.29904270172119,0.8985069394111633,2.253401517868042,-1.7228873983626476,-0.07950068265199661,-0.5483071208000183,1.3755916357040405,-2.3740365505218506,0.8569865226745605,1.3960175514221191,0.19341613352298737,3.1680586338043213
33.349183797836304,0.8958110213279724,2.250661611557007,-1.695584687513978,-0.12812010943889618,-0.5680654048919678,1.3316172361373901,-2.3825490474700928,0.8328373432159424,1.3954418897628784,0.16262678802013397,3.1609086990356445
33.399051904678345,0.892358660697937,2.245739459991455,-1.6631938351402422,-0.174405038356781,-0.5896412134170532,1.2886228561401367,-2.391695261001587,0.8087658286094666,1.3975980281829834,0.1316240280866623,3.154155969619751
33.44941329956055,0.8901399970054626,2.243245840072632,-1.6292984570151874,-0.21949037909507751,-0.6120930910110474,1.2467069625854492,-2.3991823196411133,0.784755527973175,1.40165114402771,0.10173407196998596,3.1488776206970215
33.49909496307373,0.8878545761108398,2.2422616481781006,-1.5938759637935451,-0.26362481713294983,-0.635927140712738,1.2065038681030273,-2.4040679931640625,0.7596855759620667,1.4084055423736572,0.07272437959909439,3.1457178592681885
33.54920840263367,0.8847074508666992,2.240800619125366,-1.556284951240626,-0.30716851353645325,-0.6609986424446106,1.1675373315811157,-2.405869960784912,0.732872724533081,1.4165469408035278,0.04482684284448624,3.145036458969116
33.59915804862976,0.8811827898025513,2.234889507293701,-1.5068346110326984,-0.3498905301094055,-0.6877356171607971,1.1294429302215576,-2.4052464962005615,0.7059885263442993,1.4245787858963013,0.018332714214920998,3.1459600925445557
33.64909243583679,0.8779071569442749,2.2319207191467285,-1.4581930515586532,-0.39156201481819153,-0.7160603404045105,1.0925511121749878,-2.403449296951294,0.680401086807251,1.431921362876892,-0.007916760630905628,3.1472573280334473
33.69937062263489,0.8746014833450317,2.2291054725646973,-1.4067649160775402,-0.4314770996570587,-0.7457002997398376,1.056378960609436,-2.4009735584259033,0.6545766592025757,1.4387661218643188,-0.03221539035439491,3.149343729019165
33.74921751022339,0.8709978461265564,2.226558208465576,-1.3542737277489574,-0.4702009856700897,-0.7764154076576233,1.0201143026351929,-2.3974008560180664,0.6282280087471008,1.443393588066101,-0.05439705401659012,3.150601387023926
33.79909825325012,0.8673912286758423,2.2235183715820312,-1.3024076786258345,-0.5068874359130859,-0.807037353515625,0.983127236366272,-2.3925211429595947,0.6029318571090698,1.4448682069778442,-0.07835593819618225,3.1479480266571045
33.8492386341095,0.8644109964370728,2.219757080078125,-1.2492008888994663,-0.5397668480873108,-0.8348381519317627,0.9481760859489441,-2.3868067264556885,0.5799184441566467,1.4437328577041626,-0.10221190750598907,3.1426591873168945
33.899086713790894,0.8610227704048157,2.2166037559509277,-1.192175726286106,-0.5776822566986084,-0.8645512461662292,0.9095125198364258,-2.3785157203674316,0.5529665946960449,1.4398832321166992,-0.1281215101480484,3.135176658630371
33.949039459228516,0.8582951426506042,2.212972640991211,-1.139392663647754,-0.6122138500213623,-0.8900261521339417,0.8750959038734436,-2.368826389312744,0.5273958444595337,1.4351303577423096,-0.14938507974147797,3.128002405166626
33.999431848526,0.8555465340614319,2.2089412212371826,-1.0834980298256962,-0.6506087779998779,-0.9177563190460205,0.8375812768936157,-2.3561618328094482,0.49694839119911194,1.428981900215149,-0.17300644516944885,3.117784023284912
34.04920268058777,0.8529181480407715,2.205713987350464,-1.0296428770125226,-0.6839074492454529,-0.942712664604187,0.8048293590545654,-2.3436930179595947,0.4683989882469177,1.4222675561904907,-0.1949302852153778,3.1066935062408447
34.09921646118164,0.8504297137260437,2.20172119140625,-0.9763241618401057,-0.7196493744850159,-0.9700835943222046,0.7712847590446472,-2.330075979232788,0.43699342012405396,1.413727045059204,-0.21845002472400665,3.0931224822998047
34.14899921417236,0.848376989364624,2.1976964473724365,-0.9204275192720892,-0.7587945461273193,-1.000267744064331,0.7369818091392517,-2.3166134357452393,0.4034920930862427,1.402101755142212,-0.24306342005729675,3.0773563385009766
34.19915270805359,0.8465408682823181,2.194110631942749,-0.8744401693711448,-0.796172559261322,-1.02833092212677,0.7061378359794617,-2.305769681930542,0.37258610129356384,1.3896783590316772,-0.2644484043121338,3.0616040229797363
34.24919533729553,0.8449026346206665,2.189636468887329,-0.8157303348140587,-0.8396209478378296,-1.060546636581421,0.6719456911087036,-2.2949059009552,0.3360123932361603,1.3742263317108154,-0.2881429195404053,3.0415024757385254
34.29957938194275,0.8434981107711792,2.185828447341919,-0.7667924544467599,-0.879012405872345,-1.0888525247573853,0.6421123147010803,-2.2866837978363037,0.30093786120414734,1.3605140447616577,-0.30860084295272827,3.02181077003479
34.34899568557739,0.8422837257385254,2.1815412044525146,-0.7155496435626197,-0.9208741188049316,-1.1185048818588257,0.6113340258598328,-2.2780916690826416,0.26282137632369995,1.346059799194336,-0.3293739855289459,3.001277208328247
34.39920449256897,0.8412227630615234,2.1774113178253174,-0.6637524945998371,-0.9626274108886719,-1.1486345529556274,0.5810525417327881,-2.2682723999023438,0.22712257504463196,1.3315157890319824,-0.3507310748100281,2.981182336807251
34.44900035858154,0.8403425216674805,2.173140287399292,-0.6087178023993056,-1.0049678087234497,-1.1806795597076416,0.5482519865036011,-2.2563157081604004,0.1915169209241867,1.3188139200210571,-0.37339019775390625,2.9633266925811768
34.49920439720154,0.83974289894104,2.168701648712158,-0.5567107531447937,-1.0419809818267822,-1.2117393016815186,0.5156984329223633,-2.243513584136963,0.15643806755542755,1.3108928203582764,-0.39605212211608887,2.9495270252227783
34.54893708229065,0.8394029140472412,2.1644973754882812,-0.5047695241387743,-1.0761511325836182,-1.2461068630218506,0.4818689823150635,-2.2304348945617676,0.12004947662353516,1.3064056634902954,-0.4210275113582611,2.936333656311035
34.599421977996826,0.8394908905029297,2.159968376159668,-0.4531339114180016,-1.1058621406555176,-1.2835283279418945,0.44680312275886536,-2.2177703380584717,0.08360160142183304,1.3039189577102661,-0.4475661516189575,2.923560380935669
34.64922642707825,0.8397186994552612,2.1562628746032715,-0.4105298271270583,-1.1262513399124146,-1.3165578842163086,0.41624125838279724,-2.208239793777466,0.05392260104417801,1.3031193017959595,-0.46970492601394653,2.9135994911193848
34.69927215576172,0.8405312895774841,2.1509406566619873,-0.35128875881853894,-1.1487244367599487,-1.3636540174484253,0.37183845043182373,-2.196091413497925,0.013278796337544918,1.303701639175415,-0.5010401010513306,2.8998677730560303
34.749032735824585,0.841873288154602,2.146199941635132,-0.30054352215749613,-1.1633741855621338,-1.4047831296920776,0.333749383687973,-2.186288356781006,-0.02110932767391205,1.305009365081787,-0.528832197189331,2.8873112201690674
34.79921507835388,0.8438792824745178,2.141343593597412,-0.25020615974410676,-1.1747593879699707,-1.4460134506225586,0.296542763710022,-2.1754848957061768,-0.05572772026062012,1.3071802854537964,-0.5566518902778625,2.874946355819702
34.849212408065796,0.8463695645332336,2.136836290359497,-0.20399468340870913,-1.1816022396087646,-1.486363410949707,0.26287999749183655,-2.163283586502075,-0.0887647494673729,1.3096270561218262,-0.5828531980514526,2.8639004230499268
34.8995418548584,0.8496996164321899,2.13234543800354,-0.1578928410440397,-1.1847254037857056,-1.5299924612045288,0.2294308841228485,-2.147738218307495,-0.12442075461149216,1.3133223056793213,-0.6106396913528442,2.8528332710266113
34.94911289215088,0.8538700938224792,2.1280245780944824,-0.11183868718477112,-1.1828073263168335,-1.577610969543457,0.19566653668880463,-2.128451347351074,-0.16260312497615814,1.3184901475906372,-0.6396318674087524,2.8418354988098145
34.99946212768555,0.858631432056427,2.1242058277130127,-0.07190008799171502,-1.1770092248916626,-1.623245358467102,0.16531507670879364,-2.1086504459381104,-0.19817206263542175,1.3238661289215088,-0.6658660173416138,2.832937479019165
35.04901647567749,0.8647701740264893,2.121093511581421,-0.03776116079557877,-1.1686631441116333,-1.6678935289382935,0.13661864399909973,-2.0874459743499756,-0.23419193923473358,1.3311326503753662,-0.6909902691841125,2.8216938972473145
35.09914994239807,0.8715085983276367,2.1184473037719727,-0.007604445008250266,-1.1584713459014893,-1.7082515954971313,0.10988470911979675,-2.065098524093628,-0.2711646556854248,1.3395007848739624,-0.713822603225708,2.8068437576293945
35.14905786514282,0.8786680698394775,2.1163623332977295,0.01740909032324091,-1.1479345560073853,-1.7443417310714722,0.08397014439105988,-2.041262149810791,-0.3086581230163574,1.3476899862289429,-0.7331749200820923,2.788642644882202
35.19921588897705,0.8866833448410034,2.114732265472412,0.040693407464182214,-1.1377004384994507,-1.7797991037368774,0.05835819989442825,-2.015892505645752,-0.3464505970478058,1.3539750576019287,-0.7485914826393127,2.7702064514160156
35.249058961868286,0.8944353461265564,2.1130847930908203,0.06288399708045886,-1.1275012493133545,-1.8153213262557983,0.03349921107292175,-1.9892841577529907,-0.3865961730480194,1.3579820394515991,-0.7616598010063171,2.7514822483062744
35.29920172691345,0.9025155305862427,2.1114742755889893,0.08388035284611868,-1.1169962882995605,-1.8505198955535889,0.01043072622269392,-1.9616401195526123,-0.4278241991996765,1.3585132360458374,-0.7732685804367065,2.7321527004241943
35.34904384613037,0.9107009172439575,2.11024808883667,0.10163533163619853,-1.1067235469818115,-1.8867093324661255,-0.010953766293823719,-1.932877540588379,-0.46818992495536804,1.3559279441833496,-0.7841426134109497,2.7112181186676025
35.3991973400116,0.9191128015518188,2.109431743621826,0.11687885653068285,-1.0965030193328857,-1.9251059293746948,-0.031184682622551918,-1.9029014110565186,-0.5069981813430786,1.3518218994140625,-0.7936239242553711,2.689349412918091
35.44903230667114,0.9276842474937439,2.108941078186035,0.13037506492442408,-1.086458444595337,-1.9656879901885986,-0.04983793944120407,-1.8716719150543213,-0.5459138751029968,1.3460485935211182,-0.8017368912696838,2.665339469909668
35.49917960166931,0.9366717338562012,2.1086363792419434,0.14226648669289896,-1.0767416954040527,-2.008090019226074,-0.06740648299455643,-1.8392581939697266,-0.5842441320419312,1.3378993272781372,-0.8076647520065308,2.6402344703674316
35.549020767211914,0.9458169341087341,2.108548164367676,0.15353725807877044,-1.0672744512557983,-2.0509510040283203,-0.08592871576547623,-1.8073054552078247,-0.6208469271659851,1.3284229040145874,-0.8110649585723877,2.6126856803894043
35.59914708137512,0.9556632041931152,2.1088454723358154,0.16300712092085384,-1.0578663349151611,-2.093205690383911,-0.10592290014028549,-1.776191234588623,-0.6540187001228333,1.3172577619552612,-0.8104085922241211,2.582703113555908
35.64909815788269,0.9658774137496948,2.1090152263641357,0.17225504654636672,-1.0475101470947266,-2.1347084045410156,-0.12684829533100128,-1.7458624839782715,-0.682381272315979,1.3038475513458252,-0.8106844425201416,2.5528063774108887
35.69929599761963,0.9765571355819702,2.109647274017334,0.18027065043799273,-1.0357829332351685,-2.1752524375915527,-0.14804595708847046,-1.7160911560058594,-0.7089088559150696,1.2879974842071533,-0.8105714917182922,2.521677017211914
35.74918007850647,0.9880942702293396,2.1101787090301514,0.18695811101478516,-1.0233840942382812,-2.2124640941619873,-0.16900330781936646,-1.6868661642074585,-0.7377040386199951,1.2700563669204712,-0.8119982481002808,2.49312162399292
35.7991988658905,1.0003246068954468,2.111335515975952,0.19096405549480586,-1.009036660194397,-2.245633840560913,-0.18952658772468567,-1.657457709312439,-0.7711203694343567,1.2488662004470825,-0.8158820271492004,2.466736078262329
35.849196910858154,1.0123850107192993,2.1127548217773438,0.19346580854053608,-0.9916231036186218,-2.2751662731170654,-0.2090364247560501,-1.6287872791290283,-0.8062447309494019,1.226745367050171,-0.8215429782867432,2.44052791595459
35.8991379737854,1.026589274406433,2.1147730350494385,0.1945663889038305,-0.9676376581192017,-2.3049614429473877,-0.23174621164798737,-1.595455288887024,-0.8483482003211975,1.2010225057601929,-0.8289124965667725,2.4103574752807617
35.94906806945801,1.0367789268493652,2.116318702697754,0.19440646768026765,-0.950372576713562,-2.3235230445861816,-0.24812088906764984,-1.5727144479751587,-0.8778706192970276,1.1831836700439453,-0.8342784643173218,2.3893918991088867
35.99915409088135,1.055561900138855,2.1197221279144287,0.1919931823710288,-0.9181632399559021,-2.354944944381714,-0.27882954478263855,-1.5341503620147705,-0.9295639395713806,1.152693271636963,-0.8435463905334473,2.3518729209899902
36.04916024208069,1.0706052780151367,2.1224234104156494,0.1896988384368923,-0.8898133635520935,-2.3786652088165283,-0.3050996661186218,-1.5057997703552246,-0.9687756896018982,1.130730152130127,-0.8513143062591553,2.3205113410949707
36.09927225112915,1.084596037864685,2.1248950958251953,0.18681734488106375,-0.8613809943199158,-2.397890329360962,-0.32951369881629944,-1.4817450046539307,-1.0020275115966797,1.1123607158660889,-0.8586706519126892,2.2914533615112305
36.14917254447937,1.1005393266677856,2.127777338027954,0.18300185414194897,-0.8251649737358093,-2.4156484603881836,-0.35703450441360474,-1.4548685550689697,-1.037100911140442,1.092201828956604,-0.8677688837051392,2.2582345008850098
36.19916868209839,1.118652582168579,2.1309549808502197,0.17802216351811648,-0.7805224657058716,-2.4306893348693848,-0.38574692606925964,-1.4239821434020996,-1.073834776878357,1.0693614482879639,-0.8796717524528503,2.2220826148986816
36.249104022979736,1.133931040763855,2.1335208415985107,0.1729893941005798,-0.7386276721954346,-2.4393842220306396,-0.4089915156364441,-1.3956515789031982,-1.1060081720352173,1.0471802949905396,-0.8910854458808899,2.191927194595337
36.299232482910156,1.1501630544662476,2.1362507343292236,0.16763135953957706,-0.6968097686767578,-2.4446566104888916,-0.4284699261188507,-1.3682502508163452,-1.136087417602539,1.023797631263733,-0.9013157486915588,2.1631240844726562
36.34905409812927,1.1655688285827637,2.1388165950775146,0.16234768242583575,-0.6545348167419434,-2.4475462436676025,-0.44634661078453064,-1.339383602142334,-1.1659374237060547,0.9977817535400391,-0.9108603596687317,2.1343657970428467
36.39922881126404,1.1823686361312866,2.141538381576538,0.15672225355839758,-0.6078494787216187,-2.4511547088623047,-0.46531203389167786,-1.3044105768203735,-1.2013338804244995,0.9640766382217407,-0.9197099208831787,2.1036667823791504
36.44912528991699,1.1982272863388062,2.1442131996154785,0.15121221340879284,-0.5682475566864014,-2.455503225326538,-0.4796610176563263,-1.2743992805480957,-1.2315621376037598,0.9349428415298462,-0.9245505332946777,2.075817346572876
36.499887228012085,1.2147902250289917,2.1469452381134033,0.14514578079720056,-0.522262454032898,-2.4610655307769775,-0.49322229623794556,-1.2410613298416138,-1.2654178142547607,0.902689516544342,-0.9264903664588928,2.0413732528686523
36.54915475845337,1.2297941446304321,2.149293899536133,0.13996285324555754,-0.4814242720603943,-2.4664220809936523,-0.5032113790512085,-1.2108196020126343,-1.295262336730957,0.8749325275421143,-0.9248800873756409,2.009942054748535
36.59922194480896,1.2461270093917847,2.152054786682129,0.13371974773143264,-0.43607306480407715,-2.473719596862793,-0.5117397308349609,-1.17647123336792,-1.3281381130218506,0.8451805710792542,-0.9199150204658508,1.9759397506713867
36.649096965789795,1.261658787727356,2.1543185710906982,0.12864146679753105,-0.39176636934280396,-2.4832072257995605,-0.5165753960609436,-1.143599510192871,-1.3596205711364746,0.8176526427268982,-0.9127323031425476,1.9440714120864868
36.69939565658569,1.2772520780563354,2.156522512435913,0.12301555470377736,-0.3446865379810333,-2.4952480792999268,-0.5181674361228943,-1.1099624633789062,-1.3887569904327393,0.78827965259552,-0.9037104845046997,1.9110373258590698
36.749335050582886,1.2927277088165283,2.1585099697113037,0.11770844776740266,-0.2964021861553192,-2.5093371868133545,-0.5171188116073608,-1.0756824016571045,-1.413263201713562,0.7548820972442627,-0.8926483392715454,1.8784618377685547
36.79942870140076,1.308251142501831,2.1604368686676025,0.11270166173680381,-0.24744215607643127,-2.524091958999634,-0.5147181153297424,-1.041131854057312,-1.4320049285888672,0.7179857492446899,-0.8789687752723694,1.8459407091140747
36.849119663238525,1.323014259338379,2.162086248397827,0.1083787859072807,-0.19994625449180603,-2.5380818843841553,-0.5114964246749878,-1.0084328651428223,-1.4451936483383179,0.6838816404342651,-0.8639059066772461,1.8147053718566895
36.899367332458496,1.3382600545883179,2.1637613773345947,0.10356851983257666,-0.15007425844669342,-2.5530149936676025,-0.5084856748580933,-0.9735980033874512,-1.4552558660507202,0.6472698450088501,-0.8460875153541565,1.780770182609558
36.94906711578369,1.3545207977294922,2.1655426025390625,0.09854428756960137,-0.09803728014230728,-2.5687003135681152,-0.5064038038253784,-0.9370459318161011,-1.4627350568771362,0.6087597012519836,-0.8278230428695679,1.7464097738265991
36.99941611289978,1.3698493242263794,2.1670196056365967,0.09430359892422638,-0.04940665513277054,-2.5827994346618652,-0.5049861669540405,-0.9017748236656189,-1.4679604768753052,0.5737391710281372,-0.8139983415603638,1.717685580253601
37.04917502403259,1.385105013847351,2.1687135696411133,0.09048539086050383,-0.001225511310622096,-2.59591007232666,-0.5033758878707886,-0.8663889765739441,-1.472888708114624,0.538040816783905,-0.8036155700683594,1.6890487670898438
37.0990777015686,1.4005953073501587,2.1700778007507324,0.08659138075162386,0.046041298657655716,-2.6074180603027344,-0.5021073222160339,-0.8308378458023071,-1.4768798351287842,0.5018659234046936,-0.7959246635437012,1.6567909717559814
37.148985385894775,1.4159356355667114,2.171377658843994,0.08248525949849898,0.09401020407676697,-2.6150457859039307,-0.5008871555328369,-0.7954409718513489,-1.4786382913589478,0.4649074673652649,-0.7915753126144409,1.6231664419174194
37.19902992248535,1.431400179862976,2.172670602798462,0.0780161402618192,0.1414937973022461,-2.6175894737243652,-0.49961379170417786,-0.7603487968444824,-1.4768565893173218,0.4280848801136017,-0.7908130288124084,1.5905311107635498
37.24900841712952,1.4470598697662354,2.173893928527832,0.07356336634837582,0.1877617985010147,-2.6167795658111572,-0.49845948815345764,-0.7249131202697754,-1.4717450141906738,0.39146891236305237,-0.7923969030380249,1.559460997581482
37.29901695251465,1.462199091911316,2.1748454570770264,0.06912544902705363,0.23443670570850372,-2.6141839027404785,-0.4969732463359833,-0.6885648965835571,-1.463843584060669,0.3561594486236572,-0.7953252792358398,1.5267750024795532
37.349154233932495,1.4774526357650757,2.175603151321411,0.0645721648260419,0.28378206491470337,-2.611037492752075,-0.4956046938896179,-0.6511543393135071,-1.4562255144119263,0.3218291103839874,-0.7994323968887329,1.4923423528671265
37.39899826049805,1.4924893379211426,2.176241874694824,0.05955462951851568,0.3353325426578522,-2.60784649848938,-0.49459242820739746,-0.6127350926399231,-1.4516373872756958,0.28754809498786926,-0.8054747581481934,1.4576886892318726
37.449087142944336,1.5077680349349976,2.177112579345703,0.053804893850033564,0.3880358338356018,-2.6036770343780518,-0.49453333020210266,-0.5730065107345581,-1.44949471950531,0.2496953010559082,-0.8138113617897034,1.4227514266967773
37.49901103973389,1.5232105255126953,2.177783966064453,0.04663769163573187,0.4416188895702362,-2.598041534423828,-0.4954395294189453,-0.5325970649719238,-1.4485636949539185,0.2108817845582962,-0.8256020545959473,1.3887102603912354
37.549436807632446,1.5386817455291748,2.178760290145874,0.03715579298492513,0.4958607256412506,-2.5908265113830566,-0.4968295395374298,-0.492356538772583,-1.4485589265823364,0.17234790325164795,-0.840660572052002,1.3571951389312744
37.599175214767456,1.5542402267456055,2.179762363433838,0.026538118310875623,0.5513615608215332,-2.5810766220092773,-0.4979448616504669,-0.45274871587753296,-1.4497326612472534,0.13658688962459564,-0.8562580943107605,1.3254092931747437
37.64927792549133,1.5682035684585571,2.1807563304901123,0.015608811979177873,0.6009688973426819,-2.5712602138519287,-0.49797290563583374,-0.4182855486869812,-1.4512602090835571,0.10628851503133774,-0.87041175365448,1.296219825744629
37.699143171310425,1.5857899188995361,2.182044744491577,-0.000813253750317121,0.6595069766044617,-2.561206102371216,-0.4958779215812683,-0.3759308457374573,-1.4531962871551514,0.06699754297733307,-0.8872687220573425,1.260891318321228
37.74918556213379,1.6017314195632935,2.1833395957946777,-0.018598377244123603,0.7104998826980591,-2.5556859970092773,-0.49265292286872864,-0.3376985788345337,-1.4550381898880005,0.02980995923280716,-0.8997489213943481,1.2269939184188843
37.799283027648926,1.6171875,2.184769630432129,-0.03843273497836839,0.7583582997322083,-2.553208112716675,-0.48815658688545227,-0.30160287022590637,-1.457259178161621,-0.00710913585498929,-0.9093506932258606,1.1925439834594727
37.84909009933472,1.633537769317627,2.1860544681549072,-0.06261757204972669,0.8076813817024231,-2.552450656890869,-0.4822756052017212,-0.26446533203125,-1.4608252048492432,-0.04730207100510597,-0.9177110195159912,1.1555949449539185
37.89912509918213,1.6509504318237305,2.1871397495269775,-0.09171470990035355,0.8570221066474915,-2.553126811981201,-0.47511404752731323,-0.2262123078107834,-1.4656574726104736,-0.09089570492506027,-0.9254027605056763,1.118573546409607
37.949179887771606,1.667194128036499,2.188243865966797,-0.12325292211914231,0.9023242592811584,-2.55440616607666,-0.46738892793655396,-0.1895790696144104,-1.4710417985916138,-0.13242116570472717,-0.931110680103302,1.0834444761276245
37.99917554855347,1.6833064556121826,2.1891109943389893,-0.15769772942491128,0.9478006958961487,-2.556985855102539,-0.45808321237564087,-0.15186432003974915,-1.4752213954925537,-0.17370213568210602,-0.9347823262214661,1.0465654134750366
38.04920029640198,1.6988108158111572,2.189716100692749,-0.19569878980586217,0.994726300239563,-2.5612356662750244,-0.44707733392715454,-0.11312410980463028,-1.4780423641204834,-0.21406850218772888,-0.9370154142379761,1.0083428621292114
38.09906363487244,1.7142140865325928,2.1901984214782715,-0.23527397979681497,1.0447056293487549,-2.5678393840789795,-0.4344414174556732,-0.07432570308446884,-1.4793267250061035,-0.2524721026420593,-0.9377859234809875,0.9690951108932495
38.149190187454224,1.7296329736709595,2.190051794052124,-0.27495337866698116,1.0978624820709229,-2.5764551162719727,-0.41984787583351135,-0.035271551460027695,-1.4780558347702026,-0.2888800799846649,-0.9368206858634949,0.9287993311882019
38.199145793914795,1.744948387145996,2.189138174057007,-0.31273974324764847,1.1527599096298218,-2.587130546569824,-0.4042459726333618,0.004037635400891304,-1.4727814197540283,-0.3238902688026428,-0.93369060754776,0.8863215446472168
38.249114990234375,1.7601810693740845,2.1874799728393555,-0.3489262221479117,1.2108550071716309,-2.598628282546997,-0.38818618655204773,0.04385286569595337,-1.4631186723709106,-0.3572494387626648,-0.92936110496521,0.8426048755645752
38.29936504364014,1.7754091024398804,2.1845638751983643,-0.38343657464492226,1.2684712409973145,-2.6096384525299072,-0.3722083866596222,0.08377488702535629,-1.4503856897354126,-0.38772159814834595,-0.9248269200325012,0.8016166090965271
38.349127531051636,1.7901790142059326,2.1813650131225586,-0.4163762835837892,1.3222956657409668,-2.619213104248047,-0.3577384054660797,0.12274292856454849,-1.4353625774383545,-0.4151112735271454,-0.9220657348632812,0.7634162306785583
38.399566411972046,1.8032053709030151,2.178248405456543,-0.44308745349588513,1.3716657161712646,-2.626187324523926,-0.3461609184741974,0.159097358584404,-1.4191226959228516,-0.4387751519680023,-0.9226356148719788,0.7272049784660339
38.44914197921753,1.8177036046981812,2.1735570430755615,-0.4713564640369728,1.4228324890136719,-2.630777597427368,-0.3351314961910248,0.1974860280752182,-1.3992265462875366,-0.4618348777294159,-0.9256114959716797,0.6881399750709534
38.49997329711914,1.8314801454544067,2.168531894683838,-0.4970139602600473,1.469557523727417,-2.6317176818847656,-0.32640814781188965,0.23329579830169678,-1.378127932548523,-0.48254403471946716,-0.9299032092094421,0.6511430144309998
38.54925274848938,1.8471994400024414,2.1627368927001953,-0.5250755508551468,1.521467685699463,-2.629136323928833,-0.3184517025947571,0.2736239731311798,-1.3507684469223022,-0.5066103935241699,-0.9347745776176453,0.6080656051635742
38.59940981864929,1.859756350517273,2.1573805809020996,-0.5481390233163103,1.5636725425720215,-2.625746488571167,-0.312806636095047,0.30653536319732666,-1.3253958225250244,-0.5267996788024902,-0.9381459951400757,0.571681559085846
38.64938139915466,1.8733184337615967,2.1519579887390137,-0.573036495099217,1.607618808746338,-2.6214029788970947,-0.3074420392513275,0.3414950668811798,-1.296502947807312,-0.5462007522583008,-0.9408779740333557,0.5336883068084717
38.69945454597473,1.886351227760315,2.1461782455444336,-0.5972615168426405,1.6515955924987793,-2.61590576171875,-0.30262085795402527,0.3771023154258728,-1.2654898166656494,-0.5631961822509766,-0.9429073333740234,0.49408358335494995
38.74907064437866,1.899706482887268,2.1397104263305664,-0.622014930989915,1.6998445987701416,-2.608970880508423,-0.29874640703201294,0.4152805507183075,-1.2299752235412598,-0.5786885619163513,-0.9437716603279114,0.4509418308734894
38.79918622970581,1.9117933511734009,2.133333921432495,-0.6453374826673973,1.7476222515106201,-2.600778341293335,-0.29693591594696045,0.452124685049057,-1.1928399801254272,-0.590922474861145,-0.9431326389312744,0.4120495021343231
38.84908699989319,1.9235990047454834,2.1264379024505615,-0.6676680733315824,1.7927385568618774,-2.591843843460083,-0.2971591353416443,0.48796331882476807,-1.1555228233337402,-0.6012556552886963,-0.9407853484153748,0.3779364824295044
38.89908480644226,1.9362788200378418,2.1192522048950195,-0.689659808927128,1.8438607454299927,-2.5795609951019287,-0.2993730902671814,0.5288493633270264,-1.1145920753479004,-0.6124942898750305,-0.9334895014762878,0.3405470848083496
38.94904708862305,1.9480217695236206,2.111464738845825,-0.711572888387689,1.891614556312561,-2.5680429935455322,-0.3028508424758911,0.5681824684143066,-1.0767194032669067,-0.6228841543197632,-0.9203445911407471,0.30598878860473633
38.99914360046387,1.9592489004135132,2.1037521362304688,-0.7307127257721718,1.937842845916748,-2.5592777729034424,-0.30627959966659546,0.6070418953895569,-1.0394092798233032,-0.6336430311203003,-0.9033520221710205,0.2746329605579376
39.04912042617798,1.9694751501083374,2.0962069034576416,-0.7476364712481149,1.9837757349014282,-2.5526952743530273,-0.3077693283557892,0.6412097811698914,-1.003950834274292,-0.6453539729118347,-0.886090099811554,0.24876859784126282
39.099552154541016,1.9812846183776855,2.087289810180664,-0.764717966832559,2.038074254989624,-2.5493404865264893,-0.30755847692489624,0.6780680418014526,-0.9639994502067566,-0.6601523756980896,-0.8652647733688354,0.22212612628936768
39.14906144142151,1.9928083419799805,2.0772933959960938,-0.78053399066323,2.090473175048828,-2.5500833988189697,-0.3064447343349457,0.7128443121910095,-0.9271407723426819,-0.6754932403564453,-0.8434000611305237,0.19853326678276062
39.19915461540222,2.00407338142395,2.0675458908081055,-0.7929555526378381,2.1423261165618896,-2.5529165267944336,-0.30467069149017334,0.7465211153030396,-0.892619252204895,-0.6914403438568115,-0.8197966814041138,0.17663244903087616
39.249115228652954,2.0148890018463135,2.05830979347229,-0.8050181172677394,2.191957950592041,-2.5563852787017822,-0.30279970169067383,0.7763509750366211,-0.8599808812141418,-0.7065178751945496,-0.7950108647346497,0.15760836005210876
39.299482345581055,2.026595115661621,2.0470004081726074,-0.8160512971699199,2.249176025390625,-2.5609331130981445,-0.30051010847091675,0.8088921308517456,-0.822253942489624,-0.7230479717254639,-0.7635074257850647,0.13984310626983643
39.34905171394348,2.040302276611328,2.0333869457244873,-0.8261257915102542,2.3056135177612305,-2.5659496784210205,-0.2979157865047455,0.8402463793754578,-0.7848160266876221,-0.7391251921653748,-0.7299609780311584,0.12468446791172028
39.39929270744324,2.052199602127075,2.0211222171783447,-0.8338230298883412,2.360640287399292,-2.5717315673828125,-0.2948061525821686,0.8704797029495239,-0.748439610004425,-0.7549808025360107,-0.695215106010437,0.10958623141050339
39.44920253753662,2.0637121200561523,2.008335590362549,-0.839354739981367,2.4226553440093994,-2.5800540447235107,-0.28996381163597107,0.904604971408844,-0.7074041366577148,-0.7739395499229431,-0.6591930389404297,0.09502565115690231
39.500333309173584,2.0756094455718994,1.9956697225570679,-0.8421807333147492,2.478602647781372,-2.5879383087158203,-0.2839110493659973,0.9352157711982727,-0.6701627373695374,-0.7919085621833801,-0.6309790015220642,0.08278369158506393
39.54903292655945,2.0888333320617676,1.9808766841888428,-0.8437693183977004,2.5407047271728516,-2.5957398414611816,-0.27482861280441284,0.9698684215545654,-0.62667316198349,-0.8125191926956177,-0.6011888384819031,0.06638757884502411
39.59926152229309,2.1018950939178467,1.9661344289779663,-0.8427110748337057,2.596115827560425,-2.60182785987854,-0.26455506682395935,1.0033390522003174,-0.5836982727050781,-0.8320778608322144,-0.5733534097671509,0.04955378174781799
39.64921498298645,2.1141982078552246,1.9515225887298584,-0.8393990089803172,2.648801565170288,-2.6046853065490723,-0.2537515461444855,1.0371841192245483,-0.5410762429237366,-0.8509669303894043,-0.5457762479782104,0.033688608556985855
39.69915580749512,2.1262078285217285,1.9373964071273804,-0.8351398786067468,2.697953939437866,-2.603020668029785,-0.24359053373336792,1.0697672367095947,-0.5014356374740601,-0.8670328259468079,-0.5196480751037598,0.020315349102020264
39.74907422065735,2.1396074295043945,1.9216679334640503,-0.8302206803165162,2.7519962787628174,-2.596144914627075,-0.2328823059797287,1.1070044040679932,-0.4545220136642456,-0.8816346526145935,-0.4898250699043274,0.005483785644173622
39.799726247787476,2.1513469219207764,1.9073454141616821,-0.8243400804880092,2.7977585792541504,-2.5872180461883545,-0.22474777698516846,1.1408090591430664,-0.40885141491889954,-0.8909109830856323,-0.4631369113922119,-0.008186685852706432
39.84904956817627,2.164527654647827,1.8917323350906372,-0.8178337676933705,2.846266269683838,-2.5757570266723633,-0.21775540709495544,1.1787992715835571,-0.3558424413204193,-0.8975047469139099,-0.4345070719718933,-0.024435916915535927
39.89915180206299,2.176966905593872,1.8768584728240967,-0.8112898889436894,2.891756057739258,-2.5634961128234863,-0.21357397735118866,1.2147510051727295,-0.3049391508102417,-0.901706874370575,-0.4121333062648773,-0.040840182453393936
39.94917941093445,2.188958168029785,1.862991452217102,-0.8047888962846803,2.9344892501831055,-2.550140380859375,-0.21206453442573547,1.2479010820388794,-0.257011741399765,-0.9044069051742554,-0.39530855417251587,-0.05558321624994278
39.999327421188354,2.201521635055542,1.8484922647476196,-0.7980588351144182,2.983013868331909,-2.5323939323425293,-0.21353968977928162,1.2824562788009644,-0.20347550511360168,-0.9063677787780762,-0.3782149851322174,-0.07367389649152756
40.049044609069824,2.214287042617798,1.8341515064239502,-0.7921365931655996,3.0258986949920654,-2.513638734817505,-0.21735575795173645,1.31183922290802,-0.15573804080486298,-0.9079393148422241,-0.364576518535614,-0.08964571356773376
40.09914541244507,2.2277333736419678,1.8186224699020386,-0.7847105273826274,3.0726563930511475,-2.4891388416290283,-0.2247656136751175,1.344558596611023,-0.10318852216005325,-0.9091619849205017,-0.3477117121219635,-0.10506249219179153
40.1490318775177,2.240190267562866,1.8047746419906616,-0.7782181558682005,3.1172306537628174,-2.4624993801116943,-0.23518863320350647,1.375249981880188,-0.054181527346372604,-0.9086967706680298,-0.3265647888183594,-0.11791180819272995
40.199132680892944,2.25283145904541,1.7909294366836548,-0.7701542406037721,3.1594252586364746,-2.4357728958129883,-0.24889300763607025,1.404407024383545,-0.005124897696077824,-0.905536949634552,-0.2993028163909912,-0.12968453764915466
40.24934196472168,2.2637367248535156,1.7791498899459839,-0.7611597199185485,3.1958751678466797,-2.414120674133301,-0.26531782746315,1.430114507675171,0.04136120527982712,-0.8995296359062195,-0.2709289789199829,-0.13892127573490143
40.29914474487305,2.275264263153076,1.7664743661880493,-0.7510319143421412,3.237600564956665,-2.3922619819641113,-0.28759461641311646,1.4580825567245483,0.09440338611602783,-0.8908581733703613,-0.2419489622116089,-0.14588062465190887
40.34904146194458,2.285583972930908,1.754921793937683,-0.7403119116567243,3.279226541519165,-2.3736908435821533,-0.3119455575942993,1.4848136901855469,0.14436231553554535,-0.8825643658638,-0.21514947712421417,-0.1496700942516327
40.39906692504883,2.2947967052459717,1.7444347143173218,-0.7270467025319747,3.322793483734131,-2.356369733810425,-0.33862829208374023,1.5116674900054932,0.19427503645420074,-0.8760349154472351,-0.1858501434326172,-0.15192466974258423
40.4490225315094,2.303252696990967,1.7344634532928467,-0.7142918380168307,3.3639369010925293,-2.3403544425964355,-0.3649592399597168,1.5373057126998901,0.24396686255931854,-0.8729434013366699,-0.1556612253189087,-0.15317097306251526
40.49926972389221,2.311469078063965,1.7254719734191895,-0.6950411066078934,3.4105560779571533,-2.3223633766174316,-0.39360520243644714,1.5662075281143188,0.3016296327114105,-0.8736060261726379,-0.12047204375267029,-0.15319840610027313
40.549028635025024,2.318587303161621,1.717217206954956,-0.6777844054481863,3.4538192749023438,-2.3054604530334473,-0.41664808988571167,1.5917004346847534,0.3528541326522827,-0.8765129446983337,-0.08870957791805267,-0.15172940492630005
40.5990629196167,2.3267111778259277,1.7082303762435913,-0.656537376650763,3.5040764808654785,-2.2863192558288574,-0.43983030319213867,1.6201149225234985,0.40805763006210327,-0.8809913396835327,-0.05241862311959267,-0.14813277125358582
40.64948391914368,2.3335649967193604,1.700661301612854,-0.6371901786807128,3.5478084087371826,-2.2708895206451416,-0.4582018554210663,1.644387125968933,0.45314183831214905,-0.885307252407074,-0.0203253161162138,-0.14408640563488007
40.6990966796875,2.3417370319366455,1.6914637088775635,-0.6140740042967772,3.600947141647339,-2.253915309906006,-0.47908440232276917,1.6728845834732056,0.505608320236206,-0.890720784664154,0.019509706646203995,-0.1391223967075348
40.74909710884094,2.349449872970581,1.6824923753738403,-0.590076088375488,3.653994560241699,-2.237224817276001,-0.49903857707977295,1.7010201215744019,0.5565512776374817,-0.8966660499572754,0.05659332498908043,-0.1365615725517273
40.799144983291626,2.3582305908203125,1.673511028289795,-0.5694958048817839,3.7041714191436768,-2.220473051071167,-0.5167999863624573,1.72808837890625,0.6033810973167419,-0.903419554233551,0.08661556988954544,-0.13777858018875122
40.84934902191162,2.366828680038452,1.6648974418640137,-0.5497917675576015,3.7494773864746094,-2.204318046569824,-0.5330153703689575,1.7552359104156494,0.6458450555801392,-0.9109202027320862,0.11537117511034012,-0.14195135235786438
40.899027824401855,2.3768465518951416,1.6557811498641968,-0.5264600753047446,3.796003818511963,-2.1843535900115967,-0.5505233407020569,1.7876001596450806,0.69170743227005,-0.9208055138587952,0.15038226544857025,-0.14926758408546448
40.94913029670715,2.386409044265747,1.6474430561065674,-0.5065709027857611,3.83743953704834,-2.1606814861297607,-0.5664135217666626,1.820294976234436,0.7341694831848145,-0.9314687252044678,0.18343643844127655,-0.15849879384040833
40.99933576583862,2.3972439765930176,1.6381704807281494,-0.48424971335698436,3.876446008682251,-2.131553888320923,-0.5813120007514954,1.854152798652649,0.7753066420555115,-0.9429805278778076,0.21431845426559448,-0.16912470757961273
41.049307107925415,2.4079043865203857,1.6297355890274048,-0.46223070273913114,3.912909507751465,-2.0994248390197754,-0.5949488282203674,1.8892985582351685,0.8156455755233765,-0.9550706744194031,0.24514636397361755,-0.1807565689086914
41.099963426589966,2.418272018432617,1.6217210292816162,-0.44325224308799616,3.945068120956421,-2.06831955909729,-0.60752272605896,1.922276258468628,0.8558690547943115,-0.9650816917419434,0.2751070559024811,-0.19285042583942413
41.14913630485535,2.429443359375,1.6134451627731323,-0.42410809640930786,3.9777910709381104,-2.0339043140411377,-0.6207062602043152,1.9562410116195679,0.9012657403945923,-0.9723899960517883,0.307294100522995,-0.20699462294578552
41.199052572250366,2.4404971599578857,1.6061941385269165,-0.40324949908962426,4.009976863861084,-1.9987214803695679,-0.6319234371185303,1.9906563758850098,0.9483445882797241,-0.976303219795227,0.33924004435539246,-0.22306320071220398
41.24996089935303,2.4521048069000244,1.5985467433929443,-0.3850294822463417,4.040893077850342,-1.9611012935638428,-0.6414163112640381,2.0248773097991943,0.995819628238678,-0.9782413840293884,0.36963990330696106,-0.2413114458322525
41.29902720451355,2.463782548904419,1.59107506275177,-0.36766698801296277,4.071105480194092,-1.9183626174926758,-0.6511355638504028,2.0606894493103027,1.045340895652771,-0.9790675044059753,0.40240156650543213,-0.26244521141052246
41.34926462173462,2.47506046295166,1.5849920511245728,-0.3499719396162936,4.096897125244141,-1.8752739429473877,-0.6601048111915588,2.09382963180542,1.091995120048523,-0.9787047505378723,0.43189236521720886,-0.28113898634910583
41.399065017700195,2.487860679626465,1.5775635242462158,-0.33426147654294763,4.118765354156494,-1.8308045864105225,-0.667943000793457,2.12711763381958,1.138249397277832,-0.9774246215820312,0.4591066539287567,-0.29532676935195923
41.44937181472778,2.498678684234619,1.5724645853042603,-0.31905627853276425,4.137116432189941,-1.7877508401870728,-0.6751113533973694,2.1574900150299072,1.1816757917404175,-0.9757886528968811,0.4872044622898102,-0.3063761293888092
41.499061584472656,2.5114846229553223,1.5662553310394287,-0.303945372866087,4.154447078704834,-1.742882490158081,-0.6821255087852478,2.1911568641662598,1.2294425964355469,-0.97347092628479,0.5222334861755371,-0.3172716200351715
41.549129486083984,2.522939682006836,1.560680866241455,-0.29077733009354007,4.168599605560303,-1.7055445909500122,-0.6876490116119385,2.2216856479644775,1.271958589553833,-0.9702256917953491,0.5538844466209412,-0.3252553641796112
41.59905457496643,2.5357513427734375,1.5548467636108398,-0.2754616496765038,4.185273170471191,-1.6635757684707642,-0.6927932500839233,2.256967782974243,1.3188196420669556,-0.9648231267929077,0.5861727595329285,-0.3313330411911011
41.649121046066284,2.548427104949951,1.5492593050003052,-0.2647701834987585,4.203104496002197,-1.6237149238586426,-0.6972265839576721,2.291912794113159,1.363935947418213,-0.9577714204788208,0.6168949007987976,-0.3353373408317566
41.69904804229736,2.5607335567474365,1.5443414449691772,-0.25235611612648445,4.222406387329102,-1.5844913721084595,-0.7019650340080261,2.328150510787964,1.410366177558899,-0.94868004322052,0.6497052311897278,-0.3388778567314148
41.74937033653259,2.5737287998199463,1.539139986038208,-0.24111245726141028,4.2417497634887695,-1.5455384254455566,-0.7073473930358887,2.3651607036590576,1.4572558403015137,-0.9388824701309204,0.6836850047111511,-0.34155505895614624
41.79968023300171,2.58667254447937,1.534480094909668,-0.23051116044407885,4.261431694030762,-1.5048344135284424,-0.7120943665504456,2.4023008346557617,1.5029032230377197,-0.929799497127533,0.7184527516365051,-0.3421509563922882
41.8492214679718,2.599034547805786,1.5301402807235718,-0.22116340160034995,4.281248569488525,-1.4642374515533447,-0.714555025100708,2.436150550842285,1.546469807624817,-0.9236950874328613,0.7514445781707764,-0.34003525972366333
41.899266719818115,2.611633777618408,1.5257492065429688,-0.2121282769887668,4.303725719451904,-1.419777274131775,-0.7152856588363647,2.470104694366455,1.592732548713684,-0.9201417565345764,0.7865424156188965,-0.33577457070350647
41.94904685020447,2.626523494720459,1.5211907625198364,-0.20235094788706842,4.329927444458008,-1.37236750125885,-0.713934600353241,2.5047783851623535,1.639907956123352,-0.9174898266792297,0.8243650794029236,-0.3315507769584656
41.99914503097534,2.6385586261749268,1.517438292503357,-0.19440591465088652,4.354098796844482,-1.3331384658813477,-0.7107489109039307,2.5335662364959717,1.6777641773223877,-0.9152680039405823,0.8564428091049194,-0.32922500371932983
42.04904103279114,2.6537516117095947,1.5130330324172974,-0.1853890716533692,4.386102199554443,-1.283727765083313,-0.7020087242126465,2.5682778358459473,1.7237415313720703,-0.9120997786521912,0.8944143652915955,-0.3292984068393707
42.099292039871216,2.6672685146331787,1.5091347694396973,-0.17791034816429585,4.413995265960693,-1.2406032085418701,-0.6894950270652771,2.596975088119507,1.7626038789749146,-0.9093421697616577,0.9269859790802002,-0.33271709084510803
42.14909315109253,2.681938886642456,1.5051352977752686,-0.17045036905015684,4.443207263946533,-1.1955822706222534,-0.6735200881958008,2.625046968460083,1.806613564491272,-0.9060928821563721,0.9645124673843384,-0.33944976329803467
42.1991753578186,2.6964094638824463,1.5014573335647583,-0.16270488599605012,4.467047691345215,-1.1548551321029663,-0.6541857123374939,2.6511390209198,1.849370002746582,-0.902772843837738,0.9996718764305115,-0.3472318947315216
42.249083280563354,2.709930181503296,1.4980705976486206,-0.15588543639857963,4.486309051513672,-1.1132078170776367,-0.6350458860397339,2.675699472427368,1.8927271366119385,-0.8996160626411438,1.0334669351577759,-0.35464590787887573
42.29904890060425,2.7250969409942627,1.4945203065872192,-0.14907040732904914,4.501535415649414,-1.070305347442627,-0.613997220993042,2.699719190597534,1.9360581636428833,-0.8971879482269287,1.067518949508667,-0.36192530393600464
42.34916591644287,2.7361438274383545,1.4919768571853638,-0.14441238827355696,4.511367321014404,-1.036747694015503,-0.5966274738311768,2.716987371444702,1.969582438468933,-0.8959475755691528,1.0945953130722046,-0.3680127263069153
42.39911985397339,2.7536022663116455,1.4882228374481201,-0.1364087404194205,4.525396823883057,-0.9835629463195801,-0.5665848255157471,2.739856719970703,2.022977590560913,-0.8944734334945679,1.1383997201919556,-0.3791296184062958
42.44902157783508,2.76806902885437,1.4851704835891724,-0.13035006663657406,4.535822868347168,-0.9389848709106445,-0.5399391651153564,2.7542777061462402,2.066840410232544,-0.8935760259628296,1.174045443534851,-0.3913276791572571
42.499335050582886,2.7817845344543457,1.4824888706207275,-0.12492035983840033,4.544785976409912,-0.8950618505477905,-0.5128360986709595,2.7652459144592285,2.108020782470703,-0.8933929800987244,1.2052230834960938,-0.4069473147392273
42.54922676086426,2.7963457107543945,1.479822039604187,-0.12051803281882256,4.553410053253174,-0.8464878797531128,-0.4820137917995453,2.7752392292022705,2.1505396366119385,-0.8931580781936646,1.2358630895614624,-0.42628011107444763
42.5993070602417,2.8116023540496826,1.477057695388794,-0.11562843579592601,4.561007499694824,-0.792550265789032,-0.4494643807411194,2.7848222255706787,2.196101665496826,-0.8912667036056519,1.2684754133224487,-0.4478980600833893
42.64904856681824,2.826024055480957,1.474807620048523,-0.11199390202255777,4.566347599029541,-0.7404841780662537,-0.4217562973499298,2.793367385864258,2.240753650665283,-0.8872573971748352,1.296066403388977,-0.46585139632225037
42.69986271858215,2.8389737606048584,1.4726448059082031,-0.1084132281234213,4.569823741912842,-0.6906285285949707,-0.3980133831501007,2.8009300231933594,2.2830586433410645,-0.8819878697395325,1.321103572845459,-0.4786890149116516
42.749006271362305,2.8551316261291504,1.4700422286987305,-0.10528013255183277,4.572680473327637,-0.6343695521354675,-0.37255430221557617,2.8084373474121094,2.3295271396636963,-0.8746764659881592,1.352200984954834,-0.4900542199611664
42.7994589805603,2.867954730987549,1.4679622650146484,-0.1025127130543686,4.575047969818115,-0.5873477458953857,-0.3509283661842346,2.8144421577453613,2.3681070804595947,-0.8682448863983154,1.3812404870986938,-0.49865493178367615
42.849355697631836,2.883380651473999,1.4656825065612793,-0.10001056582315436,4.578127384185791,-0.5321657657623291,-0.32543784379959106,2.819880723953247,2.4137706756591797,-0.8601115345954895,1.4157977104187012,-0.5076382756233215
42.89910936355591,2.8978896141052246,1.4635981321334839,-0.09749187672604502,4.5822672843933105,-0.47895535826683044,-0.30113908648490906,2.822943925857544,2.4570810794830322,-0.8517460823059082,1.4468698501586914,-0.5144479870796204
42.94904327392578,2.9134135246276855,1.4614211320877075,-0.0949730987411858,4.588503837585449,-0.42191454768180847,-0.27465197443962097,2.8245604038238525,2.502626895904541,-0.84233158826828,1.4796961545944214,-0.5198938250541687
42.99920964241028,2.9269917011260986,1.4595701694488525,-0.09275110606468882,4.595615386962891,-0.37142330408096313,-0.24887174367904663,2.8249878883361816,2.543236017227173,-0.8337904810905457,1.510299801826477,-0.5234856605529785
43.049010276794434,2.942458391189575,1.4575214385986328,-0.09041257312887321,4.604544639587402,-0.31665560603141785,-0.21727219223976135,2.8246114253997803,2.5884883403778076,-0.8231787085533142,1.5460095405578613,-0.5260016322135925
43.099406003952026,2.957066535949707,1.4558173418045044,-0.0889139031572921,4.614043235778809,-0.2648438513278961,-0.18465781211853027,2.823798656463623,2.6313648223876953,-0.8115323185920715,1.5817782878875732,-0.5261308550834656
43.1490204334259,2.9717977046966553,1.4540760517120361,-0.08692271201815488,4.62479305267334,-0.2113279551267624,-0.14940164983272552,2.8231253623962402,2.674586296081543,-0.798090398311615,1.6187490224838257,-0.5236920714378357
43.19919514656067,2.9863321781158447,1.4524075984954834,-0.08606826509273931,4.636902332305908,-0.15646405518054962,-0.11180295050144196,2.823201894760132,2.7182693481445312,-0.7841259837150574,1.6563886404037476,-0.5194560289382935
43.24903392791748,3.000886917114258,1.4506484270095825,-0.08469423825311725,4.65114688873291,-0.10052920877933502,-0.0728849470615387,2.824427604675293,2.7603323459625244,-0.7719895243644714,1.6927556991577148,-0.5161125063896179
43.299251079559326,3.014665365219116,1.4491658210754395,-0.08396414302335299,4.666532516479492,-0.047486811876297,-0.03588669002056122,2.8259150981903076,2.7997629642486572,-0.7633312940597534,1.7231090068817139,-0.5155670046806335
43.34908199310303,3.029418706893921,1.4473626613616943,-0.08249868475424937,4.684412479400635,0.010961092077195644,0.003758204635232687,2.826005458831787,2.843104839324951,-0.7575693726539612,1.7543632984161377,-0.5180459022521973
43.39928579330444,3.0432446002960205,1.4457951784133911,-0.08109471852068689,4.701197147369385,0.06570370495319366,0.04050646722316742,2.8236629962921143,2.8845012187957764,-0.7548388242721558,1.7853163480758667,-0.5227687358856201
43.44901466369629,3.058439254760742,1.4439337253570557,-0.07962571284394146,4.718847751617432,0.12510357797145844,0.0819343701004982,2.81691837310791,2.931527853012085,-0.7548773288726807,1.8220397233963013,-0.5299914479255676
43.49915838241577,3.0728020668029785,1.4422173500061035,-0.07781840608522073,4.730916976928711,0.1751844435930252,0.11527373641729355,2.8073956966400146,2.9700090885162354,-0.7570918798446655,1.8516970872879028,-0.5357251763343811
43.54908084869385,3.0881409645080566,1.4405652284622192,-0.07759260476011443,4.74047327041626,0.23260191082954407,0.14973582327365875,2.793156862258911,3.0125458240509033,-0.7610926628112793,1.8848882913589478,-0.541187047958374
43.59909915924072,3.1016159057617188,1.4393301010131836,-0.07704059368456982,4.745903015136719,0.28449562191963196,0.17764881253242493,2.7781221866607666,3.0507397651672363,-0.7660462260246277,1.9159294366836548,-0.5466195940971375
43.649707078933716,3.117035388946533,1.4377249479293823,-0.07565289118842476,4.750476360321045,0.3423152267932892,0.2069784253835678,2.7594962120056152,3.0932765007019043,-0.7734402418136597,1.951540231704712,-0.5544039011001587
43.69908905029297,3.13051176071167,1.4363203048706055,-0.07446337372618128,4.753793239593506,0.3936772048473358,0.23260940611362457,2.7411346435546875,3.1312472820281982,-0.781910240650177,1.9834387302398682,-0.5638094544410706
43.74925231933594,3.145275592803955,1.4345247745513916,-0.07316740556759059,4.75612211227417,0.44859886169433594,0.2599168121814728,2.718862295150757,3.171008348464966,-0.7932111024856567,2.0164380073547363,-0.5770783424377441
43.799060344696045,3.1604843139648438,1.4329395294189453,-0.0730568551860298,4.757329940795898,0.5083480477333069,0.28774505853652954,2.692190170288086,3.212714672088623,-0.8075841069221497,2.0502169132232666,-0.5933013558387756
43.849334955215454,3.174436569213867,1.4313693046569824,-0.07243819400287689,4.7571282386779785,0.5660760998725891,0.3122909963130951,2.6640496253967285,3.2516582012176514,-0.8229278326034546,2.083953619003296,-0.6094932556152344
43.899065017700195,3.189087390899658,1.4298683404922485,-0.07164316829735756,4.755821228027344,0.6249656081199646,0.33510223031044006,2.6338133811950684,3.2910244464874268,-0.8392225503921509,2.1165568828582764,-0.6250712275505066
43.94918179512024,3.203883647918701,1.428343653678894,-0.07098072450736329,4.753229141235352,0.684158980846405,0.3562505543231964,2.601576089859009,3.330120801925659,-0.856420636177063,2.146615505218506,-0.6371840238571167
43.99930191040039,3.218489408493042,1.4268379211425781,-0.07045763463705972,4.749856472015381,0.7435386180877686,0.3761482536792755,2.568279981613159,3.36765718460083,-0.8737847805023193,2.179844617843628,-0.6462326049804688
44.04919672012329,3.233949899673462,1.425107717514038,-0.06966288361272338,4.746830940246582,0.8000168204307556,0.3948097825050354,2.534440040588379,3.4038751125335693,-0.8892717361450195,2.215458631515503,-0.6523587703704834
44.09909009933472,3.2477285861968994,1.4237756729125977,-0.06873578343160971,4.745513439178467,0.8522194623947144,0.4124605655670166,2.5034854412078857,3.4385244846343994,-0.9013944864273071,2.247943162918091,-0.6557413339614868
44.14917588233948,3.262737989425659,1.4218913316726685,-0.06900703642511503,4.7472124099731445,0.9117239713668823,0.4334372282028198,2.469712257385254,3.478975296020508,-0.912360668182373,2.281308889389038,-0.6574918627738953
44.19899296760559,3.2767281532287598,1.420470118522644,-0.06815789006005431,4.7512946128845215,0.968812108039856,0.4532828629016876,2.4379358291625977,3.5173745155334473,-0.919746994972229,2.313460111618042,-0.6574987769126892
44.24924325942993,3.292536973953247,1.4188729524612427,-0.06711972803672328,4.756590843200684,1.0261328220367432,0.472878634929657,2.406698226928711,3.5531508922576904,-0.9242209196090698,2.347381114959717,-0.6563445925712585
44.2993848323822,3.3075215816497803,1.417331337928772,-0.06661121868340965,4.7622880935668945,1.0833460092544556,0.4919823706150055,2.37638521194458,3.585761547088623,-0.9260618686676025,2.382218599319458,-0.6535396575927734
44.34919619560242,3.321603298187256,1.4158055782318115,-0.06655894412825435,4.767930030822754,1.138336181640625,0.5096831917762756,2.3474009037017822,3.615706443786621,-0.9255917072296143,2.4151031970977783,-0.6481842994689941
44.3990683555603,3.3375191688537598,1.4142169952392578,-0.06650240291491928,4.774383068084717,1.2010308504104614,0.5296160578727722,2.3135836124420166,3.6493124961853027,-0.9231599569320679,2.451796054840088,-0.6389421820640564
44.44913148880005,3.3525075912475586,1.4128926992416382,-0.06700137912737089,4.780904769897461,1.261806607246399,0.5490515232086182,2.2796218395233154,3.681366205215454,-0.9191744327545166,2.4877450466156006,-0.6282527446746826
44.49912405014038,3.3676021099090576,1.411651611328125,-0.06660854634237279,4.78786039352417,1.3229607343673706,0.569773256778717,2.244412660598755,3.712808847427368,-0.9135823249816895,2.5224931240081787,-0.6186648011207581
44.549187898635864,3.382819890975952,1.4104663133621216,-0.0663315420733646,4.794576168060303,1.3839970827102661,0.5923037528991699,2.2091076374053955,3.7433674335479736,-0.9057163000106812,2.55232310295105,-0.6132465600967407
44.5998170375824,3.3971641063690186,1.4093000888824463,-0.06659936404763739,4.800484657287598,1.4426963329315186,0.6155717372894287,2.1760456562042236,3.771094560623169,-0.8964276909828186,2.580173969268799,-0.6113614439964294
44.649383783340454,3.412879228591919,1.4081618785858154,-0.06724376064435697,4.804821491241455,1.5021498203277588,0.6433295607566833,2.1399829387664795,3.80133318901062,-0.8837792873382568,2.613541603088379,-0.6118199825286865
44.69926929473877,3.4270243644714355,1.4064652919769287,-0.06694446212801976,4.806219577789307,1.5521595478057861,0.6685231328010559,2.108105421066284,3.8284525871276855,-0.8706086277961731,2.6454575061798096,-0.6139532923698425
44.74952960014343,3.4424641132354736,1.4049394130706787,-0.06685721353507397,4.803676605224609,1.6045024394989014,0.6941310167312622,2.0743248462677,3.857442855834961,-0.8560686707496643,2.6791555881500244,-0.6168708801269531
44.79936146736145,3.4582531452178955,1.4032716751098633,-0.0666341399577971,4.796759605407715,1.6596858501434326,0.7177888751029968,2.0378551483154297,3.8883056640625,-0.8422313332557678,2.7139205932617188,-0.6201549172401428
44.849151372909546,3.4718732833862305,1.4018949270248413,-0.06651957968830984,4.787973880767822,1.7071882486343384,0.735756516456604,2.0043997764587402,3.9167277812957764,-0.8303910493850708,2.7441763877868652,-0.623392641544342
44.899107456207275,3.4883689880371094,1.4000978469848633,-0.06696317206823361,4.777132987976074,1.758410096168518,0.7530555725097656,1.966349482536316,3.9501051902770996,-0.816604495048523,2.7769553661346436,-0.6285844445228577
44.94915723800659,3.501946210861206,1.3987096548080444,-0.06698677794980244,4.766894817352295,1.8010550737380981,0.7653657793998718,1.9344325065612793,3.9787840843200684,-0.8045310378074646,2.8030126094818115,-0.6355433464050293
44.999146938323975,3.519016742706299,1.3969515562057495,-0.06640106122269732,4.751575469970703,1.854159951210022,0.7783588767051697,1.8952556848526,4.013744831085205,-0.7893054485321045,2.8334264755249023,-0.648672342300415
45.0492262840271,3.533115863800049,1.395592451095581,-0.06682428370224613,4.735418319702148,1.898794412612915,0.7876342535018921,1.8623322248458862,4.041697025299072,-0.7772749066352844,2.857015609741211,-0.6619736552238464
45.09901261329651,3.549065589904785,1.3937934637069702,-0.0670413692232189,4.71353006362915,1.9469670057296753,0.79617840051651,1.8247168064117432,4.071491718292236,-0.7645763158798218,2.884476661682129,-0.6753079891204834
45.14899492263794,3.5633442401885986,1.392478108406067,-0.06757129429150324,4.68874454498291,1.9894311428070068,0.8023821115493774,1.7875604629516602,4.0993242263793945,-0.7525918483734131,2.910386800765991,-0.6836465001106262
45.19954538345337,3.5798256397247314,1.3909177780151367,-0.06860206113156124,4.658146858215332,2.0309062004089355,0.8058271408081055,1.7494505643844604,4.1280198097229,-0.7397146821022034,2.9358062744140625,-0.6887703537940979
45.24940848350525,3.595390796661377,1.3892974853515625,-0.07072421911226551,4.62645149230957,2.0671916007995605,0.8061487674713135,1.7105767726898193,4.158085346221924,-0.7264581918716431,2.9596595764160156,-0.6922780275344849
45.299097776412964,3.610724925994873,1.3879517316818237,-0.07408410371702942,4.59818696975708,2.099721670150757,0.8036715984344482,1.670843243598938,4.189435958862305,-0.7136438488960266,2.9823997020721436,-0.6946603655815125
45.34907293319702,3.6266775131225586,1.3865827322006226,-0.07758652532336704,4.571256637573242,2.134956121444702,0.799323320388794,1.6301172971725464,4.221972942352295,-0.7016938924789429,3.0052132606506348,-0.6955859065055847
45.399024963378906,3.6416635513305664,1.3853462934494019,-0.08301958938882217,4.547443866729736,2.170987129211426,0.7950393557548523,1.5912467241287231,4.253026008605957,-0.6918511390686035,3.0272774696350098,-0.6952223777770996
45.44900059700012,3.657022714614868,1.3842228651046753,-0.0911065528674324,4.522071838378906,2.2118067741394043,0.7914817929267883,1.5493699312210083,4.287359714508057,-0.6833803057670593,3.0520336627960205,-0.6936125755310059
45.49901080131531,3.67233943939209,1.3830269575119019,-0.10241640899501676,4.498537540435791,2.249486207962036,0.7908922433853149,1.5117106437683105,4.319194793701172,-0.6772912740707397,3.075829267501831,-0.6904026865959167
45.54910349845886,3.6853606700897217,1.3824737071990967,-0.11480309784299686,4.475210666656494,2.287750244140625,0.7919245362281799,1.474839687347412,4.350838661193848,-0.6712766885757446,3.1000051498413086,-0.6850341558456421
45.599003076553345,3.698552131652832,1.3822304010391235,-0.13216437834754088,4.451295375823975,2.3277177810668945,0.7944884300231934,1.4377928972244263,4.381525039672852,-0.6646785736083984,3.12465500831604,-0.6769196391105652
45.6491596698761,3.710407018661499,1.3821123838424683,-0.15022872154367348,4.4261627197265625,2.369608163833618,0.7987115979194641,1.4013363122940063,4.4106125831604,-0.65646892786026,3.149669647216797,-0.6659290790557861
45.699146032333374,3.7208220958709717,1.3823511600494385,-0.1734409674631248,4.3990607261657715,2.4128286838531494,0.804121732711792,1.3663465976715088,4.437697887420654,-0.6458224654197693,3.173460006713867,-0.6542776823043823
45.74921131134033,3.7292585372924805,1.3831135034561157,-0.1991627157973517,4.372097492218018,2.4538586139678955,0.8100599050521851,1.3339506387710571,4.460419654846191,-0.6332417130470276,3.195009231567383,-0.64406418800354
45.79936981201172,3.7372260093688965,1.3842638731002808,-0.23088846241354696,4.3398613929748535,2.4952402114868164,0.8174655437469482,1.2982919216156006,4.4818339347839355,-0.6172993779182434,3.218275785446167,-0.6352086067199707
45.84927225112915,3.744178056716919,1.3852486610412598,-0.25904367753287194,4.309438228607178,2.5315253734588623,0.8251350522041321,1.2644269466400146,4.498289585113525,-0.6010971069335938,3.24155592918396,-0.6285039186477661
45.89925193786621,3.7512896060943604,1.3857014179229736,-0.28621812253955187,4.2823872566223145,2.5644140243530273,0.8341321349143982,1.231106162071228,4.511877059936523,-0.5840469002723694,3.266555070877075,-0.6229065656661987
45.94930696487427,3.7577638626098633,1.3856045007705688,-0.3120458585393611,4.253716468811035,2.5934393405914307,0.8453617691993713,1.198054552078247,4.523891448974609,-0.5655990839004517,3.29192852973938,-0.6180859208106995
45.999093770980835,3.7640297412872314,1.3852100372314453,-0.3360963136960858,4.221907138824463,2.6187491416931152,0.8593528866767883,1.1653128862380981,4.534857749938965,-0.5457054376602173,3.316310167312622,-0.6134090423583984
46.04941010475159,3.7698020935058594,1.3848466873168945,-0.35931777428795825,4.188501834869385,2.6405246257781982,0.8751255869865417,1.1329350471496582,4.545404434204102,-0.5244637727737427,3.3397693634033203,-0.6083491444587708
46.099082469940186,3.775747537612915,1.384486436843872,-0.3838050954579821,4.156011581420898,2.6607213020324707,0.89140385389328,1.100321888923645,4.554742336273193,-0.5022944211959839,3.361997365951538,-0.6029512286186218
46.14912819862366,3.781052589416504,1.3838093280792236,-0.403072885496249,4.124283790588379,2.6808998584747314,0.906709611415863,1.0677404403686523,4.562522888183594,-0.4796958565711975,3.383376121520996,-0.5973829030990601
46.19925117492676,3.7863190174102783,1.3833929300308228,-0.4232223279559031,4.092700958251953,2.7006113529205322,0.9187737107276917,1.0369899272918701,4.567856311798096,-0.4577220380306244,3.4027743339538574,-0.593292772769928
46.24914908409119,3.7917282581329346,1.3826076984405518,-0.4444311199531047,4.054774284362793,2.722215414047241,0.930085301399231,1.0014091730117798,4.571432590484619,-0.43288516998291016,3.421795129776001,-0.591433584690094
46.299038887023926,3.7967424392700195,1.382155179977417,-0.46548153146726534,4.016077518463135,2.74031662940979,0.9387973546981812,0.9662942886352539,4.572547435760498,-0.4088650345802307,3.4378740787506104,-0.5904418230056763
46.349241971969604,3.802030563354492,1.381493091583252,-0.4881408955997141,3.975710391998291,2.754380464553833,0.9457038044929504,0.9313759207725525,4.571299076080322,-0.38441452383995056,3.4539296627044678,-0.5865825414657593
46.39921832084656,3.8076796531677246,1.3808629512786865,-0.512917902055476,3.9342803955078125,2.762824535369873,0.9515762329101562,0.8968003392219543,4.568694114685059,-0.3599655330181122,3.4685962200164795,-0.5789523124694824
46.44917273521423,3.814162492752075,1.3797831535339355,-0.5399471225511506,3.8921751976013184,2.766681671142578,0.957323431968689,0.8619416356086731,4.565605640411377,-0.3360293209552765,3.480365753173828,-0.567362368106842
46.4990508556366,3.821007013320923,1.3786650896072388,-0.5697946373147723,3.8485164642333984,2.7662553787231445,0.9622217416763306,0.8256559371948242,4.562544345855713,-0.31142157316207886,3.4896135330200195,-0.5518765449523926
46.549192667007446,3.8280789852142334,1.3769811391830444,-0.59984358334378,3.809279441833496,2.765242576599121,0.9664658308029175,0.7905198931694031,4.5602335929870605,-0.2866107225418091,3.4958274364471436,-0.534346878528595
46.59904336929321,3.836371421813965,1.374265432357788,-0.6364128757519032,3.7713451385498047,2.7666094303131104,0.9704460501670837,0.7506236433982849,4.559212684631348,-0.2574103772640228,3.499642848968506,-0.5127488374710083
46.64955115318298,3.8453667163848877,1.3713111877441406,-0.6751790948284718,3.733778953552246,2.7697649002075195,0.9725105166435242,0.7119132876396179,4.560162544250488,-0.22863321006298065,3.500488042831421,-0.49128660559654236
46.699026584625244,3.8542258739471436,1.3676338195800781,-0.7165865902505969,3.691380262374878,2.773108959197998,0.9729652404785156,0.671990156173706,4.562482833862305,-0.19854742288589478,3.499565839767456,-0.4689547121524811
46.74973654747009,3.863297462463379,1.3633390665054321,-0.7575280616650285,3.645545482635498,2.7763679027557373,0.9734950661659241,0.6307432055473328,4.565977573394775,-0.16818363964557648,3.4970932006835938,-0.445148229598999
46.798977851867676,3.873379707336426,1.3583964109420776,-0.8011692936093301,3.5996766090393066,2.7805161476135254,0.974414050579071,0.5908046960830688,4.570369720458984,-0.1405431479215622,3.493727684020996,-0.4205001890659332
46.84942603111267,3.883410930633545,1.3524656295776367,-0.8444158096810667,3.5494744777679443,2.7862071990966797,0.9763055443763733,0.5483372807502747,4.575664043426514,-0.11228444427251816,3.4895830154418945,-0.3927060067653656
46.89902925491333,3.89229416847229,1.3473368883132935,-0.88168826613879,3.4997358322143555,2.792790412902832,0.9794481992721558,0.5088258385658264,4.580427646636963,-0.0852324515581131,3.4854910373687744,-0.3661711812019348
46.949055910110474,3.9032657146453857,1.339099645614624,-0.9253593211367702,3.4376471042633057,2.8014862537384033,0.9854336977005005,0.462388277053833,4.586464881896973,-0.05291060358285904,3.481616258621216,-0.33674296736717224
46.999266624450684,3.9121577739715576,1.3318496942520142,-0.9616833422030981,3.386353015899658,2.810232162475586,0.9917997717857361,0.42540881037712097,4.592039585113525,-0.02690659649670124,3.4798600673675537,-0.3159625232219696
47.049169063568115,3.922001838684082,1.3228681087493896,-1.0035622867889071,3.32430100440979,2.825507640838623,1.0017424821853638,0.38014447689056396,4.600747108459473,0.004374406300485134,3.479862689971924,-0.2905927896499634
47.09912872314453,3.929572582244873,1.3150283098220825,-1.0342657073816874,3.275408983230591,2.843501567840576,1.0111256837844849,0.34300515055656433,4.6092329025268555,0.029660075902938843,3.481599807739258,-0.26779094338417053
47.149293422698975,3.9369008541107178,1.3062422275543213,-1.064173557176705,3.2218730449676514,2.864757537841797,1.022358775138855,0.3023282587528229,4.619970321655273,0.05400216579437256,3.4845221042633057,-0.24330411851406097
47.19929528236389,3.9436631202697754,1.2973181009292603,-1.089734862530376,3.1729350090026855,2.8815531730651855,1.0333255529403687,0.26552408933639526,4.628476142883301,0.07397031784057617,3.4865312576293945,-0.22343212366104126
47.24919652938843,3.9505879878997803,1.2875195741653442,-1.1141655062399436,3.120443105697632,2.8970112800598145,1.0472040176391602,0.2234949767589569,4.635917663574219,0.09508582204580307,3.4882936477661133,-0.20140860974788666
47.29927396774292,3.9570274353027344,1.2782464027404785,-1.13478619684059,3.071753978729248,2.905385971069336,1.0621414184570312,0.1835353672504425,4.640780448913574,0.11444377154111862,3.4901790618896484,-0.17939084768295288
47.34943604469299,3.963006019592285,1.2689696550369263,-1.1544662545414672,3.023120403289795,2.9070918560028076,1.0795509815216064,0.14387668669223785,4.643834114074707,0.1331769824028015,3.4928126335144043,-0.15720422565937042
47.39902901649475,3.9690253734588623,1.259018063545227,-1.1731492981104872,2.9744091033935547,2.9041459560394287,1.0994294881820679,0.10473978519439697,4.644874572753906,0.1510484516620636,3.49655818939209,-0.13613398373126984
47.44905734062195,3.975145101547241,1.2497596740722656,-1.191187394616513,2.929429292678833,2.89916729927063,1.1196929216384888,0.06830061972141266,4.644343852996826,0.1674201935529709,3.501403570175171,-0.11728662997484207
47.49913287162781,3.9813129901885986,1.2390261888504028,-1.2106311935846266,2.8798036575317383,2.8927526473999023,1.1426209211349487,0.028170928359031677,4.642597198486328,0.1855587214231491,3.5082685947418213,-0.09675833582878113
47.549185037612915,3.9868085384368896,1.2292113304138184,-1.2275790268736466,2.833944320678711,2.8861286640167236,1.1607837677001953,-0.0077619836665689945,4.640120506286621,0.201773002743721,3.515530586242676,-0.07875888049602509
47.59910798072815,3.99219012260437,1.2184491157531738,-1.2458766673497395,2.780198335647583,2.877631902694702,1.1777064800262451,-0.049048617482185364,4.63637113571167,0.2198541909456253,3.5248446464538574,-0.058953382074832916
47.64911603927612,3.997575044631958,1.2072992324829102,-1.2625187981703745,2.727412462234497,2.8685054779052734,1.1913971900939941,-0.08967345952987671,4.631549835205078,0.23812542855739594,3.535226345062256,-0.03904805704951286
47.69909739494324,4.0030436515808105,1.1960755586624146,-1.279005096345826,2.674161434173584,2.8579108715057373,1.2033662796020508,-0.13064181804656982,4.625528812408447,0.2574926018714905,3.5471856594085693,-0.017418382689356804
47.74907970428467,4.007928371429443,1.1843459606170654,-1.2957849456884114,2.622699022293091,2.8464837074279785,1.2138546705245972,-0.16880996525287628,4.618895053863525,0.2770613729953766,3.558753728866577,0.003229990601539612
47.799118995666504,4.013364315032959,1.172227144241333,-1.311878609586867,2.5641167163848877,2.832594394683838,1.2248175144195557,-0.21075403690338135,4.610166549682617,0.2999168932437897,3.5712411403656006,0.025673650205135345
47.84931135177612,4.017841815948486,1.1603848934173584,-1.3279739121617435,2.512072801589966,2.820815324783325,1.2346632480621338,-0.25109919905662537,4.600786209106445,0.32147908210754395,3.581972599029541,0.04629793018102646
47.89902448654175,4.022344589233398,1.1482799053192139,-1.3431793394546252,2.464580774307251,2.811816453933716,1.243945837020874,-0.2928842604160309,4.590723514556885,0.34147295355796814,3.591557502746582,0.06678610295057297
47.949268102645874,4.02617883682251,1.1370468139648438,-1.3566151175633256,2.4201743602752686,2.8049542903900146,1.2516132593154907,-0.33316466212272644,4.580332279205322,0.35915106534957886,3.6002631187438965,0.08709370344877243
47.999229192733765,4.02946138381958,1.1261446475982666,-1.3689233679198929,2.3714449405670166,2.7997310161590576,1.2587721347808838,-0.37667471170425415,4.568556308746338,0.37680646777153015,3.6083567142486572,0.11027385294437408
48.04926252365112,4.032714366912842,1.1145973205566406,-1.3806846815992806,2.3192427158355713,2.796363115310669,1.264451503753662,-0.42311978340148926,4.555947303771973,0.3950616717338562,3.614001989364624,0.1341848224401474
48.09905815124512,4.034759521484375,1.105983018875122,-1.3905501040127697,2.2704427242279053,2.7935070991516113,1.2690339088439941,-0.46695849299430847,4.544342517852783,0.41335245966911316,3.6159961223602295,0.15499241650104523
48.14903140068054,4.036418437957764,1.0981805324554443,-1.3956446092732249,2.221604347229004,2.791259527206421,1.2734006643295288,-0.5101316571235657,4.534348964691162,0.43297603726387024,3.6152055263519287,0.17558160424232483
48.19917106628418,4.037559986114502,1.0913234949111938,-1.3981241548986163,2.1716129779815674,2.789358615875244,1.2782238721847534,-0.5520708560943604,4.5266194343566895,0.4533039629459381,3.611908435821533,0.19684308767318726
48.24912881851196,4.038204669952393,1.0860395431518555,-1.398643068692326,2.119701385498047,2.7877509593963623,1.2846800088882446,-0.5932120680809021,4.520841598510742,0.4732454717159271,3.6064913272857666,0.21788766980171204
48.299089670181274,4.038422107696533,1.0815072059631348,-1.3969360661741002,2.066119909286499,2.7874629497528076,1.2927498817443848,-0.6341047883033752,4.516512393951416,0.49181514978408813,3.599003553390503,0.23889195919036865
48.34910750389099,4.038578510284424,1.0794992446899414,-1.3924869923444971,2.0155224800109863,2.7887842655181885,1.3011153936386108,-0.6726167798042297,4.513449192047119,0.5074959993362427,3.58933424949646,0.2578287422657013
48.39936637878418,4.038033485412598,1.0784313678741455,-1.3865107786865778,1.9612821340560913,2.79150390625,1.3107558488845825,-0.7125909328460693,4.5115275382995605,0.5219101309776306,3.577501058578491,0.27682408690452576
48.44906282424927,4.037823677062988,1.0778071880340576,-1.3798927573029864,1.9040112495422363,2.794940233230591,1.3211538791656494,-0.7533908486366272,4.510374069213867,0.5350921750068665,3.565551519393921,0.29642254114151
48.49903392791748,4.037530422210693,1.076898217201233,-1.3744424246482128,1.8521207571029663,2.7959249019622803,1.3316515684127808,-0.791024923324585,4.509740829467773,0.546499490737915,3.5560436248779297,0.3145882189273834
48.54908204078674,4.037358283996582,1.0773730278015137,-1.367457010166499,1.7999906539916992,2.7925760746002197,1.3431334495544434,-0.8288756012916565,4.509788990020752,0.5570293068885803,3.548372268676758,0.33340755105018616
48.59903621673584,4.0372796058654785,1.0770492553710938,-1.3595740617018688,1.7458231449127197,2.7836406230926514,1.3553292751312256,-0.8667179346084595,4.510676860809326,0.5662255883216858,3.5429351329803467,0.3541935980319977
48.64906167984009,4.036218643188477,1.0769957304000854,-1.3483470115460419,1.69076669216156,2.7711915969848633,1.368259310722351,-0.904116153717041,4.512415409088135,0.5741767287254333,3.539016008377075,0.3759748637676239
48.69903540611267,4.0355048179626465,1.0759414434432983,-1.335367052213401,1.6379592418670654,2.757899045944214,1.3829842805862427,-0.9409283399581909,4.515028953552246,0.5823084115982056,3.5361106395721436,0.3975057303905487
48.74905228614807,4.034173965454102,1.0752391815185547,-1.3199753430125367,1.5877450704574585,2.7448532581329346,1.3994754552841187,-0.9773229956626892,4.51874303817749,0.5914968848228455,3.53452205657959,0.4186912178993225
48.799052715301514,4.033242225646973,1.0732117891311646,-1.304717083548724,1.5375818014144897,2.732445240020752,1.4175394773483276,-1.01296865940094,4.522724628448486,0.6016114354133606,3.534048557281494,0.43989405035972595
48.84910321235657,4.032060623168945,1.0712087154388428,-1.284293182278671,1.4858790636062622,2.719940662384033,1.435686707496643,-1.0481618642807007,4.527037143707275,0.6135838627815247,3.5345044136047363,0.46067675948143005
48.89928960800171,4.030777454376221,1.0689949989318848,-1.2635723929617,1.4358563423156738,2.7069344520568848,1.450880527496338,-1.0816140174865723,4.531085014343262,0.6272910237312317,3.5356576442718506,0.4798114597797394
48.94931507110596,4.029545307159424,1.0662870407104492,-1.2396627894783252,1.3819166421890259,2.691885471343994,1.465072512626648,-1.117784857749939,4.536248683929443,0.6438819766044617,3.537532329559326,0.5001747012138367
48.99921488761902,4.028749942779541,1.0629956722259521,-1.2125034997350026,1.3280487060546875,2.6763553619384766,1.4786969423294067,-1.1557642221450806,4.5420098304748535,0.6635509729385376,3.539719820022583,0.5203130841255188
49.049254179000854,4.027456283569336,1.0600371360778809,-1.185300846904997,1.278151512145996,2.6624813079833984,1.4919682741165161,-1.193154215812683,4.548272132873535,0.6834770441055298,3.54110050201416,0.5397962331771851
49.09905815124512,4.025730609893799,1.055471420288086,-1.1494840001308755,1.2243084907531738,2.648219108581543,1.5084174871444702,-1.238494634628296,4.555635929107666,0.7090662121772766,3.5404465198516846,0.5645983815193176
49.14934158325195,4.024380683898926,1.0511809587478638,-1.1164769176371918,1.182044267654419,2.6385443210601807,1.5232536792755127,-1.2784771919250488,4.562925815582275,0.7320272922515869,3.537381410598755,0.587454080581665
49.19905877113342,4.022957801818848,1.0463820695877075,-1.0756999934028084,1.1343740224838257,2.630066394805908,1.5410246849060059,-1.325170874595642,4.572269916534424,0.7579833269119263,3.531259536743164,0.613042414188385
49.249223470687866,4.021707534790039,1.0430642366409302,-1.0360066897273783,1.0901662111282349,2.6231446266174316,1.5573967695236206,-1.3684531450271606,4.582546710968018,0.7801992297172546,3.5240933895111084,0.6347721815109253
49.29908871650696,4.020689964294434,1.0381721258163452,-0.9892463426363131,1.0406618118286133,2.615701675415039,1.575535774230957,-1.4176700115203857,4.595611095428467,0.803922176361084,3.514833450317383,0.6591873168945312
49.34917688369751,4.018712520599365,1.033942461013794,-0.9433857741079573,0.9971048831939697,2.6085364818573,1.591178297996521,-1.4626622200012207,4.608307838439941,0.8243491649627686,3.5051474571228027,0.6820226907730103
49.39905643463135,4.017693996429443,1.0302982330322266,-0.8942556042117924,0.9484967589378357,2.5996909141540527,1.6071631908416748,-1.5128889083862305,4.623051166534424,0.8468872904777527,3.492034912109375,0.7081739902496338
49.449161529541016,4.015640735626221,1.0258305072784424,-0.840986193683803,0.9006000757217407,2.591451406478882,1.6202301979064941,-1.5590060949325562,4.636968612670898,0.8680731654167175,3.476924419403076,0.7326793074607849
49.49899435043335,4.013276100158691,1.0214221477508545,-0.7905859919241588,0.8505679965019226,2.5837297439575195,1.6323978900909424,-1.60539972782135,4.649546146392822,0.8898413181304932,3.4591610431671143,0.7571814656257629
49.54914212226868,4.011495113372803,1.016619324684143,-0.7386183902970134,0.7985808849334717,2.5765492916107178,1.6450262069702148,-1.652383804321289,4.660795211791992,0.9116211533546448,3.439080238342285,0.7818350791931152
49.599029779434204,4.010420322418213,1.0116826295852661,-0.6862046052146316,0.7457804679870605,2.5702078342437744,1.6586816310882568,-1.6969492435455322,4.6699652671813965,0.9337814450263977,3.418722152709961,0.8057205677032471
49.6497597694397,4.010126113891602,1.0075825452804565,-0.6405449707345608,0.6985064148902893,2.5642600059509277,1.673495888710022,-1.7345341444015503,4.677271366119385,0.953865647315979,3.4014620780944824,0.8278999924659729
49.699103355407715,4.009734153747559,1.0036053657531738,-0.5887833084662506,0.6393747925758362,2.555360794067383,1.694508671760559,-1.7786738872528076,4.685815811157227,0.9808411002159119,3.3809635639190674,0.85582435131073
49.74920892715454,4.009171962738037,1.0003880262374878,-0.543300485036482,0.5918152332305908,2.5455574989318848,1.7130433320999146,-1.8133677244186401,4.6934494972229,1.006620168685913,3.3652901649475098,0.877804160118103
49.79922342300415,4.008793830871582,0.9968375563621521,-0.49343758584919395,0.544733464717865,2.532395601272583,1.732813835144043,-1.8473809957504272,4.701826572418213,1.0361391305923462,3.3519811630249023,0.9010147452354431
49.84910845756531,4.009389877319336,0.992071270942688,-0.4443822781770706,0.4968424141407013,2.513871908187866,1.75438392162323,-1.881014108657837,4.709889888763428,1.0689033269882202,3.3405606746673584,0.9266688227653503
49.899194955825806,4.010464668273926,0.9886810183525085,-0.40401358753652744,0.4515113830566406,2.492907762527466,1.7759075164794922,-1.911241054534912,4.7162251472473145,1.1016680002212524,3.3314826488494873,0.9495428800582886
49.949108839035034,4.0100417137146,0.985561728477478,-0.36857237903018086,0.4064115583896637,2.4708950519561768,1.798728585243225,-1.940705418586731,4.72110652923584,1.1358070373535156,3.3231983184814453,0.9699456095695496
49.99922823905945,4.010856628417969,0.9829130172729492,-0.3438337568620567,0.3615987002849579,2.4488797187805176,1.8214514255523682,-1.968033790588379,4.725525856018066,1.1715666055679321,3.3159141540527344,0.9902132749557495
50.04904246330261,4.0112810134887695,0.9809078574180603,-0.325958728403382,0.3165014982223511,2.42546010017395,1.845580816268921,-1.9949758052825928,4.730138778686523,1.2085739374160767,3.309824228286743,1.0119575262069702
50.09915351867676,4.012040138244629,0.9795626401901245,-0.31486457534053713,0.27022120356559753,2.3996734619140625,1.8710618019104004,-2.0203371047973633,4.7342681884765625,1.2454864978790283,3.3044049739837646,1.0348628759384155
50.149051666259766,4.013046741485596,0.9787665605545044,-0.3068488641211293,0.2214658409357071,2.3710358142852783,1.899433970451355,-2.0453689098358154,4.73676061630249,1.2821241617202759,3.3002028465270996,1.058138370513916
50.19906973838806,4.014925956726074,0.9774247407913208,-0.29814353149672207,0.17143738269805908,2.3398985862731934,1.9305740594863892,-2.069443941116333,4.736283779144287,1.3206228017807007,3.2973451614379883,1.081693172454834
50.24908661842346,4.016584396362305,0.9762849807739258,-0.2902488096029526,0.12185307592153549,2.3058881759643555,1.9630368947982788,-2.093557834625244,4.733188152313232,1.3625949621200562,3.2957513332366943,1.1060384511947632
50.29958772659302,4.018192291259766,0.9749324321746826,-0.28445970164779866,0.07384517788887024,2.268749952316284,1.9947630167007446,-2.118464231491089,4.730037689208984,1.4047709703445435,3.296476364135742,1.132738471031189
50.34941744804382,4.018899917602539,0.9740611910820007,-0.2823516468588587,0.031422365456819534,2.233837842941284,2.02424955368042,-2.1436848640441895,4.726363182067871,1.4438737630844116,3.2980306148529053,1.1590560674667358
50.39922904968262,4.0202717781066895,0.9734901189804077,-0.2811794566919071,-0.007745292969048023,2.2015480995178223,2.054276943206787,-2.1699445247650146,4.722827911376953,1.4806989431381226,3.297358512878418,1.183026909828186
50.449334144592285,4.021883964538574,0.9732017517089844,-0.2822221453968232,-0.04899067059159279,2.1689422130584717,2.086766004562378,-2.198425531387329,4.71814489364624,1.519892930984497,3.2926111221313477,1.2082747220993042
50.49933314323425,4.023753643035889,0.9728071689605713,-0.2834625176492176,-0.08675943315029144,2.139662504196167,2.1174838542938232,-2.22464919090271,4.712325096130371,1.5553390979766846,3.286102056503296,1.2362921237945557
50.54914569854736,4.025116443634033,0.972943902015686,-0.28865278433037234,-0.12554778158664703,2.109875202178955,2.1515326499938965,-2.253589153289795,4.704931735992432,1.5908693075180054,3.2771124839782715,1.269084095954895
50.599029779434204,4.025991916656494,0.973145604133606,-0.2933986632708515,-0.15780754387378693,2.0847127437591553,2.1813156604766846,-2.2784841060638428,4.69783878326416,1.6206926107406616,3.2674787044525146,1.2965425252914429
50.64899945259094,4.02857780456543,0.973230242729187,-0.30147107096014325,-0.19917133450508118,2.0502796173095703,2.2192375659942627,-2.310166835784912,4.687420845031738,1.659128189086914,3.2534518241882324,1.3291239738464355
50.69924879074097,4.03085470199585,0.973015546798706,-0.3094773679825856,-0.23641715943813324,2.0180728435516357,2.251509189605713,-2.338470220565796,4.677774906158447,1.6930515766143799,3.240309953689575,1.3562968969345093
50.74903583526611,4.03352689743042,0.9726452827453613,-0.32014374140127927,-0.2781749367713928,1.9826171398162842,2.2848000526428223,-2.370664358139038,4.666661262512207,1.7305666208267212,3.2255163192749023,1.3848297595977783
50.79908752441406,4.03709602355957,0.9722880721092224,-0.3329877108262805,-0.3233299255371094,1.944764494895935,2.3180806636810303,-2.405959367752075,4.655261039733887,1.771369218826294,3.2086009979248047,1.4141087532043457
50.8490846157074,4.041004657745361,0.9715934991836548,-0.3465603717365917,-0.3651440143585205,1.9082585573196411,2.3486759662628174,-2.4398865699768066,4.645261287689209,1.8100740909576416,3.192307949066162,1.4415034055709839
50.898988485336304,4.045904636383057,0.9708933234214783,-0.36108275568021037,-0.40512391924858093,1.8710510730743408,2.379002571105957,-2.4739744663238525,4.636730194091797,1.8496088981628418,3.1755359172821045,1.467875361442566
50.949140787124634,4.050526142120361,0.9702879190444946,-0.3780977463524008,-0.4409656822681427,1.8345133066177368,2.407334566116333,-2.503974437713623,4.62758731842041,1.8877019882202148,3.161247730255127,1.4924776554107666
50.999077796936035,4.0562968254089355,0.96958327293396,-0.3986060819754427,-0.47907692193984985,1.7901939153671265,2.440256118774414,-2.5334858894348145,4.61741828918457,1.9303926229476929,3.1490190029144287,1.5184438228607178
51.049118995666504,4.062341213226318,0.9687280058860779,-0.41969679828279555,-0.5125213265419006,1.746319055557251,2.474064826965332,-2.5583748817443848,4.607646942138672,1.9684611558914185,3.142117977142334,1.5425317287445068
51.09935474395752,4.068291664123535,0.9678518176078796,-0.44186081298765284,-0.540065348148346,1.7042951583862305,2.5072429180145264,-2.5798964500427246,4.5960917472839355,2.0027849674224854,3.138603448867798,1.5642727613449097
51.14909911155701,4.07604455947876,0.9665814638137817,-0.46905893236000057,-0.5646835565567017,1.6565839052200317,2.5439844131469727,-2.6015334129333496,4.578972816467285,2.040198802947998,3.136444091796875,1.5870808362960815
51.199198961257935,4.0835676193237305,0.9651138186454773,-0.4972893836123681,-0.5840040445327759,1.609870195388794,2.579186201095581,-2.620678186416626,4.558987140655518,2.0742106437683105,3.135631799697876,1.6072219610214233
51.24912118911743,4.091271877288818,0.9633933305740356,-0.5285448863551558,-0.6017439365386963,1.56190824508667,2.6154422760009766,-2.6390469074249268,4.5371198654174805,2.106635570526123,3.1363930702209473,1.6264866590499878
51.29917240142822,4.097992420196533,0.9619978070259094,-0.5566901418588821,-0.6147594451904297,1.521639347076416,2.6462957859039307,-2.653738021850586,4.51882266998291,2.132556438446045,3.1386234760284424,1.6421732902526855
51.349201917648315,4.107603073120117,0.9594858288764954,-0.5958907526328436,-0.6310190558433533,1.4641423225402832,2.690516471862793,-2.6712255477905273,4.49230432510376,2.1673378944396973,3.144700288772583,1.6640164852142334
51.399115800857544,4.115801811218262,0.9573113918304443,-0.6321296024649616,-0.6433204412460327,1.4155985116958618,2.726712465286255,-2.6819212436676025,4.470170021057129,2.1942999362945557,3.1525979042053223,1.6803570985794067
51.44925808906555,4.124429702758789,0.9549398422241211,-0.6756140396208871,-0.6557316780090332,1.3607211112976074,2.767075538635254,-2.690154790878296,4.4463791847229,2.221057176589966,3.1637957096099854,1.6953375339508057
51.499667167663574,4.132149696350098,0.953055739402771,-0.7195173098482669,-0.6674068570137024,1.3022345304489136,2.8095881938934326,-2.696887969970703,4.421992301940918,2.2463598251342773,3.1782710552215576,1.7076478004455566
51.5492627620697,4.139588356018066,0.9505593776702881,-0.7608256181608333,-0.6781672835350037,1.2427654266357422,2.8523764610290527,-2.703148365020752,4.396286487579346,2.270758867263794,3.1963980197906494,1.718687891960144
51.599143743515015,4.147824764251709,0.9473570585250854,-0.8028565018607368,-0.6882316470146179,1.1807293891906738,2.893751621246338,-2.7103817462921143,4.3679518699646,2.295067071914673,3.216709852218628,1.7287499904632568
51.64914655685425,4.154851913452148,0.9437766075134277,-0.8442499122347288,-0.6958562731742859,1.1225321292877197,2.9296493530273438,-2.7188994884490967,4.339470863342285,2.316789150238037,3.2352983951568604,1.7375010251998901
51.69914960861206,4.160441875457764,0.9400179982185364,-0.8775782636434527,-0.7023361325263977,1.0649079084396362,2.9646754264831543,-2.7289185523986816,4.309208869934082,2.337667465209961,3.2532379627227783,1.7466590404510498
51.74927639961243,4.166385173797607,0.9354929327964783,-0.9104276987357552,-0.7098134756088257,1.0079928636550903,2.998375415802002,-2.7387232780456543,4.279257774353027,2.3574938774108887,3.2716543674468994,1.7576755285263062
51.7991099357605,4.1714701652526855,0.9311664700508118,-0.9384863103279124,-0.7190012335777283,0.951237142086029,3.0308122634887695,-2.747605800628662,4.250657558441162,2.3786935806274414,3.2905659675598145,1.7708839178085327
51.8493492603302,4.175988674163818,0.9271764159202576,-0.9622381793447834,-0.7301578521728516,0.8956520557403564,3.0632576942443848,-2.7556793689727783,4.223960876464844,2.400468349456787,3.3093137741088867,1.7855229377746582
51.89911603927612,4.181114673614502,0.9220999479293823,-0.9880039403819428,-0.743008017539978,0.842301607131958,3.096389055252075,-2.7641634941101074,4.197450637817383,2.4241552352905273,3.3268330097198486,1.800266146659851
51.94935703277588,4.185618877410889,0.9185593724250793,-1.0122342635361996,-0.7572411298751831,0.7926517128944397,3.1276133060455322,-2.7732815742492676,4.1720170974731445,2.447589635848999,3.341251850128174,1.8139421939849854
51.999155044555664,4.190093994140625,0.914557695388794,-1.0352840379880701,-0.7763866186141968,0.736908495426178,3.1617939472198486,-2.785717725753784,4.14399528503418,2.474684476852417,3.356085777282715,1.8302302360534668
52.04932713508606,4.195453643798828,0.9097620248794556,-1.0604513752932998,-0.7978697419166565,0.6838215589523315,3.194194793701172,-2.7998335361480713,4.117730617523193,2.5009777545928955,3.3690733909606934,1.8468742370605469
52.09913206100464,4.200903415679932,0.9042466878890991,-1.0889375965403543,-0.8224982619285583,0.6298955082893372,3.2279257774353027,-2.8158257007598877,4.091674327850342,2.5271413326263428,3.3801915645599365,1.8641728162765503
52.149293661117554,4.206455707550049,0.8985785245895386,-1.1163917373785008,-0.8497718572616577,0.5751338005065918,3.2627859115600586,-2.833109140396118,4.06570291519165,2.5538136959075928,3.389256238937378,1.8819547891616821
52.1991286277771,4.211489677429199,0.892684817314148,-1.1440438526772803,-0.8764438629150391,0.5239193439483643,3.2970011234283447,-2.850553512573242,4.040420055389404,2.5797619819641113,3.394976854324341,1.8991508483886719
52.24923229217529,4.217052936553955,0.8853498697280884,-1.17628113311965,-0.9054594039916992,0.46686065196990967,3.3358893394470215,-2.870908260345459,4.011463165283203,2.6099307537078857,3.399311065673828,1.9177768230438232
52.29911684989929,4.222574234008789,0.8776744604110718,-1.208531559222451,-0.9302863478660583,0.413990318775177,3.370687246322632,-2.888049840927124,3.9837806224823,2.639434337615967,3.402719020843506,1.9349464178085327
52.349560499191284,4.22784423828125,0.8698062300682068,-1.2405368442012608,-0.950590968132019,0.368439644575119,3.402928113937378,-2.902348041534424,3.958638906478882,2.6681785583496094,3.4076507091522217,1.9510363340377808
52.3991014957428,4.2338128089904785,0.8602766394615173,-1.2794991238855467,-0.969512939453125,0.3188020884990692,3.438344717025757,-2.9173696041107178,3.93066668510437,2.701061725616455,3.4154715538024902,1.9682188034057617
52.449286699295044,4.239208698272705,0.8506965637207031,-1.3168729478607248,-0.9829756021499634,0.2727147340774536,3.4688639640808105,-2.929804563522339,3.9041569232940674,2.730398416519165,3.4247820377349854,1.9822615385055542
52.49909067153931,4.244680881500244,0.8412646651268005,-1.3585372167419218,-0.9942222237586975,0.22204306721687317,3.498854398727417,-2.941072940826416,3.8758227825164795,2.761021375656128,3.436398983001709,1.9956868886947632
52.54932236671448,4.250366687774658,0.8299881219863892,-1.4028018478941007,-1.0036509037017822,0.16708123683929443,3.528812885284424,-2.952221155166626,3.8463830947875977,2.7931158542633057,3.4497792720794678,2.008718252182007
52.59911131858826,4.25541353225708,0.818818986415863,-1.443233451663662,-1.0114911794662476,0.11350308358669281,3.55629301071167,-2.962885618209839,3.816678285598755,2.822742462158203,3.4634103775024414,2.0202112197875977
52.649253606796265,4.259435653686523,0.8074164390563965,-1.4806047800904725,-1.0171260833740234,0.06763036549091339,3.5787312984466553,-2.971301555633545,3.788379669189453,2.845198631286621,3.4754998683929443,2.02961802482605
52.69905734062195,4.263587951660156,0.7923217415809631,-1.5286685236139772,-1.0236634016036987,0.001277206582017243,3.608386278152466,-2.9817934036254883,3.7434239387512207,2.8715453147888184,3.493490695953369,2.0415589809417725
52.74920678138733,4.2666754722595215,0.7793947458267212,-1.5678018706315846,-1.0266779661178589,-0.0575437992811203,3.6331968307495117,-2.98832106590271,3.7027509212493896,2.8888490200042725,3.509310245513916,2.049806833267212
52.79905319213867,4.269402980804443,0.7665631771087646,-1.6031338706931737,-1.0262033939361572,-0.1186273917555809,3.6576626300811768,-2.9922783374786377,3.663701057434082,2.9021100997924805,3.5251970291137695,2.0546352863311768
52.8494131565094,4.271509170532227,0.7533526420593262,-1.6356986193799297,-1.0223360061645508,-0.18093343079090118,3.6821539402008057,-2.9933485984802246,3.6266939640045166,2.9121532440185547,3.5427210330963135,2.0551998615264893
52.89922547340393,4.273794651031494,0.7404956221580505,-1.6644382718374404,-1.0168616771697998,-0.24411246180534363,3.7062389850616455,-2.9913554191589355,3.5895004272460938,2.9193224906921387,3.560288667678833,2.0526845455169678
52.94927191734314,4.274590969085693,0.7271372675895691,-1.6904511764014052,-1.0118695497512817,-0.3054537773132324,3.7310736179351807,-2.987175464630127,3.551677703857422,2.9242746829986572,3.57649564743042,2.048987627029419
52.999077558517456,4.274573802947998,0.7125640511512756,-1.714307197681907,-1.0078355073928833,-0.3625005781650543,3.757384777069092,-2.982361316680908,3.514160394668579,2.9270002841949463,3.5885636806488037,2.046976327896118
53.04920506477356,4.274065017700195,0.6989744305610657,-1.73391525310027,-1.005136489868164,-0.41740575432777405,3.783496379852295,-2.978109121322632,3.4772207736968994,2.9271225929260254,3.599500894546509,2.0462698936462402
53.09905934333801,4.273404598236084,0.6853658556938171,-1.7525678726411855,-1.0042585134506226,-0.4680992662906647,3.8072714805603027,-2.9757773876190186,3.442739963531494,2.9242825508117676,3.6107795238494873,2.0471677780151367
53.14933967590332,4.2725300788879395,0.67369145154953,-1.7663391001428996,-1.0055079460144043,-0.5125080347061157,3.828029155731201,-2.9749224185943604,3.4123096466064453,2.9197945594787598,3.6201000213623047,2.049072504043579
53.19910764694214,4.270856857299805,0.6569311022758484,-1.785816361042868,-1.0088921785354614,-0.5755303502082825,3.856588125228882,-2.979468584060669,3.3676202297210693,2.910924196243286,3.631532669067383,2.0528371334075928
53.24924159049988,4.26912260055542,0.642062783241272,-1.8022441304730292,-1.0134457349777222,-0.6315498948097229,3.8802034854888916,-2.985553026199341,3.328458786010742,2.9024157524108887,3.642347574234009,2.058969497680664
53.29929232597351,4.266900539398193,0.6264858841896057,-1.8183202912928078,-1.0200955867767334,-0.6917200088500977,3.9034688472747803,-2.9923129081726074,3.288330554962158,2.8944106101989746,3.654322624206543,2.068195104598999
53.34909796714783,4.264149188995361,0.6117778420448303,-1.8325599492702633,-1.0274090766906738,-0.7460311055183411,3.9232349395751953,-2.9979400634765625,3.252890110015869,2.888681173324585,3.663750410079956,2.078228712081909
53.3991379737854,4.260634899139404,0.5953965783119202,-1.8472251443586813,-1.0370051860809326,-0.8077713251113892,3.9444973468780518,-3.003584146499634,3.2122950553894043,2.8843142986297607,3.672879934310913,2.0903689861297607
53.44921255111694,4.2571210861206055,0.5810801386833191,-1.8599782161161007,-1.0462987422943115,-0.8598459362983704,3.9618873596191406,-3.0079345703125,3.1773223876953125,2.881364583969116,3.6804354190826416,2.099785566329956
53.499053955078125,4.25296688079834,0.5639873147010803,-1.8734579542143974,-1.0583575963974,-0.9244232177734375,3.983717679977417,-3.012077808380127,3.1337552070617676,2.8778209686279297,3.690542459487915,2.1131203174591064
53.549140214920044,4.248754501342773,0.547435462474823,-1.8870100325587171,-1.0678882598876953,-0.980076789855957,4.002355575561523,-3.01495623588562,3.098036766052246,2.8749544620513916,3.6986875534057617,2.126706600189209
53.599400997161865,4.2437543869018555,0.5297258496284485,-1.9016928076801694,-1.0772597789764404,-1.0388613939285278,4.022185325622559,-3.018126964569092,3.0589189529418945,2.8716259002685547,3.7089569568634033,2.141223192214966
53.649208307266235,4.238582611083984,0.5125759243965149,-1.9142586117024651,-1.0858196020126343,-1.087406873703003,4.039831161499023,-3.0206186771392822,3.0224289894104004,2.8677480220794678,3.718531608581543,2.1523499488830566
53.6991286277771,4.233831405639648,0.4965820014476776,-1.9265929559199022,-1.0914063453674316,-1.1337233781814575,4.056599140167236,-3.0216500759124756,2.985624074935913,2.863485336303711,3.7265636920928955,2.1596438884735107
53.74905323982239,4.228367328643799,0.47939348220825195,-1.9380138977309724,-1.0929043292999268,-1.1805905103683472,4.071835994720459,-3.0207109451293945,2.947392225265503,2.8594064712524414,3.731038808822632,2.1638870239257812
53.79917097091675,4.222116947174072,0.4613485634326935,-1.9505643701552857,-1.0906397104263306,-1.2282987833023071,4.084510326385498,-3.016964912414551,2.907604217529297,2.856332540512085,3.7313315868377686,2.165846109390259
53.849207401275635,4.215701580047607,0.444309800863266,-1.9619202544544354,-1.0852882862091064,-1.2771250009536743,4.093660354614258,-3.010247230529785,2.867044687271118,2.8546090126037598,3.728107213973999,2.1660187244415283
53.899091958999634,4.2092156410217285,0.4273759126663208,-1.9719617499960154,-1.0772892236709595,-1.3284502029418945,4.098653316497803,-3.0011746883392334,2.826183795928955,2.853506565093994,3.722419023513794,2.1647400856018066
53.94915270805359,4.20244026184082,0.41116654872894287,-1.9815421941896905,-1.0669349431991577,-1.3788567781448364,4.099226951599121,-2.991713762283325,2.7879281044006348,2.8529090881347656,3.7149999141693115,2.1619858741760254
53.99929428100586,4.194979667663574,0.3942616581916809,-1.9915079276870165,-1.0533974170684814,-1.432932734489441,4.0955376625061035,-2.982027053833008,2.74928879737854,2.8529624938964844,3.704878091812134,2.1577234268188477
54.04909873008728,4.187518119812012,0.3768731951713562,-2.001862072502811,-1.037683129310608,-1.4864935874938965,4.088145732879639,-2.9733970165252686,2.7124481201171875,2.852769613265991,3.6921818256378174,2.1505796909332275
54.09900760650635,4.17985725402832,0.35940495133399963,-2.0127417494735114,-1.0181617736816406,-1.541754126548767,4.0759806632995605,-2.964737892150879,2.675403118133545,2.8516595363616943,3.6781301498413086,2.141183376312256
54.14910006523132,4.171489715576172,0.3407294750213623,-2.025114732236515,-0.9970105290412903,-1.5918666124343872,4.060892105102539,-2.9582059383392334,2.641000986099243,2.8485920429229736,3.663989782333374,2.131436586380005
54.19899225234985,4.1630778312683105,0.32263967394828796,-2.0366313001343403,-0.9739599823951721,-1.6407405138015747,4.0431904792785645,-2.952589750289917,2.6066513061523438,2.84207820892334,3.6498451232910156,2.121190309524536
54.24908638000488,4.154539108276367,0.30425912141799927,-2.0495877527565236,-0.950761079788208,-1.6892772912979126,4.023025989532471,-2.94915509223938,2.5732641220092773,2.8318703174591064,3.6355879306793213,2.1106410026550293
54.29906368255615,4.146341323852539,0.28691548109054565,-2.060199653523327,-0.9305579662322998,-1.7325732707977295,4.002068042755127,-2.9473648071289062,2.543968439102173,2.8198161125183105,3.62184476852417,2.099186420440674
54.34906220436096,4.136899471282959,0.26838746666908264,-2.0724888410105184,-0.9097174406051636,-1.775237798690796,3.978604555130005,-2.945314645767212,2.514674186706543,2.8054704666137695,3.6069655418395996,2.0856270790100098
54.399189949035645,4.12755823135376,0.25068798661231995,-2.08441912526659,-0.8897488713264465,-1.8153834342956543,3.9560537338256836,-2.942451238632202,2.4876115322113037,2.7907490730285645,3.593899726867676,2.072097063064575
54.449049949645996,4.117252349853516,0.2320726215839386,-2.0992383425465366,-0.8655424118041992,-1.8624541759490967,3.9305267333984375,-2.938030242919922,2.4565186500549316,2.771911382675171,3.578632116317749,2.0545458793640137
54.498987436294556,4.1063432693481445,0.21250523626804352,-2.1078139685844715,-0.8437959551811218,-1.9051069021224976,3.908034086227417,-2.9329147338867188,2.4291656017303467,2.753690719604492,3.565220594406128,2.0366342067718506
54.548999547958374,4.09597635269165,0.19463180005550385,-2.122464117057248,-0.8231476545333862,-1.9493964910507202,3.8852062225341797,-2.9271979331970215,2.4027516841888428,2.7344272136688232,3.553709030151367,2.0167388916015625
54.59920120239258,4.0848307609558105,0.17598895728588104,-2.1340536531751417,-0.8049476742744446,-1.9964733123779297,3.861783504486084,-2.9213454723358154,2.3783326148986816,2.713975667953491,3.545292377471924,1.994888424873352
54.649075508117676,4.0740437507629395,0.1585889309644699,-2.144707828044272,-0.7895234823226929,-2.045660972595215,3.8377299308776855,-2.9156928062438965,2.357449531555176,2.6924233436584473,3.5408132076263428,1.9715834856033325
54.69900941848755,4.061689376831055,0.1390235424041748,-2.1570117970083342,-0.775555431842804,-2.0964386463165283,3.8128764629364014,-2.9099771976470947,2.3398303985595703,2.6699230670928955,3.5401480197906494,1.9473984241485596
54.74925446510315,4.051002025604248,0.12173350900411606,-2.16776459883156,-0.7627696394920349,-2.144659996032715,3.7882182598114014,-2.9035286903381348,2.324755907058716,2.646479845046997,3.539750814437866,1.922178030014038
54.79899191856384,4.037993907928467,0.101889967918396,-2.1779466190903527,-0.7498828768730164,-2.1943142414093018,3.7604074478149414,-2.895083427429199,2.3092195987701416,2.621567726135254,3.540915012359619,1.8946483135223389
54.84927558898926,4.02610445022583,0.08392498642206192,-2.189766190526513,-0.7350057363510132,-2.2434661388397217,3.7293331623077393,-2.884357452392578,2.2925896644592285,2.596778392791748,3.54557204246521,1.8670974969863892
54.89900279045105,4.013735294342041,0.06605783849954605,-2.200453954359792,-0.7182804346084595,-2.287698745727539,3.698448896408081,-2.872573137283325,2.2762882709503174,2.574753999710083,3.5488367080688477,1.8421013355255127
54.9494309425354,4.001037120819092,0.048533521592617035,-2.210073675842459,-0.7027269005775452,-2.328364610671997,3.6664516925811768,-2.8596792221069336,2.2592086791992188,2.5541396141052246,3.5488333702087402,1.8173025846481323
54.999085903167725,3.9880690574645996,0.031024308875203133,-2.219297363875757,-0.688613772392273,-2.3662664890289307,3.6334447860717773,-2.8455722332000732,2.2416810989379883,2.5352635383605957,3.54683256149292,1.7924467325210571
55.04907441139221,3.9753968715667725,0.014501000754535198,-2.226705813973801,-0.6709669828414917,-2.402386426925659,3.599879264831543,-2.8308494091033936,2.2247300148010254,2.518310308456421,3.54571795463562,1.7698769569396973
55.099019050598145,3.9612302780151367,-0.003988874144852161,-2.234972447479958,-0.6466600298881531,-2.4365034103393555,3.566267251968384,-2.815286636352539,2.2092111110687256,2.5037851333618164,3.5456862449645996,1.7482746839523315
55.149362325668335,3.9454970359802246,-0.022355135530233383,-2.2384703213034096,-0.6162147521972656,-2.4671998023986816,3.5327060222625732,-2.7992074489593506,2.1940250396728516,2.490187644958496,3.5461058616638184,1.7256869077682495
55.19919300079346,3.933535575866699,-0.0389442965388298,-2.249273065744201,-0.5811959505081177,-2.4940922260284424,3.499403953552246,-2.7842342853546143,2.179502010345459,2.4763097763061523,3.5470845699310303,1.7021872997283936
55.249223947525024,3.919502019882202,-0.05648582801222801,-2.257046292853402,-0.542367696762085,-2.5182671546936035,3.4656291007995605,-2.7707302570343018,2.1652932167053223,2.462301254272461,3.5482544898986816,1.6777766942977905
55.29911208152771,3.9041225910186768,-0.07355073094367981,-2.260267235701707,-0.498695433139801,-2.5401670932769775,3.430964231491089,-2.75860857963562,2.1515181064605713,2.449286460876465,3.5501809120178223,1.654458999633789
55.34939527511597,3.8910603523254395,-0.09021309018135071,-2.268871806821994,-0.45427972078323364,-2.558749198913574,3.3981516361236572,-2.748445510864258,2.1380739212036133,2.437075614929199,3.5530569553375244,1.6352506875991821
55.39907121658325,3.876997709274292,-0.10641897469758987,-2.273258391555852,-0.4048369824886322,-2.5761795043945312,3.3641223907470703,-2.7385971546173096,2.1238503456115723,2.4241771697998047,3.5563364028930664,1.6155732870101929
55.4492301940918,3.86210560798645,-0.12458809465169907,-2.2783193683087717,-0.35065630078315735,-2.591351270675659,3.3275468349456787,-2.7288761138916016,2.109464168548584,2.4122276306152344,3.5609288215637207,1.5959968566894531
55.49934267997742,3.8483076095581055,-0.14054499566555023,-2.2845146847849356,-0.3035123348236084,-2.601005792617798,3.2961606979370117,-2.7204654216766357,2.0984151363372803,2.402674913406372,3.5661118030548096,1.5819684267044067
55.5491738319397,3.832273006439209,-0.15891598165035248,-2.2919511906708205,-0.24438339471817017,-2.6088359355926514,3.2546582221984863,-2.709782361984253,2.085949659347534,2.3894972801208496,3.575554370880127,1.5681248903274536
55.59911799430847,3.8187108039855957,-0.17429590225219727,-2.298238426750303,-0.19651354849338531,-2.613290548324585,3.2175776958465576,-2.7013015747070312,2.076993942260742,2.3764281272888184,3.585355281829834,1.5608000755310059
55.64920926094055,3.8037683963775635,-0.1907987892627716,-2.3054430216043964,-0.1474975347518921,-2.6158459186553955,3.1740403175354004,-2.692981243133545,2.069988965988159,2.3590075969696045,3.5976755619049072,1.5563313961029053
55.69905233383179,3.7906599044799805,-0.20530074834823608,-2.3116456663585097,-0.10655642300844193,-2.6181082725524902,3.132819652557373,-2.6869025230407715,2.0678200721740723,2.3411402702331543,3.6096460819244385,1.5540024042129517
55.74934101104736,3.776092052459717,-0.22106046974658966,-2.318589072941072,-0.06281839311122894,-2.6222028732299805,3.085343360900879,-2.681422710418701,2.071295738220215,2.321042060852051,3.625270366668701,1.5539653301239014
55.79917001724243,3.7623097896575928,-0.23565815389156342,-2.3262818747417304,-0.02148240990936756,-2.627298593521118,3.039970636367798,-2.677172899246216,2.0799918174743652,2.3033945560455322,3.641608476638794,1.5575453042984009
55.84904217720032,3.749185085296631,-0.2498958706855774,-2.335766128931527,0.020825736224651337,-2.6343436241149902,2.9954562187194824,-2.672689437866211,2.0926449298858643,2.2860918045043945,3.6581759452819824,1.5655930042266846
55.899027585983276,3.7375762462615967,-0.2629234790802002,-2.345672086617702,0.06489326804876328,-2.6437246799468994,2.9512805938720703,-2.6666314601898193,2.1079635620117188,2.269260883331299,3.674063205718994,1.5755027532577515
55.94908428192139,3.7257463932037354,-0.2751818299293518,-2.3583929419628156,0.1057504191994667,-2.655353546142578,2.912217855453491,-2.659503936767578,2.123538017272949,2.2542688846588135,3.687004566192627,1.5831670761108398
55.99960422515869,3.7153589725494385,-0.2876856029033661,-2.3739022498710938,0.1589893102645874,-2.674009084701538,2.8639745712280273,-2.6489198207855225,2.1457772254943848,2.23628306388855,3.7027769088745117,1.5912275314331055
56.04905581474304,3.7046892642974854,-0.29977282881736755,-2.3899094479916783,0.20910987257957458,-2.694470167160034,2.8214035034179688,-2.638932704925537,2.1687817573547363,2.220466136932373,3.7165884971618652,1.5978225469589233
56.099112033843994,3.69569730758667,-0.3103855848312378,-2.408245724609203,0.2573261260986328,-2.716588020324707,2.781776189804077,-2.629559278488159,2.1920833587646484,2.2059686183929443,3.7281203269958496,1.6036081314086914
56.149072885513306,3.6863980293273926,-0.32066020369529724,-2.432155937232947,0.3083120584487915,-2.742292881011963,2.740074396133423,-2.619089365005493,2.2167458534240723,2.1906564235687256,3.7383813858032227,1.610452651977539
56.19911456108093,3.6784441471099854,-0.33025598526000977,-2.455619760510423,0.35555246472358704,-2.768373727798462,2.7001054286956787,-2.6080269813537598,2.239128351211548,2.1760189533233643,3.745914936065674,1.617992639541626
56.249058961868286,3.670069932937622,-0.3400059640407562,-2.4841186100544346,0.41218289732933044,-2.7997066974639893,2.652303457260132,-2.594008207321167,2.263713836669922,2.1583898067474365,3.752167224884033,1.6292080879211426
56.29917788505554,3.662652015686035,-0.3483547866344452,-2.5113721872117267,0.45709091424942017,-2.823657989501953,2.6142570972442627,-2.5817348957061768,2.2824318408966064,2.1431779861450195,3.7546634674072266,1.6395684480667114
56.349058628082275,3.6545352935791016,-0.35731738805770874,-2.5411373511319075,0.5093518495559692,-2.850123167037964,2.567002058029175,-2.5643341541290283,2.305201768875122,2.122419595718384,3.755140542984009,1.6529958248138428
56.39918255805969,3.6455576419830322,-0.365835577249527,-2.566541398441218,0.5532574653625488,-2.868760585784912,2.5267951488494873,-2.547860860824585,2.323500871658325,2.103800058364868,3.752779245376587,1.6638379096984863
56.44924521446228,3.637828826904297,-0.3730632960796356,-2.5879260531273163,0.5936701893806458,-2.8822154998779297,2.491885185241699,-2.532539129257202,2.339142322540283,2.0869412422180176,3.7487525939941406,1.6731293201446533
56.49992895126343,3.6262173652648926,-0.3828612267971039,-2.616240830010258,0.6520516276359558,-2.8972508907318115,2.444807291030884,-2.5111734867095947,2.362044334411621,2.061554431915283,3.7420430183410645,1.6854850053787231
56.54904079437256,3.615349769592285,-0.391604483127594,-2.642394336640485,0.7062944769859314,-2.908545970916748,2.403345823287964,-2.4925622940063477,2.3844470977783203,2.035770893096924,3.7358105182647705,1.6964313983917236
56.5997269153595,3.6049227714538574,-0.399686336517334,-2.666619161159727,0.7590273022651672,-2.917041540145874,2.363457679748535,-2.47670841217041,2.407230854034424,2.009382724761963,3.7303574085235596,1.7062052488327026
56.649075746536255,3.594083786010742,-0.40772685408592224,-2.6903313855054005,0.8132891058921814,-2.922623872756958,2.3225462436676025,-2.4630839824676514,2.4308865070343018,1.981431484222412,3.725515842437744,1.715055227279663
56.6989848613739,3.5829150676727295,-0.4155336320400238,-2.712833129042179,0.8684191107749939,-2.9255828857421875,2.2811172008514404,-2.451589584350586,2.454151153564453,1.9524568319320679,3.721217155456543,1.7235140800476074
56.74904227256775,3.571293592453003,-0.4231242835521698,-2.733262362004064,0.9244983792304993,-2.9260292053222656,2.2399370670318604,-2.440905809402466,2.4768357276916504,1.922164797782898,3.7175891399383545,1.731575608253479
56.799285888671875,3.559479236602783,-0.4302712082862854,-2.7536810272800234,0.9811983108520508,-2.924246072769165,2.198636054992676,-2.4305953979492188,2.4982569217681885,1.8908482789993286,3.714378833770752,1.739152431488037
56.84900689125061,3.547952175140381,-0.4369148910045624,-2.7737314604174554,1.038155198097229,-2.9204559326171875,2.156521797180176,-2.420565366744995,2.518519639968872,1.858445167541504,3.7113869190216064,1.7463794946670532
56.89918112754822,3.5367026329040527,-0.442903608083725,-2.791427894617,1.0914541482925415,-2.9153847694396973,2.1159446239471436,-2.4116499423980713,2.5370023250579834,1.826744794845581,3.7086081504821777,1.752845048904419
56.949015378952026,3.5245797634124756,-0.44883736968040466,-2.8096763536580807,1.1494776010513306,-2.909541606903076,2.070368766784668,-2.4028265476226807,2.5584752559661865,1.7904837131500244,3.705657958984375,1.7593801021575928
56.99914360046387,3.511521816253662,-0.4548608660697937,-2.827508092319179,1.1998416185379028,-2.9042093753814697,2.02683687210083,-2.3959929943084717,2.579566240310669,1.757021188735962,3.7030982971191406,1.7645460367202759
57.04904365539551,3.4992520809173584,-0.4601134955883026,-2.84352191311126,1.2454439401626587,-2.8998937606811523,1.982316493988037,-2.3903353214263916,2.6023242473602295,1.7257790565490723,3.7007431983947754,1.7687698602676392
57.09946298599243,3.4870550632476807,-0.46501919627189636,-2.8586283708579203,1.2908908128738403,-2.8982748985290527,1.9374926090240479,-2.3852148056030273,2.6262035369873047,1.6975023746490479,3.6988139152526855,1.7721343040466309
57.14901256561279,3.4734647274017334,-0.47021129727363586,-2.8747096181338088,1.337868094444275,-2.8987157344818115,1.8935834169387817,-2.380405902862549,2.6507163047790527,1.6716817617416382,3.697389602661133,1.7748125791549683
57.19919729232788,3.4609811305999756,-0.4747958183288574,-2.8886597305727917,1.3863017559051514,-2.901318073272705,1.8509986400604248,-2.3743441104888916,2.6754252910614014,1.648818850517273,3.696023464202881,1.7767893075942993
57.2491660118103,3.446894407272339,-0.47987455129623413,-2.9041814230487746,1.435479998588562,-2.906132221221924,1.8092796802520752,-2.366652488708496,2.699136972427368,1.6303012371063232,3.6950783729553223,1.7780773639678955
57.29916286468506,3.433072566986084,-0.4843814969062805,-2.9180783923395994,1.486586332321167,-2.9135658740997314,1.7677507400512695,-2.3570094108581543,2.7216460704803467,1.615188479423523,3.69438099861145,1.7789839506149292
57.349021434783936,3.4192514419555664,-0.4888036847114563,-2.9318750702435072,1.5380789041519165,-2.9237821102142334,1.72678804397583,-2.3455698490142822,2.7428500652313232,1.6036040782928467,3.693964719772339,1.7792704105377197
57.39970803260803,3.40608811378479,-0.4928165376186371,-2.9440537286770274,1.5880393981933594,-2.9360804557800293,1.689011812210083,-2.333975315093994,2.761622428894043,1.595382571220398,3.6938745975494385,1.7792980670928955
57.449145793914795,3.3908658027648926,-0.49698227643966675,-2.9578008870879766,1.6451750993728638,-2.952507495880127,1.6475528478622437,-2.3211164474487305,2.781449317932129,1.5893887281417847,3.6938703060150146,1.7791743278503418
57.49925971031189,3.376856803894043,-0.5004180073738098,-2.968919062199627,1.6964281797409058,-2.9689133167266846,1.609886646270752,-2.30961275100708,2.7982490062713623,1.5869219303131104,3.6939656734466553,1.7789114713668823
57.549015283584595,3.3630261421203613,-0.5036474466323853,-2.979109995809269,1.747450351715088,-2.9858946800231934,1.571398138999939,-2.297743082046509,2.8150157928466797,1.5868326425552368,3.6940484046936035,1.778589129447937
57.59941530227661,3.346104145050049,-0.5069966912269592,-2.9903059357358783,1.8075997829437256,-3.005963087081909,1.5258612632751465,-2.283019542694092,2.835540294647217,1.5888147354125977,3.694279193878174,1.777998447418213
57.649288177490234,3.333456516265869,-0.5093911290168762,-2.9982449420050004,1.850260853767395,-3.0209076404571533,1.4920278787612915,-2.271292209625244,2.851421594619751,1.5908403396606445,3.694483995437622,1.7774542570114136
57.69914984703064,3.3156609535217285,-0.5126942992210388,-3.0089968297073084,1.9040474891662598,-3.040205478668213,1.4445759057998657,-2.25301456451416,2.8739888668060303,1.5928267240524292,3.6949164867401123,1.77670156955719
57.74907565116882,3.3009445667266846,-0.5150085091590881,-3.01726760314874,1.9462863206863403,-3.0532162189483643,1.4061436653137207,-2.236381769180298,2.8925695419311523,1.5927420854568481,3.695391893386841,1.7757623195648193
57.79916763305664,3.2842371463775635,-0.5176236629486084,-3.026149544580732,1.9957754611968994,-3.064301013946533,1.3638603687286377,-2.2161412239074707,2.9141645431518555,1.589110255241394,3.69622802734375,1.7746646404266357
57.849154472351074,3.269284963607788,-0.5199032425880432,-3.033577676552042,2.0414164066314697,-3.070693016052246,1.3272541761398315,-2.1966185569763184,2.9340105056762695,1.582081913948059,3.697021484375,1.7735495567321777
57.899126052856445,3.2527658939361572,-0.5221827030181885,-3.0410208903314504,2.0827107429504395,-3.075662851333618,1.286548376083374,-2.175086259841919,2.956709146499634,1.5698822736740112,3.698066234588623,1.7724456787109375
57.94925332069397,3.2378461360931396,-0.5238969326019287,-3.0469414467650187,2.0827107429504395,-3.075662851333618,1.2492988109588623,-2.1570332050323486,2.977411985397339,1.5559306144714355,3.699183464050293,1.771432876586914
57.999149560928345,3.222945213317871,-0.5253757238388062,-3.0531385512494964,2.0827107429504395,-3.075662851333618,1.2114049196243286,-2.1403958797454834,2.9989044666290283,1.5394266843795776,3.7003464698791504,1.770469307899475
58.04905152320862,3.2054765224456787,-0.526847779750824,-3.059157055398621,2.0827107429504395,-3.075662851333618,1.1672194004058838,-2.122995615005493,3.0254595279693604,1.5173457860946655,3.7018024921417236,1.7691938877105713
58.09904503822327,3.1897213459014893,-0.5280354619026184,-3.0641660514487357,2.0827107429504395,-3.075662851333618,1.1288741827011108,-2.1089701652526855,3.0500011444091797,1.495983362197876,3.703294515609741,1.7681341171264648
58.14903378486633,3.174037218093872,-0.529157817363739,-3.068995701769199,2.0827107429504395,-3.075662851333618,1.091292381286621,-2.0952367782592773,3.074525833129883,1.473529577255249,3.7049198150634766,1.767095685005188
58.1993453502655,3.159262180328369,-0.5302306413650513,-3.073384524465744,2.0827107429504395,-3.075662851333618,1.0554503202438354,-2.081791639328003,3.096951484680176,1.4509496688842773,3.7062742710113525,1.7660722732543945
58.24906325340271,3.142538070678711,-0.5311910510063171,-3.078150416793386,2.0827107429504395,-3.075662851333618,1.0139857530593872,-2.065943717956543,3.121971607208252,1.4238098859786987,3.7078804969787598,1.764987587928772
58.29922103881836,3.1276726722717285,-0.5320401787757874,-3.0822670274050825,2.0827107429504395,-3.075662851333618,0.9759013056755066,-2.0518441200256348,3.144937753677368,1.397559404373169,3.709279775619507,1.7639740705490112
58.34924054145813,3.1118783950805664,-0.5329899787902832,-3.086644717720212,2.0827107429504395,-3.075662851333618,0.9318135976791382,-2.0369083881378174,3.1711907386779785,1.3671038150787354,3.71124267578125,1.762585997581482
58.399378299713135,3.0961110591888428,-0.5337703824043274,-3.091095963080083,2.618090867996216,-3.005857467651367,0.8910709023475647,-2.0244321823120117,3.1950597763061523,1.3396457433700562,3.7132740020751953,1.7610459327697754
58.44931435585022,3.079540491104126,-0.5347046256065369,-3.0952860740735395,2.669304370880127,-2.9949605464935303,0.8443451523780823,-2.0120792388916016,3.222254991531372,1.3102614879608154,3.7163214683532715,1.7589541673660278
58.49917268753052,3.063778877258301,-0.5356590151786804,-3.1002503406729143,2.7184643745422363,-2.9868931770324707,0.8001525402069092,-2.0009102821350098,3.249037742614746,1.2833247184753418,3.7191710472106934,1.7564893960952759
58.54951071739197,3.0495777130126953,-0.5364621877670288,-3.1042957000540903,2.762441635131836,-2.9815831184387207,0.7619480490684509,-1.9899414777755737,3.2742183208465576,1.2603858709335327,3.721994400024414,1.7541745901107788
58.59915637969971,3.032069444656372,-0.5373238921165466,-3.1090337456890884,2.817628860473633,-2.9773130416870117,0.7165013551712036,-1.9721319675445557,3.3076162338256836,1.233604073524475,3.72597074508667,1.7511876821517944
58.64907193183899,3.017385721206665,-0.5379522442817688,-3.1135539017025997,2.864871025085449,-2.9759180545806885,0.6789296269416809,-1.9540364742279053,3.337916374206543,1.2124090194702148,3.7299609184265137,1.748525857925415
58.69943976402283,3.0009267330169678,-0.5386232733726501,-3.1190980921289566,2.917372226715088,-2.9767651557922363,0.6379837989807129,-1.9312505722045898,3.373817205429077,1.1894079446792603,3.734530210494995,1.745127558708191
58.74905610084534,2.986304521560669,-0.5390451550483704,-3.124180395834005,2.9671616554260254,-2.9794235229492188,0.6009582281112671,-1.9088014364242554,3.409771203994751,1.1672850847244263,3.738844394683838,1.7412889003753662
58.79936742782593,2.9709041118621826,-0.5395411849021912,-3.1291924639360094,3.0171797275543213,-2.9831244945526123,0.5654169917106628,-1.8859517574310303,3.4474003314971924,1.1441220045089722,3.742936134338379,1.737042784690857
58.849090814590454,2.955387830734253,-0.5397481322288513,-3.135383176733864,3.0644073486328125,-2.9861996173858643,0.5321562886238098,-1.863410472869873,3.4840729236602783,1.1219470500946045,3.746262788772583,1.732521414756775
58.899516582489014,2.939875841140747,-0.5400389432907104,3.1391302757585247,3.116513729095459,-2.9881908893585205,0.49501290917396545,-1.8368234634399414,3.5256683826446533,1.0988988876342773,3.7488133907318115,1.7265363931655884
58.949402809143066,2.9263975620269775,-0.5404545664787292,3.130835911877159,3.163442611694336,-2.988260507583618,0.4622970521450043,-1.8119661808013916,3.563976287841797,1.0801703929901123,3.7499001026153564,1.720302939414978
58.99945783615112,2.9124293327331543,-0.5409987568855286,3.1186015233925626,3.2118191719055176,-2.987417459487915,0.42783039808273315,-1.7823762893676758,3.6085286140441895,1.0612417459487915,3.7494444847106934,1.7125290632247925
59.04911947250366,2.9004154205322266,-0.5416792035102844,3.1053147953147135,3.253363847732544,-2.9866039752960205,0.3974182605743408,-1.7523157596588135,3.652376890182495,1.0440666675567627,3.7469735145568848,1.7044700384140015
59.09919810295105,2.888671875,-0.5425979495048523,3.0888330668027546,3.294166326522827,-2.983260154724121,0.3690941333770752,-1.7211558818817139,3.6972484588623047,1.0265862941741943,3.741398572921753,1.6954184770584106
59.14909386634827,2.876919746398926,-0.5436220169067383,3.06777758331446,3.3368160724639893,-2.9752590656280518,0.34221890568733215,-1.6897668838500977,3.7417683601379395,1.008866310119629,3.73248553276062,1.6858201026916504
59.19928216934204,2.8667571544647217,-0.5446439385414124,3.043684434559094,3.3799967765808105,-2.962529420852661,0.3163571059703827,-1.6576911211013794,3.7847654819488525,0.9903684854507446,3.720684051513672,1.6768584251403809
59.24912881851196,2.8575820922851562,-0.5462077856063843,3.01638126539986,3.4221150875091553,-2.946354866027832,0.2898009717464447,-1.626359462738037,3.8259313106536865,0.9675337672233582,3.706441879272461,1.667904257774353
59.29926633834839,2.8489718437194824,-0.5476770401000977,2.985477636562131,3.462332010269165,-2.9272968769073486,0.261440634727478,-1.5956735610961914,3.864906072616577,0.9393808245658875,3.6908957958221436,1.657970905303955
59.3491427898407,2.8411574363708496,-0.5491516590118408,2.95423719029667,3.499077796936035,-2.906599760055542,0.23406817018985748,-1.5669933557510376,3.8989064693450928,0.9092897176742554,3.676546335220337,1.647397756576538
59.39934468269348,2.8324217796325684,-0.5502676367759705,2.9201947981773633,3.5396714210510254,-2.879974126815796,0.20380361378192902,-1.5358660221099854,3.933476448059082,0.8736907243728638,3.6613669395446777,1.6339497566223145
59.44913411140442,2.8231773376464844,-0.5510470867156982,2.8853309354665586,3.577150583267212,-2.85132098197937,0.17588138580322266,-1.5075385570526123,3.96319842338562,0.8394083380699158,3.6495678424835205,1.621241807937622
59.499300479888916,2.813225030899048,-0.55146723985672,2.8463796518314797,3.6139209270477295,-2.8191115856170654,0.1483379602432251,-1.4795820713043213,3.99043345451355,0.8042250275611877,3.6409389972686768,1.608978271484375
59.54929304122925,2.8035714626312256,-0.5514100790023804,2.810650752284548,3.6466307640075684,-2.7854270935058594,0.12208923697471619,-1.452547550201416,4.015253067016602,0.7703099250793457,3.6357839107513428,1.5979773998260498
59.59924530982971,2.7932887077331543,-0.5508405566215515,2.772917938753878,3.676344633102417,-2.7490367889404297,0.09543894976377487,-1.425040364265442,4.038610935211182,0.7349783182144165,3.633861780166626,1.5877387523651123
59.64948487281799,2.7813169956207275,-0.5496929883956909,2.730591815394545,3.706761360168457,-2.7054402828216553,0.06477334350347519,-1.3941266536712646,4.062726020812988,0.6937567591667175,3.635556936264038,1.576573133468628
59.699241399765015,2.770993709564209,-0.5482994914054871,2.6949247722882013,3.7302589416503906,-2.6704914569854736,0.03764379397034645,-1.3681977987289429,4.080830097198486,0.6579475998878479,3.640336751937866,1.566815972328186
59.74903845787048,2.757108449935913,-0.5457122325897217,2.6474136938242667,3.7597782611846924,-2.628577709197998,0.0006567705422639847,-1.334506869316101,4.102107048034668,0.6089068055152893,3.651273012161255,1.5529385805130005
59.79921770095825,2.747002601623535,-0.5434549450874329,2.6121434421540908,3.7820956707000732,-2.5982747077941895,-0.02794753387570381,-1.3097606897354126,4.116669654846191,0.5704780220985413,3.6628434658050537,1.5415282249450684
59.84900450706482,2.734442710876465,-0.5400900840759277,2.5712799226257044,3.810121536254883,-2.561872959136963,-0.06269922107458115,-1.2798974514007568,4.134109020233154,0.5247232913970947,3.6813464164733887,1.5262507200241089
59.89923596382141,2.7239420413970947,-0.5364901423454285,2.539160303235129,3.834176778793335,-2.5322885513305664,-0.09058525413274765,-1.254418969154358,4.149363994598389,0.486957848072052,3.7000620365142822,1.5124366283416748
59.94910478591919,2.7128849029541016,-0.5318157076835632,2.508180208270126,3.860656976699829,-2.499725580215454,-0.11953014135360718,-1.2249563932418823,4.167764663696289,0.4453057646751404,3.724731922149658,1.49593985080719
59.999491453170776,2.702151298522949,-0.5266461968421936,2.480612443267361,3.8851423263549805,-2.4697771072387695,-0.14360569417476654,-1.1970337629318237,4.185726642608643,0.4090259075164795,3.749817132949829,1.4804084300994873
60.048983335494995,2.6916463375091553,-0.5208356380462646,2.4569825062668365,3.9147095680236816,-2.4349775314331055,-0.1689450591802597,-1.1647909879684448,4.2066497802734375,0.3689946234226227,3.7789266109466553,1.4598479270935059
60.09910202026367,2.680941343307495,-0.5141171813011169,2.435897988442576,3.9452009201049805,-2.4005517959594727,-0.19132958352565765,-1.1340409517288208,4.226293563842773,0.331558495759964,3.8063719272613525,1.4366916418075562
60.14898896217346,2.6717019081115723,-0.5073395371437073,2.4193553489952695,3.9775772094726562,-2.3647964000701904,-0.21264176070690155,-1.102868676185608,4.245561122894287,0.2941170632839203,3.832610845565796,1.412540078163147
60.19927787780762,2.6629796028137207,-0.5013743042945862,2.4049056823351465,4.0087199211120605,-2.330725908279419,-0.23184813559055328,-1.072697639465332,4.2632927894592285,0.2585184872150421,3.855128526687622,1.388609528541565
60.249027252197266,2.6537442207336426,-0.49446892738342285,2.393566318876658,4.04311990737915,-2.2924857139587402,-0.2529613971710205,-1.0378588438034058,4.283258438110352,0.217950701713562,3.877143621444702,1.3602104187011719
60.299113273620605,2.6457438468933105,-0.48823079466819763,2.3884824492456547,4.075423717498779,-2.255384683609009,-0.27205532789230347,-1.004246711730957,4.302708625793457,0.1792195737361908,3.894882917404175,1.3323506116867065
60.34899568557739,2.6391007900238037,-0.48198139667510986,2.386035906337713,4.104830741882324,-2.21885085105896,-0.28969937562942505,-0.9700353145599365,4.324357986450195,0.14074118435382843,3.910123586654663,1.3048336505889893
60.39918398857117,2.633735179901123,-0.4766009747982025,2.3867288263052213,4.130824089050293,-2.182281970977783,-0.3056545555591583,-0.9349337220191956,4.3486528396606445,0.10402833670377731,3.9231438636779785,1.2766036987304688
60.449320554733276,2.6291375160217285,-0.4713159203529358,2.390345455730189,4.150883197784424,-2.1455869674682617,-0.3194979429244995,-0.9011598825454712,4.373863220214844,0.07041861861944199,3.9336345195770264,1.2478983402252197
60.499075412750244,2.6251940727233887,-0.46651318669319153,2.3974275573813277,4.166809558868408,-2.101062297821045,-0.33403873443603516,-0.8635818958282471,4.403269290924072,0.03404641151428223,3.943118095397949,1.2143397331237793
60.54928922653198,2.6222786903381348,-0.46224910020828247,2.407742904603898,4.175884246826172,-2.056873083114624,-0.3469325006008148,-0.8285876512527466,4.431304931640625,0.001612700056284666,3.950723171234131,1.1811662912368774
60.599164962768555,2.6201350688934326,-0.4586188495159149,2.421003879376948,4.179757118225098,-2.0128068923950195,-0.36027881503105164,-0.7939651012420654,4.457846164703369,-0.02871755324304104,3.956141710281372,1.1479867696762085
60.649118185043335,2.6179614067077637,-0.4550338387489319,2.4377537371326286,4.179089546203613,-1.9693593978881836,-0.3749814033508301,-0.7590522170066833,4.481914043426514,-0.060549430549144745,3.958810806274414,1.1150568723678589
60.6990749835968,2.6159415245056152,-0.4515743553638458,2.4535461345984797,4.174271106719971,-1.925786018371582,-0.3909960985183716,-0.7230210304260254,4.503088474273682,-0.09421609342098236,3.9588253498077393,1.0801870822906494
60.74910759925842,2.613400459289551,-0.4478999972343445,2.4706486942125614,4.165082931518555,-1.8821649551391602,-0.4084995985031128,-0.6867961883544922,4.521552562713623,-0.1277444064617157,3.9574875831604004,1.0430759191513062
60.79909801483154,2.6109983921051025,-0.4443579316139221,2.486899840431035,4.152064323425293,-1.8409250974655151,-0.4262823164463043,-0.6528900861740112,4.53729248046875,-0.15827400982379913,3.9563052654266357,1.0095188617706299
60.84901404380798,2.6078951358795166,-0.4399210214614868,2.5053375363699972,4.13322639465332,-1.7969450950622559,-0.4452459514141083,-0.616749107837677,4.55324649810791,-0.1888965666294098,3.9567809104919434,0.9746124744415283
60.89907908439636,2.6042160987854004,-0.4347149133682251,2.5270488297916716,4.107911109924316,-1.7498482465744019,-0.4650898873806,-0.5773605108261108,4.5693559646606445,-0.22139590978622437,3.960448980331421,0.9362384676933289
60.94987964630127,2.6008665561676025,-0.4296376407146454,2.548418836442437,4.081636428833008,-1.7074427604675293,-0.4829981327056885,-0.5408774614334106,4.582574844360352,-0.25199222564697266,3.966953992843628,0.9020262360572815
60.99904799461365,2.59663462638855,-0.4237533211708069,2.573378849898093,4.052184581756592,-1.6614235639572144,-0.5024632811546326,-0.5020201206207275,4.595098495483398,-0.28540170192718506,3.9761290550231934,0.8688833713531494
61.04909586906433,2.592228412628174,-0.41735926270484924,2.6004778120687946,4.0221123695373535,-1.6132752895355225,-0.5247730612754822,-0.4616594910621643,4.6066412925720215,-0.3209308683872223,3.9871859550476074,0.8354097604751587
61.099096059799194,2.586899757385254,-0.4107832610607147,2.632180311514687,3.9966800212860107,-1.5700552463531494,-0.5476398468017578,-0.4240002930164337,4.6157331466674805,-0.3540228307247162,3.9988393783569336,0.8025389909744263
61.14918303489685,2.5817008018493652,-0.4044284224510193,2.664981611839352,3.9748594760894775,-1.5267585515975952,-0.5717150568962097,-0.38759833574295044,4.62307071685791,-0.3859478831291199,4.012319564819336,0.7685615420341492
61.199392557144165,2.576329469680786,-0.39839082956314087,2.6991484741164418,3.957392454147339,-1.4854248762130737,-0.594024658203125,-0.3543578088283539,4.628561973571777,-0.41479796171188354,4.026969909667969,0.7366413474082947
61.24914240837097,2.570188522338867,-0.3915584981441498,2.7407446690540658,3.942413330078125,-1.4379856586456299,-0.6171725988388062,-0.31796008348464966,4.633019924163818,-0.44617319107055664,4.046562194824219,0.7022969126701355
61.29900312423706,2.564157485961914,-0.3855389952659607,2.781497750252305,3.932068347930908,-1.3929786682128906,-0.6361696124076843,-0.28370022773742676,4.6357598304748535,-0.47642484307289124,4.068934440612793,0.6707157492637634
61.349175691604614,2.5571630001068115,-0.3788350820541382,2.8301230514012716,3.924551248550415,-1.3467401266098022,-0.652881920337677,-0.24886901676654816,4.637563705444336,-0.5074315071105957,4.094796180725098,0.6387060880661011
61.39911961555481,2.550084352493286,-0.37288981676101685,2.8766354722119307,3.9203903675079346,-1.30060613155365,-0.6673031449317932,-0.21544191241264343,4.639803886413574,-0.5364251732826233,4.119577407836914,0.6064926981925964
61.44912648200989,2.5416290760040283,-0.36648011207580566,2.9275351050361955,3.919172525405884,-1.2479318380355835,-0.6816394329071045,-0.18002796173095703,4.643490314483643,-0.5662251114845276,4.146256923675537,0.5712197422981262
61.49917030334473,2.53218674659729,-0.3602500855922699,2.980838423503334,3.9212703704833984,-1.1895533800125122,-0.6955732703208923,-0.1431690752506256,4.648324012756348,-0.597929060459137,4.173896312713623,0.5333945155143738
61.549025774002075,2.5225532054901123,-0.3545030355453491,3.031251213684501,3.92604398727417,-1.1332731246948242,-0.707403302192688,-0.10786901414394379,4.653894901275635,-0.6278717517852783,4.198598861694336,0.4972728192806244
61.59917378425598,2.5127182006835938,-0.34950289130210876,3.076754844569079,3.9326603412628174,-1.0798898935317993,-0.7175930738449097,-0.07372500002384186,4.659668922424316,-0.6558077335357666,4.2188310623168945,0.46230828762054443
61.649131536483765,2.5012569427490234,-0.3445613384246826,3.1258995839496326,3.941084861755371,-1.0199239253997803,-0.7280492782592773,-0.034379199147224426,4.666858673095703,-0.6859515309333801,4.238557815551758,0.4227433502674103
61.699095487594604,2.490572690963745,-0.3408391773700714,-3.1164118505959166,3.9481678009033203,-0.968847393989563,-0.7358810901641846,0.0016953758895397186,4.674133777618408,-0.7123575806617737,4.254293918609619,0.38848671317100525
61.74911284446716,2.4784934520721436,-0.3373931646347046,-3.0734731045765438,3.9539313316345215,-0.9150257110595703,-0.7427847385406494,0.04276593029499054,4.682929515838623,-0.7417014837265015,4.270773410797119,0.3511675000190735
61.79931902885437,2.467278480529785,-0.335202693939209,-3.0379337721252986,3.955430746078491,-0.867059588432312,-0.7477582693099976,0.07968711853027344,4.6911444664001465,-0.7679013609886169,4.285038948059082,0.3180850148200989
61.84899282455444,2.456341505050659,-0.33351966738700867,-3.0054294919852884,3.952247142791748,-0.8187780976295471,-0.7515072822570801,0.11636224389076233,4.700191497802734,-0.7942920923233032,4.2989606857299805,0.2858045697212219
61.89906430244446,2.443126916885376,-0.3322925567626953,-2.971396126224509,3.943873643875122,-0.7640019059181213,-0.7549595236778259,0.15843723714351654,4.712921142578125,-0.8256348371505737,4.315359115600586,0.24929800629615784
61.949084997177124,2.4325690269470215,-0.33172476291656494,-2.947306640742495,3.935396194458008,-0.7218315601348877,-0.7586998343467712,0.19130340218544006,4.724666595458984,-0.8518769145011902,4.327712059020996,0.22017565369606018
61.99911689758301,2.419828414916992,-0.3316967189311981,-2.9213953750687787,3.924696207046509,-0.6722819209098816,-0.7643919587135315,0.22986726462841034,4.741350173950195,-0.8839896321296692,4.34114408493042,0.18562661111354828
62.0490939617157,2.407637357711792,-0.33200618624687195,-2.8980004580753995,3.9130797386169434,-0.6247684955596924,-0.7698668241500854,0.2673257291316986,4.759197235107422,-0.9158911108970642,4.352391242980957,0.15292401611804962
62.09937524795532,2.394805669784546,-0.33252543210983276,-2.8760033948571424,3.899137258529663,-0.5727720260620117,-0.7760757803916931,0.3081733286380768,4.77891206741333,-0.9509409666061401,4.3624162673950195,0.1155342385172844
62.1491813659668,2.3824574947357178,-0.3334367275238037,-2.855845565096613,3.885984420776367,-0.5273423790931702,-0.7820902466773987,0.3429813086986542,4.795962333679199,-0.9805693030357361,4.370687007904053,0.08460906893014908
62.1994526386261,2.3680200576782227,-0.3345320224761963,-2.8335917071591843,3.8675715923309326,-0.46984750032424927,-0.7902544140815735,0.38653066754341125,4.815379619598389,-1.0178327560424805,4.380333423614502,0.045530013740062714
62.249022006988525,2.3529930114746094,-0.3363478183746338,-2.8116116538276676,3.8496756553649902,-0.41853636503219604,-0.7976660132408142,0.42611101269721985,4.8313775062561035,-1.0517427921295166,4.389194011688232,0.007881402969360352
62.29912781715393,2.337996482849121,-0.338429719209671,-2.791809458314761,3.8311684131622314,-0.3688320815563202,-0.8049067258834839,0.46683359146118164,4.84401273727417,-1.0862722396850586,4.399362564086914,-0.032029926776885986
62.34899663925171,2.322563409805298,-0.34110480546951294,-2.7714132521450705,3.8132636547088623,-0.3204677700996399,-0.8127685785293579,0.5080085396766663,4.852255821228027,-1.1216727495193481,4.410289764404297,-0.07153373956680298
62.399150133132935,2.30751633644104,-0.3442062437534332,-2.752751633610219,3.7986514568328857,-0.27359411120414734,-0.8218880891799927,0.5496213436126709,4.857163906097412,-1.1572010517120361,4.421074867248535,-0.1097668707370758
62.44902515411377,2.290029764175415,-0.3484080731868744,-2.732703457939016,3.7879858016967773,-0.2272758036851883,-0.8325319290161133,0.591874897480011,4.860401630401611,-1.1926711797714233,4.431580066680908,-0.14788348972797394
62.49918055534363,2.273710012435913,-0.3529435694217682,-2.716055505702841,3.781381845474243,-0.1828094720840454,-0.8433791995048523,0.6319321393966675,4.861398696899414,-1.2264310121536255,4.440682888031006,-0.18497388064861298
62.54897475242615,2.254871368408203,-0.3588215708732605,-2.699114383136291,3.7771527767181396,-0.1333368718624115,-0.8552011251449585,0.6762730479240417,4.860309600830078,-1.2648375034332275,4.450091361999512,-0.2269894927740097
62.599199295043945,2.237396717071533,-0.36490902304649353,-2.685623041519913,3.7749555110931396,-0.08947277069091797,-0.863211989402771,0.7153186798095703,4.8573317527771,-1.2994123697280884,4.456927299499512,-0.2655612826347351
62.649088621139526,2.2174124717712402,-0.3725498616695404,-2.672011336853193,3.772900104522705,-0.03968917950987816,-0.868170440196991,0.7571220993995667,4.852415084838867,-1.33756685256958,4.4616899490356445,-0.3098084330558777
62.69919562339783,2.197974920272827,-0.3804626166820526,-2.660410462717764,3.7711305618286133,0.009422156028449535,-0.8702604174613953,0.7962774038314819,4.846319675445557,-1.3721164464950562,4.461556911468506,-0.353483110666275
62.74920606613159,2.179607391357422,-0.38857048749923706,-2.651322333869556,3.7699384689331055,0.05800111964344978,-0.8706417083740234,0.8338521718978882,4.838965892791748,-1.4028598070144653,4.457198143005371,-0.3961210548877716
62.79928016662598,2.159954071044922,-0.3976212441921234,-2.641749381261124,3.770228862762451,0.11506814509630203,-0.8696432709693909,0.8760334849357605,4.828958988189697,-1.4352099895477295,4.447987079620361,-0.44423148036003113
62.84901762008667,2.1401777267456055,-0.40682515501976013,-2.63240071284068,3.7723891735076904,0.16744820773601532,-0.86723393201828,0.9131121039390564,4.817812919616699,-1.4628655910491943,4.436415672302246,-0.48795607686042786
62.89914536476135,2.1192362308502197,-0.4162827134132385,-2.6216673655829554,3.776528835296631,0.2255205661058426,-0.862164318561554,0.9535314440727234,4.804710388183594,-1.493147611618042,4.418900489807129,-0.5386840105056763
62.94917416572571,2.10105299949646,-0.42465487122535706,-2.6116279637887185,3.7807424068450928,0.27699366211891174,-0.8554694056510925,0.9894489049911499,4.794898986816406,-1.5205600261688232,4.3993000984191895,-0.5852327942848206
62.99925088882446,2.082514762878418,-0.4335903525352478,-2.6013145805415037,3.7850821018218994,0.3302593529224396,-0.8462710976600647,1.0272365808486938,4.786008834838867,-1.5492240190505981,4.373842716217041,-0.6359744668006897
63.049062967300415,2.06377911567688,-0.44329383969306946,-2.5909929188139764,3.7894198894500732,0.383335143327713,-0.8343742489814758,1.0664702653884888,4.778437614440918,-1.5808488130569458,4.341441631317139,-0.6900356411933899
63.09969639778137,2.0470917224884033,-0.4510955214500427,-2.582163651596348,3.7913174629211426,0.43230757117271423,-0.8202292323112488,1.1028220653533936,4.772938251495361,-1.6114245653152466,4.307397365570068,-0.7398541569709778
63.148985385894775,2.031313896179199,-0.45934954285621643,-2.569167470777845,3.7899394035339355,0.48251351714134216,-0.8039451241493225,1.1382728815078735,4.768418788909912,-1.642053246498108,4.275413513183594,-0.7858226895332336
63.19941711425781,2.018430709838867,-0.4654550552368164,-2.557420839241654,3.785889148712158,0.5311986207962036,-0.7877942323684692,1.170896053314209,4.764590263366699,-1.6711117029190063,4.24547004699707,-0.8286890387535095
63.24912428855896,2.005647659301758,-0.4719996154308319,-2.5410064116957085,3.7802484035491943,0.5801559686660767,-0.7724045515060425,1.2028919458389282,4.7604570388793945,-1.7009217739105225,4.21865701675415,-0.8702492117881775
63.29919767379761,1.993401050567627,-0.47764697670936584,-2.5216316793155933,3.773097038269043,0.6318060159683228,-0.7583372592926025,1.2368557453155518,4.756078720092773,-1.7333030700683594,4.194715976715088,-0.9122826457023621
63.34905958175659,1.9808075428009033,-0.48347803950309753,-2.4974218279250007,3.7635135650634766,0.6899126768112183,-0.7435275912284851,1.2747782468795776,4.752265930175781,-1.7698233127593994,4.170193195343018,-0.9573194980621338
63.399054527282715,1.9717434644699097,-0.4875287413597107,-2.4723175815969913,3.752751350402832,0.7404772639274597,-0.7303785681724548,1.3076523542404175,4.750535011291504,-1.8013830184936523,4.148914813995361,-0.996882438659668
63.449116945266724,1.9623854160308838,-0.4913218021392822,-2.4435335874980493,3.736926555633545,0.7996209263801575,-0.7152478694915771,1.3447823524475098,4.75018835067749,-1.8379853963851929,4.1236186027526855,-1.0448135137557983
63.499213457107544,1.953070878982544,-0.4953618049621582,-2.4102729583160585,3.7188639640808105,0.8577732443809509,-0.7009727358818054,1.379042625427246,4.752229690551758,-1.8736705780029297,4.098878383636475,-1.0941346883773804
63.54903483390808,1.9447052478790283,-0.4986131489276886,-2.3766521923682573,3.699737548828125,0.9151473641395569,-0.6872095465660095,1.4123339653015137,4.755478382110596,-1.909623146057129,4.0741496086120605,-1.146910548210144
63.59920024871826,1.9364066123962402,-0.502209484577179,-2.342454613975868,3.6804192066192627,0.971397876739502,-0.6735548377037048,1.4456971883773804,4.760261535644531,-1.9453086853027344,4.049238681793213,-1.2036523818969727
63.649112939834595,1.9281316995620728,-0.5064551830291748,-2.309047713195745,3.6618990898132324,1.0264060497283936,-0.6603309512138367,1.4792182445526123,4.7657599449157715,-1.9792616367340088,4.024440288543701,-1.2647390365600586
63.69926333427429,1.9212067127227783,-0.5101187229156494,-2.2829321994348395,3.6502363681793213,1.0646015405654907,-0.650793731212616,1.503881573677063,4.769543170928955,-2.002347946166992,4.005318641662598,-1.3119392395019531
63.749290466308594,1.9093669652938843,-0.5173930525779724,-2.240929735542159,3.633209228515625,1.128811001777649,-0.6339565515518188,1.548869252204895,4.774479389190674,-2.0410635471343994,3.9713542461395264,-1.3949346542358398
63.79913783073425,1.9000484943389893,-0.5239987969398499,-2.209836213595846,3.6231024265289307,1.1781060695648193,-0.6215708255767822,1.5865448713302612,4.77570104598999,-2.0683975219726562,3.942627429962158,-1.4575819969177246
63.849069356918335,1.8908312320709229,-0.5311876535415649,-2.1807507356394082,3.616090774536133,1.224021315574646,-0.6106645464897156,1.622914433479309,4.774985313415527,-2.091599225997925,3.911527156829834,-1.5149621963500977
63.89923048019409,1.8833457231521606,-0.53751140832901,-2.1570548881378,3.6111948490142822,1.266562581062317,-0.6009109616279602,1.657273530960083,4.773810386657715,-2.1102757453918457,3.880124568939209,-1.5664596557617188
63.94902014732361,1.8726810216903687,-0.5478828549385071,-2.1218707720269823,3.6055545806884766,1.322381854057312,-0.5872922539710999,1.7016841173171997,4.772573947906494,-2.130673885345459,3.840541362762451,-1.6275198459625244
63.999189376831055,1.8647586107254028,-0.5551490783691406,-2.100457557903149,3.6023354530334473,1.3683650493621826,-0.5746248960494995,1.735977053642273,4.772055149078369,-2.1443421840667725,3.8079276084899902,-1.6734764575958252
64.04903173446655,1.856061577796936,-0.5646824240684509,-2.074353275282846,3.6009795665740967,1.4210480451583862,-0.5581337213516235,1.772756576538086,4.771430492401123,-2.1574501991271973,3.7693681716918945,-1.7247209548950195
64.09925580024719,1.8485474586486816,-0.5728096961975098,-2.0519442981980576,3.6021642684936523,1.4662681818008423,-0.5415589809417725,1.8027422428131104,4.770533084869385,-2.166966676712036,3.7360873222351074,-1.7678192853927612
64.1492612361908,1.8403350114822388,-0.5824354290962219,-2.0283643527323703,3.605455160140991,1.5243394374847412,-0.5177090764045715,1.8390239477157593,4.769580364227295,-2.1775903701782227,3.6930322647094727,-1.8197171688079834
64.19920492172241,1.8326122760772705,-0.592538595199585,-2.005373038352672,3.609659433364868,1.5744216442108154,-0.4962735176086426,1.8681823015213013,4.7686848640441895,-2.185633897781372,3.654966115951538,-1.8621776103973389
64.249178647995,1.8252902030944824,-0.6026632785797119,-1.9848666616898103,3.615445852279663,1.6301109790802002,-0.47111672163009644,1.8985493183135986,4.76742696762085,-2.1936981678009033,3.6109509468078613,-1.9108288288116455
64.29926991462708,1.8182687759399414,-0.6128771305084229,-1.965789327042236,3.620461940765381,1.6805073022842407,-0.4468769431114197,1.9241749048233032,4.766087532043457,-2.200505256652832,3.5728440284729004,-1.9556032419204712
64.34905171394348,1.8111326694488525,-0.6243870258331299,-1.9463243437216626,3.626457691192627,1.7357428073883057,-0.4168429672718048,1.9512648582458496,4.764553070068359,-2.20727801322937,3.5372297763824463,-2.0065245628356934
64.39920902252197,1.804664134979248,-0.6353359222412109,-1.9291840105551794,3.631552219390869,1.7854348421096802,-0.3867417871952057,1.9753941297531128,4.762795448303223,-2.2132880687713623,3.5095057487487793,-2.054523229598999
64.44908118247986,1.7985492944717407,-0.6459792852401733,-1.9142120532806337,3.6336848735809326,1.8333956003189087,-0.3545657694339752,1.997985601425171,4.760624885559082,-2.2190091609954834,3.483858823776245,-2.1026899814605713
64.49931120872498,1.7920408248901367,-0.6576240658760071,-1.8972405076044412,3.631234645843506,1.88162362575531,-0.32041874527931213,2.0193276405334473,4.757777214050293,-2.2243144512176514,3.4576172828674316,-2.1521036624908447
64.5490415096283,1.7856472730636597,-0.6700795888900757,-1.8807400724044891,3.62430739402771,1.92867910861969,-0.2845948040485382,2.039196014404297,4.754152774810791,-2.2289583683013916,3.430758476257324,-2.203326940536499
64.59915828704834,1.7794190645217896,-0.6824238300323486,-1.8656707840062257,3.6145172119140625,1.9730335474014282,-0.24866905808448792,2.057438373565674,4.749119281768799,-2.233105421066284,3.405893087387085,-2.2562410831451416
64.64903664588928,1.7736058235168457,-0.6948804259300232,-1.8518277033341721,3.6029186248779297,2.0152130126953125,-0.2154221534729004,2.0751383304595947,4.742823600769043,-2.2368972301483154,3.382577657699585,-2.311275005340576
64.69905495643616,1.7683123350143433,-0.7071028351783752,-1.839359753910743,3.5899503231048584,2.054732084274292,-0.18561574816703796,2.0920608043670654,4.735797882080078,-2.2400498390197754,3.3635215759277344,-2.363830089569092
64.74934434890747,1.7627253532409668,-0.7204310894012451,-1.8272186605429304,3.572620153427124,2.0997116565704346,-0.15328483283519745,2.1108319759368896,4.726505756378174,-2.242558717727661,3.339972734451294,-2.4231748580932617
64.79906582832336,1.7575169801712036,-0.7337611317634583,-1.8159670929346545,3.552828073501587,2.1436188220977783,-0.12341216951608658,2.12805438041687,4.716611862182617,-2.2434229850769043,3.3163540363311768,-2.479100465774536
64.84902000427246,1.752205491065979,-0.7484185695648193,-1.804191097602768,3.5287246704101562,2.188034772872925,-0.09442692995071411,2.144077777862549,4.706081867218018,-2.2421810626983643,3.289512872695923,-2.5319910049438477
64.8989953994751,1.7471932172775269,-0.7624038457870483,-1.7940461846941727,3.499858856201172,2.230837106704712,-0.06512487679719925,2.1588850021362305,4.695152282714844,-2.2385923862457275,3.260634183883667,-2.581561803817749
64.9491355419159,1.7425086498260498,-0.7764987349510193,-1.784239827934877,3.466102361679077,2.2717573642730713,-0.034489527344703674,2.172724723815918,4.683906555175781,-2.2322773933410645,3.2325100898742676,-2.6273036003112793
64.99909710884094,1.7382251024246216,-0.7900188565254211,-1.7758064703541587,3.43210768699646,2.3082327842712402,-0.004044700413942337,2.1857516765594482,4.672969341278076,-2.2237677574157715,3.2066643238067627,-2.6676244735717773
65.04904651641846,1.7335549592971802,-0.8044219017028809,-1.7665123439686667,3.398698329925537,2.3441522121429443,0.02924969047307968,2.2000913619995117,4.660847187042236,-2.212902069091797,3.178311824798584,-2.7100770473480225
65.09902286529541,1.729066014289856,-0.8199489116668701,-1.7580896018750194,3.3674895763397217,2.380014419555664,0.06479798257350922,2.216688394546509,4.647576332092285,-2.20007586479187,3.1466143131256104,-2.754762887954712
65.14912366867065,1.7251509428024292,-0.8341498970985413,-1.750961833241407,3.3407680988311768,2.414088726043701,0.0991126298904419,2.234611988067627,4.633872985839844,-2.187084674835205,3.1145870685577393,-2.796325445175171
65.19904518127441,1.7210536003112793,-0.8492520451545715,-1.7436206644135612,3.3163278102874756,2.4488613605499268,0.13344264030456543,2.2540340423583984,4.619687080383301,-2.1735646724700928,3.08003568649292,-2.835859775543213
65.24933981895447,1.7171577215194702,-0.8642759919166565,-1.7361713546357946,3.295140027999878,2.48162841796875,0.16527590155601501,2.272454261779785,4.60580587387085,-2.1607556343078613,3.0455212593078613,-2.8714544773101807
65.29904317855835,1.713362455368042,-0.8795558214187622,-1.7296771465208503,3.2722558975219727,2.518721580505371,0.20120331645011902,2.292217493057251,4.590260982513428,-2.147169828414917,3.005791425704956,-2.908046245574951
65.34912085533142,1.7095775604248047,-0.8954792618751526,-1.7233619374811588,3.25045108795166,2.555586338043213,0.23595581948757172,2.309105157852173,4.575414180755615,-2.1349618434906006,2.9652624130249023,-2.9403228759765625
65.39903831481934,1.7063535451889038,-0.9097679853439331,-1.7169576104167157,3.2273285388946533,2.594266891479492,0.2712688446044922,2.322929620742798,4.56059455871582,-2.1235883235931396,2.9228155612945557,-2.971752643585205
65.4493932723999,1.7028782367706299,-0.9251186847686768,-1.7113449297683712,3.203386068344116,2.6317429542541504,0.3052825927734375,2.333024740219116,4.546799659729004,-2.113659381866455,2.885456085205078,-3.000194549560547
65.49917888641357,1.6996164321899414,-0.940255880355835,-1.7050627766242337,3.1740715503692627,2.674370050430298,0.3445284068584442,2.3413186073303223,4.530763626098633,-2.1041646003723145,2.8471999168395996,-3.029973030090332
65.54918360710144,1.69623601436615,-0.9564404487609863,-1.698820272066972,3.144793748855591,2.7155990600585938,0.3809179663658142,2.3470590114593506,4.514816761016846,-2.0966403484344482,2.8115804195404053,-3.057523250579834
65.59902834892273,1.6932218074798584,-0.9715398550033569,-1.6928638666960953,3.115199327468872,2.756864547729492,0.4163132905960083,2.3511767387390137,4.499049186706543,-2.09086012840271,2.7751190662384033,-3.0855658054351807
65.64945816993713,1.6901793479919434,-0.9867944121360779,-1.6877083830005981,3.085754871368408,2.797348737716675,0.4517897367477417,2.353050708770752,4.4845662117004395,-2.0864899158477783,2.7374937534332275,-3.1142334938049316
65.69897603988647,1.6875137090682983,-1.00136399269104,-1.6827368487300194,3.0566279888153076,2.836082696914673,0.48811325430870056,2.3527133464813232,4.471243858337402,-2.0836503505706787,2.6997787952423096,-3.142428398132324
65.74919962882996,1.6845232248306274,-1.0174968242645264,-1.6772599794683216,3.0274498462677,2.872579336166382,0.5253971815109253,2.3496572971343994,4.459081649780273,-2.082486867904663,2.6619904041290283,-3.1677534580230713
65.79903244972229,1.6817634105682373,-1.0330768823623657,-1.6735817125724377,2.9968419075012207,2.9058070182800293,0.5630543231964111,2.344203233718872,4.448898792266846,-2.0829081535339355,2.6248905658721924,-3.192429542541504
65.8491358757019,1.6792346239089966,-1.048558235168457,-1.6692310967351087,2.9615678787231445,2.9349935054779053,0.600540816783905,2.3360891342163086,4.439579010009766,-2.084892511367798,2.5875213146209717,-3.212165355682373
65.89901900291443,1.6772854328155518,-1.0628100633621216,-1.6673422343734343,2.921607732772827,2.9600942134857178,0.6375020742416382,2.326331853866577,4.43348503112793,-2.089233160018921,2.549095630645752,-3.225212335586548
65.94938278198242,1.6747933626174927,-1.0789015293121338,-1.664162966418403,2.879422426223755,2.9813392162323,0.6744235157966614,2.315538167953491,4.429747104644775,-2.095743179321289,2.51227068901062,-3.234675407409668
65.9991819858551,1.6729518175125122,-1.093481183052063,-1.6629156005711743,2.837531566619873,2.9989700317382812,0.7115148901939392,2.3039848804473877,4.428431510925293,-2.1030685901641846,2.47615122795105,-3.2407572269439697
66.04926347732544,1.671190857887268,-1.107864499092102,-1.6610741912740958,2.8013601303100586,3.012193202972412,0.7440610527992249,2.2949798107147217,4.428160190582275,-2.109501361846924,2.445765495300293,-3.245643377304077
66.09910297393799,1.6692014932632446,-1.1238278150558472,-1.6602386547946826,2.757981777191162,3.025730609893799,0.7827813625335693,2.2859764099121094,4.426651954650879,-2.117011308670044,2.4098892211914062,-3.2519724369049072
66.1492211818695,1.667470097541809,-1.1379625797271729,-1.6594553401346832,2.7171924114227295,3.0363566875457764,0.8181730508804321,2.278674364089966,4.42409610748291,-2.123717784881592,2.3781466484069824,-3.255127191543579
66.1993260383606,1.6656336784362793,-1.154815673828125,-1.6587920019646605,2.666184186935425,3.0466198921203613,0.8601986169815063,2.271040439605713,4.420078754425049,-2.1315419673919678,2.340696334838867,-3.2531981468200684
66.24931788444519,1.66392183303833,-1.1693923473358154,-1.6582979416465455,2.617248058319092,3.0526177883148193,0.8969845771789551,2.2648987770080566,4.414701461791992,-2.139073371887207,2.3053033351898193,-3.2459683418273926
66.29923129081726,1.6620532274246216,-1.1846508979797363,-1.6571527716443397,2.5697176456451416,3.0533950328826904,0.9314001202583313,2.2592945098876953,4.40743350982666,-2.1465189456939697,2.2728629112243652,-3.238264322280884
66.34911680221558,1.6601804494857788,-1.19980788230896,-1.655792820458164,2.5181758403778076,3.049375295639038,0.9682421684265137,2.2537660598754883,4.397751331329346,-2.1540138721466064,2.239398956298828,-3.2306981086730957
66.39922142028809,1.658368468284607,-1.2151919603347778,-1.6544687894222754,2.464613676071167,3.04158091545105,1.0057235956192017,2.2490367889404297,4.386314392089844,-2.1609137058258057,2.2076125144958496,-3.225498914718628
66.44915056228638,1.6565254926681519,-1.231433629989624,-1.6532401582771807,2.4071853160858154,3.0322775840759277,1.046181321144104,2.2450075149536133,4.373231410980225,-2.1666338443756104,2.1751248836517334,-3.222050666809082
66.49926614761353,1.6550179719924927,-1.2451691627502441,-1.6523929683825684,2.359441041946411,3.0253329277038574,1.0832915306091309,2.24267840385437,4.361017227172852,-2.170861005783081,2.145678758621216,-3.2197325229644775
66.54923176765442,1.6531124114990234,-1.261042594909668,-1.6507248103028882,2.310077428817749,3.019559621810913,1.1259737014770508,2.2420477867126465,4.347166061401367,-2.1752262115478516,2.112327814102173,-3.215787172317505
66.59933233261108,1.6514642238616943,-1.276305913925171,-1.6494065293361329,2.264131546020508,3.016256809234619,1.1671888828277588,2.2430853843688965,4.334208011627197,-2.1789393424987793,2.0794918537139893,-3.213033437728882
66.6492509841919,1.6496444940567017,-1.2923884391784668,-1.6479216891204227,2.218475341796875,3.0147626399993896,1.208914041519165,2.2455623149871826,4.319571018218994,-2.1816253662109375,2.046445369720459,-3.211909770965576
66.69925093650818,1.6480242013931274,-1.3075836896896362,-1.6470717924185863,2.1730244159698486,3.014878034591675,1.250145673751831,2.2484219074249268,4.303341388702393,-2.1832118034362793,2.012298583984375,-3.215207576751709
66.74909567832947,1.646432876586914,-1.3220432996749878,-1.6460380299021908,2.1272830963134766,3.0165998935699463,1.2892452478408813,2.250582218170166,4.285258769989014,-2.1832191944122314,1.977077841758728,-3.222123622894287
66.79962277412415,1.6448827981948853,-1.3370683193206787,-1.6451402400580801,2.080611228942871,3.0205438137054443,1.326981544494629,2.2514190673828125,4.265964984893799,-2.181743621826172,1.940139889717102,-3.231990337371826
66.84912943840027,1.6431113481521606,-1.352364420890808,-1.6439476097454278,2.0353853702545166,3.0255987644195557,1.3622725009918213,2.2522404193878174,4.247596740722656,-2.179217576980591,1.9041954278945923,-3.2394373416900635
66.89923691749573,1.641297459602356,-1.367567539215088,-1.6426906261950671,1.982833981513977,3.032111406326294,1.4009448289871216,2.253847360610962,4.227731227874756,-2.1750988960266113,1.8631294965744019,-3.247859239578247
66.94909191131592,1.6395426988601685,-1.383535385131836,-1.6419268305643004,1.9310824871063232,3.03938364982605,1.4360976219177246,2.2560184001922607,4.209659576416016,-2.169640302658081,1.8250831365585327,-3.2559053897857666
66.99943923950195,1.6379728317260742,-1.3986188173294067,-1.6408748355360676,1.8782330751419067,3.047960042953491,1.470678448677063,2.258411407470703,4.192499160766602,-2.162433624267578,1.7886054515838623,-3.2619519233703613
67.0491156578064,1.6365458965301514,-1.4124162197113037,-1.6397073600589345,1.8271141052246094,3.0568313598632812,1.5063766241073608,2.2605133056640625,4.175503253936768,-2.1541402339935303,1.7539559602737427,-3.2670133113861084
67.09944701194763,1.6348419189453125,-1.427659511566162,-1.6369205034818866,1.7800313234329224,3.063465118408203,1.5416150093078613,2.2621681690216064,4.159524440765381,-2.146085262298584,1.7252049446105957,-3.2725255489349365
67.14916133880615,1.6333831548690796,-1.4423387050628662,-1.6349493073700039,1.731399416923523,3.068620204925537,1.5805373191833496,2.263850212097168,4.142726898193359,-2.1377482414245605,1.6991151571273804,-3.279505729675293
67.19929695129395,1.6317312717437744,-1.4572137594223022,-1.6315782852001093,1.6833924055099487,3.072192907333374,1.6229596138000488,2.265679359436035,4.12534761428833,-2.1300110816955566,1.674936294555664,-3.28678560256958
67.24914216995239,1.6302310228347778,-1.4719070196151733,-1.6284804860921818,1.638285756111145,3.0736262798309326,1.664663314819336,2.267406702041626,4.108987331390381,-2.123399019241333,1.6540451049804688,-3.2915451526641846
67.29911494255066,1.6287109851837158,-1.4867470264434814,-1.6243734317842597,1.5903019905090332,3.0718581676483154,1.7078224420547485,2.2698605060577393,4.0923309326171875,-2.1173148155212402,1.634192943572998,-3.2933826446533203
67.34929513931274,1.627055287361145,-1.5016865730285645,-1.6194475246938957,1.5407460927963257,3.0665764808654785,1.7521775960922241,2.273030996322632,4.075717449188232,-2.1117913722991943,1.6158720254898071,-3.291317939758301
67.39902806282043,1.6251927614212036,-1.516217827796936,-1.6115924398371764,1.4924196004867554,3.05792236328125,1.7974631786346436,2.2766761779785156,4.059793472290039,-2.107205390930176,1.6000975370407104,-3.286426544189453
67.44914388656616,1.6231807470321655,-1.530735969543457,-1.6022311250248287,1.448291301727295,3.047640562057495,1.8405396938323975,2.2809364795684814,4.046300888061523,-2.1039135456085205,1.5873292684555054,-3.2793567180633545
67.49909901618958,1.6208980083465576,-1.5459845066070557,-1.5907272411206859,1.3995493650436401,3.034071207046509,1.8885835409164429,2.2873828411102295,4.032573699951172,-2.101202964782715,1.574280023574829,-3.2702672481536865
67.54936480522156,1.618760108947754,-1.5596535205841064,-1.5781202663205327,1.354867935180664,3.0189623832702637,1.9320772886276245,2.2947564125061035,4.019534587860107,-2.0992112159729004,1.5633840560913086,-3.25968074798584
67.59910464286804,1.616577386856079,-1.5742164850234985,-1.5617701273367837,1.3027596473693848,2.999084711074829,1.9796792268753052,2.3050811290740967,4.004209041595459,-2.097234010696411,1.5520107746124268,-3.2448010444641113
67.64910864830017,1.6143289804458618,-1.5899759531021118,-1.541687198486691,1.2528539896011353,2.977825880050659,2.023148775100708,2.3168556690216064,3.9891140460968018,-2.095844030380249,1.5418537855148315,-3.2286391258239746
67.69922685623169,1.6121491193771362,-1.60452401638031,-1.520941676589329,1.2062082290649414,2.9564106464385986,2.062884569168091,2.3290834426879883,3.9741430282592773,-2.095285177230835,1.5324647426605225,-3.21308970451355
67.74923038482666,1.6099276542663574,-1.6206190586090088,-1.4955815231440992,1.1549099683761597,2.9302005767822266,2.107612371444702,2.3429372310638428,3.956528902053833,-2.0954179763793945,1.5211776494979858,-3.1949973106384277
67.79933834075928,1.6078811883926392,-1.6379717588424683,-1.4661112484351997,1.107442855834961,2.9046382904052734,2.1504006385803223,2.3566460609436035,3.9389166831970215,-2.0967559814453125,1.5111671686172485,-3.1772067546844482
67.84908413887024,1.6061276197433472,-1.654471516609192,-1.4382488889793832,1.0615241527557373,2.882812738418579,2.193389654159546,2.371500253677368,3.920576572418213,-2.0985031127929688,1.4996213912963867,-3.1567749977111816
67.89912247657776,1.6050329208374023,-1.668148398399353,-1.4149842909914856,1.0239025354385376,2.8685152530670166,2.2286901473999023,2.3850717544555664,3.904906988143921,-2.100350856781006,1.4902074337005615,-3.139796495437622
67.94917011260986,1.6041477918624878,-1.6901224851608276,-1.3803848639502423,0.9696236848831177,2.8521437644958496,2.2777040004730225,2.407294988632202,3.883333683013916,-2.1041769981384277,1.4781397581100464,-3.1191694736480713
67.99908447265625,1.6041144132614136,-1.7085543870925903,-1.3528817782501563,0.9212397933006287,2.8400356769561768,2.320002794265747,2.429011821746826,3.8643059730529785,-2.108729362487793,1.468056559562683,-3.1032745838165283
68.04912877082825,1.6047923564910889,-1.728683590888977,-1.3224845013629687,0.8730303049087524,2.829939842224121,2.3628787994384766,2.4510440826416016,3.8445043563842773,-2.1143639087677,1.4584697484970093,-3.0880484580993652
68.09929490089417,1.6061900854110718,-1.7467999458312988,-1.296508871316035,0.8278751373291016,2.8222496509552,2.402864933013916,2.4700140953063965,3.8260068893432617,-2.1213042736053467,1.4493216276168823,-3.074424982070923
68.1497094631195,1.6085907220840454,-1.76530921459198,-1.2718328328612196,0.7785364389419556,2.8159077167510986,2.4427671432495117,2.485445022583008,3.807478189468384,-2.129807710647583,1.438760757446289,-3.0614445209503174
68.19911432266235,1.611649990081787,-1.7839151620864868,-1.2480238217896644,0.726148247718811,2.81194806098938,2.4815144538879395,2.496886968612671,3.789137125015259,-2.1380882263183594,1.4262804985046387,-3.0496740341186523
68.24920463562012,1.6155637502670288,-1.8029582500457764,-1.2255124146238088,0.6673513054847717,2.80968976020813,2.522101402282715,2.506373643875122,3.768458366394043,-2.145606517791748,1.4102776050567627,-3.0382909774780273
68.29937434196472,1.6195218563079834,-1.8199228048324585,-1.2061430834790625,0.6124258041381836,2.8083958625793457,2.557877540588379,2.5132362842559814,3.7487149238586426,-2.150806427001953,1.3936882019042969,-3.028209924697876
68.34928703308105,1.624077558517456,-1.8376811742782593,-1.1866839918607022,0.5499804615974426,2.8103439807891846,2.596961259841919,2.519421100616455,3.7268102169036865,-2.1550440788269043,1.3751540184020996,-3.0169613361358643
68.39914679527283,1.6286838054656982,-1.8547265529632568,-1.1697632991230076,0.4979769289493561,2.812016725540161,2.629075765609741,2.5235519409179688,3.7090518474578857,-2.157900333404541,1.3577831983566284,-3.0065948963165283
68.44920134544373,1.6341266632080078,-1.8733863830566406,-1.1515766401037952,0.43742963671684265,2.813185214996338,2.6676769256591797,2.526705026626587,3.688857078552246,-2.159982919692993,1.339416742324829,-2.9946682453155518
68.49936652183533,1.6393802165985107,-1.8909707069396973,-1.13459521617048,0.3852735459804535,2.8143374919891357,2.7044479846954346,2.5274248123168945,3.6707825660705566,-2.1609485149383545,1.323049783706665,-2.9816818237304688
68.54906249046326,1.644982099533081,-1.9086823463439941,-1.1166769113442754,0.33599916100502014,2.8111894130706787,2.7436888217926025,2.5254645347595215,3.6532630920410156,-2.1618733406066895,1.3084540367126465,-2.9654035568237305
68.5990138053894,1.6500765085220337,-1.9238229990005493,-1.101410127243451,0.29090616106987,2.8009634017944336,2.781517267227173,2.5204854011535645,3.6382927894592285,-2.162456750869751,1.2969098091125488,-2.9491279125213623
68.64907574653625,1.6556353569030762,-1.9399250745773315,-1.0852903062629238,0.24708326160907745,2.7860846519470215,2.8194122314453125,2.5130767822265625,3.6237447261810303,-2.162445545196533,1.2864316701889038,-2.9348533153533936
68.69909453392029,1.6606886386871338,-1.9533015489578247,-1.0691711417679917,0.2075427621603012,2.770124912261963,2.8545398712158203,2.504424810409546,3.6096925735473633,-2.1620407104492188,1.2773514986038208,-2.922254800796509
68.74924659729004,1.6655826568603516,-1.9660875797271729,-1.0527327912043776,0.1651376634836197,2.7502121925354004,2.8929688930511475,2.49413800239563,3.593261957168579,-2.161184549331665,1.2679224014282227,-2.9072935581207275
68.7992217540741,1.6702561378479004,-1.9777439832687378,-1.0349982086251168,0.12518461048603058,2.727987289428711,2.9281046390533447,2.4853999614715576,3.5770423412323,-2.1601154804229736,1.2603785991668701,-2.8924105167388916
68.84922885894775,1.6737347841262817,-1.9870315790176392,-1.0183499315862434,0.0847601592540741,2.7024142742156982,2.963432788848877,2.478649377822876,3.5604450702667236,-2.158406972885132,1.2548680305480957,-2.87792706489563
68.89915537834167,1.6768467426300049,-1.9961378574371338,-0.9958909396648776,0.04422865808010101,2.6739113330841064,2.999617338180542,2.4728779792785645,3.54327654838562,-2.155775785446167,1.2531168460845947,-2.864128589630127
68.94918274879456,1.6788629293441772,-2.003045082092285,-0.9733624393560223,0.007271682843565941,2.644700050354004,3.034165859222412,2.467642307281494,3.5267903804779053,-2.152217149734497,1.2537719011306763,-2.852626323699951
68.99923372268677,1.6796034574508667,-2.0079007148742676,-0.9512181091850547,-0.029854189604520798,2.6124627590179443,3.0705087184906006,2.4617865085601807,3.509047031402588,-2.146977186203003,1.255402684211731,-2.84041428565979
69.04897952079773,1.6809364557266235,-2.0138518810272217,-0.9253014673162254,-0.06748681515455246,2.576331853866577,3.1088707447052,2.4550232887268066,3.4902071952819824,-2.139493942260742,1.256461501121521,-2.82584547996521
69.09913897514343,1.682551383972168,-2.0190305709838867,-0.9014879020707008,-0.10059062391519547,2.5427727699279785,3.143892526626587,2.44834566116333,3.4725935459136963,-2.131042957305908,1.2553290128707886,-2.8123819828033447
69.14902567863464,1.6837867498397827,-2.0244693756103516,-0.8736002386564773,-0.13450679183006287,2.5093114376068115,3.184208393096924,2.440021514892578,3.4528632164001465,-2.1202034950256348,1.2518302202224731,-2.797825336456299
69.19928026199341,1.6848899126052856,-2.028799533843994,-0.8476107227811064,-0.16273805499076843,2.4837276935577393,3.2206809520721436,2.432462692260742,3.435533285140991,-2.1092817783355713,1.24644136428833,-2.7856881618499756
69.24900269508362,1.686084270477295,-2.0341761112213135,-0.8130615539732364,-0.19535095989704132,2.458143711090088,3.2619123458862305,2.424194097518921,3.415868043899536,-2.0961201190948486,1.2374545335769653,-2.7732956409454346
69.29912805557251,1.6871088743209839,-2.0385847091674805,-0.7814240194774779,-0.22605115175247192,2.43744158744812,3.299440622329712,2.417253017425537,3.3975234031677246,-2.083719491958618,1.22672700881958,-2.76320481300354
69.34902906417847,1.6877250671386719,-2.0430405139923096,-0.746253958381985,-0.26013097167015076,2.4159092903137207,3.338780641555786,2.4101035594940186,3.377511501312256,-2.07081937789917,1.2125647068023682,-2.7528693675994873
69.39950633049011,1.6883118152618408,-2.0471127033233643,-0.7101357999517052,-0.2958877980709076,2.392889976501465,3.3767473697662354,2.402128219604492,3.357341766357422,-2.0586047172546387,1.1954532861709595,-2.7430050373077393
69.44908952713013,1.6877126693725586,-2.05147123336792,-0.6637977628970287,-0.33632221817970276,2.3658640384674072,3.4158968925476074,2.392158031463623,3.335221767425537,-2.0464987754821777,1.1742703914642334,-2.733903408050537
69.49961972236633,1.6880615949630737,-2.055652379989624,-0.6223217469425084,-0.3758333623409271,2.340113401412964,3.449130058288574,2.381054639816284,3.3149497509002686,-2.0365617275238037,1.152068853378296,-2.726931095123291
69.54926180839539,1.6888244152069092,-2.06020188331604,-0.5762456639060081,-0.4241369962692261,2.311800003051758,3.4843289852142334,2.365723133087158,3.291616201400757,-2.0264790058135986,1.124283790588379,-2.72011137008667
69.5992956161499,1.6904096603393555,-2.0654408931732178,-0.5276727783099211,-0.4736514389514923,2.286041498184204,3.5155513286590576,2.3481369018554688,3.2690954208374023,-2.0175936222076416,1.0954822301864624,-2.715254306793213
69.6490170955658,1.6912035942077637,-2.0706241130828857,-0.47462832148610656,-0.5227123498916626,2.2633962631225586,3.544393539428711,2.32841420173645,3.2462542057037354,-2.0087850093841553,1.0651084184646606,-2.71010684967041
69.69954681396484,1.6924653053283691,-2.0753533840179443,-0.426178161575423,-0.5707722306251526,2.242199182510376,3.570341110229492,2.3074653148651123,3.2229297161102295,-2.0002481937408447,1.0339940786361694,-2.7054178714752197
69.74899649620056,1.6943279504776,-2.0807831287384033,-0.3736010151118926,-0.6162492036819458,2.2216904163360596,3.5932180881500244,2.285447835922241,3.1989896297454834,-1.991995930671692,1.0041612386703491,-2.699467420578003
69.79901552200317,1.6971920728683472,-2.086332321166992,-0.3165650427938215,-0.6587867736816406,2.201380729675293,3.613677501678467,2.2615935802459717,3.174896001815796,-1.984212875366211,0.9767183661460876,-2.693183422088623
69.84901237487793,1.6979271173477173,-2.0912210941314697,-0.2668601049739459,-0.6991798877716064,2.180370569229126,3.631690263748169,2.23541259765625,3.1505370140075684,-1.977323055267334,0.9521954655647278,-2.6856536865234375
69.89900064468384,1.7006239891052246,-2.0960896015167236,-0.21742823090046973,-0.736685037612915,2.1564443111419678,3.6464321613311768,2.2075467109680176,3.1259047985076904,-1.9715386629104614,0.9294922947883606,-2.677398204803467
69.94903492927551,1.7044607400894165,-2.1014416217803955,-0.16530844022104416,-0.7702368497848511,2.127842664718628,3.658536195755005,2.177882432937622,3.101583957672119,-1.9669240713119507,0.9086571335792542,-2.669179916381836
69.99907279014587,1.710071325302124,-2.1052584648132324,-0.12387306063597421,-0.7988619208335876,2.0971999168395996,3.667795181274414,2.1486785411834717,3.078517198562622,-1.9641458988189697,0.8895202875137329,-2.660914182662964
70.04919648170471,1.7154066562652588,-2.1096432209014893,-0.07769575359905102,-0.8288496732711792,2.060352325439453,3.676274538040161,2.115971803665161,3.050997257232666,-1.9623324871063232,0.869124710559845,-2.6505300998687744
70.09904170036316,1.72250497341156,-2.1126303672790527,-0.03849196347809004,-0.855601966381073,2.0238678455352783,3.6826388835906982,2.084341526031494,3.02388858795166,-1.9617646932601929,0.8498496413230896,-2.6387860774993896
70.14923787117004,1.731576681137085,-2.1151692867279053,-0.0044464601630043775,-0.8797762393951416,1.98888099193573,3.6886589527130127,2.0542736053466797,2.998344898223877,-1.9615813493728638,0.8319600820541382,-2.6266942024230957
70.19928932189941,1.7367230653762817,-2.1175804138183594,0.023764654473126007,-0.9040173292160034,1.9504761695861816,3.696192979812622,2.023625612258911,2.970633029937744,-1.9606086015701294,0.81349116563797,-2.6133854389190674
70.2492561340332,1.7446602582931519,-2.1201367378234863,0.053365541576395135,-0.9257549047470093,1.9099698066711426,3.704803228378296,1.9942231178283691,2.942563533782959,-1.9588862657546997,0.7955036759376526,-2.599816083908081
70.29918146133423,1.752983808517456,-2.121863842010498,0.0793876252396187,-0.9446396231651306,1.8666294813156128,3.7133679389953613,1.9650300741195679,2.915714979171753,-1.9566013813018799,0.7775067687034607,-2.586376190185547
70.34936857223511,1.7615861892700195,-2.12330961227417,0.10274190585118476,-0.9612826704978943,1.8214845657348633,3.721952438354492,1.9358258247375488,2.8911993503570557,-1.954189419746399,0.7602188587188721,-2.572323799133301
70.39906144142151,1.771028995513916,-2.1245903968811035,0.12702767385157682,-0.9776690006256104,1.772430419921875,3.7302470207214355,1.9066892862319946,2.868454694747925,-1.9516037702560425,0.7432271838188171,-2.5557007789611816
70.44929313659668,1.7786425352096558,-2.125682830810547,0.1440011800929361,-0.9911820292472839,1.73093581199646,3.7363247871398926,1.8842451572418213,2.8521831035614014,-1.9490958452224731,0.7298759818077087,-2.538865566253662
70.49905824661255,1.7896575927734375,-2.1260604858398438,0.16340225133516478,-1.0084304809570312,1.6813678741455078,3.743320941925049,1.856632947921753,2.8351948261260986,-1.9454065561294556,0.712052047252655,-2.517259359359741
70.54936480522156,1.7998292446136475,-2.1258866786956787,0.17984158162657957,-1.024354338645935,1.6436048746109009,3.7488601207733154,1.833571195602417,2.8230462074279785,-1.9416215419769287,0.6955924034118652,-2.5017032623291016
70.59902691841125,1.8118128776550293,-2.1259067058563232,0.19914298724531626,-1.0476852655410767,1.5961145162582397,3.7568414211273193,1.8034389019012451,2.8086302280426025,-1.9361975193023682,0.6726649403572083,-2.483675718307495
70.64940929412842,1.8224140405654907,-2.1257708072662354,0.21551796700103318,-1.0694447755813599,1.555404782295227,3.7648160457611084,1.776665449142456,2.796816825866699,-1.9304418563842773,0.6514017581939697,-2.4684231281280518
70.6990475654602,1.835660457611084,-2.124997854232788,0.2335549112834209,-1.0951868295669556,1.510684609413147,3.7754404544830322,1.7461355924606323,2.7841031551361084,-1.9227733612060547,0.6267901659011841,-2.4515984058380127
70.74911642074585,1.8478245735168457,-2.1240124702453613,0.2494593162382443,-1.118475317955017,1.4721739292144775,3.786815643310547,1.7182790040969849,2.7737178802490234,-1.9146047830581665,0.6034194827079773,-2.4383201599121094
70.79902625083923,1.8620587587356567,-2.1226511001586914,0.2666872844378391,-1.1446093320846558,1.4304291009902954,3.8012115955352783,1.686469554901123,2.7638437747955322,-1.9044991731643677,0.5756912231445312,-2.426501989364624
70.84934687614441,1.8763759136199951,-2.1207306385040283,0.2832603837147826,-1.1697405576705933,1.3913816213607788,3.815734624862671,1.6566250324249268,2.7560949325561523,-1.8943294286727905,0.5477907657623291,-2.4164390563964844
70.89901232719421,1.891133189201355,-2.11855411529541,0.3009956352884145,-1.195859670639038,1.3531807661056519,3.8307878971099854,1.6270387172698975,2.7499210834503174,-1.8839706182479858,0.5182222127914429,-2.4074718952178955
70.94911241531372,1.9046051502227783,-2.1168229579925537,0.3170486961227326,-1.223179817199707,1.3155633211135864,3.845409870147705,1.5969048738479614,2.7452950477600098,-1.8735582828521729,0.4871353507041931,-2.399420738220215
70.99904274940491,1.9178884029388428,-2.1149954795837402,0.3352135980386963,-1.2492681741714478,1.2828547954559326,3.857300281524658,1.5709947347640991,2.7419393062591553,-1.8644465208053589,0.45829007029533386,-2.393160581588745
71.04918503761292,1.9328163862228394,-2.1128218173980713,0.35430780699297515,-1.2832818031311035,1.242944359779358,3.8693952560424805,1.5392719507217407,2.7383718490600586,-1.8537237644195557,0.42106959223747253,-2.3880207538604736
71.09904479980469,1.9458012580871582,-2.110257863998413,0.3704992324890267,-1.313315749168396,1.2067997455596924,3.8770978450775146,1.510953426361084,2.7354516983032227,-1.8448411226272583,0.38866132497787476,-2.3838772773742676
71.14924168586731,1.9593982696533203,-2.107058048248291,0.3902521837340013,-1.3428682088851929,1.1695352792739868,3.8814074993133545,1.4819592237472534,2.7334651947021484,-1.836938738822937,0.3560071289539337,-2.378990888595581
71.19922733306885,1.9700697660446167,-2.104670286178589,0.4068210912404081,-1.3704653978347778,1.132980227470398,3.882812976837158,1.455217957496643,2.7319276332855225,-1.8295170068740845,0.325174480676651,-2.3721563816070557
71.24922513961792,1.9807119369506836,-2.1023311614990234,0.42426193521818006,-1.3924411535263062,1.098002314567566,3.8818790912628174,1.4311089515686035,2.731520414352417,-1.8226112127304077,0.29882869124412537,-2.364269971847534
71.29908180236816,1.9899682998657227,-2.1002330780029297,0.4422857312430714,-1.4142786264419556,1.055850863456726,3.8788135051727295,1.4041496515274048,2.7325987815856934,-1.8152296543121338,0.27400287985801697,-2.3544485569000244
71.3491702079773,1.998343825340271,-2.0984747409820557,0.4632908689508078,-1.4322096109390259,1.017288088798523,3.8738315105438232,1.3798567056655884,2.735039472579956,-1.8091286420822144,0.2542584538459778,-2.346041679382324
71.39898443222046,2.005336284637451,-2.097625494003296,0.48769458233146007,-1.4492491483688354,0.9759218096733093,3.8656883239746094,1.3527909517288208,2.7382709980010986,-1.8031198978424072,0.23399227857589722,-2.3358333110809326
71.44917917251587,2.010817050933838,-2.0972766876220703,0.5097491127814967,-1.4614771604537964,0.9374604225158691,3.8545918464660645,1.3276939392089844,2.741259813308716,-1.7974883317947388,0.21652674674987793,-2.3247227668762207
71.49897694587708,2.018620491027832,-2.0951833724975586,0.5306423739737302,-1.4695278406143188,0.8979730606079102,3.840674877166748,1.3043705224990845,2.743872880935669,-1.791953206062317,0.2010216861963272,-2.3119091987609863
71.54923462867737,2.0228350162506104,-2.093766927719116,0.5488555354045972,-1.4733394384384155,0.8594858646392822,3.8258607387542725,1.283514142036438,2.7464263439178467,-1.787250280380249,0.18815267086029053,-2.2986795902252197
71.59905123710632,2.0268795490264893,-2.0930352210998535,0.5637660220272869,-1.4746031761169434,0.8143823742866516,3.8084211349487305,1.260877013206482,2.7492661476135254,-1.7828501462936401,0.1763918399810791,-2.2823503017425537
71.64902925491333,2.0303468704223633,-2.0918941497802734,0.5759183669125771,-1.4725532531738281,0.7695904970169067,3.7907299995422363,1.240010142326355,2.7523694038391113,-1.7784061431884766,0.16773100197315216,-2.265859365463257
71.69899559020996,2.032884359359741,-2.0908620357513428,0.583786377887046,-1.4672565460205078,0.7234169840812683,3.7717254161834717,1.2191060781478882,2.754855155944824,-1.7740321159362793,0.16252471506595612,-2.2475345134735107
71.74915647506714,2.0348610877990723,-2.0895280838012695,0.5912681337495873,-1.4601349830627441,0.6787548065185547,3.7545406818389893,1.2002812623977661,2.755967855453491,-1.7702970504760742,0.1595151722431183,-2.2304511070251465
71.7991087436676,2.036161422729492,-2.0906708240509033,0.5907390303105308,-1.4511913061141968,0.627777099609375,3.737287998199463,1.1804556846618652,2.7563209533691406,-1.766339659690857,0.1567291021347046,-2.212643623352051
71.84905171394348,2.036618232727051,-2.090512275695801,0.5916094476396208,-1.4440652132034302,0.5796416401863098,3.7203080654144287,1.1624444723129272,2.756021022796631,-1.7629261016845703,0.15228846669197083,-2.1966187953948975
71.8991048336029,2.03623628616333,-2.0907645225524902,0.5908137346090017,-1.4407024383544922,0.5329047441482544,3.702221632003784,1.144628882408142,2.7550787925720215,-1.7600417137145996,0.14645755290985107,-2.1799087524414062
71.9490122795105,2.0355255603790283,-2.089653968811035,0.5935150416693481,-1.4407395124435425,0.4858144521713257,3.6840498447418213,1.1272379159927368,2.754154682159424,-1.7575995922088623,0.14007261395454407,-2.1621129512786865
71.99955868721008,2.0353951454162598,-2.0904977321624756,0.5902560925475453,-1.4419902563095093,0.440524160861969,3.6673548221588135,1.1119099855422974,2.7532713413238525,-1.7560362815856934,0.1340828835964203,-2.1452836990356445
72.04900622367859,2.0347254276275635,-2.0905988216400146,0.5873013049500091,-1.4443467855453491,0.38949286937713623,3.6478679180145264,1.0955146551132202,2.752227783203125,-1.75481116771698,0.1268692910671234,-2.1281957626342773
72.09918236732483,2.0337629318237305,-2.0910086631774902,0.5829259313872763,-1.4457136392593384,0.3415771722793579,3.628262519836426,1.0805983543395996,2.751361846923828,-1.7536038160324097,0.11906670033931732,-2.1125755310058594
72.14909648895264,2.0323801040649414,-2.0904104709625244,0.5791055027277003,-1.4463900327682495,0.2956249415874481,3.608330249786377,1.0666382312774658,2.750654935836792,-1.75251042842865,0.11034347862005234,-2.0969104766845703
72.19901466369629,2.0316903591156006,-2.091383934020996,0.5718399271598649,-1.4470638036727905,0.24188010394573212,3.58493709564209,1.0504733324050903,2.7505509853363037,-1.7512121200561523,0.09931431710720062,-2.078268527984619
72.2491819858551,2.030188798904419,-2.091695547103882,0.5647339899083215,-1.4482555389404297,0.18844810128211975,3.561765432357788,1.034157633781433,2.7509605884552,-1.7501907348632812,0.08719420433044434,-2.060373067855835
72.2990951538086,2.028546094894409,-2.09175443649292,0.5574448003997611,-1.4502989053726196,0.13398587703704834,3.5378382205963135,1.0159802436828613,2.751624822616577,-1.7492361068725586,0.07334049791097641,-2.0430455207824707
72.34912776947021,2.0268442630767822,-2.09183406829834,0.5482382370406789,-1.453991413116455,0.0825822651386261,3.5147476196289062,0.997065544128418,2.7521650791168213,-1.7481873035430908,0.05833752453327179,-2.027644634246826
72.39951729774475,2.0253183841705322,-2.0915324687957764,0.5387765065212442,-1.4611631631851196,0.031803347170352936,3.4913523197174072,0.9773110151290894,2.752441883087158,-1.7471636533737183,0.041676416993141174,-2.0132737159729004
72.44921731948853,2.0232956409454346,-2.0914971828460693,0.5243822715189042,-1.4720327854156494,-0.024553699418902397,3.4649171829223633,0.9548559188842773,2.7527384757995605,-1.746046543121338,0.021039694547653198,-1.9981932640075684
72.49909234046936,2.02164888381958,-2.091313123703003,0.5105995298728784,-1.482472538948059,-0.07429839670658112,3.4406633377075195,0.9345045685768127,2.753124475479126,-1.7450189590454102,0.0017711762338876724,-1.984636902809143
72.54901671409607,2.019439220428467,-2.0907046794891357,0.48987292375679237,-1.4933125972747803,-0.12787137925624847,3.4116861820220947,0.9117109179496765,2.75411057472229,-1.743891954421997,-0.021336987614631653,-1.9672784805297852
72.59917426109314,2.0181143283843994,-2.0903196334838867,0.4716445992404027,-1.4981811046600342,-0.16795970499515533,3.3884549140930176,0.8956116437911987,2.755110740661621,-1.7430717945098877,-0.03932180255651474,-1.9522465467453003
72.64901471138,2.0148062705993652,-2.0898165702819824,0.4485800432049774,-1.498927354812622,-0.21741105616092682,3.35817551612854,0.8786634206771851,2.756072998046875,-1.7422314882278442,-0.05983336269855499,-1.9332419633865356
72.69914507865906,2.0139145851135254,-2.088442802429199,0.4261451207316982,-1.4961930513381958,-0.2595427632331848,3.3308470249176025,0.8671318292617798,2.7564730644226074,-1.7419565916061401,-0.0733548104763031,-1.9153804779052734
72.74899482727051,2.0127766132354736,-2.0870683193206787,0.400493017986755,-1.490365982055664,-0.3075220584869385,3.3002431392669678,0.8574343919754028,2.756559133529663,-1.7421330213546753,-0.08539896458387375,-1.8933930397033691
72.79916286468506,2.0125017166137695,-2.085420608520508,0.37592101391443744,-1.483047604560852,-0.3513047993183136,3.273812770843506,0.8506881594657898,2.7567520141601562,-1.743178367614746,-0.09402301907539368,-1.872788667678833
72.84894633293152,2.0133819580078125,-2.082594633102417,0.34590655976738205,-1.4733330011367798,-0.4021756052970886,3.2440221309661865,0.8444930911064148,2.7568063735961914,-1.7454439401626587,-0.10202107578516006,-1.8489055633544922
72.89908218383789,2.013709306716919,-2.0799624919891357,0.3157917788213113,-1.4626590013504028,-0.45068448781967163,3.2143590450286865,0.8396071195602417,2.7564868927001953,-1.7479914426803589,-0.10788166522979736,-1.8241283893585205
72.94911098480225,2.0155725479125977,-2.0766818523406982,0.28131473062599743,-1.4505691528320312,-0.5004028081893921,3.18325138092041,0.8361143469810486,2.755629777908325,-1.7509758472442627,-0.11196891963481903,-1.7973908185958862
72.99903178215027,2.0175774097442627,-2.073256015777588,0.24310679440019947,-1.4357792139053345,-0.551514744758606,3.1514668464660645,0.8342716097831726,2.7542953491210938,-1.7549017667770386,-0.11448003351688385,-1.7686138153076172
73.049076795578,2.0202746391296387,-2.0693886280059814,0.20443226826272137,-1.4199105501174927,-0.5971392393112183,3.1226580142974854,0.8346583247184753,2.752561092376709,-1.7594316005706787,-0.11458579450845718,-1.7416493892669678
73.09901428222656,2.0236194133758545,-2.064970016479492,0.15505509989540625,-1.397475004196167,-0.6549772620201111,3.08608078956604,0.8375598192214966,2.749338150024414,-1.7663016319274902,-0.11187631636857986,-1.7077291011810303
73.14937114715576,2.026242733001709,-2.0610711574554443,0.10951423763570012,-1.37876558303833,-0.7021061778068542,3.0543007850646973,0.8410307765007019,2.7461869716644287,-1.772750973701477,-0.10677353292703629,-1.6790924072265625
73.19903135299683,2.0297088623046875,-2.056832790374756,0.0580069651363178,-1.3615460395812988,-0.7494261860847473,3.018150568008423,0.8454715013504028,2.7418551445007324,-1.7790051698684692,-0.09970623254776001,-1.6460641622543335
73.24901580810547,2.0335590839385986,-2.052178382873535,0.001517228275411399,-1.3501209020614624,-0.7925119400024414,2.9837427139282227,0.8492942452430725,2.7360808849334717,-1.7832003831863403,-0.09577697515487671,-1.6162461042404175
73.29903411865234,2.037869930267334,-2.0480713844299316,-0.054142955257424095,-1.3421852588653564,-0.8366120457649231,2.949942111968994,0.8516454100608826,2.727989673614502,-1.7845920324325562,-0.0924406424164772,-1.5877703428268433
73.34931993484497,2.0412087440490723,-2.044440507888794,-0.10742670186525033,-1.3358641862869263,-0.8824009299278259,2.9162025451660156,0.8525992631912231,2.7178690433502197,-1.782943844795227,-0.08832824975252151,-1.5590900182724
73.3989942073822,2.0445313453674316,-2.040609359741211,-0.16450792138798115,-1.3299686908721924,-0.9257314205169678,2.883805990219116,0.8528088331222534,2.7075014114379883,-1.7790195941925049,-0.08482024818658829,-1.5320032835006714
73.44957184791565,2.0478670597076416,-2.036870002746582,-0.22208386665650576,-1.3240550756454468,-0.9757949113845825,2.8477489948272705,0.8522926568984985,2.6947574615478516,-1.772567629814148,-0.08313007652759552,-1.5030105113983154
73.49912214279175,2.0512404441833496,-2.0334925651550293,-0.2796577048899061,-1.3190076351165771,-1.0208723545074463,2.8164429664611816,0.8509197235107422,2.6819803714752197,-1.7651424407958984,-0.08273167908191681,-1.4775574207305908
73.54895496368408,2.055299997329712,-2.0300333499908447,-0.34027648097845786,-1.313380479812622,-1.0717064142227173,2.7823562622070312,0.8487104773521423,2.665525436401367,-1.754269003868103,-0.08286837488412857,-1.4472742080688477
73.59895753860474,2.060275077819824,-2.0278022289276123,-0.39256728608490055,-1.308533787727356,-1.120497703552246,2.7490921020507812,0.8457106351852417,2.648937463760376,-1.7412117719650269,-0.0842953771352768,-1.4166215658187866
73.64928841590881,2.063350200653076,-2.0250132083892822,-0.4541317144778315,-1.3053146600723267,-1.1698267459869385,2.7143044471740723,0.8420958518981934,2.6321048736572266,-1.7254974842071533,-0.08793824166059494,-1.3854156732559204
73.69905400276184,2.0667858123779297,-2.0222091674804688,-0.5101968810594992,-1.3058431148529053,-1.2195199728012085,2.678744077682495,0.8370362520217896,2.6150219440460205,-1.7072094678878784,-0.09367407113313675,-1.354331612586975
73.74898505210876,2.070178985595703,-2.020169734954834,-0.5623919622896147,-1.3080241680145264,-1.2690699100494385,2.6432600021362305,0.830074667930603,2.597781181335449,-1.687256097793579,-0.10099083930253983,-1.3223625421524048
73.79901218414307,2.071620225906372,-2.0164427757263184,-0.6170704485140939,-1.3086429834365845,-1.316544532775879,2.607945680618286,0.8210424780845642,2.5801658630371094,-1.665693759918213,-0.10837577283382416,-1.2889758348464966
73.84965181350708,2.075070381164551,-2.014587163925171,-0.6713228738372343,-1.3071454763412476,-1.3582136631011963,2.5743749141693115,0.8111833333969116,2.56257963180542,-1.6434385776519775,-0.11480097472667694,-1.2571840286254883
73.89904284477234,2.0792458057403564,-2.0130622386932373,-0.7248682670996881,-1.301642894744873,-1.401794672012329,2.5365664958953857,0.7997283935546875,2.542834997177124,-1.616921067237854,-0.12276693433523178,-1.2222157716751099
73.94940996170044,2.083109140396118,-2.0111119747161865,-0.7773782673922737,-1.2920681238174438,-1.4400275945663452,2.5035319328308105,0.7911385297775269,2.5270023345947266,-1.592875361442566,-0.12997864186763763,-1.1927740573883057
73.99928116798401,2.087054491043091,-2.0097086429595947,-0.827675420751297,-1.278623104095459,-1.479988694190979,2.470135450363159,0.7848902344703674,2.512019634246826,-1.5684581995010376,-0.13425008952617645,-1.1630456447601318
74.04919052124023,2.091083526611328,-2.0090301036834717,-0.8760436034082811,-1.2611652612686157,-1.520455002784729,2.4347424507141113,0.7804226279258728,2.4950406551361084,-1.5441700220108032,-0.13484863936901093,-1.1317616701126099
74.09910583496094,2.0942623615264893,-2.007824420928955,-0.9237486436699565,-1.2420272827148438,-1.557070255279541,2.400195598602295,0.7772940993309021,2.4759998321533203,-1.5226916074752808,-0.13336025178432465,-1.102586030960083
74.14915442466736,2.0982911586761475,-2.0080840587615967,-0.9653990820838666,-1.2212144136428833,-1.5903059244155884,2.3675954341888428,0.7748739719390869,2.456291675567627,-1.5037739276885986,-0.13197289407253265,-1.0767351388931274
74.19912886619568,2.102658987045288,-2.00968074798584,-1.0046752785293624,-1.1964261531829834,-1.624395728111267,2.3341786861419678,0.7728002667427063,2.433656930923462,-1.4850773811340332,-0.13021117448806763,-1.050580382347107
74.24914860725403,2.1063778400421143,-2.010406494140625,-1.0433822674041267,-1.1671888828277588,-1.6591155529022217,2.298900604248047,0.7713580131530762,2.407754421234131,-1.4670491218566895,-0.126975879073143,-1.0228790044784546
74.29902148246765,2.1096489429473877,-2.0118794441223145,-1.0767104249285782,-1.13587486743927,-1.6911404132843018,2.2644379138946533,0.7713790535926819,2.3815479278564453,-1.4512791633605957,-0.12260735780000687,-0.995872974395752
74.34929847717285,2.112820863723755,-2.0136144161224365,-1.106065790420372,-1.1008548736572266,-1.7218327522277832,2.2287888526916504,0.7728700041770935,2.3542120456695557,-1.4360915422439575,-0.1165541335940361,-0.9685143232345581
74.39915108680725,2.1157238483428955,-2.015471935272217,-1.1311954764302525,-1.0617088079452515,-1.751543402671814,2.1932201385498047,0.7757906913757324,2.326240301132202,-1.4220086336135864,-0.10859411954879761,-0.942306637763977
74.44930052757263,2.1185719966888428,-2.0185444355010986,-1.151675337035316,-1.0206005573272705,-1.7804200649261475,2.1581783294677734,0.7806730270385742,2.2974143028259277,-1.4089446067810059,-0.09979880601167679,-0.918960690498352
74.49904012680054,2.1215970516204834,-2.022376298904419,-1.1708408850196592,-0.9825027585029602,-1.8078783750534058,2.1257739067077637,0.786975622177124,2.2699055671691895,-1.3976167440414429,-0.08938068896532059,-0.8975207209587097
74.54912519454956,2.124664306640625,-2.0271284580230713,-1.1875164418342703,-0.9440662264823914,-1.8377467393875122,2.089782476425171,0.7949293255805969,2.2391083240509033,-1.3861830234527588,-0.07819167524576187,-0.8735618591308594
74.59936809539795,2.1273012161254883,-2.031534194946289,-1.2018394967619321,-0.9108961820602417,-1.8663707971572876,2.0572946071624756,0.8020651936531067,2.2112679481506348,-1.3768776655197144,-0.07236451655626297,-0.8536697626113892
74.64932250976562,2.1297876834869385,-2.0361320972442627,-1.2141559156023058,-0.8767307996749878,-1.8995862007141113,2.0221993923187256,0.8084729313850403,2.1814255714416504,-1.3674187660217285,-0.06838487088680267,-0.8317927718162537
74.69917607307434,2.133136034011841,-2.04199481010437,-1.2299421565308355,-0.8421841263771057,-1.93660569190979,1.9849098920822144,0.8126721382141113,2.149751901626587,-1.3581644296646118,-0.06485404074192047,-0.8058080077171326
74.74943351745605,2.136168956756592,-2.0476086139678955,-1.2426987123378272,-0.8141526579856873,-1.968711495399475,1.9532394409179688,0.8149430751800537,2.1232314109802246,-1.3501325845718384,-0.0632232204079628,-0.7826318144798279
74.7993643283844,2.1399059295654297,-2.0541489124298096,-1.2563929650049135,-0.7813164591789246,-2.0079431533813477,1.9148446321487427,0.816925585269928,2.091474771499634,-1.3398960828781128,-0.0657854825258255,-0.7565564513206482
74.84920454025269,2.143078088760376,-2.061403512954712,-1.2674155018769242,-0.7511484026908875,-2.0460338592529297,1.8776274919509888,0.8176180720329285,2.0619406700134277,-1.3291740417480469,-0.07197290658950806,-0.7322927117347717
74.89906048774719,2.146313428878784,-2.0692155361175537,-1.2776791036008557,-0.7216838598251343,-2.084939956665039,1.8410977125167847,0.8171351552009583,2.0329091548919678,-1.3168365955352783,-0.07927974313497543,-0.7068580985069275
74.94959664344788,2.149369478225708,-2.077827215194702,-1.2860408898627294,-0.692365825176239,-2.1244866847991943,1.8060449361801147,0.8150404095649719,2.0042037963867188,-1.3030000925064087,-0.08699283748865128,-0.680526852607727
74.99904537200928,2.1524195671081543,-2.0873265266418457,-1.291631540186164,-0.6625592112541199,-2.1680188179016113,1.7702140808105469,0.8112471699714661,1.9759716987609863,-1.2876225709915161,-0.09628521651029587,-0.6529879570007324
75.04944920539856,2.1557464599609375,-2.0981433391571045,-1.297078087533158,-0.6360049247741699,-2.2103066444396973,1.7370449304580688,0.8059512972831726,1.9520680904388428,-1.2729312181472778,-0.1063273474574089,-0.6284309029579163
75.09903383255005,2.1588916778564453,-2.1092257499694824,-1.3003002965153128,-0.608590841293335,-2.2536797523498535,1.7049431800842285,0.7990136742591858,1.930422306060791,-1.2582370042800903,-0.1179867833852768,-0.6052801609039307
75.14939141273499,2.1621289253234863,-2.1207516193389893,-1.3013631495033287,-0.5820176601409912,-2.2926230430603027,1.6759822368621826,0.7901126146316528,1.9101884365081787,-1.2445430755615234,-0.12953074276447296,-0.583747923374176
75.19926714897156,2.1655678749084473,-2.1334450244903564,-1.3013211229406034,-0.555675208568573,-2.3310937881469727,1.6473852396011353,0.7790535092353821,1.887381672859192,-1.2303322553634644,-0.13902157545089722,-0.5614271759986877
75.24965476989746,2.168945074081421,-2.1476049423217773,-1.2984219914995025,-0.5305771827697754,-2.366051197052002,1.6197341680526733,0.7664034962654114,1.8626595735549927,-1.2163687944412231,-0.1448386162519455,-0.5403501987457275
75.29931664466858,2.1719887256622314,-2.1609556674957275,-1.2938303800074786,-0.5077723860740662,-2.394695997238159,1.5948868989944458,0.7548061609268188,1.8383710384368896,-1.2037714719772339,-0.14741942286491394,-0.5234085321426392
75.34913063049316,2.1756033897399902,-2.1789283752441406,-1.2853040361217338,-0.476222425699234,-2.4295804500579834,1.5627739429473877,0.7412576675415039,1.8046127557754517,-1.1867305040359497,-0.14902116358280182,-0.5049133896827698
75.39894080162048,2.178981304168701,-2.1973657608032227,-1.2741268486467163,-0.448572039604187,-2.457660436630249,1.5366814136505127,0.7318369746208191,1.774571418762207,-1.1707133054733276,-0.14885291457176208,-0.4916054308414459
75.44915843009949,2.182098627090454,-2.215008497238159,-1.2609738207341725,-0.4217165410518646,-2.48250412940979,1.5127463340759277,0.724403977394104,1.7456316947937012,-1.153921365737915,-0.14716127514839172,-0.48025813698768616
75.49898838996887,2.1854121685028076,-2.234334945678711,-1.2444383649339086,-0.38964319229125977,-2.508633613586426,1.4867724180221558,0.7180782556533813,1.7135803699493408,-1.1331690549850464,-0.14351700246334076,-0.4690292477607727
75.549311876297,2.189077138900757,-2.2548890113830566,-1.2259994728088854,-0.35868045687675476,-2.530630588531494,1.4647576808929443,0.7137060165405273,1.685445785522461,-1.1130521297454834,-0.13863901793956757,-0.4597308039665222
75.59936690330505,2.1932473182678223,-2.275444984436035,-1.2081319278622809,-0.3235279321670532,-2.552661895751953,1.4425872564315796,0.7103447914123535,1.6562156677246094,-1.0906418561935425,-0.1312984824180603,-0.45073381066322327
75.64917969703674,2.198040723800659,-2.2963194847106934,-1.189507189286369,-0.2840556800365448,-2.574113368988037,1.4199810028076172,0.7085666656494141,1.6249711513519287,-1.0665712356567383,-0.12055026739835739,-0.44289693236351013
75.69911789894104,2.2036049365997314,-2.317443370819092,-1.1710702790334004,-0.24673700332641602,-2.59112548828125,1.4000822305679321,0.708469033241272,1.5952374935150146,-1.044655442237854,-0.10862413048744202,-0.4377013146877289
75.74915218353271,2.2102906703948975,-2.3394558429718018,-1.1523059769939423,-0.2027665674686432,-2.606401205062866,1.377615213394165,0.7105111479759216,1.5573927164077759,-1.0205528736114502,-0.0954088643193245,-0.43287038803100586
75.79908657073975,2.216430187225342,-2.3587257862091064,-1.136001054542508,-0.16011942923069,-2.6168346405029297,1.3568061590194702,0.7143735289573669,1.5179164409637451,-1.0012226104736328,-0.0842057317495346,-0.42821115255355835
75.84918212890625,2.2230312824249268,-2.3787167072296143,-1.1187513367114432,-0.11069204658269882,-2.625720500946045,1.332905888557434,0.7217400074005127,1.4691073894500732,-0.9837676882743835,-0.07244650274515152,-0.4213797450065613
75.89900493621826,2.2295970916748047,-2.396958827972412,-1.1009869330260822,-0.06622464209794998,-2.6333253383636475,1.3095307350158691,0.7308247089385986,1.4211432933807373,-0.9712613224983215,-0.06051168218255043,-0.4128172695636749
75.94903540611267,2.2361416816711426,-2.4158382415771484,-1.0823589105826814,-0.025023216381669044,-2.6433095932006836,1.2863337993621826,0.7423330545425415,1.374023199081421,-0.9624022841453552,-0.04705854505300522,-0.40178966522216797
75.99924302101135,2.242173433303833,-2.432002544403076,-1.0642251569402001,0.01244567520916462,-2.6565046310424805,1.2641514539718628,0.7557665109634399,1.3296868801116943,-0.9568217396736145,-0.035099297761917114,-0.38954028487205505
76.04913258552551,2.247664213180542,-2.447525978088379,-1.044904600974255,0.05006076395511627,-2.672837018966675,1.2402225732803345,0.7727758288383484,1.2822480201721191,-0.9532700181007385,-0.022833313792943954,-0.3748628497123718
76.0990617275238,2.2528388500213623,-2.462144613265991,-1.0234199657741165,0.08800730854272842,-2.6906323432922363,1.21487557888031,0.7934094667434692,1.2317476272583008,-0.9519767761230469,-0.009159300476312637,-0.3576599657535553
76.14905023574829,2.257258653640747,-2.4749362468719482,-1.0011435616745585,0.12350896745920181,-2.707145929336548,1.1898307800292969,0.8155483603477478,1.1847156286239624,-0.9530872702598572,0.00438412930816412,-0.3396535813808441
76.19902992248535,2.261242389678955,-2.4859166145324707,-0.9785071187118031,0.1580640822649002,-2.722787618637085,1.1659494638442993,0.8379742503166199,1.141427755355835,-0.9568852782249451,0.016970334574580193,-0.32038190960884094
76.24907970428467,2.26467227935791,-2.4957780838012695,-0.9518052728189227,0.1980474889278412,-2.7409589290618896,1.1396738290786743,0.8630668520927429,1.0935181379318237,-0.9638409614562988,0.030254829674959183,-0.2963930666446686
76.29943251609802,2.268519163131714,-2.506181001663208,-0.9207781943929466,0.2368941456079483,-2.759089708328247,1.1156785488128662,0.8856137990951538,1.0473917722702026,-0.9719974398612976,0.04223783314228058,-0.27134817838668823
76.34923529624939,2.271066904067993,-2.514429807662964,-0.8890374193961189,0.2756282389163971,-2.777749538421631,1.0907959938049316,0.9069787859916687,1.001389980316162,-0.9807083606719971,0.05497564747929573,-0.24388019740581512
76.39903855323792,2.273829221725464,-2.522796154022217,-0.855730126568731,0.3143313229084015,-2.796109914779663,1.063798189163208,0.9278553128242493,0.9582667350769043,-0.9887332916259766,0.06941241770982742,-0.21453078091144562
76.44905018806458,2.277787208557129,-2.531465530395508,-0.8248906440902019,0.35022926330566406,-2.811885356903076,1.0367239713668823,0.9469153881072998,0.9178802967071533,-0.995620608329773,0.08204084634780884,-0.1866733878850937
76.49922800064087,2.2816061973571777,-2.540217638015747,-0.790903308169781,0.39008861780166626,-2.8283026218414307,1.0056195259094238,0.9665085673332214,0.8731265068054199,-1.0022081136703491,0.0958956852555275,-0.15641742944717407
76.54901552200317,2.285086154937744,-2.5479910373687744,-0.7592373076330007,0.4270938038825989,-2.8447415828704834,0.9750356674194336,0.9835432767868042,0.8317246437072754,-1.007154941558838,0.11140231043100357,-0.1297333538532257
76.59950995445251,2.290220260620117,-2.5565624237060547,-0.7285256676680213,0.46169573068618774,-2.8618528842926025,0.9424458146095276,0.9993736147880554,0.7917002439498901,-1.0111230611801147,0.12862974405288696,-0.10662603378295898
76.64928150177002,2.2952818870544434,-2.565608501434326,-0.6950634241942737,0.49265480041503906,-2.876314163208008,0.9100878834724426,1.0134681463241577,0.7550264000892639,-1.0148072242736816,0.14684580266475677,-0.08783257007598877
76.69912981987,2.301245927810669,-2.5747182369232178,-0.6644639110333972,0.5261028409004211,-2.8874197006225586,0.8747732639312744,1.0263869762420654,0.7160974740982056,-1.018749713897705,0.16766053438186646,-0.07068171352148056
76.74904155731201,2.308035373687744,-2.5841948986053467,-0.6335773840655535,0.5624890327453613,-2.893084764480591,0.8365898132324219,1.0369583368301392,0.6734045147895813,-1.0227844715118408,0.18911144137382507,-0.05482487007975578
76.79900932312012,2.3152542114257812,-2.5925307273864746,-0.6094334888046887,0.5940724611282349,-2.892495632171631,0.8015448451042175,1.0434918403625488,0.6328147649765015,-1.0259898900985718,0.20767411589622498,-0.04163839668035507
76.84912753105164,2.3224830627441406,-2.6012582778930664,-0.5821203399823074,0.6254393458366394,-2.885737657546997,0.7634807229042053,1.0479028224945068,0.5869566798210144,-1.0283550024032593,0.22801443934440613,-0.028424253687262535
76.89968204498291,2.330162286758423,-2.609339475631714,-0.5549092189644823,0.653451144695282,-2.8736629486083984,0.7273759245872498,1.050720453262329,0.5422921180725098,-1.0303046703338623,0.24815426766872406,-0.016735762357711792
76.94929885864258,2.3386216163635254,-2.6183559894561768,-0.5276819048052295,0.6833235025405884,-2.8546626567840576,0.689062774181366,1.0546351671218872,0.4926791191101074,-1.0321348905563354,0.27148738503456116,-0.004881752654910088
76.99927949905396,2.3468167781829834,-2.6263821125030518,-0.501907085763061,0.709731936454773,-2.831848382949829,0.6538967490196228,1.0591434240341187,0.44765472412109375,-1.0328474044799805,0.29478350281715393,0.004642089828848839
77.04948663711548,2.3550305366516113,-2.6339941024780273,-0.47927409905407387,0.7325722575187683,-2.806584358215332,0.6212173700332642,1.064153790473938,0.4073759615421295,-1.0323220491409302,0.31781816482543945,0.011390374973416328
77.09978294372559,2.3635826110839844,-2.641995906829834,-0.4541569329456772,0.7555157542228699,-2.7736282348632812,0.5859123468399048,1.069871187210083,0.36453530192375183,-1.0307321548461914,0.3444410562515259,0.015578377060592175
77.14914774894714,2.3734872341156006,-2.649675130844116,-0.4313276314968653,0.7766998410224915,-2.7359719276428223,0.551749050617218,1.0746924877166748,0.3210732042789459,-1.029152750968933,0.37214335799217224,0.017110489308834076
77.19907832145691,2.382375955581665,-2.656435012817383,-0.41120964806014987,0.7970506548881531,-2.6969308853149414,0.5190257430076599,1.0796146392822266,0.2784031331539154,-1.030670404434204,0.39770328998565674,0.018689017742872238
77.24923276901245,2.392094850540161,-2.662937879562378,-0.39386623952744565,0.8160396218299866,-2.6593751907348633,0.4863561987876892,1.0846666097640991,0.2368239462375641,-1.0363465547561646,0.4195409417152405,0.021992171183228493
77.29912948608398,2.4023711681365967,-2.669459104537964,-0.3754531421512996,0.8371055722236633,-2.6209945678710938,0.446909099817276,1.0906747579574585,0.19174423813819885,-1.0479270219802856,0.4444122910499573,0.027840789407491684
77.34914970397949,2.4126739501953125,-2.675539255142212,-0.3604310362956195,0.8574932217597961,-2.5876471996307373,0.40725842118263245,1.0966379642486572,0.15309229493141174,-1.0634434223175049,0.47041505575180054,0.03506737947463989
77.3990638256073,2.4230926036834717,-2.6814873218536377,-0.3453331684908948,0.8793814182281494,-2.555455207824707,0.36605358123779297,1.1026909351348877,0.1189354807138443,-1.0815699100494385,0.49690669775009155,0.0432417057454586
77.44905614852905,2.4339020252227783,-2.6871581077575684,-0.3315585587646744,0.9029341340065002,-2.523491621017456,0.32481926679611206,1.1078559160232544,0.08890696614980698,-1.100810170173645,0.5204908847808838,0.051939956843853
77.49914026260376,2.4454734325408936,-2.6933701038360596,-0.3165987086861584,0.9269352555274963,-2.4918057918548584,0.2850892245769501,1.111189603805542,0.06255119293928146,-1.1202964782714844,0.542161226272583,0.06131593883037567
77.54952645301819,2.457716703414917,-2.6992545127868652,-0.3030368046530629,0.9512648582458496,-2.461430072784424,0.24728359282016754,1.1125203371047974,0.038506947457790375,-1.1401159763336182,0.564190149307251,0.07134636491537094
77.59930872917175,2.4694135189056396,-2.7049765586853027,-0.2896561054162259,0.9753209948539734,-2.4334473609924316,0.21310356259346008,1.1127647161483765,0.016184940934181213,-1.1603838205337524,0.5851969122886658,0.08200753480195999
77.6492669582367,2.483524799346924,-2.711535930633545,-0.2771171256166294,1.0028929710388184,-2.404313564300537,0.17742015421390533,1.112091302871704,-0.007003189995884895,-1.1851929426193237,0.6063976287841797,0.09505374729633331
77.6992576122284,2.4963130950927734,-2.716773509979248,-0.2659091521018828,1.0348433256149292,-2.3742237091064453,0.13879205286502838,1.1099275350570679,-0.029862461611628532,-1.2163456678390503,0.6274896264076233,0.11202836781740189
77.74927067756653,2.510173797607422,-2.7224597930908203,-0.2546090060651656,1.0675806999206543,-2.3459360599517822,0.10187295079231262,1.105863332748413,-0.04978180676698685,-1.2503739595413208,0.6478426456451416,0.1311674416065216
77.79942417144775,2.5228962898254395,-2.727060556411743,-0.24522937963269734,1.1012024879455566,-2.3196098804473877,0.06801683455705643,1.1003483533859253,-0.06770326942205429,-1.28563392162323,0.668075442314148,0.1515205204486847
77.8492431640625,2.5364882946014404,-2.731860876083374,-0.2361681229268301,1.1407455205917358,-2.291867733001709,0.03207073733210564,1.0928292274475098,-0.08800432085990906,-1.3266010284423828,0.6905964612960815,0.17583733797073364
77.899174451828,2.550685167312622,-2.7367186546325684,-0.22618529388665867,1.1800568103790283,-2.267606019973755,-0.0004995193448849022,1.0838656425476074,-0.10833633691072464,-1.3646790981292725,0.7108903527259827,0.19946831464767456
77.94949579238892,2.5634653568267822,-2.741098403930664,-0.21715177795658486,1.2184360027313232,-2.244966506958008,-0.030279623344540596,1.073225498199463,-0.12864501774311066,-1.3994537591934204,0.7306561470031738,0.22098582983016968
77.99907898902893,2.577631711959839,-2.745814323425293,-0.2068193352455186,1.2626993656158447,-2.2181899547576904,-0.06208232417702675,1.0588207244873047,-0.15221479535102844,-1.4363209009170532,0.7538560628890991,0.24298258125782013
78.04931139945984,2.5902440547943115,-2.74999737739563,-0.1972661670831906,1.300639033317566,-2.1944026947021484,-0.08877280354499817,1.0431602001190186,-0.17256948351860046,-1.4673019647598267,0.7756041884422302,0.2597752809524536
78.09911131858826,2.6035959720611572,-2.7544116973876953,-0.18652055320274052,1.338709831237793,-2.1679978370666504,-0.11544438451528549,1.023113489151001,-0.19353841245174408,-1.4996603727340698,0.8010221719741821,0.27622339129447937
78.14951682090759,2.6170876026153564,-2.758399724960327,-0.17584279598364297,1.3716232776641846,-2.13984751701355,-0.13726840913295746,1.0020394325256348,-0.21191446483135223,-1.5287799835205078,0.8254271149635315,0.2902763783931732
78.1991138458252,2.630505084991455,-2.7623541355133057,-0.16540470422164005,1.4019882678985596,-2.1083545684814453,-0.15567854046821594,0.9787589907646179,-0.2299114465713501,-1.5573830604553223,0.848705530166626,0.3036805987358093
78.24932909011841,2.6437244415283203,-2.7660229206085205,-0.15426861187407964,1.427679419517517,-2.0768983364105225,-0.17186926305294037,0.9552391767501831,-0.24715209007263184,-1.5845301151275635,0.8700754642486572,0.31620004773139954
78.29920220375061,2.6575047969818115,-2.769603967666626,-0.14336614906488587,1.453789234161377,-2.041041374206543,-0.18979209661483765,0.9282315969467163,-0.2675320506095886,-1.6159603595733643,0.8945481777191162,0.33025291562080383
78.34924292564392,2.6719350814819336,-2.773280382156372,-0.1306982367563104,1.4776992797851562,-2.006047487258911,-0.20652343332767487,0.903128445148468,-0.28896939754486084,-1.6478908061981201,0.9195301532745361,0.3434065878391266
78.3990843296051,2.686030149459839,-2.77670955657959,-0.11908471804834216,1.501257300376892,-1.9687352180480957,-0.22332419455051422,0.8780641555786133,-0.3125055432319641,-1.6828688383102417,0.9460148811340332,0.3562908470630646
78.449467420578,2.699526309967041,-2.7796053886413574,-0.1080310516287423,1.5225220918655396,-1.9314250946044922,-0.23979167640209198,0.8533766865730286,-0.33557480573654175,-1.7184736728668213,0.9720712304115295,0.36748844385147095
78.49910569190979,2.7136595249176025,-2.7829337120056152,-0.09601726449547289,1.543617844581604,-1.8895241022109985,-0.257179319858551,0.826496958732605,-0.3587110936641693,-1.7576864957809448,1.0001622438430786,0.37767812609672546
78.54928159713745,2.728043556213379,-2.785738468170166,-0.08435563061350601,1.5640106201171875,-1.8427475690841675,-0.2741524577140808,0.7977064251899719,-0.38222986459732056,-1.7986881732940674,1.0291059017181396,0.3867388665676117
78.59910202026367,2.7424685955047607,-2.788673162460327,-0.07234253067355063,1.5811703205108643,-1.7978689670562744,-0.28907328844070435,0.7698448300361633,-0.4053014814853668,-1.8356664180755615,1.0576952695846558,0.39426252245903015
78.64911317825317,2.7570338249206543,-2.7912707328796387,-0.060712137614256624,1.5970234870910645,-1.7533063888549805,-0.3038693368434906,0.7405226826667786,-0.42985445261001587,-1.8726093769073486,1.0878266096115112,0.40140780806541443
78.69924831390381,2.7714691162109375,-2.793583393096924,-0.04861449061117098,1.6122277975082397,-1.7100261449813843,-0.319085031747818,0.7090523838996887,-0.4507695436477661,-1.9129894971847534,1.1157395839691162,0.4101601243019104
78.74928641319275,2.785160541534424,-2.7956786155700684,-0.03715495706189507,1.6249582767486572,-1.6744482517242432,-0.3328753113746643,0.6795822381973267,-0.4625872075557709,-1.9503858089447021,1.1379942893981934,0.41984832286834717
78.79932975769043,2.800581216812134,-2.7979331016540527,-0.0240876571464221,1.6410717964172363,-1.636513113975525,-0.3493756055831909,0.6431583762168884,-0.4690150320529938,-1.9942058324813843,1.1649771928787231,0.43441659212112427
78.84909534454346,2.8154327869415283,-2.8000376224517822,-0.010666634557232595,1.6608935594558716,-1.6001578569412231,-0.36595091223716736,0.6051257252693176,-0.4696212112903595,-2.0352768898010254,1.1936535835266113,0.4519917070865631
78.89926624298096,2.831312417984009,-2.8020355701446533,0.005617577207334206,1.6830195188522339,-1.5660127401351929,-0.38165414333343506,0.5684428215026855,-0.46726036071777344,-2.0712897777557373,1.2192226648330688,0.47100627422332764
78.9490864276886,2.845759153366089,-2.803950309753418,0.02095066332064881,1.7047691345214844,-1.5342504978179932,-0.39661508798599243,0.5341591238975525,-0.462824285030365,-2.1028993129730225,1.2405368089675903,0.49021396040916443
78.99924755096436,2.8621158599853516,-2.8058087825775146,0.03879919527350585,1.729075312614441,-1.49892258644104,-0.4133993685245514,0.49600541591644287,-0.4555610716342926,-2.136559247970581,1.2632336616516113,0.513833224773407
79.04927086830139,2.8757126331329346,-2.8072867393493652,0.05498457136441279,1.750022530555725,-1.4688445329666138,-0.427664577960968,0.4636075794696808,-0.44793587923049927,-2.163262128829956,1.2827364206314087,0.5356194376945496
79.09917259216309,2.8923590183258057,-2.808758497238159,0.07326514004439934,1.7753628492355347,-1.4327195882797241,-0.443845272064209,0.42598018050193787,-0.43616431951522827,-2.192786693572998,1.3046913146972656,0.5643699169158936
79.14932823181152,2.907132387161255,-2.809830665588379,0.08959259260774367,1.799467921257019,-1.3998304605484009,-0.4563825726509094,0.3923144042491913,-0.4224483370780945,-2.2165865898132324,1.3229581117630005,0.5920393466949463
79.19915509223938,2.924865961074829,-2.810580253601074,0.10996066136429007,1.830700397491455,-1.3621855974197388,-0.46887701749801636,0.35201558470726013,-0.40297698974609375,-2.2416393756866455,1.3430991172790527,0.6267451047897339
79.24916124343872,2.9410476684570312,-2.810696601867676,0.127552570245842,1.8612799644470215,-1.3310478925704956,-0.477335125207901,0.3168303668498993,-0.38289618492126465,-2.262399911880493,1.3602104187011719,0.6592089533805847
79.29948711395264,2.9563002586364746,-2.8107101917266846,0.14439656232363166,1.891478419303894,-1.3039072751998901,-0.4835719168186188,0.2849394381046295,-0.3628263771533966,-2.28159236907959,1.3753890991210938,0.689999520778656
79.34908723831177,2.9725911617279053,-2.810476064682007,0.161555235622681,1.927054524421692,-1.2742811441421509,-0.4894469380378723,0.24918881058692932,-0.3416391611099243,-2.3041560649871826,1.3922580480575562,0.72420334815979
79.39908838272095,2.989793300628662,-2.809913158416748,0.1796375515370572,1.961534023284912,-1.2465025186538696,-0.49471744894981384,0.21453222632408142,-0.3236795961856842,-2.3272225856781006,1.4071476459503174,0.754962146282196
79.44908952713013,3.0059921741485596,-2.809068202972412,0.19659294873899305,1.9945149421691895,-1.2192901372909546,-0.4981447458267212,0.17932488024234772,-0.30639079213142395,-2.352566957473755,1.4215089082717896,0.782105028629303
79.49939775466919,3.0214154720306396,-2.808166742324829,0.21150749226505705,2.022632122039795,-1.1931862831115723,-0.4999845325946808,0.1448950618505478,-0.2893383502960205,-2.378786325454712,1.437458872795105,0.8048624992370605
79.54907298088074,3.0366370677948,-2.8067307472229004,0.2263217153414021,2.048764944076538,-1.165702223777771,-0.49951303005218506,0.11001800000667572,-0.2718040645122528,-2.405247211456299,1.455945611000061,0.8258412480354309
79.59923386573792,3.0536203384399414,-2.805093288421631,0.24201707018909213,2.076253652572632,-1.1338050365447998,-0.4960053265094757,0.07096334546804428,-0.2523643970489502,-2.433183193206787,1.4776875972747803,0.8478601574897766
79.6493628025055,3.069868803024292,-2.8031225204467773,0.25637773821663135,2.100771188735962,-1.103062629699707,-0.4899485409259796,0.034144919365644455,-0.23458093404769897,-2.4580187797546387,1.4974406957626343,0.8687052130699158
79.6990213394165,3.085954189300537,-2.80094838142395,0.2706588878089483,2.1241111755371094,-1.0715267658233643,-0.48216062784194946,-0.0028441431932151318,-0.2169317752122879,-2.482548713684082,1.5173581838607788,0.8893073201179504
79.74904227256775,3.1023898124694824,-2.798145294189453,0.2840643703842621,2.1477787494659424,-1.0372599363327026,-0.47451820969581604,-0.041531361639499664,-0.19812166690826416,-2.508716344833374,1.5401148796081543,0.9109472036361694
79.79902958869934,3.1171505451202393,-2.7963297367095947,0.29288839688513957,2.1703577041625977,-1.003288984298706,-0.47020116448402405,-0.07724492996931076,-0.17927120625972748,-2.5344972610473633,1.5634230375289917,0.9312834143638611
79.8492283821106,3.1333560943603516,-2.7930126190185547,0.304538134540802,2.191329002380371,-0.9696939587593079,-0.4684616029262543,-0.11092253029346466,-0.161005899310112,-2.560584783554077,1.5872386693954468,0.9495704174041748
79.89916014671326,3.1515352725982666,-2.788879156112671,0.3160641128646091,2.214078187942505,-0.9297016263008118,-0.4684569835662842,-0.14846132695674896,-0.14061810076236725,-2.591646909713745,1.615717887878418,0.968303382396698
79.94925332069397,3.1667752265930176,-2.7855224609375,0.3264666135176304,2.2344768047332764,-0.8916121125221252,-0.47000542283058167,-0.18192771077156067,-0.12469632923603058,-2.624256134033203,1.6421197652816772,0.9838836193084717
79.99911761283875,3.1830198764801025,-2.781247854232788,0.3354131318866442,2.2549803256988525,-0.8526236414909363,-0.4723653495311737,-0.2142990380525589,-0.10921938717365265,-2.6590161323547363,1.6708277463912964,0.998619556427002
80.0490448474884,3.20051908493042,-2.776782512664795,0.34536675436808584,2.278620719909668,-0.8064042925834656,-0.4761275351047516,-0.25226297974586487,-0.08907968550920486,-2.698674440383911,1.7037853002548218,1.016381859779358
80.09912490844727,3.2176928520202637,-2.772252082824707,0.3539541677204956,2.298685312271118,-0.7674041390419006,-0.4795335531234741,-0.2850903868675232,-0.0714043378829956,-2.7294087409973145,1.7276816368103027,1.0317494869232178
80.14922642707825,3.235275983810425,-2.7671406269073486,0.3619109881050339,2.3215866088867188,-0.7229093313217163,-0.48398375511169434,-0.3227301239967346,-0.049963660538196564,-2.761340618133545,1.7539485692977905,1.050584316253662
80.19906568527222,3.2536182403564453,-2.7620627880096436,0.3702280133274591,2.3440449237823486,-0.6814818978309631,-0.4897176921367645,-0.35889628529548645,-0.026769544929265976,-2.7897322177886963,1.7810865640640259,1.0716392993927002
80.24930143356323,3.270036458969116,-2.7572429180145264,0.37755186413173514,2.3663904666900635,-0.6438499093055725,-0.49687549471855164,-0.39333146810531616,-0.0019019979517906904,-2.8148417472839355,1.8063355684280396,1.0938997268676758
80.29919242858887,3.2871525287628174,-2.7520813941955566,0.38450013454908705,2.3920955657958984,-0.6062837839126587,-0.5060678720474243,-0.4293600916862488,0.027223486453294754,-2.8371922969818115,1.8284516334533691,1.1181405782699585
80.34929823875427,3.3051512241363525,-2.746408462524414,0.3911259266712188,2.419745445251465,-0.571014940738678,-0.5162820219993591,-0.4656498432159424,0.055984269827604294,-2.852886438369751,1.847856879234314,1.1423057317733765
80.39912223815918,3.32224178314209,-2.7411460876464844,0.39818928614272614,2.448678731918335,-0.5380657315254211,-0.5255091786384583,-0.5017544031143188,0.08036720007658005,-2.8615636825561523,1.8677927255630493,1.1676887273788452
80.44915795326233,3.339940309524536,-2.7353298664093018,0.4049041419339339,2.4793763160705566,-0.5045018196105957,-0.5338910222053528,-0.5398298501968384,0.10239244252443314,-2.865286111831665,1.8889662027359009,1.1971296072006226
80.49910426139832,3.357717275619507,-2.729090690612793,0.4112710931641009,2.507582664489746,-0.4741014838218689,-0.539836049079895,-0.5736523866653442,0.12106665968894958,-2.8656790256500244,1.9066249132156372,1.225810170173645
80.5492639541626,3.374702215194702,-2.7232210636138916,0.41747385256427344,2.539970636367798,-0.4394628405570984,-0.544895350933075,-0.6110307574272156,0.14213629066944122,-2.863903760910034,1.9231290817260742,1.2602015733718872
80.5990960597992,3.3922715187072754,-2.7166733741760254,0.4238602103728616,2.5728938579559326,-0.40631672739982605,-0.5480144023895264,-0.6464806795120239,0.16268706321716309,-2.8595943450927734,1.935779333114624,1.294337272644043
80.64950251579285,3.4086074829101562,-2.710651159286499,0.429349298438557,2.6082165241241455,-0.37487632036209106,-0.549504280090332,-0.681624710559845,0.18393638730049133,-2.8513104915618896,1.9493640661239624,1.329669713973999
80.6990897655487,3.426856517791748,-2.7036020755767822,0.43562338794451955,2.6451025009155273,-0.3456673324108124,-0.5499733686447144,-0.7157113552093506,0.20567165315151215,-2.8387458324432373,1.9640991687774658,1.3658620119094849
80.74932956695557,3.443291187286377,-2.697659969329834,0.44015668361088056,2.682131052017212,-0.31905215978622437,-0.5496635437011719,-0.7487395405769348,0.2284136712551117,-2.823016405105591,1.9785877466201782,1.3999546766281128
80.79933714866638,3.4599573612213135,-2.691038131713867,0.44617254336880763,2.717630386352539,-0.2947997450828552,-0.5480359196662903,-0.7787037491798401,0.25143906474113464,-2.806694269180298,1.9933220148086548,1.4286155700683594
80.84930610656738,3.478522300720215,-2.6835367679595947,0.45179139042161487,2.7577152252197266,-0.26910272240638733,-0.5448639988899231,-0.8119572401046753,0.27969732880592346,-2.7884180545806885,2.013674020767212,1.4587911367416382
80.89957118034363,3.494896173477173,-2.6767866611480713,0.45707701549920027,2.7921013832092285,-0.24727657437324524,-0.5400478839874268,-0.8409824371337891,0.30605053901672363,-2.772400140762329,2.033552885055542,1.4841315746307373
80.94921684265137,3.5119800567626953,-2.6697750091552734,0.462066547708035,2.8262202739715576,-0.22371459007263184,-0.5327751040458679,-0.8711134195327759,0.3360707759857178,-2.758913993835449,2.052443265914917,1.5086896419525146
80.99928689002991,3.5278470516204834,-2.6631603240966797,0.466990031723958,2.856894016265869,-0.19887369871139526,-0.522883951663971,-0.8987537026405334,0.36475419998168945,-2.7465286254882812,2.0693156719207764,1.5307197570800781
81.0492091178894,3.5468006134033203,-2.6551241874694824,0.47353332273932885,2.8914804458618164,-0.16646412014961243,-0.5088052153587341,-0.9309604167938232,0.39866313338279724,-2.7350335121154785,2.0903983116149902,1.5574085712432861
81.0990960597992,3.5619242191314697,-2.6487181186676025,0.4790475849843131,2.9179024696350098,-0.13975152373313904,-0.49642062187194824,-0.9569510817527771,0.426252543926239,-2.7275924682617188,2.107966423034668,1.5799803733825684
81.14908075332642,3.581279754638672,-2.6401374340057373,0.4866487461168686,2.9485177993774414,-0.10708724707365036,-0.48045337200164795,-0.9902161955833435,0.46112504601478577,-2.720491886138916,2.130547046661377,1.6082733869552612
81.19907975196838,3.597578525543213,-2.633193254470825,0.4929098640464789,2.9728848934173584,-0.07926510274410248,-0.4683487117290497,-1.0173419713974,0.4901701509952545,-2.715822219848633,2.1511900424957275,1.6308159828186035
81.24915957450867,3.6154532432556152,-2.625209093093872,0.5003393988294548,2.9993858337402344,-0.04692552611231804,-0.4564650058746338,-1.0455487966537476,0.5210468173027039,-2.7112674713134766,2.175185441970825,1.6542224884033203
81.2990562915802,3.633687734603882,-2.6169886589050293,0.5076001879757556,3.0230798721313477,-0.016757667064666748,-0.4464097321033478,-1.070817470550537,0.548146665096283,-2.7075791358947754,2.1991124153137207,1.6751240491867065
81.34974002838135,3.652292013168335,-2.608323097229004,0.5151100419219036,3.0482304096221924,0.01710924692451954,-0.4354543089866638,-1.0980076789855957,0.5772883892059326,-2.7037899494171143,2.220313787460327,1.6972404718399048
81.3990409374237,3.6713757514953613,-2.5990219116210938,0.5230613876001742,3.074618339538574,0.05494492128491402,-0.42464593052864075,-1.126281976699829,0.6097598671913147,-2.699774980545044,2.2366788387298584,1.7216777801513672
81.4493145942688,3.690319299697876,-2.5898938179016113,0.53038383905574,3.0986428260803223,0.0917029157280922,-0.41434618830680847,-1.152830719947815,0.6425127387046814,-2.6959080696105957,2.2505059242248535,1.748260498046875
81.49920320510864,3.708829879760742,-2.5808005332946777,0.5374060719354818,3.12062668800354,0.12686748802661896,-0.404733806848526,-1.1786471605300903,0.6752831339836121,-2.6925389766693115,2.262899160385132,1.7761543989181519
81.54915237426758,3.726912260055542,-2.5716371536254883,0.5440637994934587,3.14357852935791,0.16428814828395844,-0.39458227157592773,-1.2077594995498657,0.711808979511261,-2.68943452835083,2.2736198902130127,1.806269884109497
81.59929466247559,3.7486143112182617,-2.5601465702056885,0.5515692176561615,3.1679654121398926,0.20415306091308594,-0.383836567401886,-1.240018367767334,0.7520996928215027,-2.6865463256835938,2.2816643714904785,1.837821364402771
81.64964318275452,3.7671077251434326,-2.5505707263946533,0.5580919760324836,3.191779851913452,0.24045182764530182,-0.37441518902778625,-1.2720867395401,0.7910512089729309,-2.6841161251068115,2.28776478767395,1.8684115409851074
81.69907808303833,3.78627610206604,-2.5404443740844727,0.5650208939341446,3.215117931365967,0.27201539278030396,-0.3653433918952942,-1.303503394126892,0.8283617496490479,-2.6815860271453857,2.292365074157715,1.8985122442245483
81.74945521354675,3.8055882453918457,-2.530024766921997,0.571954832788511,3.2421841621398926,0.30373021960258484,-0.3566342294216156,-1.337956190109253,0.8679014444351196,-2.6776223182678223,2.2953226566314697,1.9320927858352661
81.79901456832886,3.8249716758728027,-2.518864393234253,0.5782011574540726,3.2730872631073,0.3353542387485504,-0.3475857973098755,-1.3735672235488892,0.9092410206794739,-2.6710267066955566,2.296842098236084,1.970662236213684
81.84930610656738,3.844438076019287,-2.5077598094940186,0.5850721903632099,3.3041622638702393,0.3634718656539917,-0.3385447859764099,-1.406273365020752,0.9479173421859741,-2.661543369293213,2.2975642681121826,2.010683298110962
81.89904594421387,3.863466739654541,-2.496739149093628,0.5919860746502347,3.3366730213165283,0.3902696371078491,-0.3295142352581024,-1.4390490055084229,0.9856773018836975,-2.6481270790100098,2.298210859298706,2.053617238998413
81.94911336898804,3.8808960914611816,-2.4870219230651855,0.5983624288289221,3.3708653450012207,0.4164852499961853,-0.31893062591552734,-1.4711217880249023,1.021804690361023,-2.630898952484131,2.299565315246582,2.09594464302063
81.99900984764099,3.900949239730835,-2.474255084991455,0.6034007271727465,3.404510021209717,0.4402463734149933,-0.3071110248565674,-1.5002100467681885,1.0535123348236084,-2.6120970249176025,2.3014633655548096,2.127246618270874
82.04912853240967,3.918856143951416,-2.4632866382598877,0.6089323735438588,3.4396138191223145,0.4631016254425049,-0.2940177619457245,-1.5285634994506836,1.0834966897964478,-2.591675281524658,2.3076789379119873,2.1520419120788574
82.09906101226807,3.93815279006958,-2.451617479324341,0.615080157803688,3.4805142879486084,0.4877045452594757,-0.27794191241264343,-1.5583754777908325,1.1156364679336548,-2.566934823989868,2.3200020790100098,2.1795074939727783
82.14902687072754,3.956660747528076,-2.4400148391723633,0.6212004687475571,3.5235838890075684,0.5117011070251465,-0.2612839937210083,-1.5862250328063965,1.1469441652297974,-2.5405659675598145,2.336818218231201,2.20825457572937
82.1989996433258,3.976029396057129,-2.4276304244995117,0.627411668951753,3.5655252933502197,0.5321720242500305,-0.24487262964248657,-1.6108942031860352,1.175883173942566,-2.5139002799987793,2.349667549133301,2.2343716621398926
82.24926137924194,3.9947619438171387,-2.415370464324951,0.6334794572305037,3.605116844177246,0.5504457950592041,-0.22830189764499664,-1.6338931322097778,1.2023236751556396,-2.4871926307678223,2.359229803085327,2.2578659057617188
82.29904246330261,4.013679504394531,-2.403052568435669,0.6397737677025106,3.6465978622436523,0.5701599717140198,-0.20926403999328613,-1.6584084033966064,1.229066252708435,-2.456596612930298,2.3710849285125732,2.2826755046844482
82.34925270080566,4.032686233520508,-2.3907082080841064,0.6453236026765992,3.6885058879852295,0.5913470983505249,-0.1874433159828186,-1.68363618850708,1.2560455799102783,-2.4213972091674805,2.3873605728149414,2.3079607486724854
82.39908719062805,4.051204204559326,-2.377965211868286,0.6518539723302906,3.7223007678985596,0.6101473569869995,-0.16599097847938538,-1.7045269012451172,1.279176950454712,-2.387540578842163,2.40495228767395,2.3277251720428467
82.44911742210388,4.070282459259033,-2.365144968032837,0.6590061038697045,3.756603240966797,0.633510410785675,-0.13916008174419403,-1.7261335849761963,1.3045523166656494,-2.3484809398651123,2.426927089691162,2.34468936920166
82.4991602897644,4.087261199951172,-2.353332996368408,0.6645742674779919,3.7840352058410645,0.6572085618972778,-0.11298498511314392,-1.74369215965271,1.3268537521362305,-2.313819408416748,2.4477322101593018,2.355912208557129
82.54897141456604,4.104452610015869,-2.3410279750823975,0.6715281201353747,3.8109138011932373,0.6860870718955994,-0.08220531791448593,-1.7618614435195923,1.3513723611831665,-2.277376174926758,2.4724161624908447,2.3676273822784424
82.59910678863525,4.119328022003174,-2.330841302871704,0.6803059171432783,3.8323068618774414,0.7134831547737122,-0.05427046865224838,-1.7773545980453491,1.3747262954711914,-2.246983289718628,2.494511842727661,2.379589080810547
82.64937591552734,4.135350704193115,-2.3198447227478027,0.6908079141997618,3.8544297218322754,0.7451318502426147,-0.024071723222732544,-1.7941384315490723,1.403303861618042,-2.214125871658325,2.5187485218048096,2.3956854343414307
82.69898962974548,4.149546146392822,-2.309972047805786,0.7041875096283585,3.875544786453247,0.7756914496421814,0.0030019397381693125,-1.810017466545105,1.431278109550476,-2.183363914489746,2.539565324783325,2.413895606994629
82.74901390075684,4.160408020019531,-2.303334951400757,0.7182365326975857,3.897585868835449,0.8081181049346924,0.029866598546504974,-1.826259970664978,1.4595954418182373,-2.1525301933288574,2.557478666305542,2.4336435794830322
82.79994297027588,4.171496868133545,-2.2964553833007812,0.735739052123296,3.919846296310425,0.8432760238647461,0.05713581666350365,-1.8431642055511475,1.4877148866653442,-2.1212539672851562,2.573514938354492,2.4542605876922607
82.84910273551941,4.1803998947143555,-2.2914416790008545,0.7554916579670148,3.940545082092285,0.8814013600349426,0.08431409299373627,-1.8602015972137451,1.5155880451202393,-2.089801073074341,2.5903420448303223,2.475285530090332
82.89927005767822,4.187254428863525,-2.288607358932495,0.7781200120383839,3.9580037593841553,0.9190899729728699,0.10936739295721054,-1.8761756420135498,1.5416438579559326,-2.06009840965271,2.606801748275757,2.4957640171051025
82.94904041290283,4.1959733963012695,-2.283132553100586,0.8066443610131973,3.9749813079833984,0.9627354145050049,0.13702966272830963,-1.8941826820373535,1.5714600086212158,-2.0269615650177,2.625126838684082,2.519104480743408
82.99925994873047,4.202388763427734,-2.280287504196167,0.8355047964692663,3.9882848262786865,1.002706527709961,0.16197136044502258,-1.9113978147506714,1.5993502140045166,-1.997385025024414,2.6401453018188477,2.540803909301758
83.04924154281616,4.2075605392456055,-2.277672052383423,0.860149860080881,4.001608371734619,1.0458167791366577,0.190255805850029,-1.9316645860671997,1.631910800933838,-1.9650882482528687,2.654867172241211,2.5660362243652344
83.0992693901062,4.213315486907959,-2.274352788925171,0.8870104686924126,4.012760162353516,1.0812472105026245,0.21562127768993378,-1.9511698484420776,1.6624029874801636,-1.9359501600265503,2.6655523777008057,2.5916996002197266
83.14927053451538,4.217988014221191,-2.2714622020721436,0.9116271677604265,4.022980690002441,1.112089991569519,0.23878958821296692,-1.9708988666534424,1.6924759149551392,-1.9079909324645996,2.6751184463500977,2.614534854888916
83.1990647315979,4.224503993988037,-2.2678334712982178,0.9461385104247202,4.038604259490967,1.151904582977295,0.2681278884410858,-1.9983623027801514,1.7329614162445068,-1.8719607591629028,2.685128688812256,2.6381020545959473
83.24936389923096,4.229482650756836,-2.264641761779785,0.975642006052079,4.052261829376221,1.1834994554519653,0.2918597459793091,-2.0213520526885986,1.7656090259552002,-1.8434617519378662,2.6908059120178223,2.650402069091797
83.2995355129242,4.234714508056641,-2.2616922855377197,1.0088783048590966,4.06696891784668,1.2159518003463745,0.3179572820663452,-2.045942783355713,1.8002233505249023,-1.8124477863311768,2.693317174911499,2.6580023765563965
83.34931135177612,4.2395195960998535,-2.2589499950408936,1.041804978612806,4.080769062042236,1.246299386024475,0.34344229102134705,-2.0687317848205566,1.8334264755249023,-1.7793744802474976,2.6904728412628174,2.6619837284088135
83.39914202690125,4.245075702667236,-2.256904125213623,1.0827526897556183,4.096842288970947,1.2823643684387207,0.37433621287345886,-2.094592332839966,1.8704981803894043,-1.7352120876312256,2.67781400680542,2.6654212474823
83.44909763336182,4.24937629699707,-2.254789113998413,1.1204028366488474,4.110199451446533,1.3135993480682373,0.40080228447914124,-2.115159749984741,1.8996533155441284,-1.695459008216858,2.6604413986206055,2.668348789215088
83.49922943115234,4.253894329071045,-2.2517096996307373,1.164236973218714,4.123646259307861,1.3485816717147827,0.42894163727760315,-2.135683298110962,1.9287004470825195,-1.652748703956604,2.6395819187164307,2.671332597732544
83.54906749725342,4.257508277893066,-2.250683069229126,1.2061554045772322,4.135311603546143,1.3854433298110962,0.4574379324913025,-2.155515193939209,1.9570876359939575,-1.609291672706604,2.617929220199585,2.674595355987549
83.59912014007568,4.262389659881592,-2.2481844425201416,1.2590152708480853,4.147523880004883,1.4248088598251343,0.4867536723613739,-2.1751339435577393,1.9866753816604614,-1.5626130104064941,2.593966484069824,2.678600549697876
83.64919781684875,4.266479969024658,-2.2454094886779785,1.2972233292376232,4.15846586227417,1.455125331878662,0.5088263154029846,-2.189544916152954,2.0092341899871826,-1.5257470607757568,2.5740277767181396,2.682471513748169
